#ifndef BACKGROUNDS_H
#define BACKGROUNDS_H

#include <pgmspace.h>
#include <Arduino.h>


// fih

const uint16_t bg_image_0[21584] PROGMEM = {
  0x0000, 0x0000, 0x0000, 0x0000, 0x0000, 0x0000, 0x0000, 0x0000, 0x0000, 0x0000, 0x0000, 0x0000,
  0x0000, 0x0000, 0x0000, 0x0000, 0x0000, 0x0000, 0x0000, 0x0000, 0x0000, 0x0000, 0x0000, 0x0000,
  0x0000, 0x0000, 0x0000, 0x0000, 0x0000, 0x0000, 0x0000, 0x0000, 0x0000, 0x0000, 0x0000, 0x0000,
  0x0000, 0x0000, 0x0000, 0x0000, 0x0000, 0x0000, 0x0000, 0x0000, 0x0000, 0x0000, 0x0000, 0x0000,
  0x0000, 0x0000, 0x0000, 0x0000, 0x0000, 0x0000, 0x0000, 0x0000, 0x0000, 0x0000, 0x0000, 0x0000,
  0x0000, 0x0000, 0x0000, 0x0000, 0x0000, 0x0000, 0x0000, 0x0000, 0x0000, 0x0000, 0x0000, 0x0000,
  0x0000, 0x0000, 0x0000, 0x0000, 0x0000, 0x0000, 0x0000, 0x0000, 0x0000, 0x0000, 0x0000, 0x0000,
  0x0000, 0x0000, 0x0000, 0x0000, 0x0000, 0x0000, 0x0000, 0x0000, 0x0000, 0x0000, 0x0000, 0x0000,
  0x0000, 0x0000, 0x0000, 0x0000, 0x0000, 0x0000, 0x0000, 0x0000, 0x0000, 0x0000, 0x0000, 0x0000,
  0x0000, 0x0000, 0x0000, 0x0000, 0x0000, 0x0000, 0x0000, 0x0000, 0x0000, 0x0000, 0x0000, 0x0000,
  0x0000, 0x0000, 0x0000, 0x0000, 0x0000, 0x0000, 0x0000, 0x0000, 0x0000, 0x0000, 0x0000, 0x0000,
  0x0000, 0x0000, 0x0000, 0x0000, 0x0000, 0x0000, 0x0000, 0x0000, 0x0000, 0x0000, 0x0000, 0x0000,
  0x0000, 0x0000, 0x0000, 0x0000, 0x0000, 0x0000, 0x0000, 0x0000, 0x0000, 0x0000, 0x0000, 0x0000,
  0x0000, 0x0000, 0x0000, 0x0000, 0x0000, 0x0000, 0x0000, 0x0000, 0x0000, 0x0000, 0x0000, 0x0000,
  0x0000, 0x0000, 0x0000, 0x0000, 0x0000, 0x0000, 0x0000, 0x0000, 0x0000, 0x0000, 0x0000, 0x0000,
  0x0000, 0x0000, 0x0000, 0x0000, 0x0000, 0x0000, 0x0000, 0x0000, 0x0000, 0x0000, 0x0000, 0x0000,
  0x0000, 0x0000, 0x0000, 0x0000, 0x0000, 0x0000, 0x0000, 0x0000, 0x0000, 0x0000, 0x0000, 0x0000,
  0x0000, 0x0000, 0x0000, 0x0000, 0x0000, 0x0000, 0x0000, 0x0000, 0x0000, 0x0000, 0x0000, 0x0000,
  0x0000, 0x0000, 0x0000, 0x0000, 0x0000, 0x0000, 0x0000, 0x0000, 0x0000, 0x0000, 0x0000, 0x0000,
  0x0000, 0x0000, 0x0000, 0x0000, 0x0000, 0x0000, 0x0000, 0x0000, 0x0000, 0x0000, 0x0000, 0x0000,
  0x0000, 0x0000, 0x0000, 0x0000, 0x0000, 0x0000, 0x0000, 0x0000, 0x0000, 0x0000, 0x0000, 0x0000,
  0x0000, 0x0000, 0x0000, 0x0000, 0x0000, 0x0000, 0x0000, 0x0000, 0x0000, 0x0000, 0x0000, 0x0000,
  0x0000, 0x0000, 0x0000, 0x0000, 0x0000, 0x0000, 0x0000, 0x0000, 0x0000, 0x0000, 0x0000, 0x0000,
  0x0000, 0x0000, 0x0000, 0x0000, 0x0000, 0x0000, 0x0000, 0x0000, 0x0000, 0x0000, 0x0000, 0x0000,
  0x0000, 0x0000, 0x0000, 0x0000, 0x0000, 0x0000, 0x0000, 0x0000, 0x0000, 0x0000, 0x0000, 0x0000,
  0x0000, 0x0000, 0x0000, 0x0000, 0x0000, 0x0000, 0x0000, 0x0000, 0x0000, 0x0000, 0x0000, 0x0000,
  0x0000, 0x0000, 0x0000, 0x0000, 0x0000, 0x0000, 0x0000, 0x0000, 0x0000, 0x0000, 0x0000, 0x0000,
  0x0000, 0x0000, 0x0000, 0x0000, 0x0000, 0x0000, 0x0000, 0x0000, 0x0000, 0x0000, 0x0000, 0x0000,
  0x0000, 0x0000, 0x0000, 0x0000, 0x0000, 0x0000, 0x0000, 0x0000, 0x0000, 0x0000, 0x0000, 0x0000,
  0x0000, 0x0000, 0x0000, 0x0000, 0x0000, 0x0000, 0x0000, 0x0000, 0x0000, 0x0000, 0x0000, 0x0000,
  0x0000, 0x0000, 0x0000, 0x0000, 0x0000, 0x0000, 0x0000, 0x0000, 0x0000, 0x0000, 0x0000, 0x0000,
  0x0000, 0x0000, 0x0000, 0x0000, 0x0000, 0x0000, 0x0000, 0x0000, 0x0000, 0x0000, 0x0000, 0x0000,
  0x0000, 0x0000, 0x0000, 0x0000, 0x0000, 0x0000, 0x0000, 0x0000, 0x0000, 0x0000, 0x0000, 0x0000,
  0x0000, 0x0000, 0x0000, 0x0000, 0x0000, 0x0000, 0x0000, 0x0000, 0x0000, 0x0000, 0x0000, 0x0000,
  0x0000, 0x0000, 0x0000, 0x0000, 0x0000, 0x0000, 0x0000, 0x0000, 0x0000, 0x0000, 0x0000, 0x0000,
  0x0000, 0x0000, 0x0000, 0x0000, 0x0000, 0x0000, 0x0000, 0x0000, 0x0000, 0x0000, 0x0000, 0x0000,
  0x0000, 0x0000, 0x0000, 0x0000, 0x0000, 0x0000, 0x0000, 0x0000, 0x0000, 0x0000, 0x0000, 0x0000,
  0x0000, 0x0000, 0x0000, 0x0000, 0x0000, 0x0000, 0x0000, 0x0000, 0x0000, 0x0000, 0x0000, 0x0000,
  0x0000, 0x0000, 0x0000, 0x0000, 0x0000, 0x0000, 0x0000, 0x0000, 0x0000, 0x0000, 0x0000, 0x0000,
  0x0000, 0x0000, 0x0000, 0x0000, 0x0000, 0x0000, 0x0000, 0x0000, 0x0000, 0x0000, 0x0000, 0x0000,
  0x0000, 0x0000, 0x0000, 0x0000, 0x0000, 0x0000, 0x0000, 0x0000, 0x0000, 0x0000, 0x0000, 0x0000,
  0x0000, 0x0000, 0x0000, 0x0000, 0x0000, 0x0000, 0x0000, 0x0000, 0x0000, 0x0000, 0x0000, 0x0000,
  0x0000, 0x0000, 0x0000, 0x0000, 0x0000, 0x0000, 0x0000, 0x0000, 0x0000, 0x0000, 0x0000, 0x0000,
  0x0000, 0x0000, 0x0000, 0x0000, 0x0000, 0x0000, 0x0000, 0x0000, 0x0000, 0x0000, 0x0000, 0x0000,
  0x0000, 0x0000, 0x0000, 0x0000, 0x0000, 0x0000, 0x0000, 0x0000, 0x0000, 0x0000, 0x0000, 0x0000,
  0x0000, 0x0000, 0x0000, 0x0000, 0x0000, 0x0000, 0x0000, 0x0000, 0x0000, 0x0000, 0x0000, 0x0000,
  0x0000, 0x0000, 0x0000, 0x0000, 0x0000, 0x0000, 0x0000, 0x0000, 0x0000, 0x0000, 0x0000, 0x0000,
  0x0000, 0x0000, 0x0000, 0x0000, 0x0000, 0x0000, 0x0000, 0x0000, 0xFFDF, 0xFFDF, 0x0000, 0x0000,
  0x0000, 0x0000, 0xFFDF, 0xFFDF, 0x0000, 0x0000, 0x0000, 0x0000, 0x0000, 0xFFFF, 0xFFFF, 0xFFFF,
  0xFFFF, 0x0000, 0x0000, 0x0000, 0x0000, 0x0000, 0xFFFF, 0xFFFF, 0xFFFF, 0xFFFF, 0xFFFF, 0x0000,
  0x0000, 0x0000, 0xFFFF, 0xFFFF, 0x0000, 0x0000, 0xFFFF, 0xFFFF, 0xFFFF, 0x0000, 0x0000, 0x0000,
  0x0000, 0x0000, 0x0000, 0x0000, 0x0000, 0x0000, 0x0000, 0x0000, 0x0000, 0x0000, 0x0000, 0x0000,
  0x0000, 0x0000, 0x0000, 0x0000, 0x0000, 0x0000, 0x0000, 0x0000, 0x0000, 0x0000, 0x0000, 0x0000,
  0x0000, 0x0000, 0x0000, 0x0000, 0x0000, 0x0000, 0x0000, 0x0000, 0x0000, 0x0000, 0x0000, 0x0000,
  0x0000, 0x0000, 0x0000, 0x0000, 0x0000, 0x0000, 0x0000, 0x0000, 0x0000, 0x0000, 0x0000, 0x0000,
  0x0000, 0x0000, 0x0000, 0x0000, 0x0000, 0x0000, 0x0000, 0x0000, 0x0000, 0x0000, 0x0000, 0x0000,
  0x0000, 0x0000, 0x0000, 0x0000, 0x0000, 0x0000, 0x0000, 0x0000, 0x0000, 0x0000, 0x0000, 0x0000,
  0x0000, 0x0000, 0x0000, 0x0000, 0x0000, 0x0000, 0x0000, 0x0000, 0x0000, 0x0000, 0x0000, 0x0000,
  0x0000, 0x0000, 0x0000, 0x0000, 0x0000, 0x0000, 0x0000, 0x0000, 0x0000, 0x0000, 0x0000, 0x0000,
  0x0000, 0x0000, 0x0000, 0x0000, 0x0000, 0x0000, 0x0000, 0x0000, 0x0000, 0x0000, 0x0000, 0x0000,
  0x0000, 0x0000, 0x0000, 0x0000, 0x0000, 0x0000, 0x0000, 0x0000, 0x0000, 0x0000, 0x0000, 0x0000,
  0x0000, 0x0000, 0x0000, 0x0000, 0x0000, 0x0000, 0x0000, 0x0000, 0x0000, 0x0000, 0x0000, 0x0000,
  0x0000, 0x0000, 0x0000, 0x0000, 0x0000, 0x0000, 0x0000, 0x0000, 0x0000, 0x0000, 0x0000, 0x0000,
  0x0000, 0x0000, 0x0000, 0x0000, 0x0000, 0x0000, 0x0000, 0x0000, 0x0000, 0x0000, 0x0000, 0x0000,
  0x0000, 0x0000, 0x0000, 0x0000, 0x0000, 0x0000, 0x0000, 0x0000, 0x0000, 0x0000, 0x0000, 0x0000,
  0x0000, 0x0000, 0x0000, 0x0000, 0x0000, 0x0000, 0x0000, 0x0000, 0x0000, 0x0000, 0x0000, 0x0000,
  0x0000, 0x0000, 0x0000, 0x0000, 0x0000, 0x0000, 0x0000, 0x0000, 0x0000, 0x0000, 0x0000, 0x0000,
  0x0000, 0x0000, 0x0000, 0x0000, 0x0000, 0x0000, 0x0000, 0x0000, 0x0000, 0x0000, 0x0000, 0x0000,
  0x0000, 0x0000, 0x0000, 0x0000, 0x0000, 0x0000, 0x0000, 0x0000, 0x0000, 0x0000, 0x0000, 0x0000,
  0x0000, 0x0000, 0x0000, 0x0000, 0x0000, 0x0000, 0x0000, 0x0000, 0x0000, 0x0000, 0x0000, 0x0000,
  0x0000, 0x0000, 0x0000, 0x0000, 0x0000, 0x0000, 0x0000, 0x0000, 0x0000, 0x0000, 0x0000, 0x0000,
  0x0000, 0x0000, 0x0000, 0xFFDF, 0xFFDF, 0xFFDF, 0xFFDF, 0x0000, 0x0000, 0xFFDF, 0xFFFF, 0xFFFF,
  0xFFDF, 0x0000, 0x0000, 0xFFFF, 0xFFFF, 0xFFFF, 0xFFFF, 0xFFFF, 0xFFFF, 0xFFFF, 0xFFFF, 0x0000,
  0x0000, 0xFFFF, 0xFFFF, 0xFFFF, 0xFFFF, 0xFFFF, 0xFFFF, 0xFFFF, 0x0000, 0x0000, 0xFFFF, 0xFFFF,
  0x0000, 0xFFFF, 0xFFFF, 0xFFFF, 0x0000, 0x0000, 0x0000, 0x0000, 0x0000, 0x0000, 0x0000, 0x0000,
  0x0000, 0x0000, 0x0000, 0x0000, 0x0000, 0x0000, 0x0000, 0x0000, 0x0000, 0x0000, 0x0000, 0x0000,
  0x0000, 0x0000, 0x0000, 0x0000, 0x0000, 0x0000, 0x0000, 0x0000, 0x0000, 0x0000, 0x0000, 0x0000,
  0x0000, 0x0000, 0x0000, 0x0000, 0x0000, 0x0000, 0x0000, 0x0000, 0x0000, 0x0000, 0x0000, 0x0000,
  0x0000, 0x0000, 0x0000, 0x0000, 0x0000, 0x0000, 0x0000, 0x0000, 0x0000, 0x0000, 0x0000, 0x0000,
  0x0000, 0x0000, 0x0000, 0x0000, 0x0000, 0x0000, 0x0000, 0x0000, 0x0000, 0x0000, 0x0000, 0x0000,
  0x0000, 0x0000, 0x0000, 0x0000, 0x0000, 0x0000, 0x0000, 0x0000, 0x0000, 0x0000, 0x0000, 0x0000,
  0x0000, 0x0000, 0x0000, 0x0000, 0x0000, 0x0000, 0x0000, 0x0000, 0x0000, 0x0000, 0x0000, 0x0000,
  0x0000, 0x0000, 0x0000, 0x0000, 0x0000, 0x0000, 0x0000, 0x0000, 0x0000, 0x0000, 0x0000, 0x0000,
  0x0000, 0x0000, 0x0000, 0x0000, 0x0000, 0x0000, 0x0000, 0x0000, 0x0000, 0x0000, 0x0000, 0x0000,
  0x0000, 0x0000, 0x0000, 0x0000, 0x0000, 0x0000, 0x0000, 0x0000, 0x0000, 0x0000, 0x0000, 0x0000,
  0x0000, 0x0000, 0x0000, 0x0000, 0x0000, 0x0000, 0x0000, 0x0000, 0x0000, 0x0000, 0x0000, 0x0000,
  0x0000, 0x0000, 0x0000, 0x0000, 0x0000, 0x0000, 0x0000, 0x0000, 0x0000, 0x0000, 0x0000, 0x0000,
  0x0000, 0x0000, 0x0000, 0x0000, 0x0000, 0x0000, 0x0000, 0x0000, 0x0000, 0x0000, 0x0000, 0x0000,
  0x0000, 0x0000, 0x0000, 0x0000, 0x0000, 0x0000, 0x0000, 0x0000, 0x0000, 0x0000, 0x0000, 0x0000,
  0x0000, 0x0000, 0x0000, 0x0000, 0x0000, 0x0000, 0x0000, 0x0000, 0x0000, 0x0000, 0x0000, 0x0000,
  0x0000, 0x0000, 0x0000, 0x0000, 0x0000, 0x0000, 0x0000, 0x0000, 0x0000, 0x0000, 0x0000, 0x0000,
  0x0000, 0x0000, 0x0000, 0x0000, 0x0000, 0x0000, 0x0000, 0x0000, 0x0000, 0x0000, 0x0000, 0x0000,
  0x0000, 0x0000, 0x0000, 0x0000, 0x0000, 0x0000, 0x0000, 0x0000, 0x0000, 0x0000, 0x0000, 0x0000,
  0x0000, 0x0000, 0x0000, 0x0000, 0x0000, 0x0000, 0x0000, 0x0000, 0x0000, 0x0000, 0x0000, 0x0000,
  0x0000, 0x0000, 0x0000, 0x0000, 0x0000, 0x0000, 0x0000, 0x0000, 0x0000, 0x0000, 0x0000, 0xFFDF,
  0xFFDF, 0xFFDF, 0xFFDF, 0x0000, 0x0000, 0xFFDF, 0xFFFF, 0xFFFF, 0xFFDF, 0x0000, 0x0000, 0xFFFF,
  0xFFFF, 0x0000, 0x0000, 0x0000, 0x0000, 0xFFFF, 0xFFFF, 0x0000, 0x0000, 0xFFFF, 0xFFFF, 0x0000,
  0x0000, 0x0000, 0x0000, 0x0000, 0x0000, 0x0000, 0xFFFF, 0xFFFF, 0x0000, 0xFFFF, 0xFFFF, 0x0000,
  0x0000, 0x0000, 0x0000, 0x0000, 0x0000, 0x0000, 0x0000, 0x0000, 0x0000, 0x0000, 0x0000, 0x0000,
  0x0000, 0x0000, 0x0000, 0x0000, 0x0000, 0x0000, 0x0000, 0x0000, 0x0000, 0x0000, 0x0000, 0x0000,
  0x0000, 0x0000, 0x0000, 0x0000, 0x0000, 0x0000, 0x0000, 0x0000, 0x0000, 0x0000, 0x0000, 0x0000,
  0x0000, 0x0000, 0x0000, 0x0000, 0x0000, 0x0000, 0x0000, 0x0000, 0x0000, 0x0000, 0x0000, 0x0000,
  0x0000, 0x0000, 0x0000, 0x0000, 0x0000, 0x0000, 0x0000, 0x0000, 0x0000, 0x0000, 0x0000, 0x0000,
  0x0000, 0x0000, 0x0000, 0x0000, 0x0000, 0x0000, 0x0000, 0x0000, 0x0000, 0x0000, 0x0000, 0x0000,
  0x0000, 0x0000, 0x0000, 0x0000, 0x0000, 0x0000, 0x0000, 0x0000, 0x0000, 0x0000, 0x0000, 0x0000,
  0x0000, 0x0000, 0x0000, 0x0000, 0x0000, 0x0000, 0x0000, 0x0000, 0x0000, 0x0000, 0x0000, 0x0000,
  0x0000, 0x0000, 0x0000, 0x0000, 0x0000, 0x0000, 0x0000, 0x0000, 0x0000, 0x0000, 0x0000, 0x0000,
  0x0000, 0x0000, 0x0000, 0x0000, 0x0000, 0x0000, 0x0000, 0x0000, 0x0000, 0x0000, 0x0000, 0x0000,
  0x0000, 0x0000, 0x0000, 0x0000, 0x0000, 0x0000, 0x0000, 0x0000, 0x0000, 0x0000, 0x0000, 0x0000,
  0x0000, 0x0000, 0x0000, 0x0000, 0x0000, 0x0000, 0x0000, 0x0000, 0x0000, 0x0000, 0x0000, 0x0000,
  0x0000, 0x0000, 0x0000, 0x0000, 0x0000, 0x0000, 0x0000, 0x0000, 0x0000, 0x0000, 0x0000, 0x0000,
  0x0000, 0x0000, 0x0000, 0x0000, 0x0000, 0x0000, 0x0000, 0x0000, 0x0000, 0x0000, 0x0000, 0x0000,
  0x0000, 0x0000, 0x0000, 0x0000, 0x0000, 0x0000, 0x0000, 0x0000, 0x0000, 0x0000, 0x0000, 0x0000,
  0x0000, 0x0000, 0x0000, 0x0000, 0x0000, 0x0000, 0x0000, 0x0000, 0x0000, 0x0000, 0x0000, 0x0000,
  0x0000, 0x0000, 0x0000, 0x0000, 0x0000, 0x0000, 0x0000, 0x0000, 0x0000, 0x0000, 0x0000, 0x0000,
  0x0000, 0x0000, 0x0000, 0x0000, 0x0000, 0x0000, 0x0000, 0x0000, 0x0000, 0x0000, 0x0000, 0x0000,
  0x0000, 0x0000, 0x0000, 0x0000, 0x0000, 0x0000, 0x0000, 0x0000, 0x0000, 0x0000, 0x0000, 0x0000,
  0x0000, 0x0000, 0x0000, 0x0000, 0x0000, 0x0000, 0x0000, 0x0000, 0x0000, 0x0000, 0x0000, 0x0000,
  0x0000, 0x0000, 0x0000, 0x0000, 0x0000, 0x0000, 0x0000, 0xFFDF, 0xFFDF, 0xFFDF, 0xFFDF, 0xFFDF,
  0xFFDF, 0xFFFF, 0xFFFF, 0xFFFF, 0xFFDF, 0x0000, 0x0000, 0xFFFF, 0xFFFF, 0x0000, 0x0000, 0x0000,
  0x0000, 0xFFFF, 0xFFFF, 0x0000, 0x0000, 0xFFFF, 0xFFFF, 0x0000, 0x0000, 0x0000, 0x0000, 0x0000,
  0x0000, 0x0000, 0xFFFF, 0xFFFF, 0xFFFF, 0xFFFF, 0x0000, 0x0000, 0x0000, 0x0000, 0x0000, 0x0000,
  0x0000, 0x0000, 0x0000, 0x0000, 0x0000, 0x0000, 0x0000, 0x0000, 0x0000, 0x0000, 0x0000, 0x0000,
  0x0000, 0x0000, 0x0000, 0x0000, 0x0000, 0x0000, 0x0000, 0x0000, 0x0000, 0x0000, 0x0000, 0x0000,
  0x0000, 0x0000, 0x0000, 0x0000, 0x0000, 0x0000, 0x0000, 0x0000, 0x0000, 0x0000, 0x0000, 0x0000,
  0x0000, 0x0000, 0x0000, 0x0000, 0x0000, 0x0000, 0x0000, 0x0000, 0x0000, 0x0000, 0x0000, 0x0000,
  0x0000, 0x0000, 0x0000, 0x0000, 0x0000, 0x0000, 0x0000, 0x0000, 0x0000, 0x0000, 0x0000, 0x0000,
  0x0000, 0x0000, 0x0000, 0x0000, 0x0000, 0x0000, 0x0000, 0x0000, 0x0000, 0x0000, 0x0000, 0x0000,
  0x0000, 0x0000, 0x0000, 0x0000, 0x0000, 0x0000, 0x0000, 0x0000, 0x0000, 0x0000, 0x0000, 0x0000,
  0x0000, 0x0000, 0x0000, 0x0000, 0x0000, 0x0000, 0x0000, 0x0000, 0x0000, 0x0000, 0x0000, 0x0000,
  0x0000, 0x0000, 0x0000, 0x0000, 0x0000, 0x0000, 0x0000, 0x0000, 0x0000, 0x0000, 0x0000, 0x0000,
  0x0000, 0x0000, 0x0000, 0x0000, 0x0000, 0x0000, 0x0000, 0x0000, 0x0000, 0x0000, 0x0000, 0x0000,
  0x0000, 0x0000, 0x0000, 0x0000, 0x0000, 0x0000, 0x0000, 0x0000, 0x0000, 0x0000, 0x0000, 0x0000,
  0x0000, 0x0000, 0x0000, 0x0000, 0x0000, 0x0000, 0x0000, 0x0000, 0x0000, 0x0000, 0x0000, 0x0000,
  0x0000, 0x0000, 0x0000, 0x0000, 0x0000, 0x0000, 0x0000, 0x0000, 0x0000, 0x0000, 0x0000, 0x0000,
  0x0000, 0x0000, 0x0000, 0x0000, 0x0000, 0x0000, 0x0000, 0x0000, 0x0000, 0x0000, 0x0000, 0x0000,
  0x0000, 0x0000, 0x0000, 0x0000, 0x0000, 0x0000, 0x0000, 0x0000, 0x0000, 0x0000, 0x0000, 0x0000,
  0x0000, 0x0000, 0x0000, 0x0000, 0x0000, 0x0000, 0x0000, 0x0000, 0x0000, 0x0000, 0x0000, 0x0000,
  0x0000, 0x0000, 0x0000, 0x0000, 0x0000, 0x0000, 0x0000, 0x0000, 0x0000, 0x0000, 0x0000, 0x0000,
  0x0000, 0x0000, 0x0000, 0x0000, 0x0000, 0x0000, 0x0000, 0x0000, 0x0000, 0x0000, 0x0000, 0x0000,
  0x0000, 0x0000, 0x0000, 0x0000, 0x0000, 0x0000, 0x0000, 0x0000, 0x0000, 0x0000, 0x0000, 0x0000,
  0x0000, 0x0000, 0x0000, 0x0000, 0x0000, 0x0000, 0x0000, 0x0000, 0x0000, 0x0000, 0x0000, 0x0000,
  0x0000, 0x0000, 0x0000, 0xFFDF, 0xFFDF, 0xFFDF, 0xFFDF, 0xFFDF, 0xFFDF, 0xFFFF, 0xFFFF, 0xFFFF,
  0xFFDF, 0x0000, 0x0000, 0xFFFF, 0xFFFF, 0xFFFF, 0xFFFF, 0xFFFF, 0xFFFF, 0xFFFF, 0xFFFF, 0x0000,
  0x0000, 0xFFFF, 0xFFFF, 0x0000, 0x0000, 0x0000, 0x0000, 0x0000, 0x0000, 0x0000, 0xFFFF, 0xFFFF,
  0xFFFF, 0xFFFF, 0x0000, 0x0000, 0x0000, 0x0000, 0x0000, 0x0000, 0x0000, 0x0000, 0x0000, 0x0000,
  0x0000, 0x0000, 0x0000, 0x0000, 0x0000, 0x0000, 0x0000, 0x0000, 0x0000, 0x0000, 0x0000, 0x0000,
  0x0000, 0x0000, 0x0000, 0x0000, 0x0000, 0x0000, 0x0000, 0x0000, 0x0000, 0x0000, 0x0000, 0x0000,
  0x0000, 0x0000, 0x0000, 0x0000, 0x0000, 0x0000, 0x0000, 0x0000, 0x0000, 0x0000, 0x0000, 0x0000,
  0x0000, 0x0000, 0x0000, 0x0000, 0x0000, 0x0000, 0x0000, 0x0000, 0x0000, 0x0000, 0x0000, 0x0000,
  0x0000, 0x0000, 0x0000, 0x0000, 0x0000, 0x0000, 0x0000, 0x0000, 0x0000, 0x0000, 0x0000, 0x0000,
  0x0000, 0x0000, 0x0000, 0x0000, 0x0000, 0x0000, 0x0000, 0x0000, 0x0000, 0x0000, 0x0000, 0x0000,
  0x0000, 0x0000, 0x0000, 0x0000, 0x0000, 0x0000, 0x0000, 0x0000, 0x0000, 0x0000, 0x0000, 0x0000,
  0x0000, 0x0000, 0x0000, 0x0000, 0x0000, 0x0000, 0x0000, 0x0000, 0x0000, 0x0000, 0x0000, 0x0000,
  0x0000, 0x0000, 0x0000, 0x0000, 0x0000, 0x0000, 0x0000, 0x0000, 0x0000, 0x0000, 0x0000, 0x0000,
  0x0000, 0x0000, 0x0000, 0x0000, 0x0000, 0x0000, 0x0000, 0x0000, 0x0000, 0x0000, 0x0000, 0x0000,
  0x0000, 0x0000, 0x0000, 0x0000, 0x0000, 0x0000, 0x0000, 0x0000, 0x0000, 0x0000, 0x0000, 0x0000,
  0x0000, 0x0000, 0x0000, 0x0000, 0x0000, 0x0000, 0x0000, 0x0000, 0x0000, 0x0000, 0x0000, 0x0000,
  0x0000, 0x0000, 0x0000, 0x0000, 0x0000, 0x0000, 0x0000, 0x0000, 0x0000, 0x0000, 0x0000, 0x0000,
  0x0000, 0x0000, 0x0000, 0x0000, 0x0000, 0x0000, 0x0000, 0x0000, 0x0000, 0x0000, 0x0000, 0x0000,
  0x0000, 0x0000, 0x0000, 0x0000, 0x0000, 0x0000, 0x0000, 0x0000, 0x0000, 0x0000, 0x0000, 0x0000,
  0x0000, 0x0000, 0x0000, 0x0000, 0x0000, 0x0000, 0x0000, 0x0000, 0x0000, 0x0000, 0x0000, 0x0000,
  0x0000, 0x0000, 0x0000, 0x0000, 0x0000, 0x0000, 0x0000, 0x0000, 0x0000, 0x0000, 0x0000, 0x0000,
  0x0000, 0x0000, 0x0000, 0x0000, 0x0000, 0x0000, 0x0000, 0x0000, 0x0000, 0x0000, 0x0000, 0x0000,
  0x0000, 0x0000, 0x0000, 0x0000, 0x0000, 0x0000, 0x0000, 0x0000, 0x0000, 0x0000, 0x0000, 0x0000,
  0x0000, 0x0000, 0x0000, 0x0000, 0x0000, 0x0000, 0x0000, 0x0000, 0x0000, 0x0000, 0x0000, 0xFFDF,
  0xFFDF, 0xFFDF, 0xFFDF, 0x0000, 0x0000, 0xFFDF, 0xFFFF, 0xFFFF, 0xFFDF, 0x0000, 0x0000, 0xFFFF,
  0xFFFF, 0xFFFF, 0xFFFF, 0xFFFF, 0xFFFF, 0xFFFF, 0xFFFF, 0x0000, 0x0000, 0xFFFF, 0xFFFF, 0x0000,
  0x0000, 0x0000, 0x0000, 0x0000, 0x0000, 0x0000, 0xFFFF, 0xFFFF, 0x0000, 0xFFFF, 0xFFFF, 0x0000,
  0x0000, 0x0000, 0x0000, 0x0000, 0x0000, 0x0000, 0x0000, 0x0000, 0x0000, 0x0000, 0x0000, 0x0000,
  0x0000, 0x0000, 0x0000, 0x0000, 0x0000, 0x0000, 0x0000, 0x0000, 0x0000, 0x0000, 0x0000, 0x0000,
  0x0000, 0x0000, 0x0000, 0x0000, 0x0000, 0x0000, 0x0000, 0x0000, 0x0000, 0x0000, 0x0000, 0x0000,
  0x0000, 0x0000, 0x0000, 0x0000, 0x0000, 0x0000, 0x0000, 0x0000, 0x0000, 0x0000, 0x0000, 0x0000,
  0x0000, 0x0000, 0x0000, 0x0000, 0x0000, 0x0000, 0x0000, 0x0000, 0x0000, 0x0000, 0x0000, 0x0000,
  0x0000, 0x0000, 0x0000, 0x0000, 0x0000, 0x0000, 0x0000, 0x0000, 0x0000, 0x0000, 0x0000, 0x0000,
  0x0000, 0x0000, 0x0000, 0x0000, 0x0000, 0x0000, 0x0000, 0x0000, 0x0000, 0x0000, 0x0000, 0x0000,
  0x0000, 0x0000, 0x0000, 0x0000, 0x0000, 0x0000, 0x0000, 0x0000, 0x0000, 0x0000, 0x0000, 0x0000,
  0x0000, 0x0000, 0x0000, 0x0000, 0x0000, 0x0000, 0x0000, 0x0000, 0x0000, 0x0000, 0x0000, 0x0000,
  0x0000, 0x0000, 0x0000, 0x0000, 0x0000, 0x0000, 0x0000, 0x0000, 0x0000, 0x0000, 0x0000, 0x0000,
  0x0000, 0x0000, 0x0000, 0x0000, 0x0000, 0x0000, 0x0000, 0x0000, 0x0000, 0x0000, 0x0000, 0x0000,
  0x0000, 0x0000, 0x0000, 0x0000, 0x0000, 0x0000, 0x0000, 0x0000, 0x0000, 0x0000, 0x0000, 0x0000,
  0x0000, 0x0000, 0x0000, 0x0000, 0x0000, 0x0000, 0x0000, 0x0000, 0x0000, 0x0000, 0x0000, 0x0000,
  0x0000, 0x0000, 0x0000, 0x0000, 0x0000, 0x0000, 0x0000, 0x0000, 0x0000, 0x0000, 0x0000, 0x0000,
  0x0000, 0x0000, 0x0000, 0x0000, 0x0000, 0x0000, 0x0000, 0x0000, 0x0000, 0x0000, 0x0000, 0x0000,
  0x0000, 0x0000, 0x0000, 0x0000, 0x0000, 0x0000, 0x0000, 0x0000, 0x0000, 0x0000, 0x0000, 0x0000,
  0x0000, 0x0000, 0x0000, 0x0000, 0x0000, 0x0000, 0x0000, 0x0000, 0x0000, 0x0000, 0x0000, 0x0000,
  0x0000, 0x0000, 0x0000, 0x0000, 0x0000, 0x0000, 0x0000, 0x0000, 0x0000, 0x0000, 0x0000, 0x0000,
  0x0000, 0x0000, 0x0000, 0x0000, 0x0000, 0x0000, 0x0000, 0x0000, 0x0000, 0x0000, 0x0000, 0x0000,
  0x0000, 0x0000, 0x0000, 0x0000, 0x0000, 0x0000, 0x0000, 0x0000, 0x0000, 0x0000, 0x0000, 0x0000,
  0x0000, 0x0000, 0x0000, 0x0000, 0x0000, 0x0000, 0x0000, 0xFFDF, 0xFFDF, 0xFFDF, 0xFFDF, 0x0000,
  0x0000, 0xFFDF, 0xFFFF, 0xFFFF, 0xFFDF, 0x0000, 0x0000, 0xFFFF, 0xFFFF, 0x0000, 0x0000, 0x0000,
  0x0000, 0xFFFF, 0xFFFF, 0x0000, 0x0000, 0xFFFF, 0xFFFF, 0xFFFF, 0xFFFF, 0xFFFF, 0xFFFF, 0xFFFF,
  0x0000, 0x0000, 0xFFFF, 0xFFFF, 0x0000, 0xFFFF, 0xFFFF, 0xFFFF, 0x0000, 0x0000, 0x0000, 0x0000,
  0x0000, 0x0000, 0x0000, 0x0000, 0x0000, 0x0000, 0x0000, 0x0000, 0x0000, 0x0000, 0x0000, 0x0000,
  0x0000, 0x0000, 0x0000, 0x0000, 0x0000, 0x0000, 0x0000, 0x0000, 0x0000, 0x0000, 0x0000, 0x0000,
  0x0000, 0x0000, 0x0000, 0x0000, 0x0000, 0x0000, 0x0000, 0x0000, 0x0000, 0x0000, 0x0000, 0x0000,
  0x0000, 0x0000, 0x0000, 0x0000, 0x0000, 0x0000, 0x0000, 0x0000, 0x0000, 0x0000, 0x0000, 0x0000,
  0x0000, 0x0000, 0x0000, 0x0000, 0x0000, 0x0000, 0x0000, 0x0000, 0x0000, 0x0000, 0x0000, 0x0000,
  0x0000, 0x0000, 0x0000, 0x0000, 0x0000, 0x0000, 0x0000, 0x0000, 0x0000, 0x0000, 0x0000, 0x0000,
  0x0000, 0x0000, 0x0000, 0x0000, 0x0000, 0x0000, 0x0000, 0x0000, 0x0000, 0x0000, 0x0000, 0x0000,
  0x0000, 0x0000, 0x0000, 0x0000, 0x0000, 0x0000, 0x0000, 0x0000, 0x0000, 0x0000, 0x0000, 0x0000,
  0x0000, 0x0000, 0x0000, 0x0000, 0x0000, 0x0000, 0x0000, 0x0000, 0x0000, 0x0000, 0x0000, 0x0000,
  0x0000, 0x0000, 0x0000, 0x0000, 0x0000, 0x0000, 0x0000, 0x0000, 0x0000, 0x0000, 0x0000, 0x0000,
  0x0000, 0x0000, 0x0000, 0x0000, 0x0000, 0x0000, 0x0000, 0x0000, 0x0000, 0x0000, 0x0000, 0x0000,
  0x0000, 0x0000, 0x0000, 0x0000, 0x0000, 0x0000, 0x0000, 0x0000, 0x0000, 0x0000, 0x0000, 0x0000,
  0x0000, 0x0000, 0x0000, 0x0000, 0x0000, 0x0000, 0x0000, 0x0000, 0x0000, 0x0000, 0x0000, 0x0000,
  0x0000, 0x0000, 0x0000, 0x0000, 0x0000, 0x0000, 0x0000, 0x0000, 0x0000, 0x0000, 0x0000, 0x0000,
  0x0000, 0x0000, 0x0000, 0x0000, 0x0000, 0x0000, 0x0000, 0x0000, 0x0000, 0x0000, 0x0000, 0x0000,
  0x0000, 0x0000, 0x0000, 0x0000, 0x0000, 0x0000, 0x0000, 0x0000, 0x0000, 0x0000, 0x0000, 0x0000,
  0x0000, 0x0000, 0x0000, 0x0000, 0x0000, 0x0000, 0x0000, 0x0000, 0x0000, 0x0000, 0x0000, 0x0000,
  0x0000, 0x0000, 0x0000, 0x0000, 0x0000, 0x0000, 0x0000, 0x0000, 0x0000, 0x0000, 0x0000, 0x0000,
  0x0000, 0x0000, 0x0000, 0x0000, 0x0000, 0x0000, 0x0000, 0x0000, 0x0000, 0x0000, 0x0000, 0x0000,
  0x0000, 0x0000, 0x0000, 0x0000, 0x0000, 0x0000, 0x0000, 0x0000, 0x0000, 0x0000, 0x0000, 0x0000,
  0x0000, 0x0000, 0x0000, 0x0000, 0xFFDF, 0xFFDF, 0x0000, 0x0000, 0x0000, 0x0000, 0xFFDF, 0xFFDF,
  0x0000, 0x0000, 0x0000, 0xFFFF, 0xFFFF, 0x0000, 0x0000, 0x0000, 0x0000, 0xFFFF, 0xFFFF, 0x0000,
  0x0000, 0x0000, 0xFFFF, 0xFFFF, 0xFFFF, 0xFFFF, 0xFFFF, 0x0000, 0x0000, 0x0000, 0xFFFF, 0xFFFF,
  0x0000, 0x0000, 0xFFFF, 0xFFFF, 0xFFFF, 0x0000, 0x0000, 0x0000, 0x0000, 0x0000, 0x0000, 0x0000,
  0x0000, 0x0000, 0x0000, 0x0000, 0x0000, 0x0000, 0x0000, 0x0000, 0x0000, 0x0000, 0x0000, 0x0000,
  0x0000, 0x0000, 0x0000, 0x0000, 0x0000, 0x0000, 0x0000, 0x0000, 0x0000, 0x0000, 0x0000, 0x0000,
  0x0000, 0x0000, 0x0000, 0x0000, 0x0000, 0x0000, 0x0000, 0x0000, 0x0000, 0x0000, 0x0000, 0x0000,
  0x0000, 0x0000, 0x0000, 0x0000, 0x0000, 0x0000, 0x0000, 0x0000, 0x0000, 0x0000, 0x0000, 0x0000,
  0x0000, 0x0000, 0x0000, 0x0000, 0x0000, 0x0000, 0x0000, 0x0000, 0x0000, 0x0000, 0x0000, 0x0000,
  0x0000, 0x0000, 0x0000, 0x0000, 0x0000, 0x0000, 0x0000, 0x0000, 0x0000, 0x0000, 0x0000, 0x0000,
  0x0000, 0x0000, 0x0000, 0x0000, 0x0000, 0x0000, 0x0000, 0x0000, 0x0000, 0x0000, 0x0000, 0x0000,
  0x0000, 0x0000, 0x0000, 0x0000, 0x0000, 0x0000, 0x0000, 0x0000, 0x0000, 0x0000, 0x0000, 0x0000,
  0x0000, 0x0000, 0x0000, 0x0000, 0x0000, 0x0000, 0x0000, 0x0000, 0x0000, 0x0000, 0x0000, 0x0000,
  0x0000, 0x0000, 0x0000, 0x0000, 0x0000, 0x0000, 0x0000, 0x0000, 0x0000, 0x0000, 0x0000, 0x0000,
  0x0000, 0x0000, 0x0000, 0x0000, 0x0000, 0x0000, 0x0000, 0x0000, 0x0000, 0x0000, 0x0000, 0x0000,
  0x0000, 0x0000, 0x0000, 0x0000, 0x0000, 0x0000, 0x0000, 0x0000, 0x0000, 0x0000, 0x0000, 0x0000,
  0x0000, 0x0000, 0x0000, 0x0000, 0x0000, 0x0000, 0x0000, 0x0000, 0x0000, 0x0000, 0x0000, 0x0000,
  0x0000, 0x0000, 0x0000, 0x0000, 0x0000, 0x0000, 0x0000, 0x0000, 0x0000, 0x0000, 0x0000, 0x0000,
  0x0000, 0x0000, 0x0000, 0x0000, 0x0000, 0x0000, 0x0000, 0x0000, 0x0000, 0x0000, 0x0000, 0x0000,
  0x0000, 0x0000, 0x0000, 0x0000, 0x0000, 0x0000, 0x0000, 0x0000, 0x0000, 0x0000, 0x0000, 0x0000,
  0x0000, 0x0000, 0x0000, 0x0000, 0x0000, 0x0000, 0x0000, 0x0000, 0x0000, 0x0000, 0x0000, 0x0000,
  0x0000, 0x0000, 0x0000, 0x0000, 0x0000, 0x0000, 0x0000, 0x0000, 0x0000, 0x0000, 0x0000, 0x0000,
  0x0000, 0x0000, 0x0000, 0x0000, 0x0000, 0x0000, 0x0000, 0x0000, 0x0000, 0x0000, 0x0000, 0x0000,
  0x0000, 0x0000, 0x0000, 0x0000, 0x0000, 0x0000, 0x0000, 0x0000, 0x0000, 0x0000, 0x0000, 0x0000,
  0x0000, 0x0000, 0x0000, 0x0000, 0x0000, 0x0000, 0x0000, 0x0000, 0x0000, 0x0000, 0x0000, 0x0000,
  0x0000, 0x0000, 0x0000, 0x0000, 0x0000, 0x0000, 0x0000, 0x0000, 0x0000, 0x0000, 0x0000, 0x0000,
  0x0000, 0x0000, 0x0000, 0x0000, 0x0000, 0x0000, 0x0000, 0x0000, 0x0000, 0x0000, 0x0000, 0x0000,
  0x0000, 0x0000, 0x0000, 0x0000, 0x0000, 0x0000, 0x0000, 0x0000, 0x0000, 0x0000, 0x0000, 0x0000,
  0x0000, 0x0000, 0x0000, 0x0000, 0x0000, 0x0000, 0x0000, 0x0000, 0x0000, 0x0000, 0x0000, 0x0000,
  0x0000, 0x0000, 0x0000, 0x0000, 0x0000, 0x0000, 0x0000, 0x0000, 0x0000, 0x0000, 0x0000, 0x0000,
  0x0000, 0x0000, 0x0000, 0x0000, 0x0000, 0x0000, 0x0000, 0x0000, 0x0000, 0x0000, 0x0000, 0x0000,
  0x0000, 0x0000, 0x0000, 0x0000, 0x0000, 0x0000, 0x0000, 0x0000, 0x0000, 0x0000, 0x0000, 0x0000,
  0x0000, 0x0000, 0x0000, 0x0000, 0x0000, 0x0000, 0x0000, 0x0000, 0x0000, 0x0000, 0x0000, 0x0000,
  0x0000, 0x0000, 0x0000, 0x0000, 0x0000, 0x0000, 0x0000, 0x0000, 0x0000, 0x0000, 0x0000, 0x0000,
  0x0000, 0x0000, 0x0000, 0x0000, 0x0000, 0x0000, 0x0000, 0x0000, 0x0000, 0x0000, 0x0000, 0x0000,
  0x0000, 0x0000, 0x0000, 0x0000, 0x0000, 0x0000, 0x0000, 0x0000, 0x0000, 0x0000, 0x0000, 0x0000,
  0x0000, 0x0000, 0x0000, 0x0000, 0x0000, 0x0000, 0x0000, 0x0000, 0x0000, 0x0000, 0x0000, 0x0000,
  0x0000, 0x0000, 0x0000, 0x0000, 0x0000, 0x0000, 0x0000, 0x0000, 0x0000, 0x0000, 0x0000, 0x0000,
  0x0000, 0x0000, 0x0000, 0x0000, 0x0000, 0x0000, 0x0000, 0x0000, 0x0000, 0x0000, 0x0000, 0x0000,
  0x0000, 0x0000, 0x0000, 0x0000, 0x0000, 0x0000, 0x0000, 0x0000, 0x0000, 0x0000, 0x0000, 0x0000,
  0x0000, 0x0000, 0x0000, 0x0000, 0x0000, 0x0000, 0x0000, 0x0000, 0x0000, 0x0000, 0x0000, 0x0000,
  0x0000, 0x0000, 0x0000, 0x0000, 0x0000, 0x0000, 0x0000, 0x0000, 0x0000, 0x0000, 0x0000, 0x0000,
  0x0000, 0x0000, 0x0000, 0x0000, 0x0000, 0x0000, 0x0000, 0x0000, 0x0000, 0x0000, 0x0000, 0x0000,
  0x0000, 0x0000, 0x0000, 0x0000, 0x0000, 0x0000, 0x0000, 0x0000, 0x0000, 0x0000, 0x0000, 0x0000,
  0x0000, 0x0000, 0x0000, 0x0000, 0x0000, 0x0000, 0x0000, 0x0000, 0x0000, 0x0000, 0x0000, 0x0000,
  0x0000, 0x0000, 0x0000, 0x0000, 0x0000, 0x0000, 0x0000, 0x0000, 0x0000, 0x0000, 0x0000, 0x0000,
  0x0000, 0x0000, 0x0000, 0x0000, 0x0000, 0x0000, 0x0000, 0x0000, 0x0000, 0x0000, 0x0000, 0x0000,
  0x0000, 0x0000, 0x0000, 0x0000, 0x0000, 0x0000, 0x0000, 0x0000, 0x0000, 0x0000, 0x0000, 0x0000,
  0x0000, 0x0000, 0x0000, 0x0000, 0x0000, 0x0000, 0x0000, 0x0000, 0x0000, 0x0000, 0x0000, 0x0000,
  0x0000, 0x0000, 0x0000, 0x0000, 0x0000, 0x0000, 0x0000, 0x0000, 0x0000, 0x0000, 0x0000, 0x0000,
  0x0000, 0x0000, 0x0000, 0x0000, 0x0000, 0x0000, 0x0000, 0x0000, 0x0000, 0x0000, 0x0000, 0x0000,
  0x0000, 0x0000, 0x0000, 0x0000, 0x0000, 0x0000, 0x0000, 0x0000, 0x0000, 0x0000, 0x0000, 0x0000,
  0x0000, 0x0000, 0x0000, 0x0000, 0x0000, 0x0000, 0x0000, 0x0000, 0x0000, 0x0000, 0x0000, 0x0000,
  0x0000, 0x0000, 0x0000, 0x0000, 0x0000, 0x0000, 0x0000, 0x0000, 0x0000, 0x0000, 0x0000, 0x0000,
  0x0000, 0x0000, 0x0000, 0x0000, 0x0000, 0x0000, 0x0000, 0x0000, 0x0000, 0x0000, 0x0000, 0x0000,
  0x0000, 0x0000, 0x0000, 0x0000, 0x0000, 0x0000, 0x0000, 0x0000, 0x0000, 0x0000, 0x0000, 0x0000,
  0x0000, 0x0000, 0x0000, 0x0000, 0x0000, 0x0000, 0x0000, 0x0000, 0x0000, 0x0000, 0x0000, 0x0000,
  0x0000, 0x0000, 0x0000, 0x0000, 0x0000, 0x0000, 0x0000, 0x0000, 0x0000, 0x0000, 0x0000, 0x0000,
  0x0000, 0x0000, 0x0000, 0x0000, 0x0000, 0x0000, 0x0000, 0x0000, 0x0000, 0x0000, 0x0000, 0x0000,
  0x0000, 0x0000, 0x0000, 0x0000, 0x0000, 0x0000, 0x0000, 0x0000, 0x0000, 0x0000, 0x0000, 0x0000,
  0x0000, 0x0000, 0x0000, 0x0000, 0x0000, 0x0000, 0x0000, 0x0000, 0x0000, 0x0000, 0x0000, 0x0000,
  0x0000, 0x0000, 0x0000, 0x0000, 0x0000, 0x0000, 0x0000, 0x0000, 0x0000, 0x0000, 0x0000, 0x0000,
  0x0000, 0x0000, 0x0000, 0x0000, 0x0000, 0x0000, 0x0000, 0x0000, 0x0000, 0x0000, 0x0000, 0x0000,
  0x0000, 0x0000, 0x0000, 0x0000, 0x0000, 0x0000, 0x0000, 0x0000, 0x0000, 0x0000, 0x0000, 0x0000,
  0x0000, 0x0000, 0x0000, 0x0000, 0x0000, 0x0000, 0x0000, 0x0000, 0x0000, 0x0000, 0x0000, 0x0000,
  0x0000, 0x0000, 0x0000, 0x0000, 0x0000, 0x0000, 0x0000, 0x0000, 0x0000, 0x0000, 0x0000, 0x0000,
  0x0000, 0x0000, 0x0000, 0x0000, 0x0000, 0x0000, 0x0000, 0x0000, 0x0000, 0x0000, 0x0000, 0x0000,
  0x0000, 0x0000, 0x0000, 0x0000, 0x0000, 0x0000, 0x0000, 0x0000, 0x0000, 0x0000, 0x0000, 0x0000,
  0x0000, 0x0000, 0x0000, 0x0000, 0x0000, 0x0000, 0x0000, 0x0000, 0x0000, 0x0000, 0x0000, 0x0000,
  0x0000, 0x0000, 0x0000, 0x0000, 0x0000, 0x0000, 0x0000, 0x0000, 0x0000, 0x0000, 0x0000, 0x0000,
  0x0000, 0x0000, 0x0000, 0x0000, 0x0000, 0x0000, 0x0000, 0x0000, 0x0000, 0x0000, 0x0000, 0x0000,
  0x0000, 0x0000, 0x0000, 0x0000, 0x0000, 0x0000, 0xCA49, 0xCA49, 0xCA49, 0xCA49, 0xCA49, 0x0000,
  0x0000, 0x0000, 0xCA49, 0xCA49, 0x0000, 0x0000, 0x0000, 0x0000, 0x0000, 0x0000, 0xCA49, 0xCA49,
  0x0000, 0x0000, 0x0000, 0xCA49, 0xCA49, 0x0000, 0x0000, 0xCA49, 0xCA49, 0xCA49, 0xCA49, 0xCA49,
  0x0000, 0x0000, 0x0000, 0x0000, 0x0000, 0x0000, 0x0000, 0x0000, 0x0000, 0x0000, 0x0000, 0x0000,
  0x0000, 0x0000, 0x0000, 0x0000, 0x0000, 0x0000, 0x0000, 0x0000, 0x0000, 0x0000, 0x0000, 0x0000,
  0x0000, 0x0000, 0x0000, 0x0000, 0x0000, 0x0000, 0x0000, 0x0000, 0x0000, 0x0000, 0x0000, 0x0000,
  0x0000, 0x0000, 0x0000, 0x0000, 0x0000, 0x0000, 0x0000, 0x0000, 0x0000, 0x0000, 0x0000, 0x0000,
  0x0000, 0x0000, 0x0000, 0x0000, 0x0000, 0x0000, 0x0000, 0x0000, 0x0000, 0x0000, 0x0000, 0x0000,
  0x0000, 0x0000, 0x0000, 0x0000, 0x0000, 0x0000, 0x0000, 0x0000, 0x0000, 0x0000, 0x0000, 0x0000,
  0x0000, 0x0000, 0x0000, 0x0000, 0x0000, 0x0000, 0x0000, 0x0000, 0x0000, 0x0000, 0x0000, 0x0000,
  0x0000, 0x0000, 0x0000, 0x0000, 0x0000, 0x0000, 0x0000, 0x0000, 0x0000, 0x0000, 0x0000, 0x0000,
  0x0000, 0x0000, 0x0000, 0x0000, 0x0000, 0x0000, 0x0000, 0x0000, 0x0000, 0x0000, 0x0000, 0x0000,
  0x0000, 0x0000, 0x0000, 0x0000, 0x0000, 0x0000, 0x0000, 0x0000, 0x0000, 0x0000, 0x0000, 0x0000,
  0x0000, 0x0000, 0x0000, 0x0000, 0x0000, 0x0000, 0x0000, 0x0000, 0x0000, 0x0000, 0x0000, 0x0000,
  0x0000, 0x0000, 0x0000, 0x0000, 0x0000, 0x0000, 0x0000, 0x0000, 0x0000, 0x0000, 0x0000, 0x0000,
  0x0000, 0x0000, 0x0000, 0x0000, 0x0000, 0x0000, 0x0000, 0x0000, 0x0000, 0x0000, 0x0000, 0x0000,
  0x0000, 0x0000, 0x0000, 0x0000, 0x0000, 0x0000, 0x0000, 0x0000, 0x0000, 0x0000, 0x0000, 0x0000,
  0x0000, 0x0000, 0x0000, 0x0000, 0x0000, 0x0000, 0x0000, 0x0000, 0x0000, 0x0000, 0x0000, 0x0000,
  0x0000, 0x0000, 0x0000, 0x0000, 0x0000, 0x0000, 0x0000, 0x0000, 0x0000, 0x0000, 0x0000, 0x0000,
  0x0000, 0x0000, 0x0000, 0x0000, 0x0000, 0x0000, 0x0000, 0x0000, 0x0000, 0x0000, 0x0000, 0x0000,
  0x0000, 0x0000, 0x0000, 0x0000, 0x0000, 0x0000, 0x0000, 0x0000, 0x0000, 0x0000, 0x0000, 0x0000,
  0x0000, 0x0000, 0x0000, 0x0000, 0x0000, 0x0000, 0x0000, 0x0000, 0x0000, 0x0000, 0x0000, 0x0000,
  0x0000, 0x0000, 0x0000, 0x0000, 0x0000, 0x0000, 0x0000, 0x0000, 0x0000, 0x0000, 0x0000, 0x0000,
  0x0000, 0x0000, 0x0000, 0x0000, 0x0000, 0x0000, 0x0000, 0x0000, 0x0000, 0x0000, 0x0000, 0x0000,
  0x0000, 0xCA49, 0xCA49, 0xCA49, 0xCA49, 0xCA49, 0xCA49, 0xCA49, 0x0000, 0x0000, 0xCA49, 0xCA49,
  0x0000, 0x0000, 0x0000, 0x0000, 0x0000, 0x0000, 0xCA49, 0xCA49, 0x0000, 0x0000, 0x0000, 0xCA49,
  0xCA49, 0x0000, 0x0000, 0xCA49, 0xCA49, 0x0000, 0x0000, 0xCA49, 0xCA49, 0x0000, 0x0000, 0x0000,
  0x0000, 0x0000, 0x0000, 0x0000, 0x0000, 0x0000, 0x0000, 0x0000, 0x0000, 0x0000, 0x0000, 0x0000,
  0x0000, 0x0000, 0x0000, 0x0000, 0x0000, 0x0000, 0x0000, 0x0000, 0x0000, 0x0000, 0x0000, 0x0000,
  0x0000, 0x0000, 0x0000, 0x0000, 0x0000, 0x0000, 0x0000, 0x0000, 0x0000, 0x0000, 0x0000, 0x0000,
  0x0000, 0x0000, 0x0000, 0x0000, 0x0000, 0x0000, 0x0000, 0x0000, 0x0000, 0x0000, 0x0000, 0x0000,
  0x0000, 0x0000, 0x0000, 0x0000, 0x0000, 0x0000, 0x0000, 0x0000, 0x0000, 0x0000, 0x0000, 0x0000,
  0x0000, 0x0000, 0x0000, 0x0000, 0x0000, 0x0000, 0x0000, 0x0000, 0x0000, 0x0000, 0x0000, 0x0000,
  0x0000, 0x0000, 0x0000, 0x0000, 0x0000, 0x0000, 0x0000, 0x0000, 0x0000, 0x0000, 0x0000, 0x0000,
  0x0000, 0x0000, 0x0000, 0x0000, 0x0000, 0x0000, 0x0000, 0x0000, 0x0000, 0x0000, 0x0000, 0x0000,
  0x0000, 0x0000, 0x0000, 0x0000, 0x0000, 0x0000, 0x0000, 0x0000, 0x0000, 0x0000, 0x0000, 0x0000,
  0x0000, 0x0000, 0x0000, 0x0000, 0x0000, 0x0000, 0x0000, 0x0000, 0x0000, 0x0000, 0x0000, 0x0000,
  0x0000, 0x0000, 0x0000, 0x0000, 0x0000, 0x0000, 0x0000, 0x0000, 0x0000, 0x0000, 0x0000, 0x0000,
  0x0000, 0x0000, 0x0000, 0x0000, 0x0000, 0x0000, 0x0000, 0x0000, 0x0000, 0x0000, 0x0000, 0x0000,
  0x0000, 0x0000, 0x0000, 0x0000, 0x0000, 0x0000, 0x0000, 0x0000, 0x0000, 0x0000, 0x0000, 0x0000,
  0x0000, 0x0000, 0x0000, 0x0000, 0x0000, 0x0000, 0x0000, 0x0000, 0x0000, 0x0000, 0x0000, 0x0000,
  0x0000, 0x0000, 0x0000, 0x0000, 0x0000, 0x0000, 0x0000, 0x0000, 0x0000, 0x0000, 0x0000, 0x0000,
  0x0000, 0x0000, 0x0000, 0x0000, 0x0000, 0x0000, 0x0000, 0x0000, 0x0000, 0x0000, 0x0000, 0x0000,
  0x0000, 0x0000, 0x0000, 0x0000, 0x0000, 0x0000, 0x0000, 0x0000, 0x0000, 0x0000, 0x0000, 0x0000,
  0x0000, 0x0000, 0x0000, 0x0000, 0x0000, 0x0000, 0x0000, 0x0000, 0x0000, 0x0000, 0x0000, 0x0000,
  0x0000, 0x0000, 0x0000, 0x0000, 0x0000, 0x0000, 0x0000, 0x0000, 0x0000, 0x0000, 0x0000, 0x0000,
  0x0000, 0x0000, 0x0000, 0x0000, 0x0000, 0x0000, 0x0000, 0x0000, 0x0000, 0x0000, 0x0000, 0x0000,
  0x0000, 0x0000, 0x0000, 0x0000, 0x0000, 0x0000, 0x0000, 0x0000, 0x0000, 0xCA49, 0xCA49, 0x0000,
  0x0000, 0x0000, 0x0000, 0x0000, 0x0000, 0x0000, 0xCA49, 0xCA49, 0x0000, 0x0000, 0x0000, 0x0000,
  0x0000, 0x0000, 0xCA49, 0xCA49, 0x0000, 0x0000, 0x0000, 0xCA49, 0xCA49, 0x0000, 0x0000, 0xCA49,
  0xCA49, 0x0000, 0x0000, 0xCA49, 0xCA49, 0x0000, 0x0000, 0x0000, 0x0000, 0x0000, 0x0000, 0x0000,
  0x0000, 0x0000, 0x0000, 0x0000, 0x0000, 0x0000, 0x0000, 0x0000, 0x0000, 0x0000, 0x0000, 0x0000,
  0x0000, 0x0000, 0x0000, 0x0000, 0x0000, 0x0000, 0x0000, 0x0000, 0x0000, 0x0000, 0x0000, 0x0000,
  0x0000, 0x0000, 0x0000, 0x0000, 0x0000, 0x0000, 0x0000, 0x0000, 0x0000, 0x0000, 0x0000, 0x0000,
  0x0000, 0x0000, 0x0000, 0x0000, 0x0000, 0x0000, 0x0000, 0x0000, 0x0000, 0x0000, 0x0000, 0x0000,
  0x0000, 0x0000, 0x0000, 0x0000, 0x0000, 0x0000, 0x0000, 0x0000, 0x0000, 0x0000, 0x0000, 0x0000,
  0x0000, 0x0000, 0x0000, 0x0000, 0x0000, 0x0000, 0x0000, 0x0000, 0x0000, 0x0000, 0x0000, 0x0000,
  0x0000, 0x0000, 0x0000, 0x0000, 0x0000, 0x0000, 0x0000, 0x0000, 0x0000, 0x0000, 0x0000, 0x0000,
  0x0000, 0x0000, 0x0000, 0x0000, 0x0000, 0x0000, 0x0000, 0x0000, 0x0000, 0x0000, 0x0000, 0x0000,
  0x0000, 0x0000, 0x0000, 0x0000, 0x0000, 0x0000, 0x0000, 0x0000, 0x0000, 0x0000, 0x0000, 0x0000,
  0x0000, 0x0000, 0x0000, 0x0000, 0x0000, 0x0000, 0x0000, 0x0000, 0x0000, 0x0000, 0x0000, 0x0000,
  0x0000, 0x0000, 0x0000, 0x0000, 0x0000, 0x0000, 0x0000, 0x0000, 0x0000, 0x0000, 0x0000, 0x0000,
  0x0000, 0x0000, 0x0000, 0x0000, 0x0000, 0x0000, 0x0000, 0x0000, 0x0000, 0x0000, 0x0000, 0x0000,
  0x0000, 0x0000, 0x0000, 0x0000, 0x0000, 0x0000, 0x0000, 0x0000, 0x0000, 0x0000, 0x0000, 0x0000,
  0x0000, 0x0000, 0x0000, 0x0000, 0x0000, 0x0000, 0x0000, 0x0000, 0x0000, 0x0000, 0x0000, 0x0000,
  0x0000, 0x0000, 0x0000, 0x0000, 0x0000, 0x0000, 0x0000, 0x0000, 0x0000, 0x0000, 0x0000, 0x0000,
  0x0000, 0x0000, 0x0000, 0x0000, 0x0000, 0x0000, 0x0000, 0x0000, 0x0000, 0x0000, 0x0000, 0x0000,
  0x0000, 0x0000, 0x0000, 0x0000, 0x0000, 0x0000, 0x0000, 0x0000, 0x0000, 0x0000, 0x0000, 0x0000,
  0x0000, 0x0000, 0x0000, 0x0000, 0x0000, 0x0000, 0x0000, 0x0000, 0x0000, 0x0000, 0x0000, 0x0000,
  0x0000, 0x0000, 0x0000, 0x0000, 0x0000, 0x0000, 0x0000, 0x0000, 0x0000, 0x0000, 0x0000, 0x0000,
  0x0000, 0x0000, 0x0000, 0x0000, 0x0000, 0x0000, 0x0000, 0x0000, 0x0000, 0x0000, 0x0000, 0x0000,
  0x0000, 0x0000, 0x0000, 0x0000, 0x0000, 0xCA49, 0xCA49, 0x0000, 0x0000, 0x0000, 0x0000, 0x0000,
  0x0000, 0x0000, 0xCA49, 0xCA49, 0x0000, 0x0000, 0x0000, 0x0000, 0x0000, 0x0000, 0xCA49, 0xCA49,
  0x0000, 0x0000, 0x0000, 0xCA49, 0xCA49, 0x0000, 0x0000, 0xCA49, 0xCA49, 0xCA49, 0xCA49, 0xCA49,
  0xCA49, 0x0000, 0x0000, 0x0000, 0x0000, 0x0000, 0x0000, 0x0000, 0x0000, 0x0000, 0x0000, 0x0000,
  0x0000, 0x0000, 0x0000, 0x0000, 0x0000, 0x0000, 0x0000, 0x0000, 0x0000, 0x0000, 0x0000, 0x0000,
  0x0000, 0x0000, 0x0000, 0x0000, 0x0000, 0x0000, 0x0000, 0x0000, 0x0000, 0x0000, 0x0000, 0x0000,
  0x0000, 0x0000, 0x0000, 0x0000, 0x0000, 0x0000, 0x0000, 0x0000, 0x0000, 0x0000, 0x0000, 0x0000,
  0x0000, 0x0000, 0x0000, 0x0000, 0x0000, 0x0000, 0x0000, 0x0000, 0x0000, 0x0000, 0x0000, 0x0000,
  0x0000, 0x0000, 0x0000, 0x0000, 0x0000, 0x0000, 0x0000, 0x0000, 0x0000, 0x0000, 0x0000, 0x0000,
  0x0000, 0x0000, 0x0000, 0x0000, 0x0000, 0x0000, 0x0000, 0x0000, 0x0000, 0x0000, 0x0000, 0x0000,
  0x0000, 0x0000, 0x0000, 0x0000, 0x0000, 0x0000, 0x0000, 0x0000, 0x0000, 0x0000, 0x0000, 0x0000,
  0x0000, 0x0000, 0x0000, 0x0000, 0x0000, 0x0000, 0x0000, 0x0000, 0x0000, 0x0000, 0x0000, 0x0000,
  0x0000, 0x0000, 0x0000, 0x0000, 0x0000, 0x0000, 0x0000, 0x0000, 0x0000, 0x0000, 0x0000, 0x0000,
  0x0000, 0x0000, 0x0000, 0x0000, 0x0000, 0x0000, 0x0000, 0x0000, 0x0000, 0x0000, 0x0000, 0x0000,
  0x0000, 0x0000, 0x0000, 0x0000, 0x0000, 0x0000, 0x0000, 0x0000, 0x0000, 0x0000, 0x0000, 0x0000,
  0x0000, 0x0000, 0x0000, 0x0000, 0x0000, 0x0000, 0x0000, 0x0000, 0x0000, 0x0000, 0x0000, 0x0000,
  0x0000, 0x0000, 0x0000, 0x0000, 0x0000, 0x0000, 0x0000, 0x0000, 0x0000, 0x0000, 0x0000, 0x0000,
  0x0000, 0x0000, 0x0000, 0x0000, 0x0000, 0x0000, 0x0000, 0x0000, 0x0000, 0x0000, 0x0000, 0x0000,
  0x0000, 0x0000, 0x0000, 0x0000, 0x0000, 0x0000, 0x0000, 0x0000, 0x0000, 0x0000, 0x0000, 0x0000,
  0x0000, 0x0000, 0x0000, 0x0000, 0x0000, 0x0000, 0x0000, 0x0000, 0x0000, 0x0000, 0x0000, 0x0000,
  0x0000, 0x0000, 0x0000, 0x0000, 0x0000, 0x0000, 0x0000, 0x0000, 0x0000, 0x0000, 0x0000, 0x0000,
  0x0000, 0x0000, 0x0000, 0x0000, 0x0000, 0x0000, 0x0000, 0x0000, 0x0000, 0x0000, 0x0000, 0x0000,
  0x0000, 0x0000, 0x0000, 0x0000, 0x0000, 0x0000, 0x0000, 0x0000, 0x0000, 0x0000, 0x0000, 0x0000,
  0x0000, 0x0000, 0x0000, 0x0000, 0x0000, 0x0000, 0x0000, 0x0000, 0x0000, 0x0000, 0x0000, 0x0000,
  0x0000, 0xCA49, 0xCA49, 0x0000, 0x0000, 0x0000, 0x0000, 0x0000, 0x0000, 0x0000, 0xCA49, 0xCA49,
  0x0000, 0x0000, 0x0000, 0x0000, 0x0000, 0x0000, 0xCA49, 0xCA49, 0x0000, 0x0000, 0x0000, 0xCA49,
  0xCA49, 0x0000, 0x0000, 0xCA49, 0xCA49, 0x0000, 0x0000, 0xCA49, 0xCA49, 0x0000, 0x0000, 0x0000,
  0x0000, 0x0000, 0x0000, 0x0000, 0x0000, 0x0000, 0x0000, 0x0000, 0x0000, 0x0000, 0x0000, 0x0000,
  0x0000, 0x0000, 0x0000, 0x0000, 0x0000, 0x0000, 0x0000, 0x0000, 0x0000, 0x0000, 0x0000, 0x0000,
  0x0000, 0x0000, 0x0000, 0x0000, 0x0000, 0x0000, 0x0000, 0x0000, 0x0000, 0x0000, 0x0000, 0x0000,
  0x0000, 0x0000, 0x0000, 0x0000, 0x0000, 0x0000, 0x0000, 0x0000, 0x0000, 0x0000, 0x0000, 0x0000,
  0x0000, 0x0000, 0x0000, 0x0000, 0x0000, 0x0000, 0x0000, 0x0000, 0x0000, 0x0000, 0x0000, 0x0000,
  0x0000, 0x0000, 0x0000, 0x0000, 0x0000, 0x0000, 0x0000, 0x0000, 0x0000, 0x0000, 0x0000, 0x0000,
  0x0000, 0x0000, 0x0000, 0x0000, 0x0000, 0x0000, 0x0000, 0x0000, 0x0000, 0x0000, 0x0000, 0x0000,
  0x0000, 0x0000, 0x0000, 0x0000, 0x0000, 0x0000, 0x0000, 0x0000, 0x0000, 0x0000, 0x0000, 0x0000,
  0x0000, 0x0000, 0x0000, 0x0000, 0x0000, 0x0000, 0x0000, 0x0000, 0x0000, 0x0000, 0x0000, 0x0000,
  0x0000, 0x0000, 0x0000, 0x0000, 0x0000, 0x0000, 0x0000, 0x0000, 0x0000, 0x0000, 0x0000, 0x0000,
  0x0000, 0x0000, 0x0000, 0x0000, 0x0000, 0x0000, 0x0000, 0x0000, 0x0000, 0x0000, 0x0000, 0x0000,
  0x0000, 0x0000, 0x0000, 0x0000, 0x0000, 0x0000, 0x0000, 0x0000, 0x0000, 0x0000, 0x0000, 0x0000,
  0x0000, 0x0000, 0x0000, 0x0000, 0x0000, 0x0000, 0x0000, 0x0000, 0x0000, 0x0000, 0x0000, 0x0000,
  0x0000, 0x0000, 0x0000, 0x0000, 0x0000, 0x0000, 0x0000, 0x0000, 0x0000, 0x0000, 0x0000, 0x0000,
  0x0000, 0x0000, 0x0000, 0x0000, 0x0000, 0x0000, 0x0000, 0x0000, 0x0000, 0x0000, 0x0000, 0x0000,
  0x0000, 0x0000, 0x0000, 0x0000, 0x0000, 0x0000, 0x0000, 0x0000, 0x0000, 0x0000, 0x0000, 0x0000,
  0x0000, 0x0000, 0x0000, 0x0000, 0x0000, 0x0000, 0x0000, 0x0000, 0x0000, 0x0000, 0x0000, 0x0000,
  0x0000, 0x0000, 0x0000, 0x0000, 0x0000, 0x0000, 0x0000, 0x0000, 0x0000, 0x0000, 0x0000, 0x0000,
  0x0000, 0x0000, 0x0000, 0x0000, 0x0000, 0x0000, 0x0000, 0x0000, 0x0000, 0x0000, 0x0000, 0x0000,
  0x0000, 0x0000, 0x0000, 0x0000, 0x0000, 0x0000, 0x0000, 0x0000, 0x0000, 0x0000, 0x0000, 0x0000,
  0x0000, 0x0000, 0x0000, 0x0000, 0x0000, 0x0000, 0x0000, 0x0000, 0x0000, 0xCA49, 0xCA49, 0x0000,
  0x0000, 0x0000, 0x0000, 0x0000, 0x0000, 0x0000, 0xCA49, 0xCA49, 0x0000, 0x0000, 0x0000, 0x0000,
  0x0000, 0x0000, 0xCA49, 0xCA49, 0x0000, 0x0000, 0x0000, 0xCA49, 0xCA49, 0x0000, 0x0000, 0xCA49,
  0xCA49, 0x0000, 0x0000, 0xCA49, 0xCA49, 0x0000, 0x0000, 0x0000, 0x0000, 0x0000, 0x0000, 0x0000,
  0x0000, 0x0000, 0x0000, 0x0000, 0x0000, 0x0000, 0x0000, 0x0000, 0x0000, 0x0000, 0x0000, 0x0000,
  0x0000, 0x0000, 0x0000, 0x0000, 0x0000, 0x0000, 0x0000, 0x0000, 0x0000, 0x0000, 0x0000, 0x0000,
  0x0000, 0x0000, 0x0000, 0x0000, 0x0000, 0x0000, 0x0000, 0x0000, 0x0000, 0x0000, 0x0000, 0x0000,
  0x0000, 0x0000, 0x0000, 0x0000, 0x0000, 0x0000, 0x0000, 0x0000, 0x0000, 0x0000, 0x0000, 0x0000,
  0x0000, 0x0000, 0x0000, 0x0000, 0x0000, 0x0000, 0x0000, 0x0000, 0x0000, 0x0000, 0x0000, 0x0000,
  0x0000, 0x0000, 0x0000, 0x0000, 0x0000, 0x0000, 0x0000, 0x0000, 0x0000, 0x0000, 0x0000, 0x0000,
  0x0000, 0x0000, 0x0000, 0x0000, 0x0000, 0x0000, 0x0000, 0x0000, 0x0000, 0x0000, 0x0000, 0x0000,
  0x0000, 0x0000, 0x0000, 0x0000, 0x0000, 0x0000, 0x0000, 0x0000, 0x0000, 0x0000, 0x0000, 0x0000,
  0x0000, 0x0000, 0x0000, 0x0000, 0x0000, 0x0000, 0x0000, 0x0000, 0x0000, 0x0000, 0x0000, 0x0000,
  0x0000, 0x0000, 0x0000, 0x0000, 0x0000, 0x0000, 0x0000, 0x0000, 0x0000, 0x0000, 0x0000, 0x0000,
  0x0000, 0x0000, 0x0000, 0x0000, 0x0000, 0x0000, 0x0000, 0x0000, 0x0000, 0x0000, 0x0000, 0x0000,
  0x0000, 0x0000, 0x0000, 0x0000, 0x0000, 0x0000, 0x0000, 0x0000, 0x0000, 0x0000, 0x0000, 0x0000,
  0x0000, 0x0000, 0x0000, 0x0000, 0x0000, 0x0000, 0x0000, 0x0000, 0x0000, 0x0000, 0x0000, 0x0000,
  0x0000, 0x0000, 0x0000, 0x0000, 0x0000, 0x0000, 0x0000, 0x0000, 0x0000, 0x0000, 0x0000, 0x0000,
  0x0000, 0x0000, 0x0000, 0x0000, 0x0000, 0x0000, 0x0000, 0x0000, 0x0000, 0x0000, 0x0000, 0x0000,
  0x0000, 0x0000, 0x0000, 0x0000, 0x0000, 0x0000, 0x0000, 0x0000, 0x0000, 0x0000, 0x0000, 0x0000,
  0x0000, 0x0000, 0x0000, 0x0000, 0x0000, 0x0000, 0x0000, 0x0000, 0x0000, 0x0000, 0x0000, 0x0000,
  0x0000, 0x0000, 0x0000, 0x0000, 0x0000, 0x0000, 0x0000, 0x0000, 0x0000, 0x0000, 0x0000, 0x0000,
  0x0000, 0x0000, 0x0000, 0x0000, 0x0000, 0x0000, 0x0000, 0x0000, 0x0000, 0x0000, 0x0000, 0x0000,
  0x0000, 0x0000, 0x0000, 0x0000, 0x0000, 0x0000, 0x0000, 0x0000, 0x0000, 0x0000, 0x0000, 0x0000,
  0x0000, 0x0000, 0x0000, 0x0000, 0x0000, 0xCA49, 0xCA49, 0xCA49, 0xCA49, 0xCA49, 0xCA49, 0xCA49,
  0x0000, 0x0000, 0xCA49, 0xCA49, 0xCA49, 0xCA49, 0xCA49, 0xCA49, 0x0000, 0x0000, 0xCA49, 0xCA49,
  0xCA49, 0xCA49, 0xCA49, 0xCA49, 0xCA49, 0x0000, 0x0000, 0xCA49, 0xCA49, 0xCA49, 0xCA49, 0xCA49,
  0xCA49, 0x0000, 0x0000, 0x0000, 0x0000, 0x0000, 0x0000, 0x0000, 0x0000, 0x0000, 0x0000, 0x0000,
  0x0000, 0x0000, 0x0000, 0x0000, 0x0000, 0x0000, 0x0000, 0x0000, 0x0000, 0x0000, 0x0000, 0x0000,
  0x0000, 0x0000, 0x0000, 0x0000, 0x0000, 0x0000, 0x0000, 0x0000, 0x0000, 0x0000, 0x0000, 0x0000,
  0x0000, 0x0000, 0x0000, 0x0000, 0x0000, 0x0000, 0x0000, 0x0000, 0x0000, 0x0000, 0x0000, 0x0000,
  0x0000, 0x0000, 0x0000, 0x0000, 0x0000, 0x0000, 0x0000, 0x0000, 0x0000, 0x0000, 0x0000, 0x0000,
  0x0000, 0x0000, 0x0000, 0x0000, 0x0000, 0x0000, 0x0000, 0x0000, 0x0000, 0x0000, 0x0000, 0x0000,
  0x0000, 0x0000, 0x0000, 0x0000, 0x0000, 0x0000, 0x0000, 0x0000, 0x0000, 0x0000, 0x0000, 0x0000,
  0x0000, 0x0000, 0x0000, 0x0000, 0x0000, 0x0000, 0x0000, 0x0000, 0x0000, 0x0000, 0x0000, 0x0000,
  0x0000, 0x0000, 0x0000, 0x0000, 0x0000, 0x0000, 0x0000, 0x0000, 0x0000, 0x0000, 0x0000, 0x0000,
  0x0000, 0x0000, 0x0000, 0x0000, 0x0000, 0x0000, 0x0000, 0x0000, 0x0000, 0x0000, 0x0000, 0x0000,
  0x0000, 0x0000, 0x0000, 0x0000, 0x0000, 0x0000, 0x0000, 0x0000, 0x0000, 0x0000, 0x0000, 0x0000,
  0x0000, 0x0000, 0x0000, 0x0000, 0x0000, 0x0000, 0x0000, 0x0000, 0x0000, 0x0000, 0x0000, 0x0000,
  0x0000, 0x0000, 0x0000, 0x0000, 0x0000, 0x0000, 0x0000, 0x0000, 0x0000, 0x0000, 0x0000, 0x0000,
  0x0000, 0x0000, 0x0000, 0x0000, 0x0000, 0x0000, 0x0000, 0x0000, 0x0000, 0x0000, 0x0000, 0x0000,
  0x0000, 0x0000, 0x0000, 0x0000, 0x0000, 0x0000, 0x0000, 0x0000, 0x0000, 0x0000, 0x0000, 0x0000,
  0x0000, 0x0000, 0x0000, 0x0000, 0x0000, 0x0000, 0x0000, 0x0000, 0x0000, 0x0000, 0x0000, 0x0000,
  0x0000, 0x0000, 0x0000, 0x0000, 0x0000, 0x0000, 0x0000, 0x0000, 0x0000, 0x0000, 0x0000, 0x0000,
  0x0000, 0x0000, 0x0000, 0x0000, 0x0000, 0x0000, 0x0000, 0x0000, 0x0000, 0x0000, 0x0000, 0x0000,
  0x0000, 0x0000, 0x0000, 0x0000, 0x0000, 0x0000, 0x0000, 0x0000, 0x0000, 0x0000, 0x0000, 0x0000,
  0x0000, 0x0000, 0x0000, 0x0000, 0x0000, 0x0000, 0x0000, 0x0000, 0x0000, 0x0000, 0x0000, 0x0000,
  0x0000, 0x0000, 0x0000, 0x0000, 0x0000, 0x0000, 0x0000, 0x0000, 0x0000, 0x0000, 0x0000, 0x0000,
  0x0000, 0x0000, 0xCA49, 0xCA49, 0xCA49, 0xCA49, 0xCA49, 0x0000, 0x0000, 0x0000, 0xCA49, 0xCA49,
  0xCA49, 0xCA49, 0xCA49, 0xCA49, 0x0000, 0x0000, 0x0000, 0xCA49, 0xCA49, 0xCA49, 0xCA49, 0xCA49,
  0x0000, 0x0000, 0x0000, 0xCA49, 0xCA49, 0xCA49, 0xCA49, 0xCA49, 0x0000, 0x0000, 0x0000, 0x0000,
  0x0000, 0x0000, 0x0000, 0x0000, 0x0000, 0x0000, 0x0000, 0x0000, 0x0000, 0x0000, 0x0000, 0x0000,
  0x0000, 0x0000, 0x0000, 0x0000, 0x0000, 0x0000, 0x0000, 0x0000, 0x0000, 0x0000, 0x0000, 0x0000,
  0x0000, 0x0000, 0x0000, 0x0000, 0x0000, 0x0000, 0x0000, 0x0000, 0x0000, 0x0000, 0x0000, 0x0000,
  0x0000, 0x0000, 0x0000, 0x0000, 0x0000, 0x0000, 0x0000, 0x0000, 0x0000, 0x0000, 0x0000, 0x0000,
  0x0000, 0x0000, 0x0000, 0x0000, 0x0000, 0x0000, 0x0000, 0x0000, 0x0000, 0x0000, 0x0000, 0x0000,
  0x0000, 0x0000, 0x0000, 0x0000, 0x0000, 0x0000, 0x0000, 0x0000, 0x0000, 0x0000, 0x0000, 0x0000,
  0x0000, 0x0000, 0x0000, 0x0000, 0x0000, 0x0000, 0x0000, 0x0000, 0x0000, 0x0000, 0x0000, 0x0000,
  0x0000, 0x0000, 0x0000, 0x0000, 0x0000, 0x0000, 0x0000, 0x0000, 0x0000, 0x0000, 0x0000, 0x0000,
  0x0000, 0x0000, 0x0000, 0x0000, 0x0000, 0x0000, 0x0000, 0x0000, 0x0000, 0x0000, 0x0000, 0x0000,
  0x0000, 0x0000, 0x0000, 0x0000, 0x0000, 0x0000, 0x0000, 0x0000, 0x0000, 0x0000, 0x0000, 0x0000,
  0x0000, 0x0000, 0x0000, 0x0000, 0x0000, 0x0000, 0x0000, 0x0000, 0x0000, 0x0000, 0x0000, 0x0000,
  0x0000, 0x0000, 0x0000, 0x0000, 0x0000, 0x0000, 0x0000, 0x0000, 0x0000, 0x0000, 0x0000, 0x0000,
  0x0000, 0x0000, 0x0000, 0x0000, 0x0000, 0x0000, 0x0000, 0x0000, 0x0000, 0x0000, 0x0000, 0x0000,
  0x0000, 0x0000, 0x0000, 0x0000, 0x0000, 0x0000, 0x0000, 0x0000, 0x0000, 0x0000, 0x0000, 0x0000,
  0x0000, 0x0000, 0x0000, 0x0000, 0x0000, 0x0000, 0x0000, 0x0000, 0x0000, 0x0000, 0x0000, 0x0000,
  0x0000, 0x0000, 0x0000, 0x0000, 0x0000, 0x0000, 0x0000, 0x0000, 0x0000, 0x0000, 0x0000, 0x0000,
  0x0000, 0x0000, 0x0000, 0x0000, 0x0000, 0x0000, 0x0000, 0x0000, 0x0000, 0x0000, 0x0000, 0x0000,
  0x0000, 0x0000, 0x0000, 0x0000, 0x0000, 0x0000, 0x0000, 0x0000, 0x0000, 0x0000, 0x0000, 0x0000,
  0x0000, 0x0000, 0x0000, 0x0000, 0x0000, 0x0000, 0x0000, 0x0000, 0x0000, 0x0000, 0x0000, 0x0000,
  0x0000, 0x0000, 0x0000, 0x0000, 0x0000, 0x0000, 0x0000, 0x0000, 0x0000, 0x0000, 0x0000, 0x0000,
  0x0000, 0x0000, 0x0000, 0x0000, 0x0000, 0x0000, 0x0000, 0x0000, 0x0000, 0x0000, 0x0000, 0x0000,
  0x0000, 0x0000, 0x0000, 0x0000, 0x0000, 0x0000, 0x0000, 0x0000, 0x0000, 0x0000, 0x0000, 0x0000,
  0x0000, 0x0000, 0x0000, 0x0000, 0x0000, 0x0000, 0x0000, 0x0000, 0x0000, 0x0000, 0x0000, 0x0000,
  0x0000, 0x0000, 0x0000, 0x0000, 0x0000, 0x0000, 0x0000, 0x0000, 0x0000, 0x0000, 0x0000, 0x0000,
  0x0000, 0x0000, 0x0000, 0x0000, 0x0000, 0x0000, 0x0000, 0x0000, 0x0000, 0x0000, 0x0000, 0x0000,
  0x0000, 0x0000, 0x0000, 0x0000, 0x0000, 0x0000, 0x0000, 0x0000, 0x0000, 0x0000, 0x0000, 0x0000,
  0x0000, 0x0000, 0x0000, 0x0000, 0x0000, 0x0000, 0x0000, 0x0000, 0x0000, 0x0000, 0x0000, 0x0000,
  0x0000, 0x0000, 0x0000, 0x0000, 0x0000, 0x0000, 0x0000, 0x0000, 0x0000, 0x0000, 0x0000, 0x0000,
  0x0000, 0x0000, 0x0000, 0x0000, 0x0000, 0x0000, 0x0000, 0x0000, 0x0000, 0x0000, 0x0000, 0x0000,
  0x0000, 0x0000, 0x0000, 0x0000, 0x0000, 0x0000, 0x0000, 0x0000, 0x0000, 0x0000, 0x0000, 0x0000,
  0x0000, 0x0000, 0x0000, 0x0000, 0x0000, 0x0000, 0x0000, 0x0000, 0x0000, 0x0000, 0x0000, 0x0000,
  0x0000, 0x0000, 0x0000, 0x0000, 0x0000, 0x0000, 0x0000, 0x0000, 0x0000, 0x0000, 0x0000, 0x0000,
  0x0000, 0x0000, 0x0000, 0x0000, 0x0000, 0x0000, 0x0000, 0x0000, 0x0000, 0x0000, 0x0000, 0x0000,
  0x0000, 0x0000, 0x0000, 0x0000, 0x0000, 0x0000, 0x0000, 0x0000, 0x0000, 0x0000, 0x0000, 0x0000,
  0x0000, 0x0000, 0x0000, 0x0000, 0x0000, 0x0000, 0x0000, 0x0000, 0x0000, 0x0000, 0x0000, 0x0000,
  0x0000, 0x0000, 0x0000, 0x0000, 0x0000, 0x0000, 0x0000, 0x0000, 0x0000, 0x0000, 0x0000, 0x0000,
  0x0000, 0x0000, 0x0000, 0x0000, 0x0000, 0x0000, 0x0000, 0x0000, 0x0000, 0x0000, 0x0000, 0x0000,
  0x0000, 0x0000, 0x0000, 0x0000, 0x0000, 0x0000, 0x0000, 0x0000, 0x0000, 0x0000, 0x0000, 0x0000,
  0x0000, 0x0000, 0x0000, 0x0000, 0x0000, 0x0000, 0x0000, 0x0000, 0x0000, 0x0000, 0x0000, 0x0000,
  0x0000, 0x0000, 0x0000, 0x0000, 0x0000, 0x0000, 0x0000, 0x0000, 0x0000, 0x0000, 0x0000, 0x0000,
  0x0000, 0x0000, 0x0000, 0x0000, 0x0000, 0x0000, 0x0000, 0x0000, 0x0000, 0x0000, 0x0000, 0x0000,
  0x0000, 0x0000, 0x0000, 0x0000, 0x0000, 0x0000, 0x0000, 0x0000, 0x0000, 0x0000, 0x0000, 0x0000,
  0x0000, 0x0000, 0x0000, 0x0000, 0x0000, 0x0000, 0x0000, 0x0000, 0x0000, 0x0000, 0x0000, 0x0000,
  0x0000, 0x0000, 0x0000, 0x0000, 0x0000, 0x0000, 0x0000, 0x0000, 0x0000, 0x0000, 0x0000, 0x0000,
  0x0000, 0x0000, 0x0000, 0x0000, 0x0000, 0x0000, 0x0000, 0x0000, 0x0000, 0x0000, 0x0000, 0x0000,
  0x0000, 0x0000, 0x0000, 0x0000, 0x0000, 0x0000, 0x0000, 0x0000, 0x0000, 0x0000, 0x0000, 0x0000,
  0x0000, 0x0000, 0x0000, 0x0000, 0x0000, 0x0000, 0x0000, 0x0000, 0x0000, 0x0000, 0x0000, 0x0000,
  0x0000, 0x0000, 0x0000, 0x0000, 0x0000, 0x0000, 0x0000, 0x0000, 0x0000, 0x0000, 0x0000, 0x0000,
  0x0000, 0x0000, 0x0000, 0x0000, 0x0000, 0x0000, 0x0000, 0x0000, 0x0000, 0x0000, 0x0000, 0x0000,
  0x0000, 0x0000, 0x0000, 0x0000, 0x0000, 0x0000, 0x0000, 0x0000, 0x0000, 0x0000, 0x0000, 0x0000,
  0x0000, 0x0000, 0x0000, 0x0000, 0x0000, 0x0000, 0x0000, 0x0000, 0x0000, 0x0000, 0x0000, 0x0000,
  0x0000, 0x0000, 0x0000, 0x0000, 0x0000, 0x0000, 0x0000, 0x0000, 0x0000, 0x0000, 0x0000, 0x0000,
  0x0000, 0x0000, 0x0000, 0x0000, 0x0000, 0x0000, 0x0000, 0x0000, 0x0000, 0x0000, 0x0000, 0x0000,
  0x0000, 0x0000, 0x0000, 0x0000, 0x0000, 0x0000, 0x0000, 0x0000, 0x0000, 0x0000, 0x0000, 0x0000,
  0x0000, 0x0000, 0x0000, 0x0000, 0x0000, 0x0000, 0x0000, 0x0000, 0x0000, 0x0000, 0x0000, 0x0000,
  0x0000, 0x0000, 0x0000, 0x0000, 0x0000, 0x0000, 0x0000, 0x0000, 0x0000, 0x0000, 0x0000, 0x0000,
  0x0000, 0x0000, 0x0000, 0x0000, 0x0000, 0x0000, 0x0000, 0x0000, 0x0000, 0x0000, 0x0000, 0x0000,
  0x0000, 0x0000, 0x0000, 0x0000, 0x0000, 0x0000, 0x0000, 0x0000, 0x0000, 0x0000, 0x0000, 0x0000,
  0x0000, 0x0000, 0x0000, 0x0000, 0x0000, 0x0000, 0x0000, 0x0000, 0x0000, 0x0000, 0x0000, 0x0000,
  0x0000, 0x0000, 0x0000, 0x0000, 0x0000, 0x0000, 0x0000, 0x0000, 0x0000, 0x0000, 0x0000, 0x0000,
  0x0000, 0x0000, 0x0000, 0x0000, 0x0000, 0x0000, 0x0000, 0x0000, 0x0000, 0x0000, 0x0000, 0x0000,
  0x0000, 0x0000, 0x0000, 0x0000, 0x0000, 0x0000, 0x0000, 0x0000, 0x0000, 0x0000, 0x0000, 0x0000,
  0x0000, 0x0000, 0x0000, 0x0000, 0x0000, 0x0000, 0x0000, 0x0000, 0x0000, 0x0000, 0x0000, 0x0000,
  0x0000, 0x0000, 0x0000, 0x0000, 0x0000, 0x0000, 0x0000, 0x0000, 0x0000, 0x0000, 0x0000, 0x0000,
  0x0000, 0x0000, 0x0000, 0x0000, 0x0000, 0x0000, 0x0000, 0x0000, 0x0000, 0x0000, 0x0000, 0x0000,
  0x0000, 0x0000, 0x0000, 0x0000, 0x0000, 0x0000, 0x0000, 0x0000, 0x0000, 0x0000, 0x0000, 0x0000,
  0x0000, 0x0000, 0x0000, 0x0000, 0x0000, 0x0000, 0x0000, 0x0000, 0x0000, 0x0000, 0x0000, 0x0000,
  0x0000, 0x0000, 0x0000, 0x0000, 0x0000, 0x0000, 0x0000, 0x0000, 0x0000, 0x0000, 0x0000, 0x0000,
  0x0000, 0x0000, 0x0000, 0x0000, 0x0000, 0x0000, 0x0000, 0x0000, 0x0000, 0x0000, 0x0000, 0x0000,
  0x0000, 0x0000, 0x0000, 0x0000, 0x0000, 0x0000, 0x0000, 0x0000, 0x0000, 0x0000, 0x0000, 0x0000,
  0x0000, 0x0000, 0x0000, 0x0000, 0x0000, 0x0000, 0x0000, 0x0000, 0x0000, 0x0000, 0x0000, 0x0000,
  0x0000, 0x0000, 0x0000, 0x0000, 0x0000, 0x0000, 0x0000, 0x0000, 0x0000, 0x0000, 0x0000, 0x0000,
  0x0000, 0x0000, 0x0000, 0x0000, 0x0000, 0x0000, 0x0000, 0x0000, 0x0000, 0x0000, 0x0000, 0x0000,
  0x0000, 0x0000, 0x0000, 0x0000, 0x0000, 0x0000, 0x0000, 0x0000, 0x0000, 0x0000, 0x0000, 0x0000,
  0x0000, 0x0000, 0x0000, 0x0000, 0x0000, 0x0000, 0x0000, 0x0000, 0x0000, 0x0000, 0x0000, 0x0000,
  0x0000, 0x0000, 0x0000, 0x0000, 0x0000, 0x0000, 0x0000, 0x0000, 0x0000, 0x0000, 0x0000, 0x0000,
  0x0000, 0x0000, 0x0000, 0x0000, 0x0000, 0x0000, 0x0000, 0x0000, 0x0000, 0x0000, 0x0000, 0x0000,
  0x0000, 0x0000, 0x0000, 0x0000, 0x0000, 0x0000, 0x0000, 0x0000, 0x0000, 0x0000, 0x0000, 0x0000,
  0x0000, 0x0000, 0x0000, 0x0000, 0x0000, 0x0000, 0x0000, 0x0000, 0x0000, 0x0000, 0x0000, 0x0000,
  0x0000, 0x0000, 0x0000, 0x0000, 0x0000, 0x0000, 0x0000, 0x0000, 0x0000, 0x0000, 0x0000, 0x0000,
  0x0000, 0x0000, 0x0000, 0x0000, 0x0000, 0x0000, 0x0000, 0x0000, 0x0000, 0x0000, 0x0000, 0x0000,
  0x0000, 0x0000, 0x0000, 0x0000, 0x0000, 0x0000, 0x0000, 0x0000, 0x0000, 0x0000, 0x0000, 0x0000,
  0x0000, 0x0000, 0x0000, 0x0000, 0x0000, 0x0000, 0x0000, 0x0000, 0x0000, 0x0000, 0x0000, 0x0000,
  0x0000, 0x0000, 0x0000, 0x0000, 0x0000, 0x0000, 0x0000, 0x0000, 0x0000, 0x0000, 0x0000, 0x0000,
  0x0000, 0x0000, 0x0000, 0x0000, 0x0000, 0x0000, 0x0000, 0x0000, 0x0000, 0x0000, 0x0000, 0x0000,
  0x0000, 0x0000, 0x0000, 0x0000, 0x0000, 0x0000, 0x0000, 0x0000, 0x0000, 0x0000, 0x0000, 0x0000,
  0x0000, 0x0000, 0x0000, 0x0000, 0x0000, 0x0000, 0x0000, 0x0000, 0x0000, 0x0000, 0x0000, 0x0000,
  0x0000, 0x0000, 0x0000, 0x0000, 0x0000, 0x0000, 0x0000, 0x0000, 0x0000, 0x0000, 0x0000, 0x0000,
  0x0000, 0x0000, 0x0000, 0x0000, 0x0000, 0x0000, 0x0000, 0x0000, 0x0000, 0x0000, 0x0000, 0x0000,
  0x0000, 0x0000, 0x0000, 0x0000, 0x0000, 0x0000, 0x0000, 0x0000, 0x0000, 0x0000, 0x0000, 0x0000,
  0x0000, 0x0000, 0x0000, 0x0000, 0x0000, 0x0000, 0x0000, 0x0000, 0x0000, 0x0000, 0x0000, 0x0000,
  0x0000, 0x0000, 0x0000, 0x0000, 0x0000, 0x0000, 0x0000, 0x0000, 0x0000, 0x0000, 0x0000, 0x0000,
  0x0000, 0x0000, 0x0000, 0x0000, 0x0000, 0x0000, 0x0000, 0x0000, 0x0000, 0x0000, 0x0000, 0x0000,
  0x0000, 0x0000, 0x0000, 0x0000, 0x0000, 0x0000, 0x0000, 0x0000, 0x0000, 0x0000, 0x0000, 0x0000,
  0x0000, 0x0000, 0x0000, 0x0000, 0x0000, 0x0000, 0x0000, 0x0000, 0x0000, 0x0000, 0x0000, 0x0000,
  0x0000, 0x0000, 0x0000, 0x0000, 0x0000, 0x0000, 0x0000, 0x0000, 0x0000, 0x0000, 0x0000, 0x0000,
  0x0000, 0x0000, 0x0000, 0x0000, 0x0000, 0x0000, 0x0000, 0x0000, 0x0000, 0x0000, 0x0000, 0x0000,
  0x0000, 0x0000, 0x0000, 0x0000, 0x0000, 0x0000, 0x0000, 0x0000, 0x0000, 0x0000, 0x0000, 0x0000,
  0x0000, 0x0000, 0x0000, 0x0000, 0x0000, 0x0000, 0x0000, 0x0000, 0x0000, 0x0000, 0x0000, 0x0000,
  0x0000, 0x0000, 0x0000, 0x0000, 0x0000, 0x0000, 0x0000, 0x0000, 0x0000, 0x0000, 0x0000, 0x0000,
  0x0000, 0x0000, 0x0000, 0x0000, 0x0000, 0x0000, 0x0000, 0x0000, 0x0000, 0x0000, 0x0000, 0x0000,
  0x0000, 0x0000, 0x0000, 0x0000, 0x0000, 0x0000, 0x0000, 0x0000, 0x0000, 0x0000, 0x0000, 0x0000,
  0x0000, 0x0000, 0x0000, 0x0000, 0x0000, 0x0000, 0x0000, 0x0000, 0x0000, 0x0000, 0x0000, 0x0000,
  0x0000, 0x0000, 0x0000, 0x0000, 0x0000, 0x0000, 0x0000, 0x0000, 0x0000, 0x0000, 0x0000, 0x0000,
  0x0000, 0x0000, 0x0000, 0x0000, 0x0000, 0x0000, 0x0000, 0x0000, 0x0000, 0x0000, 0x0000, 0x0000,
  0x0000, 0x0000, 0x0000, 0x0000, 0x0000, 0x0000, 0x0000, 0x0000, 0x0000, 0x0000, 0x0000, 0x0000,
  0x0000, 0x0000, 0x0000, 0x0000, 0x0000, 0x0000, 0x0000, 0x0000, 0x0000, 0x0000, 0x0000, 0x0000,
  0x0000, 0x0000, 0x0000, 0x0000, 0x0000, 0x0000, 0x0000, 0x0000, 0x0000, 0x0000, 0x0000, 0x0000,
  0x0000, 0x0000, 0x0000, 0x0000, 0x0000, 0x0000, 0x0000, 0x0000, 0x0000, 0x0000, 0x0000, 0x0000,
  0x0000, 0x0000, 0x0000, 0x0000, 0x0000, 0x0000, 0x0000, 0x0000, 0x0000, 0x0000, 0x0000, 0x0000,
  0x0000, 0x0000, 0x0000, 0x0000, 0x0000, 0x0000, 0x0000, 0x0000, 0x0000, 0x0000, 0x0000, 0x0000,
  0x0000, 0x0000, 0x0000, 0x0000, 0x0000, 0x0000, 0x0000, 0x0000, 0x0000, 0x0000, 0x0000, 0x0000,
  0x0000, 0x0000, 0x0000, 0x0000, 0x0000, 0x0000, 0x0000, 0x0000, 0x0000, 0x0000, 0x0000, 0x0000,
  0x0000, 0x0000, 0x0000, 0x0000, 0x0000, 0x0000, 0x0000, 0x0000, 0x0000, 0x0000, 0x0000, 0x0000,
  0x0000, 0x0000, 0x0000, 0x0000, 0x0000, 0x0000, 0x0000, 0x0000, 0x0000, 0x0000, 0x0000, 0x0000,
  0x0000, 0x0000, 0x0000, 0x0000, 0x0000, 0x0000, 0x0000, 0x0000, 0x0000, 0x0000, 0x0000, 0x0000,
  0x0000, 0x0000, 0x0000, 0x0000, 0x0000, 0x0000, 0x0000, 0x0000, 0x0000, 0x0000, 0x0000, 0x0000,
  0x0000, 0x0000, 0x0000, 0x0000, 0x0000, 0x0000, 0x0000, 0x0000, 0x0000, 0x0000, 0x0000, 0x0000,
  0x0000, 0x0000, 0x0000, 0x0000, 0x0000, 0x0000, 0x0000, 0x0000, 0x0000, 0x0000, 0x0000, 0x0000,
  0x0000, 0x0000, 0x0000, 0x0000, 0x0000, 0x0000, 0x0000, 0x0000, 0x0000, 0x0000, 0x0000, 0x0000,
  0x0000, 0x0000, 0x0000, 0x0000, 0x0000, 0x0000, 0x0000, 0x0000, 0x0000, 0x0000, 0x0000, 0x0000,
  0x0000, 0x0000, 0x0000, 0x0000, 0x0000, 0x0000, 0x0000, 0x0000, 0x0000, 0x0000, 0x0000, 0x0000,
  0x0000, 0x0000, 0x0000, 0x0000, 0x0000, 0x0000, 0x0000, 0x0000, 0x0000, 0x0000, 0x0000, 0xC616,
  0xC616, 0xC616, 0xC616, 0xC616, 0xC616, 0xC616, 0xC616, 0xC616, 0xC616, 0x0000, 0x0000, 0xC616,
  0xC616, 0xC616, 0xC616, 0xC616, 0xC616, 0xC616, 0xC616, 0xC616, 0xC616, 0x0000, 0x0000, 0x0000,
  0x0000, 0x0000, 0x0000, 0x0000, 0x0000, 0x0000, 0x0000, 0x0000, 0x0000, 0x0000, 0x0000, 0x0000,
  0x0000, 0x0000, 0x0000, 0x0000, 0x0000, 0x0000, 0x0000, 0x0000, 0x0000, 0x0000, 0x0000, 0x0000,
  0x0000, 0x0000, 0x0000, 0x0000, 0x0000, 0x0000, 0x0000, 0x0000, 0x0000, 0x0000, 0x0000, 0x0000,
  0x0000, 0x0000, 0x0000, 0x0000, 0x0000, 0x0000, 0x0000, 0x0000, 0x0000, 0x0000, 0x0000, 0x0000,
  0x0000, 0x0000, 0x0000, 0x0000, 0x0000, 0x0000, 0x0000, 0x0000, 0x0000, 0x0000, 0x0000, 0x0000,
  0x0000, 0x0000, 0x0000, 0x0000, 0x0000, 0x0000, 0x0000, 0x0000, 0x0000, 0x0000, 0x0000, 0x0000,
  0x0000, 0x0000, 0x0000, 0x0000, 0x0000, 0x0000, 0x0000, 0x0000, 0x0000, 0x0000, 0x0000, 0x0000,
  0x0000, 0x0000, 0x0000, 0x0000, 0x0000, 0x0000, 0x0000, 0x0000, 0x0000, 0x0000, 0x0000, 0x0000,
  0x0000, 0x0000, 0x0000, 0x0000, 0x0000, 0x0000, 0x0000, 0x0000, 0x0000, 0x0000, 0x0000, 0x0000,
  0x0000, 0x0000, 0x0000, 0x0000, 0x0000, 0x0000, 0x0000, 0x0000, 0x0000, 0x0000, 0x0000, 0x0000,
  0x0000, 0x0000, 0x0000, 0x0000, 0x0000, 0x0000, 0x0000, 0x0000, 0x0000, 0x0000, 0x0000, 0x0000,
  0x0000, 0x0000, 0x0000, 0x0000, 0x0000, 0x0000, 0x0000, 0x0000, 0x0000, 0x0000, 0x0000, 0x0000,
  0x0000, 0x0000, 0x0000, 0x0000, 0x0000, 0x0000, 0x0000, 0x0000, 0x0000, 0x0000, 0x0000, 0x0000,
  0x0000, 0x0000, 0x0000, 0x0000, 0x0000, 0x0000, 0x0000, 0x0000, 0x0000, 0x0000, 0x0000, 0x0000,
  0x0000, 0x0000, 0x0000, 0x0000, 0x0000, 0x0000, 0x0000, 0x0000, 0x0000, 0x0000, 0x0000, 0x0000,
  0x0000, 0x0000, 0x0000, 0x0000, 0x0000, 0x0000, 0x0000, 0x0000, 0x0000, 0x0000, 0x0000, 0x0000,
  0x0000, 0x0000, 0x0000, 0x0000, 0x0000, 0x0000, 0x0000, 0x0000, 0x0000, 0x0000, 0x0000, 0x0000,
  0x0000, 0x0000, 0x0000, 0x0000, 0x0000, 0x0000, 0x0000, 0x0000, 0x0000, 0x0000, 0x0000, 0x0000,
  0x0000, 0x0000, 0x0000, 0x0000, 0x0000, 0x0000, 0x0000, 0x0000, 0x0000, 0x0000, 0x0000, 0x0000,
  0x0000, 0x0000, 0x0000, 0x0000, 0x0000, 0x0000, 0x0000, 0x0000, 0x0000, 0x0000, 0x0000, 0x0000,
  0x0000, 0x0000, 0x0000, 0x0000, 0x0000, 0x0000, 0x0000, 0x0000, 0x0000, 0x0000, 0x0000, 0x0000,
  0x0000, 0x0000, 0x0000, 0x0000, 0x0000, 0x8C0D, 0x8C0D, 0x8C0D, 0x8C0D, 0x8C0D, 0x8C0D, 0x8C0D,
  0x8C0D, 0x8C0D, 0x8C0D, 0x8C0D, 0x8C0D, 0x8C0D, 0x8C0D, 0x8C0D, 0x8C0D, 0x8C0D, 0x8C0D, 0x8C0D,
  0x8C0D, 0x8C0D, 0x8C0D, 0x8C0D, 0x8C0D, 0x8C0D, 0x8C0D, 0x8C0D, 0x8C0D, 0x8C0D, 0x8C0D, 0x8C0D,
  0x8C0D, 0x8C0D, 0x8C0D, 0x8C0D, 0x8C0D, 0x8C0D, 0x8C0D, 0x8C0D, 0x8C0D, 0x8C0D, 0x8C0D, 0x8C0D,
  0x8C0D, 0x8C0D, 0x8C0D, 0x8C0D, 0x8C0D, 0x8C0D, 0x8C0D, 0x8C0D, 0x8C0D, 0x8C0D, 0x8C0D, 0x8C0D,
  0x8C0D, 0x8C0D, 0x8C0D, 0x8C0D, 0x8C0D, 0x8C0D, 0x8C0D, 0x8C0D, 0x8C0D, 0x8C0D, 0x8C0D, 0x8C0D,
  0x8C0D, 0x8C0D, 0x8C0D, 0x0000, 0x0000, 0x0000, 0x0000, 0x0000, 0x0000, 0x0000, 0x0000, 0x0000,
  0x0000, 0x0000, 0x0000, 0x0000, 0x0000, 0x0000, 0x0000, 0x0000, 0x0000, 0x0000, 0x0000, 0x0000,
  0x0000, 0x0000, 0x0000, 0x0000, 0x0000, 0x0000, 0x0000, 0x0000, 0x0000, 0x0000, 0x0000, 0x0000,
  0x0000, 0x0000, 0x0000, 0x0000, 0x0000, 0x0000, 0x0000, 0x0000, 0x0000, 0x0000, 0x0000, 0x0000,
  0x0000, 0x0000, 0x0000, 0x0000, 0x0000, 0x0000, 0x0000, 0x0000, 0x0000, 0x0000, 0x0000, 0x0000,
  0x0000, 0x0000, 0x0000, 0x0000, 0x0000, 0x0000, 0x0000, 0x0000, 0x0000, 0x0000, 0x0000, 0x0000,
  0x0000, 0x0000, 0x0000, 0x0000, 0x0000, 0x0000, 0x0000, 0x0000, 0x0000, 0x0000, 0x0000, 0x0000,
  0x0000, 0x0000, 0x0000, 0x0000, 0x0000, 0x0000, 0x0000, 0x0000, 0x0000, 0x0000, 0x0000, 0x0000,
  0x0000, 0x0000, 0x0000, 0x0000, 0x0000, 0x0000, 0x0000, 0x0000, 0x0000, 0x0000, 0x0000, 0x0000,
  0x0000, 0x0000, 0x0000, 0x0000, 0x0000, 0x0000, 0x0000, 0x0000, 0x0000, 0x0000, 0x0000, 0x0000,
  0x0000, 0x0000, 0x0000, 0x0000, 0x0000, 0x0000, 0x0000, 0x0000, 0x0000, 0x0000, 0x0000, 0x0000,
  0x0000, 0x0000, 0x0000, 0x0000, 0x0000, 0x0000, 0x0000, 0x0000, 0x0000, 0x0000, 0x0000, 0x0000,
  0x0000, 0x0000, 0x0000, 0x0000, 0x0000, 0x0000, 0x0000, 0x0000, 0x0000, 0x0000, 0x0000, 0x0000,
  0x0000, 0x0000, 0x0000, 0x0000, 0x0000, 0x0000, 0x0000, 0x0000, 0x0000, 0x0000, 0x0000, 0x0000,
  0x0000, 0x0000, 0x0000, 0x0000, 0x0000, 0x0000, 0x0000, 0x0000, 0x0000, 0x0000, 0x0000, 0x0000,
  0x0000, 0x0000, 0x0000, 0x0000, 0x0000, 0x0000, 0x0000, 0x0000, 0x0000, 0x0000, 0x0000, 0x0000,
  0x0000, 0x0000, 0x0000, 0x0000, 0x0000, 0x0000, 0x0000, 0x0000, 0x0000, 0x0000, 0x0000, 0x0000,
  0x0000, 0x0000, 0x0000, 0x0000, 0x0000, 0x0000, 0x0000, 0x0000, 0x0000, 0x0000, 0x0000, 0x0000,
  0x8C0D, 0x8C0D, 0x8C0D, 0x8C0D, 0x8C0D, 0x8C0D, 0x8C0D, 0x8C0D, 0x8C0D, 0x8C0D, 0x8C0D, 0x8C0D,
  0x8C0D, 0x8C0D, 0x8C0D, 0x8C0D, 0x8C0D, 0x8C0D, 0x8C0D, 0x8C0D, 0x8C0D, 0x8C0D, 0x8C0D, 0x8C0D,
  0x8C0D, 0x8C0D, 0x8C0D, 0x8C0D, 0x8C0D, 0x8C0D, 0x8C0D, 0x8C0D, 0x8C0D, 0x8C0D, 0x8C0D, 0x8C0D,
  0x8C0D, 0x8C0D, 0x8C0D, 0x8C0D, 0x8C0D, 0x8C0D, 0x8C0D, 0x8C0D, 0x8C0D, 0x8C0D, 0x8C0D, 0x8C0D,
  0x8C0D, 0x8C0D, 0x8C0D, 0x8C0D, 0x8C0D, 0x8C0D, 0x8C0D, 0x8C0D, 0x8C0D, 0x8C0D, 0x8C0D, 0x8C0D,
  0x8C0D, 0x8C0D, 0x8C0D, 0x8C0D, 0x8C0D, 0x8C0D, 0x8C0D, 0x8C0D, 0x8C0D, 0x8C0D, 0x8C0D, 0x8C0D,
  0x0000, 0x0000, 0x0000, 0x0000, 0x0000, 0x0000, 0x0000, 0x0000, 0x0000, 0x0000, 0x0000, 0x0000,
  0x0000, 0x0000, 0x0000, 0x0000, 0x0000, 0x0000, 0x0000, 0x0000, 0x0000, 0x0000, 0x0000, 0x0000,
  0x0000, 0x0000, 0x0000, 0x0000, 0x0000, 0x0000, 0x0000, 0x0000, 0x0000, 0x0000, 0x0000, 0x0000,
  0x0000, 0x0000, 0x0000, 0x0000, 0x0000, 0x0000, 0x0000, 0x0000, 0x0000, 0x0000, 0x0000, 0x0000,
  0x0000, 0x0000, 0x0000, 0x0000, 0x0000, 0x0000, 0x0000, 0x0000, 0x0000, 0x0000, 0x0000, 0x0000,
  0x0000, 0x0000, 0x0000, 0x0000, 0x0000, 0x0000, 0x0000, 0x0000, 0x0000, 0x0000, 0x0000, 0x0000,
  0x0000, 0x0000, 0x0000, 0x0000, 0x0000, 0x0000, 0x0000, 0x0000, 0x0000, 0x0000, 0x0000, 0x0000,
  0x0000, 0x0000, 0x0000, 0x0000, 0x0000, 0x0000, 0x0000, 0x0000, 0x0000, 0x0000, 0x0000, 0x0000,
  0x0000, 0x0000, 0x0000, 0x0000, 0x0000, 0x0000, 0x0000, 0x0000, 0x0000, 0x0000, 0x0000, 0x0000,
  0x0000, 0x0000, 0x0000, 0x0000, 0x0000, 0x0000, 0x0000, 0x0000, 0x0000, 0x0000, 0x0000, 0x0000,
  0x0000, 0x0000, 0x0000, 0x0000, 0x0000, 0x0000, 0x0000, 0x0000, 0x0000, 0x0000, 0x0000, 0x0000,
  0x0000, 0x0000, 0x0000, 0x0000, 0x0000, 0x0000, 0x0000, 0x0000, 0x0000, 0x0000, 0x0000, 0x0000,
  0x0000, 0x0000, 0x0000, 0x0000, 0x0000, 0x0000, 0x0000, 0x0000, 0x0000, 0x0000, 0x0000, 0x0000,
  0x0000, 0x0000, 0x0000, 0x0000, 0x0000, 0x0000, 0x0000, 0x0000, 0x0000, 0x0000, 0x0000, 0x0000,
  0x0000, 0x0000, 0x0000, 0x0000, 0x0000, 0x0000, 0x0000, 0x0000, 0x0000, 0x0000, 0x0000, 0x0000,
  0x0000, 0x0000, 0x0000, 0x0000, 0x0000, 0x0000, 0x0000, 0x0000, 0x0000, 0x0000, 0x0000, 0x0000,
  0x0000, 0x0000, 0x0000, 0x0000, 0x0000, 0x0000, 0x0000, 0x0000, 0x0000, 0x0000, 0x0000, 0x0000,
  0x0000, 0x0000, 0x0000, 0x0000, 0x0000, 0x0000, 0x0000, 0x8C0D, 0x8C0D, 0x0000, 0x0000, 0x0000,
  0x0000, 0x0000, 0x0000, 0x0000, 0x0000, 0x0000, 0x0000, 0x0000, 0x0000, 0x0000, 0x0000, 0x0000,
  0x0000, 0x0000, 0x0000, 0x0000, 0x0000, 0x0000, 0x0000, 0x0000, 0x0000, 0x0000, 0x0000, 0x0000,
  0x0000, 0x0000, 0x0000, 0x0000, 0x0000, 0x0000, 0x0000, 0x0000, 0x0000, 0x0000, 0x0000, 0x0000,
  0x0000, 0x0000, 0x0000, 0x0000, 0x0000, 0x0000, 0x0000, 0x0000, 0x0000, 0x0000, 0x0000, 0x0000,
  0x0000, 0x0000, 0x0000, 0x0000, 0x0000, 0x0000, 0x0000, 0x0000, 0x0000, 0x0000, 0x0000, 0x0000,
  0x0000, 0x0000, 0x0000, 0x0000, 0x0000, 0x0000, 0x0000, 0x8C0D, 0x8C0D, 0x0000, 0x0000, 0x0000,
  0x0000, 0x0000, 0x0000, 0x0000, 0x0000, 0x0000, 0x0000, 0x0000, 0x0000, 0x0000, 0x0000, 0x0000,
  0x0000, 0x0000, 0x0000, 0x0000, 0x0000, 0x0000, 0x0000, 0x0000, 0x0000, 0x0000, 0x0000, 0x0000,
  0x0000, 0x0000, 0x0000, 0x0000, 0x0000, 0x0000, 0x0000, 0x0000, 0x0000, 0x0000, 0x0000, 0x0000,
  0x0000, 0x0000, 0x0000, 0x0000, 0x0000, 0x0000, 0x0000, 0x0000, 0x0000, 0x0000, 0x0000, 0x0000,
  0x0000, 0x0000, 0x0000, 0x0000, 0x0000, 0x0000, 0x0000, 0x0000, 0x0000, 0x0000, 0x0000, 0x0000,
  0x0000, 0x0000, 0x0000, 0x0000, 0x0000, 0x0000, 0x0000, 0x0000, 0x0000, 0x0000, 0x0000, 0x0000,
  0x0000, 0x0000, 0x0000, 0x0000, 0x0000, 0x0000, 0x0000, 0x0000, 0x0000, 0x0000, 0x0000, 0x0000,
  0x0000, 0x0000, 0x0000, 0x0000, 0x0000, 0x0000, 0x0000, 0x0000, 0x0000, 0x0000, 0x0000, 0x0000,
  0x0000, 0x0000, 0x0000, 0x0000, 0x0000, 0x0000, 0x0000, 0x0000, 0x0000, 0x0000, 0x0000, 0x0000,
  0x0000, 0x0000, 0x0000, 0x0000, 0x0000, 0x0000, 0x0000, 0x0000, 0x0000, 0x0000, 0x0000, 0x0000,
  0x0000, 0x0000, 0x0000, 0x0000, 0x0000, 0x0000, 0x0000, 0x0000, 0x0000, 0x0000, 0x0000, 0x0000,
  0x0000, 0x0000, 0x0000, 0x0000, 0x0000, 0x0000, 0x0000, 0x0000, 0x0000, 0x0000, 0x0000, 0x0000,
  0x0000, 0x0000, 0x0000, 0x0000, 0x0000, 0x0000, 0x0000, 0x0000, 0x0000, 0x0000, 0x0000, 0x0000,
  0x0000, 0x0000, 0x0000, 0x0000, 0x0000, 0x0000, 0x0000, 0x0000, 0x0000, 0x0000, 0x0000, 0x0000,
  0x0000, 0x0000, 0x0000, 0x0000, 0x0000, 0x0000, 0x0000, 0x0000, 0x0000, 0x0000, 0x0000, 0x0000,
  0x0000, 0x0000, 0x0000, 0x0000, 0x0000, 0x0000, 0x0000, 0x0000, 0x0000, 0x0000, 0x0000, 0x0000,
  0x0000, 0x0000, 0x0000, 0x0000, 0x0000, 0x0000, 0x0000, 0x0000, 0x0000, 0x0000, 0x0000, 0x0000,
  0x0000, 0x0000, 0x0000, 0x8C0D, 0x8C0D, 0x0000, 0x0000, 0x0000, 0x0000, 0x0000, 0x0000, 0x0000,
  0x0000, 0x0000, 0x0000, 0x0000, 0x0000, 0x0000, 0x0000, 0x0000, 0x0000, 0x0000, 0x0000, 0x0000,
  0x0000, 0x0000, 0x0000, 0x0000, 0x0000, 0x0000, 0x0000, 0x0000, 0x0000, 0x0000, 0x0000, 0x0000,
  0x0000, 0x0000, 0x0000, 0x0000, 0x0000, 0x0000, 0x0000, 0x0000, 0x0000, 0x0000, 0x0000, 0x0000,
  0x0000, 0x0000, 0x0000, 0x0000, 0x0000, 0x0000, 0x0000, 0x0000, 0x0000, 0x0000, 0x0000, 0x0000,
  0x0000, 0x0000, 0x0000, 0x0000, 0x0000, 0x0000, 0x0000, 0x0000, 0x0000, 0x0000, 0x0000, 0x0000,
  0x0000, 0x0000, 0x0000, 0x8C0D, 0x8C0D, 0x0000, 0x0000, 0x0000, 0x0000, 0x0000, 0x0000, 0x0000,
  0x0000, 0x0000, 0x0000, 0x0000, 0x0000, 0x0000, 0x0000, 0x0000, 0x0000, 0x0000, 0x0000, 0x0000,
  0x0000, 0x0000, 0x0000, 0x0000, 0x0000, 0x0000, 0x0000, 0x0000, 0x0000, 0x0000, 0x0000, 0x0000,
  0x0000, 0x0000, 0x0000, 0x0000, 0x0000, 0x0000, 0x0000, 0x0000, 0x0000, 0x0000, 0x0000, 0x0000,
  0x0000, 0x0000, 0x0000, 0x0000, 0x0000, 0x0000, 0x0000, 0x0000, 0x0000, 0x0000, 0x0000, 0x0000,
  0x0000, 0x0000, 0x0000, 0x0000, 0x0000, 0x0000, 0x0000, 0x0000, 0x0000, 0x0000, 0x0000, 0x0000,
  0x0000, 0x0000, 0x0000, 0x0000, 0x0000, 0x0000, 0x0000, 0x0000, 0x0000, 0x0000, 0x0000, 0x0000,
  0x0000, 0x0000, 0x0000, 0x0000, 0x0000, 0x0000, 0x0000, 0x0000, 0x0000, 0x0000, 0x0000, 0x0000,
  0x0000, 0x0000, 0x0000, 0x0000, 0x0000, 0x0000, 0x0000, 0x0000, 0x0000, 0x0000, 0x0000, 0x0000,
  0x0000, 0x0000, 0x0000, 0x0000, 0x0000, 0x0000, 0x0000, 0x0000, 0x0000, 0x0000, 0x0000, 0x0000,
  0x0000, 0x0000, 0x0000, 0x0000, 0x0000, 0x0000, 0x0000, 0x0000, 0x0000, 0x0000, 0x0000, 0x0000,
  0x0000, 0x0000, 0x0000, 0x0000, 0x0000, 0x0000, 0x0000, 0x0000, 0x0000, 0x0000, 0x0000, 0x0000,
  0x0000, 0x0000, 0x0000, 0x0000, 0x0000, 0x0000, 0x0000, 0x0000, 0x0000, 0x0000, 0x0000, 0x0000,
  0x0000, 0x0000, 0x0000, 0x0000, 0x0000, 0x0000, 0x0000, 0x0000, 0x0000, 0x0000, 0x0000, 0x0000,
  0x0000, 0x0000, 0x0000, 0x0000, 0x0000, 0x0000, 0x0000, 0x0000, 0x0000, 0x0000, 0x0000, 0x0000,
  0x0000, 0x0000, 0x0000, 0x0000, 0x0000, 0x0000, 0x0000, 0x0000, 0x0000, 0x0000, 0x0000, 0x0000,
  0x0000, 0x0000, 0x0000, 0x0000, 0x0000, 0x0000, 0x0000, 0x0000, 0x0000, 0x0000, 0x0000, 0x0000,
  0x0000, 0x0000, 0x0000, 0x0000, 0x0000, 0x0000, 0x0000, 0x0000, 0x0000, 0x0000, 0x0000, 0x8C0D,
  0x8C0D, 0x0000, 0x0000, 0x0000, 0x0000, 0x0000, 0x0000, 0x0000, 0x0000, 0x0000, 0x0000, 0x0000,
  0x0000, 0x0000, 0x0000, 0x0000, 0x0000, 0x0000, 0x0000, 0x0000, 0x0000, 0x0000, 0x0000, 0x0000,
  0x0000, 0x0000, 0x0000, 0x0000, 0x0000, 0x0000, 0x0000, 0x0000, 0x0000, 0x0000, 0x0000, 0x0000,
  0x0000, 0x0000, 0x0000, 0x0000, 0x0000, 0x0000, 0x0000, 0x0000, 0x0000, 0x0000, 0x0000, 0x0000,
  0x0000, 0x0000, 0x0000, 0x0000, 0x0000, 0x0000, 0x0000, 0x0000, 0x0000, 0x0000, 0x0000, 0x0000,
  0x0000, 0x0000, 0x0000, 0x0000, 0x0000, 0x0000, 0x0000, 0x0000, 0x0000, 0x0000, 0x0000, 0x8C0D,
  0x8C0D, 0x0000, 0x0000, 0x0000, 0x0000, 0x0000, 0x0000, 0x0000, 0x0000, 0x0000, 0x0000, 0x0000,
  0x0000, 0x0000, 0x0000, 0x0000, 0x0000, 0x0000, 0x0000, 0x0000, 0x0000, 0x0000, 0x0000, 0x0000,
  0x0000, 0x0000, 0x0000, 0x0000, 0x0000, 0x0000, 0x0000, 0x0000, 0x0000, 0x0000, 0x0000, 0x0000,
  0x0000, 0x0000, 0x0000, 0x0000, 0x0000, 0x0000, 0x0000, 0x0000, 0x0000, 0x0000, 0x0000, 0x0000,
  0x0000, 0x0000, 0x0000, 0x0000, 0x0000, 0x0000, 0x0000, 0x0000, 0x0000, 0x0000, 0x0000, 0x0000,
  0x0000, 0x0000, 0x0000, 0x0000, 0x0000, 0x0000, 0x0000, 0x0000, 0x0000, 0x0000, 0x0000, 0x0000,
  0x0000, 0x0000, 0x0000, 0x0000, 0x0000, 0x0000, 0x0000, 0x0000, 0x0000, 0x0000, 0x0000, 0x0000,
  0x0000, 0x0000, 0x0000, 0x0000, 0x0000, 0x0000, 0x0000, 0x0000, 0x0000, 0x0000, 0x0000, 0x0000,
  0x0000, 0x0000, 0x0000, 0x0000, 0x0000, 0x0000, 0x0000, 0x0000, 0x0000, 0x0000, 0x0000, 0x0000,
  0x0000, 0x0000, 0x0000, 0x0000, 0x0000, 0x0000, 0x0000, 0x0000, 0x0000, 0x0000, 0x0000, 0x0000,
  0x0000, 0x0000, 0x0000, 0x0000, 0x0000, 0x0000, 0x0000, 0x0000, 0x0000, 0x0000, 0x0000, 0x0000,
  0x0000, 0x0000, 0x0000, 0x0000, 0x0000, 0x0000, 0x0000, 0x0000, 0x0000, 0x0000, 0x0000, 0x0000,
  0x0000, 0x0000, 0x0000, 0x0000, 0x0000, 0x0000, 0x0000, 0x0000, 0x0000, 0x0000, 0x0000, 0x0000,
  0x0000, 0x0000, 0x0000, 0x0000, 0x0000, 0x0000, 0x0000, 0x0000, 0x0000, 0x0000, 0x0000, 0x0000,
  0x0000, 0x0000, 0x0000, 0x0000, 0x0000, 0x0000, 0x0000, 0x0000, 0x0000, 0x0000, 0x0000, 0x0000,
  0x0000, 0x0000, 0x0000, 0x0000, 0x0000, 0x0000, 0x0000, 0x0000, 0x0000, 0x0000, 0x0000, 0x0000,
  0x0000, 0x0000, 0x0000, 0x0000, 0x0000, 0x0000, 0x0000, 0x0000, 0x0000, 0x0000, 0x0000, 0x0000,
  0x0000, 0x0000, 0x0000, 0x0000, 0x0000, 0x0000, 0x0000, 0x8C0D, 0x8C0D, 0x0000, 0x0000, 0x0000,
  0x0000, 0x0000, 0x0000, 0x0000, 0x0000, 0x0000, 0x0000, 0x0000, 0x0000, 0x0000, 0x0000, 0x0000,
  0x0000, 0x0000, 0x0000, 0x0000, 0x0000, 0x0000, 0x0000, 0x0000, 0x0000, 0x0000, 0x0000, 0x0000,
  0x0000, 0x0000, 0x0000, 0x0000, 0x0000, 0x0000, 0x0000, 0x0000, 0x0000, 0x0000, 0x0000, 0x0000,
  0x0000, 0x0000, 0x0000, 0x0000, 0x0000, 0x0000, 0x0000, 0x0000, 0x0000, 0x0000, 0x0000, 0x0000,
  0x0000, 0x0000, 0x0000, 0x0000, 0x0000, 0x0000, 0x0000, 0x0000, 0x0000, 0x0000, 0x0000, 0x0000,
  0x0000, 0x0000, 0x0000, 0x0000, 0x0000, 0x0000, 0x0000, 0x8C0D, 0x8C0D, 0x0000, 0x0000, 0x0000,
  0x0000, 0x0000, 0x0000, 0x0000, 0x0000, 0x0000, 0x0000, 0x0000, 0x0000, 0x0000, 0x0000, 0x0000,
  0x0000, 0x0000, 0x0000, 0x0000, 0x0000, 0x0000, 0x0000, 0x0000, 0x0000, 0x0000, 0x0000, 0x0000,
  0x0000, 0x0000, 0x0000, 0x0000, 0x0000, 0x0000, 0x0000, 0x0000, 0x0000, 0x0000, 0x0000, 0x0000,
  0x0000, 0x0000, 0x0000, 0x0000, 0x0000, 0x0000, 0x0000, 0x0000, 0x0000, 0x0000, 0x0000, 0x0000,
  0x0000, 0x0000, 0x0000, 0x0000, 0x0000, 0x0000, 0x0000, 0x0000, 0x0000, 0x0000, 0x0000, 0x0000,
  0x0000, 0x0000, 0x0000, 0x0000, 0x0000, 0x0000, 0x0000, 0x0000, 0x0000, 0x0000, 0x0000, 0x0000,
  0x0000, 0x0000, 0x0000, 0x0000, 0x0000, 0x0000, 0x0000, 0x0000, 0x0000, 0x0000, 0x0000, 0x0000,
  0x0000, 0x0000, 0x0000, 0x0000, 0x0000, 0x0000, 0x0000, 0x0000, 0x0000, 0x0000, 0x0000, 0x0000,
  0x0000, 0x0000, 0x0000, 0x0000, 0x0000, 0x0000, 0x0000, 0x0000, 0x0000, 0x0000, 0x0000, 0x0000,
  0x0000, 0x0000, 0x0000, 0x0000, 0x0000, 0x0000, 0x0000, 0x0000, 0x0000, 0x0000, 0x0000, 0x0000,
  0x0000, 0x0000, 0x0000, 0x0000, 0x0000, 0x0000, 0x0000, 0x0000, 0x0000, 0x0000, 0x0000, 0x0000,
  0x0000, 0x0000, 0x0000, 0x0000, 0x0000, 0x0000, 0x0000, 0x0000, 0x0000, 0x0000, 0x0000, 0x0000,
  0x0000, 0x0000, 0x0000, 0x0000, 0x0000, 0x0000, 0x0000, 0x0000, 0x0000, 0x0000, 0x0000, 0x0000,
  0x0000, 0x0000, 0x0000, 0x0000, 0x0000, 0x0000, 0x0000, 0x0000, 0x0000, 0x0000, 0x0000, 0x0000,
  0x0000, 0x0000, 0x0000, 0x0000, 0x0000, 0x0000, 0x0000, 0x0000, 0x0000, 0x0000, 0x0000, 0x0000,
  0x0000, 0x0000, 0x0000, 0x0000, 0x0000, 0x0000, 0x0000, 0x0000, 0x0000, 0x0000, 0x0000, 0x0000,
  0x0000, 0x0000, 0x0000, 0x0000, 0x0000, 0x0000, 0x0000, 0x0000, 0x0000, 0x0000, 0x0000, 0x0000,
  0x0000, 0x0000, 0x0000, 0x8C0D, 0x8C0D, 0x0000, 0x0000, 0x0000, 0x0000, 0x0000, 0x0000, 0x0000,
  0x0000, 0x0000, 0x0000, 0x0000, 0x0000, 0x0000, 0x0000, 0x0000, 0x0000, 0x0000, 0x0000, 0x0000,
  0x0000, 0x0000, 0x0000, 0x0000, 0x0000, 0x0000, 0x0000, 0x0000, 0x0000, 0x0000, 0x0000, 0x0000,
  0x0000, 0x0000, 0x0000, 0x0000, 0x0000, 0x0000, 0x0000, 0x0000, 0x0000, 0x0000, 0x0000, 0x0000,
  0x0000, 0x0000, 0x0000, 0x0000, 0x0000, 0x0000, 0x0000, 0x0000, 0x0000, 0x0000, 0x0000, 0x0000,
  0x0000, 0x0000, 0x0000, 0x0000, 0x0000, 0x0000, 0x0000, 0x0000, 0x0000, 0x0000, 0x0000, 0x0000,
  0x0000, 0x0000, 0x0000, 0x8C0D, 0x8C0D, 0x0000, 0x0000, 0x0000, 0x0000, 0x0000, 0x0000, 0x0000,
  0x0000, 0x0000, 0x0000, 0x0000, 0x0000, 0x0000, 0x0000, 0x0000, 0x0000, 0x0000, 0x0000, 0x0000,
  0x0000, 0x0000, 0x0000, 0x0000, 0x0000, 0x0000, 0x0000, 0x0000, 0x0000, 0x0000, 0x0000, 0x0000,
  0x0000, 0x0000, 0x0000, 0x0000, 0x0000, 0x0000, 0x0000, 0x0000, 0x0000, 0x0000, 0x0000, 0x0000,
  0x0000, 0x0000, 0x0000, 0x0000, 0x0000, 0x0000, 0x0000, 0x0000, 0x0000, 0xDFDF, 0x9FDF, 0x9FDF,
  0x0000, 0x0000, 0x0000, 0x0000, 0x0000, 0x0000, 0x0000, 0x0000, 0x0000, 0x0000, 0x0000, 0x0000,
  0x0000, 0x0000, 0x0000, 0x0000, 0x0000, 0x0000, 0x0000, 0x0000, 0x0000, 0x0000, 0x0000, 0x0000,
  0x0000, 0x0000, 0x0000, 0x0000, 0x0000, 0x0000, 0x0000, 0x0000, 0x0000, 0x0000, 0x0000, 0x0000,
  0x0000, 0x0000, 0x0000, 0x0000, 0x0000, 0x0000, 0x0000, 0x0000, 0x0000, 0x0000, 0x0000, 0x0000,
  0x0000, 0x0000, 0x0000, 0x0000, 0x0000, 0x0000, 0x0000, 0x0000, 0x0000, 0x0000, 0x0000, 0x0000,
  0x0000, 0x0000, 0x0000, 0x0000, 0x0000, 0x0000, 0x0000, 0x0000, 0x0000, 0x0000, 0x0000, 0x0000,
  0x0000, 0x0000, 0x0000, 0x0000, 0x0000, 0x0000, 0x0000, 0x0000, 0x0000, 0x0000, 0x0000, 0x0000,
  0x0000, 0x0000, 0x0000, 0x0000, 0x0000, 0x0000, 0x0000, 0x0000, 0x0000, 0x0000, 0x0000, 0x0000,
  0x0000, 0x0000, 0x0000, 0x0000, 0x0000, 0x0000, 0x0000, 0x0000, 0x0000, 0x0000, 0x0000, 0x0000,
  0x0000, 0x0000, 0x0000, 0x0000, 0x0000, 0x0000, 0x0000, 0x0000, 0x0000, 0x0000, 0x0000, 0x0000,
  0x0000, 0x0000, 0x0000, 0x0000, 0x0000, 0x0000, 0x0000, 0x0000, 0x0000, 0x0000, 0x0000, 0x0000,
  0x0000, 0x0000, 0x0000, 0x0000, 0x0000, 0x0000, 0x0000, 0x0000, 0x0000, 0x0000, 0x0000, 0x0000,
  0x0000, 0x0000, 0x0000, 0x0000, 0x0000, 0x0000, 0x0000, 0x0000, 0x0000, 0x0000, 0x0000, 0x8C0D,
  0x8C0D, 0x0000, 0x0000, 0x0000, 0x0000, 0x0000, 0x0000, 0x0000, 0x0000, 0x0000, 0x0000, 0x0000,
  0x0000, 0x0000, 0x0000, 0x0000, 0x0000, 0x0000, 0x0000, 0x0000, 0x0000, 0x0000, 0x0000, 0x0000,
  0x0000, 0x0000, 0x0000, 0x0000, 0x0000, 0x0000, 0x0000, 0x0000, 0x0000, 0x0000, 0x0000, 0x0000,
  0x0000, 0x0000, 0x0000, 0x0000, 0x0000, 0x0000, 0x0000, 0x0000, 0x0000, 0x0000, 0x0000, 0x0000,
  0x0000, 0x0000, 0x0000, 0x0000, 0x0000, 0x0000, 0x0000, 0x0000, 0x0000, 0x0000, 0x0000, 0x0000,
  0x0000, 0x0000, 0x0000, 0x0000, 0x0000, 0x0000, 0x0000, 0x0000, 0x0000, 0x0000, 0x0000, 0x8C0D,
  0x8C0D, 0x0000, 0x0000, 0x0000, 0x0000, 0x0000, 0x0000, 0x0000, 0x0000, 0x0000, 0x0000, 0x0000,
  0x0000, 0x0000, 0x0000, 0x0000, 0x0000, 0x0000, 0x0000, 0x0000, 0x0000, 0x0000, 0x0000, 0x0000,
  0x0000, 0x0000, 0x0000, 0x0000, 0x0000, 0x0000, 0x0000, 0x0000, 0x0000, 0x0000, 0x0000, 0x0000,
  0x0000, 0x0000, 0x0000, 0x0000, 0x0000, 0x0000, 0x0000, 0x0000, 0x0000, 0x0000, 0x0000, 0x0000,
  0x0000, 0x0000, 0x0000, 0x0000, 0xDFDF, 0xDFDF, 0x0000, 0x0000, 0x9FDF, 0x0000, 0x0000, 0x0000,
  0x0000, 0x0000, 0x0000, 0x0000, 0x0000, 0x0000, 0x0000, 0x0000, 0x0000, 0x0000, 0x0000, 0x0000,
  0x0000, 0x0000, 0x0000, 0x0000, 0x0000, 0x0000, 0x0000, 0x0000, 0x0000, 0x0000, 0x0000, 0x0000,
  0x0000, 0x0000, 0x0000, 0x0000, 0x0000, 0x0000, 0x0000, 0x0000, 0x0000, 0x0000, 0x0000, 0x0000,
  0x0000, 0x0000, 0x0000, 0x0000, 0x0000, 0x0000, 0x0000, 0x0000, 0x0000, 0x0000, 0x0000, 0x0000,
  0x0000, 0x0000, 0x0000, 0x0000, 0x0000, 0x0000, 0x0000, 0x0000, 0x0000, 0x0000, 0x0000, 0x0000,
  0x0000, 0x0000, 0x0000, 0x0000, 0x0000, 0x0000, 0x0000, 0x0000, 0x0000, 0x0000, 0x0000, 0x0000,
  0x0000, 0x0000, 0x0000, 0x0000, 0x0000, 0x0000, 0x0000, 0x0000, 0x0000, 0x0000, 0x0000, 0x0000,
  0x0000, 0x0000, 0x0000, 0x0000, 0x0000, 0x0000, 0x0000, 0x0000, 0x0000, 0x0000, 0x0000, 0x0000,
  0x0000, 0x0000, 0x0000, 0x0000, 0x0000, 0x0000, 0x0000, 0x0000, 0x0000, 0x0000, 0x0000, 0x0000,
  0x0000, 0x0000, 0x0000, 0x0000, 0x0000, 0x0000, 0x0000, 0x0000, 0x0000, 0x0000, 0x0000, 0x0000,
  0x0000, 0x0000, 0x0000, 0x0000, 0x0000, 0x0000, 0x0000, 0x0000, 0x0000, 0x0000, 0x0000, 0x0000,
  0x0000, 0x0000, 0x0000, 0x0000, 0x0000, 0x0000, 0x0000, 0x0000, 0x0000, 0x0000, 0x0000, 0x0000,
  0x0000, 0x0000, 0x0000, 0x0000, 0x0000, 0x0000, 0x0000, 0x8C0D, 0x8C0D, 0x0000, 0x0000, 0x0000,
  0x0000, 0x0000, 0x0000, 0x0000, 0x0000, 0x0000, 0x0000, 0x0000, 0x0000, 0x0000, 0x0000, 0x0000,
  0x0000, 0x0000, 0x0000, 0x0000, 0x0000, 0x0000, 0x0000, 0x0000, 0x0000, 0x0000, 0x0000, 0x0000,
  0x0000, 0x0000, 0x0000, 0x0000, 0x0000, 0x0000, 0x0000, 0xC616, 0x8C0D, 0x0000, 0x0000, 0x0000,
  0x0000, 0x0000, 0x0000, 0x0000, 0x0000, 0x0000, 0x0000, 0x0000, 0x0000, 0x0000, 0x0000, 0x0000,
  0x0000, 0x0000, 0x0000, 0x0000, 0x0000, 0x0000, 0x0000, 0x0000, 0x0000, 0x0000, 0x0000, 0x0000,
  0x0000, 0x0000, 0x0000, 0x0000, 0x0000, 0x0000, 0x0000, 0x8C0D, 0x8C0D, 0x0000, 0x0000, 0x0000,
  0x0000, 0x0000, 0x0000, 0x0000, 0x0000, 0x0000, 0x0000, 0x0000, 0x0000, 0x0000, 0x0000, 0x0000,
  0x0000, 0x0000, 0x0000, 0x0000, 0x0000, 0x0000, 0x0000, 0x0000, 0x0000, 0x0000, 0x0000, 0x0000,
  0x0000, 0x0000, 0x0000, 0x0000, 0x0000, 0x0000, 0x0000, 0x0000, 0x0000, 0x0000, 0x0000, 0x0000,
  0x0000, 0x0000, 0x0000, 0x0000, 0x0000, 0x0000, 0x0000, 0x0000, 0x0000, 0x0000, 0x0000, 0x0000,
  0x9FDF, 0x0000, 0x0000, 0x0000, 0x9FDF, 0x0000, 0x0000, 0x0000, 0x0000, 0x0000, 0x0000, 0x0000,
  0x0000, 0x0000, 0x0000, 0x0000, 0x0000, 0x0000, 0x0000, 0x0000, 0x0000, 0x0000, 0x0000, 0x0000,
  0x0000, 0x0000, 0x0000, 0x0000, 0x0000, 0x0000, 0x0000, 0x0000, 0x0000, 0x0000, 0x0000, 0x0000,
  0x0000, 0x0000, 0x0000, 0x0000, 0x0000, 0x0000, 0x0000, 0x0000, 0x0000, 0x0000, 0x0000, 0x0000,
  0x0000, 0x0000, 0x0000, 0x0000, 0x0000, 0x0000, 0x0000, 0x0000, 0x0000, 0x0000, 0x0000, 0x0000,
  0x0000, 0x0000, 0x0000, 0x0000, 0x0000, 0x0000, 0x0000, 0x0000, 0x0000, 0x0000, 0x0000, 0x0000,
  0x0000, 0x0000, 0x0000, 0x0000, 0x0000, 0x0000, 0x0000, 0x0000, 0x0000, 0x0000, 0x0000, 0x0000,
  0x0000, 0x0000, 0x0000, 0x0000, 0x0000, 0x0000, 0x0000, 0x0000, 0x0000, 0x0000, 0x0000, 0x0000,
  0x0000, 0x0000, 0x0000, 0x0000, 0x0000, 0x0000, 0x0000, 0x0000, 0x0000, 0x0000, 0x0000, 0x0000,
  0x0000, 0x0000, 0x0000, 0x0000, 0x0000, 0x0000, 0x0000, 0x0000, 0x0000, 0x0000, 0x0000, 0x0000,
  0x0000, 0x0000, 0x0000, 0x0000, 0x0000, 0x0000, 0x0000, 0x0000, 0x0000, 0x0000, 0x0000, 0x0000,
  0x0000, 0x0000, 0x0000, 0x0000, 0x0000, 0x0000, 0x0000, 0x0000, 0x0000, 0x0000, 0x0000, 0x0000,
  0x0000, 0x0000, 0x0000, 0x0000, 0x0000, 0x0000, 0x0000, 0x0000, 0x0000, 0x0000, 0x0000, 0x0000,
  0x0000, 0x0000, 0x0000, 0x8C0D, 0x8C0D, 0x0000, 0x0000, 0x0000, 0x0000, 0x0000, 0x0000, 0x0000,
  0x0000, 0x0000, 0x0000, 0x0000, 0x0000, 0x0000, 0x0000, 0x0000, 0x0000, 0x0000, 0x0000, 0x0000,
  0x0000, 0x0000, 0x0000, 0x0000, 0x0000, 0x0000, 0x0000, 0x0000, 0x0000, 0x0000, 0x0000, 0x0000,
  0x0000, 0x0000, 0xC616, 0x8C0D, 0x8C0D, 0x8C0D, 0x0000, 0x0000, 0x0000, 0x0000, 0x0000, 0x0000,
  0x0000, 0x0000, 0x0000, 0x0000, 0x0000, 0x0000, 0x0000, 0x0000, 0x0000, 0x0000, 0x0000, 0x0000,
  0x0000, 0x0000, 0x0000, 0x0000, 0x0000, 0x0000, 0x0000, 0x0000, 0x0000, 0x0000, 0x0000, 0x0000,
  0x0000, 0x0000, 0x0000, 0x8C0D, 0x8C0D, 0x0000, 0x0000, 0x0000, 0x0000, 0x0000, 0x0000, 0x0000,
  0x0000, 0x0000, 0x0000, 0x0000, 0x0000, 0x0000, 0x0000, 0x0000, 0x0000, 0x0000, 0x0000, 0x0000,
  0x0000, 0x0000, 0x0000, 0x0000, 0x0000, 0x0000, 0x0000, 0x0000, 0x0000, 0x0000, 0x0000, 0x0000,
  0x0000, 0x0000, 0x0000, 0x0000, 0x0000, 0x0000, 0x0000, 0x0000, 0x0000, 0x0000, 0x0000, 0x0000,
  0x0000, 0x0000, 0x0000, 0x0000, 0x0000, 0x0000, 0x0000, 0x0000, 0x9FDF, 0x0000, 0x0000, 0x0000,
  0x9FDF, 0x0000, 0x0000, 0x0000, 0x0000, 0x0000, 0x0000, 0x0000, 0x0000, 0x0000, 0x0000, 0x0000,
  0x0000, 0x0000, 0x0000, 0x0000, 0x0000, 0x0000, 0x0000, 0x0000, 0x0000, 0x0000, 0x0000, 0x0000,
  0x0000, 0x0000, 0x0000, 0x0000, 0x0000, 0x0000, 0x0000, 0x0000, 0x0000, 0x0000, 0x0000, 0x0000,
  0x0000, 0x0000, 0x0000, 0x0000, 0x0000, 0x0000, 0x0000, 0x0000, 0x0000, 0x0000, 0x0000, 0x0000,
  0x0000, 0x0000, 0x0000, 0x0000, 0x0000, 0x0000, 0x0000, 0x0000, 0x0000, 0x0000, 0x0000, 0x0000,
  0x0000, 0x0000, 0x0000, 0x0000, 0x0000, 0x0000, 0x0000, 0x0000, 0x0000, 0x0000, 0x0000, 0x0000,
  0x0000, 0x0000, 0x0000, 0x0000, 0x0000, 0x0000, 0x0000, 0x0000, 0x0000, 0x0000, 0x0000, 0x0000,
  0x0000, 0x0000, 0x0000, 0x0000, 0x0000, 0x0000, 0x0000, 0x0000, 0x0000, 0x0000, 0x0000, 0x0000,
  0x0000, 0x0000, 0x0000, 0x0000, 0x0000, 0x0000, 0x0000, 0x0000, 0x0000, 0x0000, 0x0000, 0x0000,
  0x0000, 0x0000, 0x0000, 0x0000, 0x0000, 0x0000, 0x0000, 0x0000, 0x0000, 0x0000, 0x0000, 0x0000,
  0x0000, 0x0000, 0x0000, 0x0000, 0x0000, 0x0000, 0x0000, 0x0000, 0x0000, 0x0000, 0x0000, 0x0000,
  0x0000, 0x0000, 0x0000, 0x0000, 0x0000, 0x0000, 0x0000, 0x0000, 0x0000, 0x0000, 0x0000, 0x0000,
  0x0000, 0x0000, 0x0000, 0x0000, 0x0000, 0x0000, 0x0000, 0x0000, 0x0000, 0x0000, 0x0000, 0x8C0D,
  0x8C0D, 0x0000, 0x0000, 0x0000, 0x0000, 0x0000, 0x0000, 0x0000, 0x0000, 0x0000, 0x0000, 0x0000,
  0x0000, 0x0000, 0x0000, 0x0000, 0x0000, 0x0000, 0x0000, 0x0000, 0x0000, 0x0000, 0x0000, 0x0000,
  0x0000, 0x0000, 0x0000, 0x0000, 0x0000, 0x0000, 0x0000, 0x0000, 0x0000, 0x0000, 0x8C0D, 0x8C0D,
  0x8C0D, 0x8C0D, 0x0000, 0x0000, 0x0000, 0x0000, 0x0000, 0x0000, 0x0000, 0x0000, 0x0000, 0x0000,
  0x0000, 0x0000, 0x0000, 0x0000, 0x0000, 0x0000, 0x0000, 0x0000, 0x0000, 0x0000, 0x0000, 0x0000,
  0x0000, 0x0000, 0x0000, 0x0000, 0x0000, 0x0000, 0x0000, 0x0000, 0x0000, 0x0000, 0x0000, 0x8C0D,
  0x8C0D, 0x0000, 0x0000, 0x0000, 0x0000, 0x0000, 0x0000, 0x0000, 0x0000, 0x0000, 0x0000, 0x0000,
  0x0000, 0x0000, 0x0000, 0x0000, 0x0000, 0x0000, 0x0000, 0x0000, 0x0000, 0x0000, 0x0000, 0x0000,
  0x0000, 0x0000, 0x0000, 0x0000, 0x0000, 0x0000, 0x0000, 0x0000, 0x0000, 0x0000, 0x0000, 0x0000,
  0x0000, 0x0000, 0x0000, 0x0000, 0x0000, 0x0000, 0x0000, 0x0000, 0x0000, 0x0000, 0x0000, 0x0000,
  0x0000, 0x0000, 0x0000, 0x0000, 0x0000, 0x9FDF, 0x9FDF, 0x9FDF, 0x0000, 0x0000, 0x0000, 0x0000,
  0x0000, 0x0000, 0x0000, 0x0000, 0x0000, 0x0000, 0x0000, 0x0000, 0x0000, 0x0000, 0x0000, 0x0000,
  0x0000, 0x0000, 0x0000, 0x0000, 0x0000, 0x0000, 0x0000, 0x0000, 0x0000, 0x0000, 0x0000, 0x0000,
  0x0000, 0x0000, 0x0000, 0x0000, 0x0000, 0x0000, 0x0000, 0x0000, 0x0000, 0x0000, 0x0000, 0x0000,
  0x0000, 0x0000, 0x0000, 0x0000, 0x0000, 0x0000, 0x0000, 0x0000, 0x0000, 0x0000, 0x0000, 0x0000,
  0x0000, 0x0000, 0x0000, 0x0000, 0x0000, 0x0000, 0x0000, 0x0000, 0x0000, 0x0000, 0x0000, 0x0000,
  0x0000, 0x0000, 0x0000, 0x0000, 0x0000, 0x0000, 0x0000, 0x0000, 0x0000, 0x0000, 0x0000, 0x0000,
  0x0000, 0x0000, 0x0000, 0x0000, 0x0000, 0x0000, 0x0000, 0x0000, 0x0000, 0x0000, 0x0000, 0x0000,
  0x0000, 0x0000, 0x0000, 0x0000, 0x0000, 0x0000, 0x0000, 0x0000, 0x0000, 0x0000, 0x0000, 0x0000,
  0x0000, 0x0000, 0x0000, 0x0000, 0x0000, 0x0000, 0x0000, 0x0000, 0x0000, 0x0000, 0x0000, 0x0000,
  0x0000, 0x0000, 0x0000, 0x0000, 0x0000, 0x0000, 0x0000, 0x0000, 0x0000, 0x0000, 0x0000, 0x0000,
  0x0000, 0x0000, 0x0000, 0x0000, 0x0000, 0x0000, 0x0000, 0x0000, 0x0000, 0x0000, 0x0000, 0x0000,
  0x0000, 0x0000, 0x0000, 0x0000, 0x0000, 0x0000, 0x0000, 0x0000, 0x0000, 0x0000, 0x0000, 0x0000,
  0x0000, 0x0000, 0x0000, 0x0000, 0x0000, 0x0000, 0x0000, 0x8C0D, 0x8C0D, 0x0000, 0x0000, 0x0000,
  0x0000, 0x0000, 0x0000, 0x0000, 0x0000, 0x0000, 0x0000, 0x0000, 0x0000, 0x0000, 0x0000, 0x0000,
  0x0000, 0x0000, 0x0000, 0x0000, 0x0000, 0x0000, 0x0000, 0x0000, 0x0000, 0x0000, 0x0000, 0x0000,
  0x0000, 0x0000, 0x0000, 0x0000, 0x0000, 0x0000, 0x0000, 0x8C0D, 0x8C0D, 0x0000, 0x0000, 0x0000,
  0x0000, 0x0000, 0x0000, 0x0000, 0x0000, 0x0000, 0x0000, 0x0000, 0x0000, 0x0000, 0x0000, 0x0000,
  0x0000, 0x0000, 0x0000, 0x0000, 0x0000, 0x0000, 0x0000, 0x0000, 0x0000, 0x0000, 0x0000, 0x0000,
  0x0000, 0x0000, 0x0000, 0x0000, 0x0000, 0x0000, 0x0000, 0x8C0D, 0x8C0D, 0x0000, 0x0000, 0x0000,
  0x0000, 0x0000, 0x0000, 0x0000, 0x0000, 0x0000, 0x0000, 0x0000, 0x0000, 0x0000, 0x0000, 0x0000,
  0x0000, 0x0000, 0x0000, 0x0000, 0x0000, 0x0000, 0x0000, 0x0000, 0x0000, 0x0000, 0x0000, 0x0000,
  0x0000, 0x0000, 0x0000, 0x0000, 0x0000, 0x0000, 0x0000, 0x0000, 0x0000, 0x0000, 0x0000, 0x0000,
  0x0000, 0x0000, 0x0000, 0x0000, 0x0000, 0x0000, 0x0000, 0x0000, 0x0000, 0x0000, 0x0000, 0x0000,
  0x0000, 0x0000, 0x0000, 0x0000, 0x0000, 0x0000, 0x0000, 0x0000, 0x0000, 0x0000, 0x0000, 0x0000,
  0x0000, 0x0000, 0x0000, 0x0000, 0x0000, 0x0000, 0x0000, 0x0000, 0x0000, 0x0000, 0x0000, 0x0000,
  0x0000, 0x0000, 0x0000, 0x0000, 0x0000, 0x0000, 0x0000, 0x0000, 0x0000, 0x0000, 0x0000, 0x0000,
  0x0000, 0x0000, 0x0000, 0x0000, 0x0000, 0x0000, 0x0000, 0x0000, 0x0000, 0x0000, 0x0000, 0x0000,
  0x0000, 0x0000, 0x0000, 0x0000, 0x0000, 0x0000, 0xDFDF, 0x9FDF, 0x9FDF, 0x0000, 0x0000, 0x0000,
  0x0000, 0x0000, 0x0000, 0x0000, 0x0000, 0x0000, 0x0000, 0x0000, 0x0000, 0x0000, 0x0000, 0x0000,
  0x0000, 0x0000, 0x0000, 0x0000, 0x0000, 0x0000, 0x0000, 0x0000, 0x0000, 0x0000, 0x0000, 0x0000,
  0x0000, 0x0000, 0x0000, 0x0000, 0x0000, 0x0000, 0x0000, 0x0000, 0x0000, 0x0000, 0x0000, 0x0000,
  0x0000, 0x0000, 0x0000, 0x0000, 0x0000, 0x0000, 0x0000, 0x0000, 0x0000, 0x0000, 0x0000, 0x0000,
  0x0000, 0x0000, 0x0000, 0x0000, 0x0000, 0x0000, 0x0000, 0x0000, 0x0000, 0x0000, 0x0000, 0x0000,
  0x0000, 0x0000, 0x0000, 0x0000, 0x0000, 0x0000, 0x0000, 0x0000, 0x0000, 0x0000, 0x0000, 0x0000,
  0x0000, 0x0000, 0x0000, 0x0000, 0x0000, 0x0000, 0x0000, 0x0000, 0x0000, 0x0000, 0x0000, 0x0000,
  0x0000, 0x0000, 0x0000, 0x0000, 0x0000, 0x0000, 0x0000, 0x0000, 0x0000, 0x0000, 0x0000, 0x0000,
  0x0000, 0x0000, 0x0000, 0x8C0D, 0x8C0D, 0x0000, 0x0000, 0x0000, 0x0000, 0x0000, 0x0000, 0x0000,
  0x0000, 0x0000, 0x0000, 0x0000, 0x0000, 0x0000, 0x0000, 0x0000, 0x0000, 0x0000, 0x0000, 0x0000,
  0x0000, 0x0000, 0x0000, 0x0000, 0x0000, 0x0000, 0x0000, 0x0000, 0x0000, 0x0000, 0x0000, 0x0000,
  0x0000, 0x0000, 0x0000, 0x0000, 0x0000, 0x0000, 0x0000, 0x0000, 0x0000, 0x0000, 0x0000, 0x0000,
  0x0000, 0x0000, 0x0000, 0x0000, 0x0000, 0x0000, 0x0000, 0x0000, 0x0000, 0x0000, 0x0000, 0x0000,
  0x0000, 0x0000, 0x0000, 0x0000, 0x0000, 0x0000, 0x0000, 0x0000, 0x0000, 0x0000, 0x0000, 0x0000,
  0x0000, 0x0000, 0x0000, 0x8C0D, 0x8C0D, 0x0000, 0x0000, 0x0000, 0x0000, 0x0000, 0x0000, 0x0000,
  0x0000, 0x0000, 0x0000, 0x0000, 0x0000, 0x0000, 0x0000, 0x0000, 0x0000, 0x0000, 0x0000, 0x0000,
  0x0000, 0x0000, 0x0000, 0x0000, 0x0000, 0x0000, 0x0000, 0x0000, 0x0000, 0x0000, 0x0000, 0x0000,
  0x0000, 0x0000, 0x0000, 0x0000, 0x0000, 0x0000, 0x0000, 0x0000, 0x0000, 0x0000, 0x0000, 0x0000,
  0x0000, 0x0000, 0x0000, 0x0000, 0x0000, 0x0000, 0x0000, 0x0000, 0x0000, 0x0000, 0x0000, 0x0000,
  0x0000, 0x0000, 0x0000, 0x0000, 0x0000, 0x0000, 0x0000, 0x0000, 0x0000, 0x0000, 0x0000, 0x0000,
  0x0000, 0x0000, 0x0000, 0x0000, 0x0000, 0x0000, 0x0000, 0x0000, 0x0000, 0x0000, 0x0000, 0x0000,
  0x0000, 0x0000, 0x0000, 0x0000, 0x0000, 0x0000, 0x0000, 0x0000, 0x0000, 0x0000, 0x0000, 0x0000,
  0x0000, 0x0000, 0x0000, 0x0000, 0x0000, 0x0000, 0x0000, 0x0000, 0x0000, 0x0000, 0x0000, 0x0000,
  0x0000, 0xDFDF, 0xDFDF, 0x0000, 0x0000, 0x9FDF, 0x0000, 0x0000, 0x0000, 0x0000, 0x0000, 0x0000,
  0x0000, 0x0000, 0x0000, 0x0000, 0x0000, 0x0000, 0x0000, 0x0000, 0x0000, 0x0000, 0x0000, 0x0000,
  0x0000, 0x0000, 0x0000, 0x0000, 0x0000, 0x0000, 0x0000, 0x0000, 0x0000, 0x0000, 0x0000, 0x0000,
  0x0000, 0x0000, 0x0000, 0x0000, 0x0000, 0x0000, 0x0000, 0x0000, 0x0000, 0x0000, 0x0000, 0x0000,
  0x0000, 0x0000, 0x0000, 0x0000, 0x0000, 0x0000, 0x0000, 0x0000, 0x0000, 0x0000, 0x0000, 0x0000,
  0x0000, 0x0000, 0x0000, 0x0000, 0x0000, 0x0000, 0x0000, 0x0000, 0x0000, 0x0000, 0x0000, 0x0000,
  0x0000, 0x0000, 0x0000, 0x0000, 0x0000, 0x0000, 0x0000, 0x0000, 0x0000, 0x0000, 0x0000, 0x0000,
  0x0000, 0x0000, 0x0000, 0x0000, 0x0000, 0x0000, 0x0000, 0x0000, 0x0000, 0x0000, 0x0000, 0x0000,
  0x0000, 0x0000, 0x0000, 0x0000, 0x0000, 0x0000, 0x0000, 0x0000, 0x0000, 0x0000, 0x0000, 0x8C0D,
  0x8C0D, 0x0000, 0x0000, 0x0000, 0x0000, 0x0000, 0x0000, 0x0000, 0x0000, 0x0000, 0x0000, 0x0000,
  0x0000, 0x0000, 0x0000, 0x0000, 0x0000, 0x0000, 0x0000, 0x0000, 0x0000, 0x0000, 0x0000, 0x0000,
  0x0000, 0x0000, 0x0000, 0x0000, 0x0000, 0x0000, 0x0000, 0x0000, 0x0000, 0x0000, 0x0000, 0x0000,
  0x0000, 0x0000, 0x0000, 0x0000, 0x0000, 0x0000, 0x0000, 0x0000, 0x0000, 0x0000, 0x0000, 0x0000,
  0x0000, 0x0000, 0x0000, 0x0000, 0x0000, 0x0000, 0x0000, 0x0000, 0x0000, 0x0000, 0x0000, 0x0000,
  0x0000, 0x0000, 0x0000, 0x0000, 0x0000, 0x0000, 0x0000, 0x0000, 0x0000, 0x0000, 0x0000, 0x8C0D,
  0x8C0D, 0x0000, 0x0000, 0x0000, 0x0000, 0x0000, 0x0000, 0x0000, 0x0000, 0x0000, 0x0000, 0x0000,
  0x0000, 0x0000, 0x0000, 0x0000, 0x0000, 0x0000, 0x0000, 0x0000, 0x0000, 0x0000, 0x0000, 0x0000,
  0x0000, 0x0000, 0x0000, 0x0000, 0x0000, 0x0000, 0x0000, 0x0000, 0x0000, 0x0000, 0x0000, 0x0000,
  0x0000, 0x0000, 0x0000, 0x0000, 0x0000, 0x0000, 0x0000, 0x0000, 0x0000, 0x0000, 0x0000, 0x0000,
  0x0000, 0x0000, 0x0000, 0x0000, 0x0000, 0x0000, 0x0000, 0x0000, 0x0000, 0x0000, 0x0000, 0x0000,
  0x0000, 0x0000, 0x0000, 0x0000, 0x0000, 0x0000, 0x0000, 0x0000, 0xDFDF, 0x9FDF, 0x9FDF, 0x0000,
  0x0000, 0x0000, 0x0000, 0x0000, 0x0000, 0x0000, 0x0000, 0x0000, 0x0000, 0x0000, 0x0000, 0x0000,
  0x0000, 0x0000, 0x0000, 0x0000, 0x0000, 0x0000, 0xDFDF, 0x9FDF, 0x9FDF, 0x0000, 0x0000, 0x0000,
  0x0000, 0x0000, 0x0000, 0x0000, 0x0000, 0x0000, 0x0000, 0x0000, 0x0000, 0x9FDF, 0x0000, 0x0000,
  0x0000, 0x9FDF, 0x0000, 0x0000, 0x0000, 0x0000, 0x0000, 0x0000, 0x0000, 0x0000, 0x0000, 0x0000,
  0x0000, 0x0000, 0x0000, 0x0000, 0x0000, 0x0000, 0x0000, 0x0000, 0x0000, 0x0000, 0x0000, 0x0000,
  0x0000, 0x0000, 0x0000, 0x0000, 0x0000, 0x0000, 0x0000, 0x0000, 0x0000, 0x0000, 0x0000, 0x0000,
  0x0000, 0x0000, 0x0000, 0x0000, 0x0000, 0x0000, 0x0000, 0x0000, 0x0000, 0x0000, 0x0000, 0x0000,
  0x0000, 0x0000, 0x0000, 0x0000, 0x0000, 0x0000, 0x0000, 0x0000, 0x0000, 0x0000, 0x0000, 0x0000,
  0x0000, 0x0000, 0x0000, 0x0000, 0x0000, 0x0000, 0x0000, 0x0000, 0x0000, 0x0000, 0x0000, 0x0000,
  0x0000, 0x0000, 0x0000, 0x0000, 0x0000, 0x0000, 0x0000, 0x0000, 0x0000, 0x0000, 0x0000, 0x0000,
  0x0000, 0x0000, 0x0000, 0x0000, 0x0000, 0x0000, 0x0000, 0x0000, 0x0000, 0x0000, 0x0000, 0x0000,
  0x0000, 0x0000, 0x0000, 0x0000, 0x0000, 0x0000, 0x0000, 0x8C0D, 0x8C0D, 0x0000, 0x0000, 0x0000,
  0x0000, 0x0000, 0x0000, 0x0000, 0x0000, 0x0000, 0x0000, 0x0000, 0x0000, 0x0000, 0x0000, 0x0000,
  0x0000, 0x0000, 0x0000, 0x0000, 0x0000, 0x0000, 0x0000, 0x0000, 0x0000, 0x0000, 0x0000, 0x0000,
  0x0000, 0x0000, 0x0000, 0x0000, 0x0000, 0x0000, 0x0000, 0xC616, 0x8C0D, 0x0000, 0x0000, 0x0000,
  0x0000, 0x0000, 0x0000, 0x0000, 0x0000, 0x0000, 0x0000, 0x0000, 0x0000, 0x0000, 0x0000, 0x0000,
  0x0000, 0x0000, 0x0000, 0x0000, 0x0000, 0x0000, 0x0000, 0x0000, 0x0000, 0x0000, 0x0000, 0x0000,
  0x0000, 0x0000, 0x0000, 0x0000, 0x0000, 0x0000, 0x0000, 0x8C0D, 0x8C0D, 0x0000, 0x0000, 0x0000,
  0x0000, 0x0000, 0x0000, 0x0000, 0x0000, 0x0000, 0x0000, 0x0000, 0x0000, 0x0000, 0x0000, 0x0000,
  0x0000, 0x0000, 0x0000, 0x0000, 0x0000, 0x0000, 0x0000, 0x0000, 0x0000, 0x0000, 0x0000, 0x0000,
  0x0000, 0x0000, 0x0000, 0x0000, 0x0000, 0x0000, 0x0000, 0x0000, 0x0000, 0x0000, 0x0000, 0x0000,
  0x0000, 0x0000, 0x0000, 0x0000, 0x0000, 0x0000, 0x0000, 0x0000, 0x0000, 0x0000, 0x0000, 0x0000,
  0x0000, 0x0000, 0x0000, 0x0000, 0x0000, 0x0000, 0x0000, 0x0000, 0x0000, 0x0000, 0x0000, 0x0000,
  0x0000, 0x0000, 0x0000, 0xDFDF, 0xDFDF, 0x0000, 0x0000, 0x9FDF, 0x0000, 0x0000, 0x0000, 0x0000,
  0x0000, 0x0000, 0x0000, 0x0000, 0x0000, 0x0000, 0x0000, 0x0000, 0x0000, 0x0000, 0x0000, 0x0000,
  0x0000, 0xDFDF, 0xDFDF, 0x0000, 0x0000, 0x9FDF, 0x0000, 0x0000, 0x0000, 0x0000, 0x0000, 0x0000,
  0x0000, 0x0000, 0x0000, 0x0000, 0x0000, 0x9FDF, 0x0000, 0x0000, 0x0000, 0x9FDF, 0x0000, 0x0000,
  0x0000, 0x0000, 0x0000, 0x0000, 0x0000, 0x0000, 0x0000, 0x0000, 0x0000, 0x0000, 0x0000, 0x0000,
  0x0000, 0x0000, 0x0000, 0x0000, 0x0000, 0x0000, 0x0000, 0x0000, 0x0000, 0x0000, 0x0000, 0x0000,
  0x0000, 0x0000, 0x0000, 0x0000, 0x0000, 0x0000, 0x0000, 0x0000, 0x0000, 0x0000, 0x0000, 0x0000,
  0x0000, 0x0000, 0x0000, 0x0000, 0x0000, 0x0000, 0x0000, 0x0000, 0x0000, 0x0000, 0x0000, 0x0000,
  0x0000, 0x0000, 0x0000, 0x0000, 0x0000, 0x0000, 0x0000, 0x0000, 0x0000, 0x0000, 0x0000, 0x0000,
  0x0000, 0x0000, 0x0000, 0x0000, 0x0000, 0x0000, 0x0000, 0x0000, 0x0000, 0x0000, 0x0000, 0x0000,
  0x0000, 0x0000, 0x0000, 0x0000, 0x0000, 0x0000, 0x0000, 0x0000, 0x0000, 0x0000, 0x0000, 0x0000,
  0x0000, 0x0000, 0x0000, 0x0000, 0x0000, 0x0000, 0x0000, 0x0000, 0x0000, 0x0000, 0x0000, 0x0000,
  0x0000, 0x0000, 0x0000, 0x8C0D, 0x8C0D, 0x0000, 0x0000, 0x0000, 0x0000, 0x0000, 0x0000, 0x0000,
  0x0000, 0x0000, 0x0000, 0x0000, 0x0000, 0x0000, 0x0000, 0x0000, 0x0000, 0x0000, 0x0000, 0x0000,
  0x0000, 0x0000, 0x0000, 0x0000, 0x0000, 0x0000, 0x0000, 0x0000, 0x0000, 0x0000, 0x0000, 0x0000,
  0x0000, 0x0000, 0xC616, 0x8C0D, 0x8C0D, 0x8C0D, 0x0000, 0x0000, 0x0000, 0x0000, 0x0000, 0x0000,
  0x0000, 0x0000, 0x0000, 0x0000, 0x0000, 0x0000, 0x0000, 0x0000, 0x0000, 0x0000, 0x0000, 0x0000,
  0x0000, 0x0000, 0x0000, 0x0000, 0x0000, 0x0000, 0x0000, 0x0000, 0x0000, 0x0000, 0x0000, 0x0000,
  0x0000, 0x0000, 0x0000, 0x8C0D, 0x8C0D, 0x0000, 0x0000, 0x0000, 0x0000, 0x0000, 0x0000, 0x0000,
  0x0000, 0x0000, 0x0000, 0x0000, 0x0000, 0x0000, 0x0000, 0x0000, 0x0000, 0x0000, 0x0000, 0x0000,
  0x0000, 0x0000, 0x0000, 0x0000, 0x0000, 0x0000, 0x0000, 0x0000, 0x0000, 0x0000, 0x0000, 0x0000,
  0x0000, 0x0000, 0x0000, 0x0000, 0x0000, 0x0000, 0x0000, 0x0000, 0x0000, 0x0000, 0x0000, 0x0000,
  0x0000, 0x0000, 0x0000, 0x0000, 0x0000, 0x0000, 0x0000, 0x0000, 0x0000, 0x0000, 0x0000, 0x0000,
  0x0000, 0x0000, 0x0000, 0x0000, 0x0000, 0x0000, 0x0000, 0x0000, 0x0000, 0x0000, 0x0000, 0x9FDF,
  0x0000, 0x0000, 0x0000, 0x9FDF, 0x0000, 0x0000, 0x0000, 0x0000, 0x0000, 0x0000, 0x0000, 0x0000,
  0x0000, 0x0000, 0x0000, 0x0000, 0x0000, 0x0000, 0x0000, 0x0000, 0x0000, 0x9FDF, 0x0000, 0x0000,
  0x0000, 0x9FDF, 0x0000, 0x0000, 0x0000, 0x0000, 0x0000, 0x0000, 0x0000, 0x0000, 0x0000, 0x0000,
  0x0000, 0x0000, 0x9FDF, 0x9FDF, 0x9FDF, 0x0000, 0x0000, 0x0000, 0x0000, 0x0000, 0x0000, 0x0000,
  0x0000, 0x0000, 0x0000, 0x0000, 0x0000, 0x0000, 0x0000, 0x0000, 0x0000, 0x0000, 0x0000, 0x0000,
  0x0000, 0x0000, 0x0000, 0x0000, 0x0000, 0x0000, 0x0000, 0x0000, 0x0000, 0x0000, 0x0000, 0x0000,
  0x0000, 0x0000, 0x0000, 0x0000, 0x0000, 0x0000, 0x0000, 0x0000, 0x0000, 0x0000, 0x0000, 0x0000,
  0x0000, 0x0000, 0x0000, 0x0000, 0x0000, 0x0000, 0x0000, 0x0000, 0x0000, 0x0000, 0x0000, 0x0000,
  0x0000, 0x0000, 0x0000, 0x0000, 0x0000, 0x0000, 0x0000, 0x0000, 0x0000, 0x0000, 0x0000, 0x0000,
  0x0000, 0x0000, 0x0000, 0x0000, 0x0000, 0x0000, 0x0000, 0x0000, 0x0000, 0x0000, 0x0000, 0x0000,
  0x0000, 0x0000, 0x0000, 0x0000, 0x0000, 0x0000, 0x0000, 0x0000, 0x0000, 0x0000, 0x0000, 0x0000,
  0x0000, 0x0000, 0x0000, 0x0000, 0x0000, 0x0000, 0x0000, 0x0000, 0x0000, 0x0000, 0x0000, 0x8C0D,
  0x8C0D, 0x0000, 0x0000, 0x0000, 0x0000, 0x0000, 0x0000, 0x0000, 0x0000, 0x0000, 0x0000, 0x0000,
  0x0000, 0x0000, 0x0000, 0x0000, 0x0000, 0x0000, 0x0000, 0x0000, 0x0000, 0x0000, 0x0000, 0x0000,
  0x0000, 0x0000, 0x0000, 0x0000, 0x0000, 0x0000, 0x0000, 0x0000, 0x0000, 0x0000, 0x8C0D, 0x8C0D,
  0x8C0D, 0x8C0D, 0x0000, 0x0000, 0x0000, 0x0000, 0x0000, 0x0000, 0x0000, 0x0000, 0x0000, 0x0000,
  0x0000, 0x0000, 0x0000, 0x0000, 0x0000, 0x0000, 0x0000, 0x0000, 0x0000, 0x0000, 0x0000, 0x0000,
  0x0000, 0x0000, 0x0000, 0x0000, 0x0000, 0x0000, 0x0000, 0x0000, 0x0000, 0x0000, 0x0000, 0x8C0D,
  0x8C0D, 0x0000, 0x0000, 0x0000, 0x0000, 0x0000, 0x0000, 0x0000, 0x0000, 0x0000, 0x0000, 0x0000,
  0x0000, 0x0000, 0x0000, 0x0000, 0x0000, 0x0000, 0x0000, 0x0000, 0x0000, 0x0000, 0x0000, 0x0000,
  0x0000, 0x0000, 0x0000, 0x0000, 0x0000, 0x0000, 0x0000, 0x0000, 0x0000, 0x0000, 0x0000, 0x0000,
  0x0000, 0x0000, 0x0000, 0x0000, 0x0000, 0x0000, 0x0000, 0x0000, 0x0000, 0x0000, 0x0000, 0x0000,
  0x0000, 0x0000, 0x0000, 0x0000, 0x0000, 0x0000, 0x0000, 0x0000, 0x0000, 0x0000, 0x0000, 0x0000,
  0x0000, 0x0000, 0x0000, 0x0000, 0x0000, 0x0000, 0x0000, 0x9FDF, 0x0000, 0x0000, 0x0000, 0x9FDF,
  0x0000, 0x0000, 0x0000, 0x0000, 0x0000, 0x0000, 0x0000, 0x0000, 0x0000, 0x0000, 0x0000, 0x0000,
  0x0000, 0x0000, 0x0000, 0x0000, 0x0000, 0x9FDF, 0x0000, 0x0000, 0x0000, 0x9FDF, 0x0000, 0x0000,
  0x0000, 0x0000, 0x0000, 0x0000, 0x0000, 0x0000, 0x0000, 0x0000, 0x0000, 0x0000, 0x0000, 0x0000,
  0x0000, 0x0000, 0x0000, 0x0000, 0x0000, 0x0000, 0x0000, 0x0000, 0x0000, 0x0000, 0x0000, 0x0000,
  0x0000, 0x0000, 0x0000, 0x0000, 0x0000, 0x0000, 0x0000, 0x0000, 0x0000, 0x0000, 0x0000, 0x0000,
  0x0000, 0x0000, 0x0000, 0x0000, 0x0000, 0x0000, 0x0000, 0x0000, 0x0000, 0x0000, 0x0000, 0x0000,
  0x0000, 0x0000, 0x0000, 0x0000, 0x0000, 0x0000, 0x0000, 0x0000, 0x0000, 0x0000, 0x0000, 0x0000,
  0x0000, 0x0000, 0x0000, 0x0000, 0x0000, 0x0000, 0x0000, 0x0000, 0x0000, 0x0000, 0x0000, 0x0000,
  0x0000, 0x0000, 0x0000, 0x0000, 0x0000, 0x0000, 0x0000, 0x0000, 0x0000, 0x0000, 0x0000, 0x0000,
  0x0000, 0x0000, 0x0000, 0x0000, 0x0000, 0x0000, 0x0000, 0x0000, 0x0000, 0x0000, 0x0000, 0x0000,
  0x0000, 0x0000, 0x0000, 0x0000, 0x0000, 0x0000, 0x0000, 0x0000, 0x0000, 0x0000, 0x0000, 0x0000,
  0x0000, 0x0000, 0x0000, 0x0000, 0x0000, 0x0000, 0x0000, 0x8C0D, 0x8C0D, 0x0000, 0x0000, 0x0000,
  0x0000, 0x0000, 0x0000, 0x0000, 0x0000, 0x0000, 0x0000, 0x0000, 0x0000, 0x0000, 0x0000, 0x0000,
  0x0000, 0x0000, 0x0000, 0x0000, 0x0000, 0x0000, 0x0000, 0x0000, 0x0000, 0x0000, 0x0000, 0x0000,
  0x0000, 0x0000, 0x0000, 0x0000, 0x0000, 0x0000, 0x0000, 0x8C0D, 0x8C0D, 0x0000, 0x0000, 0x0000,
  0x0000, 0x0000, 0x0000, 0x0000, 0x0000, 0x0000, 0x0000, 0x0000, 0x0000, 0x0000, 0x0000, 0x0000,
  0x0000, 0x0000, 0x0000, 0x0000, 0x0000, 0x0000, 0x0000, 0x0000, 0x0000, 0x0000, 0x0000, 0x0000,
  0x0000, 0x0000, 0x0000, 0x0000, 0x0000, 0x0000, 0x0000, 0x8C0D, 0x8C0D, 0x0000, 0x0000, 0x0000,
  0x0000, 0x0000, 0x0000, 0x0000, 0x0000, 0x0000, 0x0000, 0x0000, 0x0000, 0x0000, 0x0000, 0x0000,
  0x0000, 0x0000, 0x0000, 0x0000, 0x0000, 0x0000, 0x0000, 0x0000, 0x0000, 0x0000, 0x0000, 0x0000,
  0x0000, 0x0000, 0x0000, 0x0000, 0x0000, 0x0000, 0x0000, 0x0000, 0x0000, 0x0000, 0x0000, 0x0000,
  0x0000, 0x0000, 0x0000, 0x0000, 0x0000, 0x0000, 0x0000, 0x0000, 0x0000, 0x0000, 0x0000, 0x0000,
  0x0000, 0x0000, 0x0000, 0x0000, 0x0000, 0x0000, 0x0000, 0x0000, 0x0000, 0x0000, 0x0000, 0x0000,
  0x0000, 0x0000, 0x0000, 0x0000, 0x9FDF, 0x9FDF, 0x9FDF, 0x0000, 0x0000, 0x0000, 0x0000, 0x0000,
  0x0000, 0x0000, 0x0000, 0x0000, 0x0000, 0x0000, 0x0000, 0x0000, 0x0000, 0x0000, 0x0000, 0x0000,
  0x0000, 0x0000, 0x9FDF, 0x9FDF, 0x9FDF, 0x0000, 0x0000, 0x0000, 0x0000, 0x0000, 0x0000, 0x0000,
  0x0000, 0x0000, 0x0000, 0x0000, 0x0000, 0x0000, 0x0000, 0x0000, 0x0000, 0x0000, 0x0000, 0x0000,
  0x0000, 0x0000, 0x0000, 0x0000, 0x0000, 0x0000, 0x0000, 0x0000, 0x0000, 0x0000, 0x0000, 0x0000,
  0x0000, 0x0000, 0x0000, 0x0000, 0x0000, 0x0000, 0x0000, 0x0000, 0x0000, 0x0000, 0x0000, 0x0000,
  0x0000, 0x0000, 0x0000, 0x0000, 0x0000, 0x0000, 0x0000, 0x0000, 0x0000, 0x0000, 0x0000, 0x0000,
  0x0000, 0x0000, 0x0000, 0x0000, 0x0000, 0x0000, 0x0000, 0x0000, 0x0000, 0x0000, 0x0000, 0x0000,
  0x0000, 0x0000, 0x0000, 0x0000, 0x0000, 0x0000, 0x0000, 0x0000, 0x0000, 0x0000, 0x0000, 0x0000,
  0x0000, 0x0000, 0x0000, 0x0000, 0x0000, 0x0000, 0x0000, 0x0000, 0x0000, 0x0000, 0x0000, 0x0000,
  0x0000, 0x0000, 0x0000, 0x0000, 0x0000, 0x0000, 0x0000, 0x0000, 0x0000, 0x0000, 0x0000, 0x0000,
  0x0000, 0x0000, 0x0000, 0x0000, 0x0000, 0x0000, 0x0000, 0x0000, 0x0000, 0x0000, 0x0000, 0x0000,
  0x0000, 0x0000, 0x0000, 0x8C0D, 0x8C0D, 0x0000, 0x0000, 0x0000, 0x0000, 0x0000, 0x0000, 0x0000,
  0x0000, 0x0000, 0x0000, 0x0000, 0x0000, 0x0000, 0x0000, 0x0000, 0x0000, 0x0000, 0x0000, 0x0000,
  0x0000, 0x0000, 0x0000, 0x0000, 0x0000, 0x0000, 0x0000, 0x0000, 0x0000, 0x0000, 0x0000, 0x0000,
  0x0000, 0x0000, 0x0000, 0x0000, 0x0000, 0x0000, 0x0000, 0x0000, 0x0000, 0x0000, 0x0000, 0x0000,
  0x0000, 0x0000, 0x0000, 0x0000, 0x0000, 0x0000, 0x0000, 0x0000, 0x0000, 0x0000, 0x0000, 0x0000,
  0x0000, 0x0000, 0x0000, 0x0000, 0x0000, 0x0000, 0x0000, 0x0000, 0x0000, 0x0000, 0x0000, 0x0000,
  0x0000, 0x0000, 0x0000, 0x8C0D, 0x8C0D, 0x0000, 0x0000, 0x0000, 0x0000, 0x0000, 0x0000, 0x0000,
  0x0000, 0x0000, 0x0000, 0x0000, 0x0000, 0x0000, 0x0000, 0x0000, 0x0000, 0x0000, 0x0000, 0x0000,
  0x0000, 0x0000, 0x0000, 0x0000, 0x0000, 0x0000, 0x0000, 0x0000, 0x0000, 0x0000, 0x0000, 0x0000,
  0x0000, 0x0000, 0x0000, 0xDFDF, 0x9FDF, 0x9FDF, 0x0000, 0x0000, 0x0000, 0x0000, 0x0000, 0x0000,
  0x0000, 0x0000, 0x0000, 0x0000, 0x0000, 0x0000, 0x0000, 0x0000, 0x0000, 0x0000, 0xFEC0, 0xFEC0,
  0xFEC0, 0xFEC0, 0xFEC0, 0x0000, 0x0000, 0x0000, 0x0000, 0x0000, 0x0000, 0x0000, 0x0000, 0x0000,
  0x0000, 0x0000, 0x0000, 0x0000, 0x0000, 0x0000, 0x0000, 0x0000, 0x0000, 0x0000, 0x0000, 0x0000,
  0x0000, 0x0000, 0x0000, 0x0000, 0x0000, 0x0000, 0x0000, 0x0000, 0x0000, 0x0000, 0x0000, 0x0000,
  0x0000, 0x0000, 0x0000, 0x0000, 0x0000, 0x0000, 0x0000, 0x0000, 0x0000, 0x0000, 0x0000, 0x0000,
  0x0000, 0x0000, 0x0000, 0x0000, 0x0000, 0x0000, 0x0000, 0x0000, 0x0000, 0x0000, 0x0000, 0x0000,
  0x0000, 0x0000, 0x0000, 0x0000, 0x0000, 0x0000, 0x0000, 0x0000, 0x0000, 0x0000, 0x0000, 0x0000,
  0x0000, 0x0000, 0x0000, 0x0000, 0x0000, 0x0000, 0x0000, 0x0000, 0x0000, 0x0000, 0x0000, 0x0000,
  0x0000, 0x0000, 0x0000, 0x0000, 0x0000, 0x0000, 0x0000, 0x0000, 0x0000, 0x0000, 0x0000, 0x0000,
  0x0000, 0x0000, 0x0000, 0x0000, 0x0000, 0x0000, 0x0000, 0x0000, 0x0000, 0x0000, 0x0000, 0x0000,
  0x0000, 0x0000, 0x0000, 0x0000, 0x0000, 0x0000, 0x0000, 0x0000, 0x0000, 0x0000, 0x0000, 0x0000,
  0x0000, 0x0000, 0x0000, 0x0000, 0x0000, 0x0000, 0x0000, 0x0000, 0x0000, 0x0000, 0x0000, 0x0000,
  0x0000, 0x0000, 0x0000, 0x0000, 0x0000, 0x0000, 0x0000, 0x0000, 0x0000, 0x0000, 0x0000, 0x0000,
  0x0000, 0x0000, 0x0000, 0x0000, 0x0000, 0x0000, 0x0000, 0x0000, 0x0000, 0x0000, 0x0000, 0x8C0D,
  0x8C0D, 0x0000, 0x0000, 0x0000, 0x0000, 0x0000, 0x0000, 0x0000, 0x0000, 0x0000, 0x0000, 0x0000,
  0x0000, 0x0000, 0x0000, 0x0000, 0x0000, 0x0000, 0x0000, 0x0000, 0x0000, 0x0000, 0x0000, 0x0000,
  0x0000, 0x0000, 0x0000, 0x0000, 0x0000, 0x0000, 0x0000, 0x0000, 0x0000, 0x0000, 0x0000, 0x0000,
  0x0000, 0x0000, 0x0000, 0x0000, 0x0000, 0x0000, 0x0000, 0x0000, 0x0000, 0x0000, 0x0000, 0x0000,
  0x0000, 0x0000, 0x0000, 0x0000, 0x0000, 0x0000, 0x0000, 0x0000, 0x0000, 0x0000, 0x0000, 0x0000,
  0x0000, 0x0000, 0x0000, 0x0000, 0x0000, 0x0000, 0x0000, 0x0000, 0x0000, 0x0000, 0x0000, 0x8C0D,
  0x8C0D, 0x0000, 0x0000, 0x0000, 0x0000, 0x0000, 0x0000, 0x0000, 0x0000, 0x0000, 0x0000, 0x0000,
  0x0000, 0x0000, 0x0000, 0x0000, 0x0000, 0x0000, 0x0000, 0x0000, 0x0000, 0x0000, 0x0000, 0x0000,
  0x0000, 0x0000, 0x0000, 0x0000, 0x0000, 0x0000, 0x0000, 0x0000, 0x0000, 0x0000, 0xDFDF, 0xDFDF,
  0x0000, 0x0000, 0x9FDF, 0x0000, 0x0000, 0x0000, 0x0000, 0x0000, 0x0000, 0x0000, 0x0000, 0x0000,
  0x0000, 0x0000, 0x0000, 0x0000, 0xFEC0, 0xFEC0, 0xFEC0, 0xFEC0, 0xFEC0, 0xFEC0, 0xFEC0, 0x0000,
  0x0000, 0x0000, 0x0000, 0x0000, 0x0000, 0x0000, 0x0000, 0x0000, 0x0000, 0x0000, 0x0000, 0x0000,
  0x0000, 0x0000, 0x0000, 0x0000, 0x0000, 0x0000, 0x0000, 0x0000, 0x0000, 0x0000, 0x0000, 0x0000,
  0x0000, 0x0000, 0x0000, 0x0000, 0x0000, 0x0000, 0x0000, 0x0000, 0x0000, 0x0000, 0x0000, 0x0000,
  0x0000, 0x0000, 0x0000, 0x0000, 0x0000, 0x0000, 0x0000, 0x0000, 0x0000, 0x0000, 0x0000, 0x0000,
  0x0000, 0x0000, 0x0000, 0x0000, 0x0000, 0x0000, 0x0000, 0x0000, 0x0000, 0x0000, 0x0000, 0x0000,
  0x0000, 0x0000, 0x0000, 0x0000, 0x0000, 0x0000, 0x0000, 0x0000, 0x0000, 0x0000, 0x0000, 0x0000,
  0x0000, 0x0000, 0x0000, 0x0000, 0x0000, 0x0000, 0x0000, 0x0000, 0x0000, 0x0000, 0x0000, 0x0000,
  0x0000, 0x0000, 0x0000, 0x0000, 0x0000, 0x0000, 0x0000, 0x0000, 0x0000, 0x0000, 0x0000, 0x0000,
  0x0000, 0x0000, 0x0000, 0x0000, 0x0000, 0x0000, 0x0000, 0x0000, 0x0000, 0x0000, 0x0000, 0x0000,
  0x0000, 0x0000, 0x0000, 0x0000, 0x0000, 0x0000, 0x0000, 0x0000, 0x0000, 0x0000, 0x0000, 0x0000,
  0x0000, 0x0000, 0x0000, 0x0000, 0x0000, 0x0000, 0x0000, 0x0000, 0x0000, 0x0000, 0x0000, 0x0000,
  0x0000, 0x0000, 0x0000, 0x0000, 0x0000, 0x0000, 0x0000, 0x0000, 0x0000, 0x0000, 0x0000, 0x0000,
  0x0000, 0x0000, 0x0000, 0x0000, 0x0000, 0x0000, 0x0000, 0x8C0D, 0x8C0D, 0x0000, 0x0000, 0x0000,
  0x0000, 0x0000, 0x0000, 0x0000, 0x0000, 0x0000, 0x0000, 0x0000, 0x0000, 0x0000, 0x0000, 0x0000,
  0x0000, 0x0000, 0x0000, 0x0000, 0x0000, 0x0000, 0x0000, 0x0000, 0x0000, 0x0000, 0x0000, 0x0000,
  0x0000, 0x0000, 0x0000, 0x0000, 0x0000, 0x0000, 0x0000, 0x0000, 0x0000, 0x0000, 0x0000, 0x0000,
  0x0000, 0x0000, 0x0000, 0x0000, 0x0000, 0x0000, 0x0000, 0x0000, 0x0000, 0x0000, 0x0000, 0x0000,
  0x0000, 0x0000, 0x0000, 0x0000, 0x0000, 0x0000, 0x0000, 0x0000, 0x0000, 0x0000, 0x0000, 0x0000,
  0x0000, 0x0000, 0x0000, 0x0000, 0x0000, 0x0000, 0x0000, 0x8C0D, 0x8C0D, 0x0000, 0x0000, 0x0000,
  0x0000, 0x0000, 0x0000, 0x0000, 0x0000, 0x0000, 0x0000, 0x0000, 0x0000, 0x0000, 0x0000, 0x0000,
  0x0000, 0x0000, 0x0000, 0x0000, 0x0000, 0x0000, 0x0000, 0x0000, 0x0000, 0x0000, 0x0000, 0x0000,
  0x0000, 0x0000, 0x0000, 0x0000, 0x0000, 0x0000, 0x9FDF, 0x0000, 0x0000, 0x0000, 0x9FDF, 0x0000,
  0x0000, 0x0000, 0x0000, 0x0000, 0x0000, 0x0000, 0x0000, 0x0000, 0x0000, 0x0000, 0x0000, 0x0000,
  0xFEC0, 0xFEC0, 0xFEC0, 0xFEC0, 0xFEC0, 0xFEC0, 0x0000, 0x0000, 0x0000, 0x0000, 0x0000, 0x0000,
  0x0000, 0x0000, 0x0000, 0x0000, 0x0000, 0x0000, 0x0000, 0x0000, 0x0000, 0x0000, 0x0000, 0x0000,
  0x0000, 0x0000, 0x0000, 0x0000, 0x0000, 0x0000, 0x0000, 0x0000, 0x0000, 0x0000, 0x0000, 0x0000,
  0x0000, 0x0000, 0x0000, 0x0000, 0x0000, 0x0000, 0x0000, 0x0000, 0x0000, 0x0000, 0x0000, 0x0000,
  0x0000, 0x0000, 0x0000, 0x0000, 0x0000, 0x0000, 0x0000, 0x0000, 0x0000, 0x0000, 0x0000, 0x0000,
  0x0000, 0x0000, 0x0000, 0x0000, 0x0000, 0x0000, 0x0000, 0x0000, 0x0000, 0x0000, 0x0000, 0x0000,
  0x0000, 0x0000, 0x0000, 0x0000, 0x0000, 0x0000, 0x0000, 0x0000, 0x0000, 0x0000, 0x0000, 0x0000,
  0x0000, 0x0000, 0x0000, 0x0000, 0x0000, 0x0000, 0x0000, 0x0000, 0x0000, 0x0000, 0x0000, 0x0000,
  0x0000, 0x0000, 0x0000, 0x0000, 0x0000, 0x0000, 0x0000, 0x0000, 0x0000, 0x0000, 0x0000, 0x0000,
  0x0000, 0x0000, 0x0000, 0x0000, 0x0000, 0x0000, 0x0000, 0x0000, 0x0000, 0x0000, 0x0000, 0x0000,
  0x0000, 0x0000, 0x0000, 0x0000, 0x0000, 0x0000, 0x0000, 0x0000, 0x0000, 0x0000, 0x0000, 0x0000,
  0x0000, 0x0000, 0x0000, 0x0000, 0x0000, 0x0000, 0x0000, 0x0000, 0x0000, 0x0000, 0x0000, 0x0000,
  0x0000, 0x0000, 0x0000, 0x0000, 0x0000, 0x0000, 0x0000, 0x0000, 0x0000, 0x0000, 0x0000, 0x0000,
  0x0000, 0x0000, 0x0000, 0x8C0D, 0x8C0D, 0x0000, 0x0000, 0x0000, 0x0000, 0x0000, 0x0000, 0x0000,
  0x0000, 0x0000, 0x0000, 0x0000, 0x0000, 0x0000, 0x0000, 0x0000, 0x0000, 0x0000, 0x0000, 0x0000,
  0x0000, 0x0000, 0x0000, 0x0000, 0x0000, 0x0000, 0x0000, 0x0000, 0x0000, 0x0000, 0x0000, 0x0000,
  0x0000, 0x0000, 0x0000, 0x0000, 0x0000, 0x0000, 0x0000, 0x0000, 0x0000, 0x0000, 0x0000, 0x0000,
  0x0000, 0x0000, 0x0000, 0x0000, 0x0000, 0x0000, 0x0000, 0x0000, 0x0000, 0x0000, 0x0000, 0x0000,
  0x0000, 0x0000, 0x0000, 0x0000, 0x0000, 0x0000, 0x0000, 0x0000, 0x0000, 0x0000, 0x0000, 0x0000,
  0x0000, 0x0000, 0x0000, 0x8C0D, 0x8C0D, 0x0000, 0x0000, 0x0000, 0x0000, 0x0000, 0x0000, 0x0000,
  0x0000, 0x0000, 0x0000, 0x0000, 0x0000, 0x0000, 0x0000, 0x0000, 0x0000, 0x0000, 0x0000, 0x0000,
  0x0000, 0x0000, 0x0000, 0x0000, 0x0000, 0x0000, 0x0000, 0x0000, 0x0000, 0x0000, 0x0000, 0x0000,
  0x0000, 0x0000, 0x9FDF, 0x0000, 0x0000, 0x0000, 0x9FDF, 0x0000, 0x0000, 0x0000, 0x0000, 0x0000,
  0x0000, 0x0000, 0x0000, 0x0000, 0x0000, 0x0000, 0xFEC0, 0xFEC0, 0xFEC0, 0xFEC0, 0xFEC0, 0xFEC0,
  0xFEC0, 0xFEC0, 0xFEC0, 0xFEC0, 0x0000, 0x0000, 0x0000, 0xFEC0, 0xFEC0, 0xFEC0, 0x0000, 0x0000,
  0x0000, 0x0000, 0x0000, 0x0000, 0x0000, 0x0000, 0x0000, 0x0000, 0x0000, 0x0000, 0x0000, 0x0000,
  0x0000, 0x0000, 0x0000, 0x0000, 0x0000, 0x0000, 0x0000, 0x0000, 0x0000, 0x0000, 0x0000, 0x0000,
  0x0000, 0x0000, 0x0000, 0x0000, 0x0000, 0x0000, 0x0000, 0x0000, 0x0000, 0x0000, 0x0000, 0x0000,
  0x0000, 0x0000, 0x0000, 0x0000, 0x0000, 0x0000, 0x0000, 0x0000, 0x0000, 0x0000, 0x0000, 0x0000,
  0x0000, 0x0000, 0x0000, 0x0000, 0x0000, 0x0000, 0x0000, 0x0000, 0x0000, 0x0000, 0x0000, 0x0000,
  0x0000, 0x0000, 0x0000, 0x0000, 0x0000, 0x0000, 0x0000, 0x0000, 0x0000, 0x0000, 0x0000, 0x0000,
  0x0000, 0x0000, 0x0000, 0x0000, 0x0000, 0x0000, 0x0000, 0x0000, 0x0000, 0x0000, 0x0000, 0x0000,
  0x0000, 0x0000, 0x0000, 0x0000, 0x0000, 0x0000, 0x0000, 0x0000, 0x0000, 0x0000, 0x0000, 0x0000,
  0x0000, 0x0000, 0x0000, 0x0000, 0x0000, 0x0000, 0x0000, 0x0000, 0x0000, 0x0000, 0x0000, 0x0000,
  0x0000, 0x0000, 0x0000, 0x0000, 0x0000, 0x0000, 0x0000, 0x0000, 0x0000, 0x0000, 0x0000, 0x0000,
  0x0000, 0x0000, 0x0000, 0x0000, 0x0000, 0x0000, 0x0000, 0x0000, 0x0000, 0x0000, 0x0000, 0x0000,
  0x0000, 0x0000, 0x0000, 0x0000, 0x0000, 0x0000, 0x0000, 0x0000, 0x0000, 0x0000, 0x0000, 0x8C0D,
  0x8C0D, 0x0000, 0x0000, 0x0000, 0x0000, 0x0000, 0x0000, 0x0000, 0x0000, 0x0000, 0x0000, 0x0000,
  0x0000, 0x0000, 0x0000, 0x0000, 0x0000, 0x0000, 0x0000, 0x0000, 0x0000, 0x0000, 0x0000, 0x0000,
  0x0000, 0x0000, 0x0000, 0x0000, 0x0000, 0x0000, 0x0000, 0x0000, 0x0000, 0x0000, 0x0000, 0x0000,
  0x0000, 0x0000, 0x0000, 0x0000, 0x0000, 0x0000, 0x0000, 0x0000, 0x0000, 0x0000, 0x0000, 0x0000,
  0x0000, 0x0000, 0x0000, 0x0000, 0x0000, 0x0000, 0x0000, 0x0000, 0x0000, 0x0000, 0x0000, 0x0000,
  0x0000, 0x0000, 0x0000, 0x0000, 0x0000, 0x0000, 0x0000, 0x0000, 0x0000, 0x0000, 0x0000, 0x8C0D,
  0x8C0D, 0x0000, 0x0000, 0x0000, 0x0000, 0x0000, 0x0000, 0x0000, 0x0000, 0x0000, 0x0000, 0x0000,
  0x0000, 0x0000, 0x0000, 0x0000, 0x0000, 0x0000, 0x0000, 0x0000, 0x0000, 0x0000, 0x8731, 0x0000,
  0x0000, 0x0000, 0x0000, 0x0000, 0x0000, 0x0000, 0x0000, 0x0000, 0x0000, 0x0000, 0x0000, 0x9FDF,
  0x9FDF, 0x9FDF, 0x0000, 0x0000, 0x0000, 0x0000, 0x0000, 0x0000, 0x0000, 0x0000, 0x0000, 0x0000,
  0x0000, 0xFEC0, 0xFEC0, 0xFEC0, 0xFEC0, 0xFEC0, 0xFEC0, 0xFEC0, 0xFEC0, 0xFEC0, 0xFEC0, 0xFEC0,
  0xFEC0, 0x0000, 0xFEC0, 0xFEC0, 0xFEC0, 0x0000, 0x0000, 0x0000, 0x0000, 0x0000, 0x0000, 0x0000,
  0x0000, 0x0000, 0x0000, 0x0000, 0x0000, 0x0000, 0x0000, 0x0000, 0x0000, 0x0000, 0x0000, 0x0000,
  0x0000, 0x0000, 0x0000, 0x0000, 0x0000, 0x0000, 0x0000, 0x0000, 0x0000, 0x0000, 0x0000, 0x0000,
  0x0000, 0x0000, 0x0000, 0x0000, 0x0000, 0x0000, 0x0000, 0x0000, 0x0000, 0x0000, 0x0000, 0x0000,
  0x0000, 0x0000, 0x0000, 0x0000, 0x0000, 0x0000, 0x0000, 0x0000, 0x0000, 0x0000, 0x0000, 0x0000,
  0x0000, 0x0000, 0x0000, 0x0000, 0x0000, 0x0000, 0x0000, 0x0000, 0x0000, 0x0000, 0x0000, 0x0000,
  0x0000, 0x0000, 0x0000, 0x0000, 0x0000, 0x0000, 0x0000, 0x0000, 0x0000, 0x0000, 0x0000, 0x0000,
  0x0000, 0x0000, 0x0000, 0x0000, 0x0000, 0x0000, 0x0000, 0x0000, 0x0000, 0x0000, 0x0000, 0x0000,
  0x0000, 0x0000, 0x0000, 0x0000, 0x0000, 0x0000, 0x0000, 0x0000, 0x0000, 0x0000, 0x0000, 0x0000,
  0x0000, 0x0000, 0x0000, 0x0000, 0x0000, 0x0000, 0x0000, 0x0000, 0x0000, 0x0000, 0x0000, 0x0000,
  0x0000, 0x0000, 0x0000, 0x0000, 0x0000, 0x0000, 0x0000, 0x0000, 0x0000, 0x0000, 0x0000, 0x0000,
  0x0000, 0x0000, 0x0000, 0x0000, 0x0000, 0x0000, 0x0000, 0x0000, 0x0000, 0x0000, 0x0000, 0x0000,
  0x0000, 0x0000, 0x0000, 0x0000, 0x0000, 0x0000, 0x0000, 0x8C0D, 0x8C0D, 0x0000, 0x0000, 0x0000,
  0x0000, 0x0000, 0x0000, 0x0000, 0x0000, 0x0000, 0x0000, 0x0000, 0x0000, 0x0000, 0x0000, 0x0000,
  0x0000, 0x0000, 0x0000, 0x0000, 0x0000, 0x0000, 0x0000, 0x0000, 0x0000, 0x0000, 0x0000, 0x0000,
  0x0000, 0x0000, 0x0000, 0x0000, 0x0000, 0x0000, 0x0000, 0x0000, 0x0000, 0x0000, 0x0000, 0x0000,
  0x0000, 0x0000, 0x0000, 0x0000, 0x0000, 0x0000, 0x0000, 0x0000, 0x0000, 0x0000, 0x0000, 0x0000,
  0x0000, 0x0000, 0x0000, 0x0000, 0x0000, 0x0000, 0x0000, 0x0000, 0x0000, 0x0000, 0x0000, 0x0000,
  0x0000, 0x0000, 0x0000, 0x0000, 0x0000, 0x0000, 0x0000, 0x8C0D, 0x8C0D, 0x0000, 0x0000, 0x0000,
  0x0000, 0x0000, 0x0000, 0x0000, 0x0000, 0x0000, 0x0000, 0x0000, 0x0000, 0x0000, 0x0000, 0x0000,
  0x0000, 0x0000, 0x0000, 0x0000, 0x0000, 0x0000, 0x8731, 0x8731, 0x0000, 0x0000, 0x0000, 0x0000,
  0x0000, 0x0000, 0x0000, 0x0000, 0x0000, 0x0000, 0x0000, 0x0000, 0x0000, 0x0000, 0x0000, 0x0000,
  0x0000, 0x0000, 0x0000, 0x0000, 0x0000, 0x0000, 0x0000, 0x0000, 0xFEC0, 0xFEC0, 0xFEC0, 0xFEC0,
  0xFEC0, 0xFEC0, 0xFEC0, 0xFEC0, 0xFEC0, 0x077F, 0x077F, 0x077F, 0xFEC0, 0xFEC0, 0xFEC0, 0xFEC0,
  0x0000, 0x0000, 0x0000, 0x0000, 0x0000, 0x0000, 0x0000, 0x0000, 0x0000, 0x0000, 0x0000, 0x0000,
  0x0000, 0x0000, 0x0000, 0x0000, 0x0000, 0x0000, 0x0000, 0x0000, 0x0000, 0x0000, 0x0000, 0x0000,
  0x0000, 0x0000, 0x0000, 0x0000, 0x0000, 0x0000, 0x0000, 0x0000, 0x0000, 0x0000, 0x0000, 0x0000,
  0x0000, 0x0000, 0x0000, 0x0000, 0x0000, 0x0000, 0x0000, 0x0000, 0x0000, 0x0000, 0x0000, 0x0000,
  0x0000, 0x0000, 0x0000, 0x0000, 0x0000, 0x0000, 0x0000, 0x0000, 0x0000, 0x0000, 0x0000, 0x0000,
  0x0000, 0x0000, 0x0000, 0x0000, 0x0000, 0x0000, 0x0000, 0x0000, 0x0000, 0x0000, 0x0000, 0x0000,
  0x0000, 0x0000, 0x0000, 0x0000, 0x0000, 0x0000, 0x0000, 0x0000, 0x0000, 0x0000, 0x0000, 0x0000,
  0x0000, 0x0000, 0x0000, 0x0000, 0x0000, 0x0000, 0x0000, 0x0000, 0x0000, 0x0000, 0x0000, 0x0000,
  0x0000, 0x0000, 0x0000, 0x0000, 0x0000, 0x0000, 0x0000, 0x0000, 0x0000, 0x0000, 0x0000, 0x0000,
  0x0000, 0x0000, 0x0000, 0x0000, 0x0000, 0x0000, 0x0000, 0x0000, 0x0000, 0x0000, 0x0000, 0x0000,
  0x0000, 0x0000, 0x0000, 0x0000, 0x0000, 0x0000, 0x0000, 0x0000, 0x0000, 0x0000, 0x0000, 0x0000,
  0x0000, 0x0000, 0x0000, 0x0000, 0x0000, 0x0000, 0x0000, 0x0000, 0x0000, 0x0000, 0x0000, 0x0000,
  0x0000, 0x0000, 0x0000, 0x0000, 0x8C0D, 0x8C0D, 0x8C0D, 0x8C0D, 0x8C0D, 0x8C0D, 0x8C0D, 0x8C0D,
  0x8C0D, 0x8C0D, 0x8C0D, 0x8C0D, 0x8C0D, 0x8C0D, 0x8C0D, 0x8C0D, 0x8C0D, 0x8C0D, 0x8C0D, 0x8C0D,
  0x8C0D, 0x8C0D, 0x8C0D, 0x8C0D, 0x8C0D, 0x8C0D, 0x8C0D, 0x8C0D, 0x8C0D, 0x8C0D, 0x8C0D, 0x8C0D,
  0x8C0D, 0x8C0D, 0x8C0D, 0x8C0D, 0x8C0D, 0x8C0D, 0x8C0D, 0x8C0D, 0x8C0D, 0x8C0D, 0x8C0D, 0x8C0D,
  0x8C0D, 0x8C0D, 0x8C0D, 0x8C0D, 0x8C0D, 0x8C0D, 0x8C0D, 0x8C0D, 0x8C0D, 0x8C0D, 0x8C0D, 0x8C0D,
  0x8C0D, 0x8C0D, 0x8C0D, 0x8C0D, 0x8C0D, 0x8C0D, 0x8C0D, 0x8C0D, 0x8C0D, 0x8C0D, 0x8C0D, 0x8C0D,
  0x8C0D, 0x8C0D, 0x8C0D, 0x8C0D, 0x0000, 0x0000, 0x0000, 0x0000, 0x0000, 0x0000, 0x0000, 0x0000,
  0x0000, 0x0000, 0x0000, 0x0000, 0x0000, 0x0000, 0x0000, 0x0000, 0x0000, 0x0000, 0x0000, 0x0000,
  0x0000, 0x8731, 0x8731, 0x56CB, 0x0000, 0x0000, 0x0000, 0x0000, 0x0000, 0x0000, 0x0000, 0x0000,
  0x0000, 0x0000, 0x0000, 0x0000, 0x0000, 0x0000, 0x0000, 0x0000, 0x0000, 0x0000, 0x0000, 0x0000,
  0x0000, 0x0000, 0x0000, 0xFEC0, 0xFEC0, 0xFEC0, 0x0000, 0x0000, 0xFEC0, 0xFEC0, 0xFEC0, 0xFEC0,
  0x077F, 0x077F, 0xFEC0, 0x077F, 0x077F, 0xFEC0, 0x077F, 0x0000, 0x0000, 0x0000, 0x0000, 0x0000,
  0x0000, 0x0000, 0x0000, 0x0000, 0x0000, 0x0000, 0x0000, 0x0000, 0x0000, 0x0000, 0x0000, 0x0000,
  0x0000, 0x0000, 0x0000, 0x0000, 0x0000, 0x0000, 0x0000, 0x0000, 0x0000, 0x0000, 0x0000, 0x0000,
  0x0000, 0x0000, 0x0000, 0x0000, 0x0000, 0xDFDF, 0x9FDF, 0x9FDF, 0x0000, 0x0000, 0x0000, 0x0000,
  0x0000, 0x0000, 0x0000, 0x0000, 0x0000, 0x0000, 0x0000, 0x0000, 0x0000, 0x0000, 0x0000, 0x0000,
  0x0000, 0x0000, 0x0000, 0x0000, 0x0000, 0x0000, 0x0000, 0x0000, 0x0000, 0x0000, 0x0000, 0x0000,
  0x0000, 0x0000, 0x0000, 0x0000, 0x0000, 0x0000, 0x0000, 0x0000, 0x0000, 0x0000, 0x0000, 0x0000,
  0x0000, 0x0000, 0x0000, 0x0000, 0x0000, 0x0000, 0x0000, 0x0000, 0x0000, 0x0000, 0x0000, 0x0000,
  0x0000, 0x0000, 0x0000, 0x0000, 0x0000, 0x0000, 0x0000, 0x0000, 0x0000, 0x0000, 0x0000, 0x0000,
  0x0000, 0x0000, 0x0000, 0x0000, 0x0000, 0x0000, 0x0000, 0x0000, 0x0000, 0x0000, 0x0000, 0x0000,
  0x0000, 0x0000, 0x0000, 0x0000, 0x0000, 0x0000, 0x0000, 0x0000, 0x0000, 0x0000, 0x0000, 0x0000,
  0x0000, 0x0000, 0x0000, 0x0000, 0x0000, 0x0000, 0x0000, 0x0000, 0x0000, 0x0000, 0x0000, 0x0000,
  0x0000, 0x0000, 0x0000, 0x0000, 0x0000, 0x0000, 0x0000, 0x0000, 0x0000, 0x0000, 0x0000, 0x0000,
  0x0000, 0x8C0D, 0x8C0D, 0x8C0D, 0x8C0D, 0x8C0D, 0x8C0D, 0x8C0D, 0x8C0D, 0x8C0D, 0x8C0D, 0x8C0D,
  0x8C0D, 0x8C0D, 0x8C0D, 0x8C0D, 0x8C0D, 0x8C0D, 0x8C0D, 0x8C0D, 0x8C0D, 0x8C0D, 0x8C0D, 0x8C0D,
  0x8C0D, 0x8C0D, 0x8C0D, 0x8C0D, 0x8C0D, 0x8C0D, 0x8C0D, 0x8C0D, 0x8C0D, 0x8C0D, 0x8C0D, 0x8C0D,
  0x8C0D, 0x8C0D, 0x8C0D, 0x8C0D, 0x8C0D, 0x8C0D, 0x8C0D, 0x8C0D, 0x8C0D, 0x8C0D, 0x8C0D, 0x8C0D,
  0x8C0D, 0x8C0D, 0x8C0D, 0x8C0D, 0x8C0D, 0x8C0D, 0x8C0D, 0x8C0D, 0x8C0D, 0x8C0D, 0x8C0D, 0x8C0D,
  0x8C0D, 0x8C0D, 0x8C0D, 0x8C0D, 0x8C0D, 0x8C0D, 0x8C0D, 0x8C0D, 0x8C0D, 0x8C0D, 0x8C0D, 0x0000,
  0x0000, 0x0000, 0x0000, 0x0000, 0x0000, 0x0000, 0x0000, 0x0000, 0x0000, 0x0000, 0x0000, 0x0000,
  0x0000, 0x0000, 0x0000, 0x0000, 0x0000, 0x0000, 0x0000, 0x0000, 0x8731, 0x8731, 0x56CB, 0x56CB,
  0x0000, 0x0000, 0x0000, 0x0000, 0x0000, 0x0000, 0x0000, 0x0000, 0x0000, 0x0000, 0x0000, 0x0000,
  0x0000, 0x0000, 0x0000, 0x0000, 0x0000, 0x0000, 0x0000, 0x0000, 0x0000, 0x0000, 0x0000, 0x0000,
  0xFEC0, 0xFEC0, 0xFEC0, 0xFEC0, 0xFEC0, 0xFEC0, 0xFEC0, 0x077F, 0x077F, 0xFEC0, 0xFEC0, 0xFEC0,
  0x077F, 0x077F, 0x077F, 0xFEC0, 0x0000, 0x0000, 0x0000, 0x0000, 0x0000, 0x0000, 0x0000, 0x0000,
  0x0000, 0x0000, 0x0000, 0x0000, 0x0000, 0x0000, 0x0000, 0x0000, 0x0000, 0x0000, 0x0000, 0x0000,
  0x0000, 0x0000, 0x0000, 0x0000, 0x0000, 0x0000, 0x0000, 0x0000, 0x0000, 0x0000, 0x0000, 0x0000,
  0xDFDF, 0xDFDF, 0x0000, 0x0000, 0x9FDF, 0x0000, 0x0000, 0x0000, 0x0000, 0x0000, 0x0000, 0x0000,
  0x0000, 0x0000, 0x0000, 0x0000, 0x0000, 0x0000, 0x0000, 0x0000, 0x0000, 0x0000, 0x0000, 0x0000,
  0x0000, 0x0000, 0x0000, 0x0000, 0x0000, 0x0000, 0x0000, 0x0000, 0x0000, 0x0000, 0x0000, 0x0000,
  0x0000, 0x0000, 0x0000, 0x0000, 0x0000, 0x0000, 0x0000, 0x0000, 0x0000, 0x0000, 0x0000, 0x0000,
  0x0000, 0x0000, 0x0000, 0x0000, 0x0000, 0x0000, 0x0000, 0x0000, 0x0000, 0x0000, 0x0000, 0x0000,
  0x0000, 0x0000, 0x0000, 0x0000, 0x0000, 0x0000, 0x0000, 0x0000, 0x0000, 0x0000, 0x0000, 0x0000,
  0x0000, 0x0000, 0x0000, 0x0000, 0x0000, 0x0000, 0x0000, 0x0000, 0x0000, 0x0000, 0x0000, 0x0000,
  0x0000, 0x0000, 0x0000, 0x0000, 0x0000, 0x0000, 0x0000, 0x0000, 0x0000, 0x0000, 0x0000, 0x0000,
  0x0000, 0x0000, 0x0000, 0x0000, 0x0000, 0x0000, 0x0000, 0x0000, 0x0000, 0x0000, 0x0000, 0x0000,
  0x0000, 0x0000, 0x0000, 0x0000, 0x0000, 0x0000, 0x0000, 0x0000, 0x0000, 0x0000, 0x0000, 0x0000,
  0x0000, 0x0000, 0x0000, 0x0000, 0x0000, 0x0000, 0x0000, 0x0000, 0x0000, 0x0000, 0x0000, 0x0000,
  0x0000, 0x0000, 0x0000, 0x0000, 0x0000, 0x0000, 0x0000, 0x0000, 0x0000, 0x0000, 0x0000, 0x0000,
  0x0000, 0x0000, 0x0000, 0x0000, 0x0000, 0x0000, 0x0000, 0x0000, 0x0000, 0x0000, 0x0000, 0x0000,
  0x0000, 0x0000, 0x0000, 0x0000, 0x0000, 0x0000, 0x0000, 0x0000, 0x0000, 0x0000, 0x0000, 0x0000,
  0x0000, 0x0000, 0x0000, 0x0000, 0x0000, 0x0000, 0x0000, 0x0000, 0x0000, 0x0000, 0x0000, 0x0000,
  0x0000, 0x0000, 0x0000, 0x0000, 0x0000, 0x0000, 0x0000, 0x0000, 0x0000, 0x0000, 0x0000, 0x0000,
  0x0000, 0x0000, 0x0000, 0x0000, 0x0000, 0x0000, 0x0000, 0x0000, 0x0000, 0x0000, 0x0000, 0x0000,
  0x0000, 0x0000, 0x0000, 0x8731, 0x8731, 0x56CB, 0x56CB, 0x56CB, 0x0000, 0x0000, 0x0000, 0x0000,
  0x0000, 0x0000, 0x0000, 0x0000, 0x0000, 0x0000, 0x0000, 0x0000, 0x0000, 0x0000, 0x0000, 0x0000,
  0x0000, 0x0000, 0x0000, 0x0000, 0x0000, 0x0000, 0x0000, 0x0000, 0x0000, 0xFEC0, 0xFEC0, 0xFEC0,
  0xFEC0, 0xFEC0, 0xFEC0, 0xFEC0, 0xFEC0, 0xFEC0, 0xFEC0, 0xFEC0, 0xFEC0, 0x0000, 0xFEC0, 0xFEC0,
  0xFEC0, 0x0000, 0x0000, 0x0000, 0x0000, 0x0000, 0x0000, 0x0000, 0x0000, 0x0000, 0x0000, 0x0000,
  0x0000, 0x0000, 0x0000, 0x0000, 0x0000, 0x0000, 0x0000, 0x0000, 0x0000, 0x0000, 0x0000, 0x0000,
  0x0000, 0x0000, 0x0000, 0x0000, 0x0000, 0x0000, 0x0000, 0x0000, 0x9FDF, 0x0000, 0x0000, 0x0000,
  0x9FDF, 0x0000, 0x0000, 0x0000, 0x0000, 0x0000, 0x0000, 0x0000, 0x0000, 0x0000, 0x0000, 0x0000,
  0x0000, 0x0000, 0x0000, 0x0000, 0x0000, 0x0000, 0x0000, 0x0000, 0x0000, 0x0000, 0x0000, 0x0000,
  0x0000, 0x0000, 0x0000, 0x0000, 0x0000, 0x0000, 0x0000, 0x0000, 0x0000, 0x0000, 0x0000, 0x0000,
  0x0000, 0x0000, 0x0000, 0x0000, 0x0000, 0x0000, 0x0000, 0x0000, 0x0000, 0x0000, 0x0000, 0x0000,
  0x0000, 0x0000, 0x0000, 0x0000, 0x0000, 0x0000, 0x0000, 0x0000, 0x0000, 0x0000, 0x0000, 0x0000,
  0x0000, 0x0000, 0x0000, 0x0000, 0x0000, 0x0000, 0x0000, 0x0000, 0x0000, 0x0000, 0x0000, 0x0000,
  0x0000, 0x0000, 0x0000, 0x0000, 0x0000, 0x0000, 0x0000, 0x0000, 0x0000, 0x0000, 0x0000, 0x0000,
  0x0000, 0x0000, 0x0000, 0x0000, 0x0000, 0x0000, 0x0000, 0x0000, 0x0000, 0x0000, 0x0000, 0x0000,
  0x0000, 0x0000, 0x0000, 0x0000, 0x0000, 0x0000, 0x0000, 0x0000, 0x0000, 0x0000, 0x0000, 0x0000,
  0x0000, 0x0000, 0x0000, 0x0000, 0x0000, 0x0000, 0x0000, 0x0000, 0x0000, 0x0000, 0x0000, 0x0000,
  0x0000, 0x0000, 0x0000, 0x0000, 0x0000, 0x0000, 0x0000, 0x0000, 0x0000, 0x0000, 0x0000, 0x0000,
  0x0000, 0x0000, 0x0000, 0x0000, 0x0000, 0x0000, 0x0000, 0x0000, 0x0000, 0x0000, 0x0000, 0x0000,
  0x0000, 0x0000, 0x0000, 0x0000, 0x0000, 0x0000, 0x0000, 0x0000, 0x0000, 0x0000, 0x0000, 0x0000,
  0x0000, 0x0000, 0x0000, 0x0000, 0x0000, 0x0000, 0x0000, 0x0000, 0x0000, 0x0000, 0x0000, 0x0000,
  0x0000, 0x0000, 0x0000, 0x0000, 0x0000, 0x0000, 0x0000, 0x0000, 0x0000, 0x0000, 0x0000, 0x0000,
  0x0000, 0x0000, 0x0000, 0x0000, 0x0000, 0x0000, 0x0000, 0x0000, 0x0000, 0x0000, 0x0000, 0x0000,
  0x0000, 0x0000, 0x0000, 0x0000, 0x0000, 0x0000, 0x0000, 0x0000, 0x0000, 0x0000, 0x8731, 0x8731,
  0x56CB, 0x56CB, 0x56CB, 0x56CB, 0x0000, 0x0000, 0x0000, 0x0000, 0x0000, 0x0000, 0x0000, 0x0000,
  0x0000, 0x0000, 0x0000, 0x0000, 0x0000, 0x0000, 0x0000, 0x0000, 0x0000, 0x0000, 0x0000, 0x0000,
  0x0000, 0x0000, 0x0000, 0x0000, 0x0000, 0x0000, 0xFEC0, 0xFEC0, 0xFEC0, 0xFEC0, 0xFEC0, 0xFEC0,
  0xFEC0, 0xFEC0, 0xFEC0, 0xFEC0, 0x0000, 0x0000, 0x0000, 0xFEC0, 0xFEC0, 0xFEC0, 0x0000, 0x0000,
  0x0000, 0x0000, 0x0000, 0x0000, 0x0000, 0x0000, 0x0000, 0x0000, 0x0000, 0x0000, 0x0000, 0x0000,
  0x0000, 0x0000, 0x0000, 0x0000, 0x0000, 0x0000, 0x0000, 0x0000, 0x0000, 0x0000, 0x0000, 0x0000,
  0x0000, 0x0000, 0x0000, 0x0000, 0x9FDF, 0x0000, 0x0000, 0x0000, 0x9FDF, 0x0000, 0x0000, 0x0000,
  0x0000, 0x0000, 0x0000, 0x0000, 0x0000, 0x0000, 0x0000, 0x0000, 0x0000, 0x0000, 0x0000, 0x0000,
  0x0000, 0x0000, 0x0000, 0x0000, 0x0000, 0x0000, 0x0000, 0x0000, 0x0000, 0x0000, 0x0000, 0x0000,
  0x0000, 0x0000, 0x0000, 0x0000, 0x0000, 0x0000, 0x0000, 0x0000, 0x0000, 0x0000, 0x0000, 0x0000,
  0x0000, 0x0000, 0x0000, 0x0000, 0x0000, 0x0000, 0x0000, 0x0000, 0x0000, 0x0000, 0x0000, 0x0000,
  0x0000, 0x0000, 0x0000, 0x0000, 0x0000, 0x0000, 0x0000, 0x0000, 0x0000, 0x0000, 0x0000, 0x0000,
  0x0000, 0x0000, 0x0000, 0x0000, 0x0000, 0x0000, 0x0000, 0x0000, 0x0000, 0x0000, 0x0000, 0x0000,
  0x0000, 0x0000, 0x0000, 0x0000, 0x0000, 0x0000, 0x0000, 0x0000, 0x0000, 0x0000, 0x0000, 0x0000,
  0x0000, 0x0000, 0x0000, 0x0000, 0x0000, 0x0000, 0x0000, 0x0000, 0x0000, 0x0000, 0x0000, 0x0000,
  0x0000, 0x0000, 0x0000, 0x0000, 0x0000, 0x0000, 0x0000, 0x0000, 0x0000, 0x0000, 0x0000, 0x0000,
  0x0000, 0x0000, 0x0000, 0x0000, 0x0000, 0x0000, 0x0000, 0x0000, 0x0000, 0x0000, 0x0000, 0x0000,
  0x0000, 0x0000, 0x0000, 0x0000, 0x0000, 0x0000, 0x0000, 0x0000, 0x0000, 0x0000, 0x0000, 0x0000,
  0x0000, 0x0000, 0x0000, 0x0000, 0x0000, 0x0000, 0x0000, 0x0000, 0x0000, 0x0000, 0x0000, 0x0000,
  0x0000, 0x0000, 0x0000, 0x0000, 0x0000, 0x0000, 0x0000, 0x0000, 0x0000, 0x0000, 0x0000, 0x0000,
  0x0000, 0x0000, 0x0000, 0x0000, 0x0000, 0x0000, 0x0000, 0x0000, 0x0000, 0x0000, 0x0000, 0x0000,
  0x0000, 0x0000, 0x0000, 0x0000, 0x0000, 0x0000, 0x0000, 0x0000, 0x0000, 0x0000, 0x0000, 0x0000,
  0x0000, 0x0000, 0x0000, 0x0000, 0x0000, 0x0000, 0x0000, 0x0000, 0x0000, 0x0000, 0x0000, 0x0000,
  0x0000, 0x0000, 0x0000, 0x0000, 0x0000, 0x0000, 0x8731, 0x56CB, 0x56CB, 0x56CB, 0x56CB, 0x56CB,
  0x0000, 0x0000, 0x0000, 0x0000, 0x0000, 0x0000, 0x0000, 0x0000, 0x0000, 0x0000, 0x0000, 0x0000,
  0x0000, 0x0000, 0x0000, 0x0000, 0x0000, 0x0000, 0x0000, 0x0000, 0x0000, 0x0000, 0x0000, 0x0000,
  0x0000, 0x0000, 0x0000, 0x0000, 0xFEC0, 0xFEC0, 0xFEC0, 0xFEC0, 0xFEC0, 0xFEC0, 0x0000, 0x0000,
  0x0000, 0x0000, 0x0000, 0x0000, 0x0000, 0x0000, 0x0000, 0x0000, 0x0000, 0x0000, 0x0000, 0x0000,
  0x0000, 0x0000, 0x0000, 0x0000, 0x0000, 0x0000, 0x0000, 0x0000, 0x0000, 0x0000, 0x0000, 0x0000,
  0x0000, 0x0000, 0x0000, 0x0000, 0x0000, 0x0000, 0x0000, 0x0000, 0x0000, 0x0000, 0x0000, 0x0000,
  0x0000, 0x9FDF, 0x9FDF, 0x9FDF, 0x0000, 0x0000, 0x0000, 0x0000, 0x0000, 0x0000, 0x0000, 0x0000,
  0x0000, 0x0000, 0x0000, 0x0000, 0x0000, 0x0000, 0x0000, 0x0000, 0x0000, 0x0000, 0x0000, 0x0000,
  0x0000, 0x0000, 0x0000, 0x0000, 0x0000, 0x0000, 0x0000, 0x0000, 0x0000, 0x0000, 0x0000, 0x0000,
  0x0000, 0x0000, 0x0000, 0x0000, 0x0000, 0x0000, 0x0000, 0x0000, 0x0000, 0x0000, 0x0000, 0x0000,
  0x0000, 0x0000, 0x0000, 0x0000, 0x0000, 0x0000, 0x0000, 0x0000, 0x0000, 0x0000, 0x0000, 0x0000,
  0x0000, 0x0000, 0x0000, 0x0000, 0x0000, 0x0000, 0x0000, 0x0000, 0x0000, 0x0000, 0x0000, 0x0000,
  0x0000, 0x0000, 0x0000, 0x0000, 0x0000, 0x0000, 0x0000, 0x0000, 0x0000, 0x0000, 0x0000, 0x0000,
  0x0000, 0x0000, 0x0000, 0x0000, 0x0000, 0x0000, 0x0000, 0x0000, 0x0000, 0x0000, 0x0000, 0x0000,
  0x0000, 0x0000, 0x0000, 0x0000, 0x0000, 0x0000, 0x0000, 0x0000, 0x0000, 0x0000, 0x0000, 0x0000,
  0x0000, 0x0000, 0x0000, 0x0000, 0x0000, 0x0000, 0x0000, 0x0000, 0x0000, 0x0000, 0x0000, 0x0000,
  0x0000, 0x0000, 0x0000, 0x0000, 0x0000, 0x0000, 0x0000, 0x0000, 0x0000, 0x0000, 0x0000, 0x0000,
  0x0000, 0x0000, 0x0000, 0x0000, 0x0000, 0x0000, 0x0000, 0x0000, 0x0000, 0x0000, 0x0000, 0x0000,
  0x0000, 0x0000, 0x0000, 0x0000, 0x0000, 0x0000, 0x0000, 0x0000, 0x0000, 0x0000, 0x0000, 0x0000,
  0x0000, 0x0000, 0x0000, 0x0000, 0x0000, 0x0000, 0x0000, 0x0000, 0x0000, 0x0000, 0x0000, 0x0000,
  0x0000, 0x0000, 0x0000, 0x0000, 0x0000, 0x0000, 0x0000, 0x0000, 0x0000, 0x0000, 0x0000, 0x0000,
  0x0000, 0x0000, 0x0000, 0x0000, 0x0000, 0x0000, 0x0000, 0x0000, 0x0000, 0x0000, 0x0000, 0x0000,
  0x0000, 0x0000, 0x0000, 0x0000, 0x0000, 0x0000, 0x0000, 0x0000, 0x0000, 0x0000, 0x0000, 0x0000,
  0x0000, 0x8731, 0x8731, 0x56CB, 0x56CB, 0x56CB, 0x56CB, 0x0000, 0x0000, 0x0000, 0x0000, 0x0000,
  0x0000, 0x0000, 0x0000, 0x0000, 0x0000, 0x0000, 0x0000, 0x0000, 0x0000, 0x0000, 0x0000, 0x0000,
  0x0000, 0x0000, 0x0000, 0x0000, 0x0000, 0x0000, 0x0000, 0x0000, 0x0000, 0x0000, 0x0000, 0x0000,
  0xFEC0, 0xFEC0, 0xFEC0, 0xFEC0, 0xFEC0, 0xFEC0, 0xFEC0, 0x0000, 0x0000, 0x0000, 0x0000, 0x0000,
  0x0000, 0x0000, 0x0000, 0x0000, 0x0000, 0x0000, 0x0000, 0x0000, 0x0000, 0x0000, 0x0000, 0x0000,
  0x0000, 0x0000, 0x0000, 0x0000, 0x0000, 0x0000, 0x0000, 0x0000, 0x0000, 0x0000, 0x0000, 0x0000,
  0x0000, 0x0000, 0x0000, 0x0000, 0x0000, 0x0000, 0x0000, 0x0000, 0x0000, 0x0000, 0x0000, 0x0000,
  0x0000, 0x0000, 0x0000, 0x0000, 0x0000, 0x0000, 0x0000, 0x0000, 0x0000, 0x0000, 0x0000, 0x0000,
  0x0000, 0x0000, 0x0000, 0x0000, 0x0000, 0x0000, 0x0000, 0x0000, 0x0000, 0x0000, 0x0000, 0x0000,
  0x0000, 0x0000, 0x0000, 0x0000, 0x0000, 0x0000, 0x0000, 0x0000, 0x0000, 0x0000, 0x0000, 0x0000,
  0x0000, 0x0000, 0x0000, 0x0000, 0x0000, 0x0000, 0x0000, 0x0000, 0x0000, 0x0000, 0x0000, 0x0000,
  0x0000, 0x0000, 0x0000, 0x0000, 0x0000, 0x0000, 0x0000, 0x0000, 0x0000, 0x0000, 0x0000, 0x0000,
  0x0000, 0x0000, 0x0000, 0x0000, 0x0000, 0x0000, 0x0000, 0x0000, 0x0000, 0x0000, 0x0000, 0x0000,
  0x0000, 0x0000, 0x0000, 0x0000, 0x0000, 0x0000, 0x0000, 0x0000, 0x0000, 0x0000, 0x0000, 0x0000,
  0x0000, 0x0000, 0x0000, 0x0000, 0x0000, 0x0000, 0x0000, 0x0000, 0x0000, 0x0000, 0x0000, 0x0000,
  0x0000, 0x0000, 0x0000, 0x0000, 0x0000, 0x0000, 0x0000, 0x0000, 0x0000, 0x0000, 0x0000, 0x0000,
  0x0000, 0x0000, 0x0000, 0x0000, 0x0000, 0x0000, 0x0000, 0x0000, 0x0000, 0x0000, 0x0000, 0x0000,
  0x0000, 0x0000, 0x0000, 0x0000, 0x0000, 0x0000, 0x0000, 0x0000, 0x0000, 0x0000, 0x0000, 0x0000,
  0x0000, 0x0000, 0x0000, 0x0000, 0x0000, 0x0000, 0x0000, 0x0000, 0x0000, 0x0000, 0x0000, 0x0000,
  0x0000, 0x0000, 0x0000, 0x0000, 0x0000, 0x0000, 0x0000, 0x0000, 0x0000, 0x0000, 0x0000, 0x0000,
  0x0000, 0x0000, 0x0000, 0x0000, 0x0000, 0x0000, 0x0000, 0x0000, 0x0000, 0x0000, 0x0000, 0x0000,
  0x0000, 0x0000, 0x0000, 0x0000, 0x0000, 0x0000, 0x0000, 0x0000, 0x0000, 0x0000, 0x0000, 0x0000,
  0x0000, 0x0000, 0x0000, 0x0000, 0x0000, 0x0000, 0x0000, 0x0000, 0x0000, 0x0000, 0x0000, 0x0000,
  0x0000, 0x0000, 0x0000, 0x0000, 0x0000, 0x0000, 0x0000, 0x0000, 0x8731, 0x8731, 0x56CB, 0x56CB,
  0x56CB, 0x56CB, 0x0000, 0x0000, 0x0000, 0x0000, 0x0000, 0x0000, 0x0000, 0x0000, 0x0000, 0x0000,
  0x0000, 0x0000, 0x0000, 0x0000, 0x0000, 0x0000, 0x0000, 0x0000, 0x0000, 0x0000, 0x0000, 0x0000,
  0x0000, 0x0000, 0x0000, 0x0000, 0x0000, 0x0000, 0x0000, 0x0000, 0x0000, 0x0000, 0xFEC0, 0xFEC0,
  0xFEC0, 0xFEC0, 0xFEC0, 0x0000, 0x0000, 0x0000, 0x0000, 0x0000, 0x0000, 0x0000, 0x0000, 0x0000,
  0x0000, 0x0000, 0x0000, 0x0000, 0x0000, 0x0000, 0x0000, 0x0000, 0x0000, 0x0000, 0x0000, 0x0000,
  0x0000, 0x0000, 0x0000, 0x0000, 0x0000, 0x0000, 0x0000, 0x0000, 0x0000, 0x0000, 0x0000, 0x0000,
  0x0000, 0x0000, 0x0000, 0x0000, 0x0000, 0x0000, 0x0000, 0x0000, 0x0000, 0x0000, 0x0000, 0x0000,
  0x0000, 0x0000, 0x0000, 0x0000, 0x0000, 0x0000, 0x0000, 0x0000, 0x0000, 0x0000, 0x0000, 0x0000,
  0x0000, 0x0000, 0x0000, 0x0000, 0x0000, 0x0000, 0x0000, 0x0000, 0x0000, 0x0000, 0x0000, 0x0000,
  0x0000, 0x0000, 0x0000, 0x0000, 0x0000, 0x0000, 0x0000, 0x0000, 0x0000, 0x0000, 0x0000, 0x0000,
  0x0000, 0x0000, 0x0000, 0x0000, 0x0000, 0x0000, 0x0000, 0x0000, 0x0000, 0x0000, 0x0000, 0x0000,
  0x0000, 0x0000, 0x0000, 0x0000, 0x0000, 0x0000, 0x0000, 0x0000, 0x0000, 0x0000, 0x0000, 0x0000,
  0x0000, 0x0000, 0x0000, 0x0000, 0x0000, 0x0000, 0x0000, 0x0000, 0x0000, 0x0000, 0x0000, 0x0000,
  0x0000, 0x0000, 0x0000, 0x0000, 0x0000, 0x0000, 0x0000, 0x0000, 0x0000, 0x0000, 0x0000, 0x0000,
  0x0000, 0x0000, 0x0000, 0x0000, 0x0000, 0x0000, 0x0000, 0x0000, 0x0000, 0x0000, 0x0000, 0x0000,
  0x0000, 0x0000, 0x0000, 0x0000, 0x0000, 0x0000, 0x0000, 0x0000, 0x0000, 0x0000, 0x0000, 0x0000,
  0x0000, 0x0000, 0x0000, 0x0000, 0x0000, 0x0000, 0x0000, 0x0000, 0x0000, 0x0000, 0x0000, 0x0000,
  0x0000, 0x0000, 0x0000, 0x0000, 0x0000, 0x0000, 0x0000, 0x0000, 0x0000, 0x0000, 0x0000, 0x0000,
  0x0000, 0x0000, 0x0000, 0x0000, 0x0000, 0x0000, 0x0000, 0x0000, 0x0000, 0x0000, 0x0000, 0x0000,
  0x0000, 0x0000, 0x0000, 0x0000, 0x0000, 0x0000, 0x0000, 0x0000, 0x0000, 0x0000, 0x0000, 0x0000,
  0x0000, 0x0000, 0x0000, 0x0000, 0x0000, 0x0000, 0x0000, 0x0000, 0x0000, 0x0000, 0x0000, 0x0000,
  0x0000, 0x0000, 0x0000, 0x0000, 0x0000, 0x0000, 0x0000, 0x0000, 0x0000, 0x0000, 0x0000, 0x0000,
  0x0000, 0x0000, 0x0000, 0x0000, 0x0000, 0x0000, 0x0000, 0x0000, 0x0000, 0x0000, 0x0000, 0x0000,
  0x0000, 0x0000, 0x0000, 0x0000, 0x8731, 0x56CB, 0x56CB, 0x56CB, 0x56CB, 0x56CB, 0x0000, 0x0000,
  0x0000, 0x0000, 0x0000, 0x0000, 0x0000, 0x0000, 0x0000, 0x0000, 0x0000, 0x0000, 0x0000, 0x0000,
  0x0000, 0x0000, 0x0000, 0x0000, 0x0000, 0x0000, 0x0000, 0x0000, 0x0000, 0x0000, 0x0000, 0x0000,
  0x0000, 0x0000, 0xFFFF, 0xFFFF, 0x0000, 0x0000, 0x0000, 0x0000, 0x0000, 0x0000, 0x0000, 0x0000,
  0x0000, 0x0000, 0x0000, 0x0000, 0x0000, 0x0000, 0x0000, 0x0000, 0x0000, 0x0000, 0x0000, 0x0000,
  0x0000, 0x0000, 0x0000, 0x0000, 0xDFDF, 0x9FDF, 0x9FDF, 0x0000, 0x0000, 0x0000, 0x0000, 0x0000,
  0x0000, 0x0000, 0x0000, 0x0000, 0x0000, 0x0000, 0x0000, 0x0000, 0x0000, 0x0000, 0x0000, 0x0000,
  0x0000, 0x0000, 0x0000, 0x0000, 0x0000, 0x0000, 0x0000, 0x0000, 0x0000, 0x0000, 0x0000, 0x0000,
  0x0000, 0x0000, 0x0000, 0x0000, 0x0000, 0x0000, 0x0000, 0x0000, 0x0000, 0x0000, 0x0000, 0x0000,
  0x0000, 0x0000, 0x0000, 0x0000, 0x0000, 0x0000, 0x0000, 0x0000, 0x0000, 0x0000, 0x0000, 0x0000,
  0x0000, 0x0000, 0x0000, 0x0000, 0x0000, 0x0000, 0x0000, 0x0000, 0x0000, 0x0000, 0x0000, 0x0000,
  0x0000, 0x0000, 0x0000, 0x0000, 0x0000, 0x0000, 0x0000, 0x0000, 0x0000, 0x0000, 0x0000, 0x0000,
  0x0000, 0x0000, 0x0000, 0x0000, 0x0000, 0x0000, 0x0000, 0x0000, 0x0000, 0x0000, 0x0000, 0x0000,
  0x0000, 0x0000, 0x0000, 0x0000, 0x0000, 0x0000, 0x0000, 0x0000, 0x0000, 0x0000, 0x0000, 0x0000,
  0x0000, 0x0000, 0x0000, 0x0000, 0x0000, 0x0000, 0x0000, 0x0000, 0x0000, 0x0000, 0x0000, 0x0000,
  0x0000, 0x0000, 0x0000, 0x0000, 0x0000, 0x0000, 0x0000, 0x0000, 0x0000, 0x0000, 0x0000, 0x0000,
  0x0000, 0x0000, 0x0000, 0x0000, 0x0000, 0x0000, 0x0000, 0x0000, 0x0000, 0x0000, 0x0000, 0x0000,
  0x0000, 0x0000, 0x0000, 0x0000, 0x0000, 0x0000, 0x0000, 0x0000, 0x0000, 0x0000, 0x0000, 0x0000,
  0x0000, 0x0000, 0x0000, 0x0000, 0x0000, 0x0000, 0x0000, 0x0000, 0x0000, 0x0000, 0x0000, 0x0000,
  0x0000, 0x0000, 0x0000, 0x0000, 0x0000, 0x0000, 0x0000, 0x0000, 0x0000, 0x0000, 0x0000, 0x0000,
  0x0000, 0x0000, 0x0000, 0x0000, 0x0000, 0x0000, 0x0000, 0x0000, 0x0000, 0x0000, 0x0000, 0x0000,
  0x0000, 0x0000, 0x0000, 0x0000, 0x0000, 0x0000, 0x0000, 0x0000, 0x0000, 0x0000, 0x0000, 0x0000,
  0x0000, 0x0000, 0x0000, 0x0000, 0x0000, 0x0000, 0x0000, 0x0000, 0x0000, 0x0000, 0x0000, 0x0000,
  0x0000, 0x0000, 0x0000, 0x0000, 0x0000, 0x0000, 0x0000, 0x0000, 0x0000, 0x0000, 0x0000, 0x0000,
  0x8731, 0x56CB, 0x56CB, 0x2F51, 0x56CB, 0x0000, 0x0000, 0x0000, 0x0000, 0x0000, 0x0000, 0x0000,
  0x0000, 0x0000, 0x0000, 0x0000, 0x0000, 0x0000, 0x0000, 0x0000, 0x0000, 0x0000, 0x0000, 0x0000,
  0x0000, 0x0000, 0x0000, 0x0000, 0x0000, 0x0000, 0x0000, 0x0000, 0x0000, 0xFFFF, 0x0000, 0x0000,
  0x0000, 0x0000, 0x0000, 0x0000, 0x0000, 0x0000, 0x0000, 0x0000, 0x0000, 0x0000, 0x0000, 0x0000,
  0x0000, 0x0000, 0x0000, 0x0000, 0x0000, 0x0000, 0x0000, 0x0000, 0x0000, 0x0000, 0x0000, 0xDFDF,
  0xDFDF, 0x0000, 0x0000, 0x9FDF, 0x0000, 0x0000, 0x0000, 0x0000, 0x0000, 0x0000, 0x0000, 0x0000,
  0x0000, 0x0000, 0x0000, 0x0000, 0x0000, 0x0000, 0x0000, 0x0000, 0x0000, 0x0000, 0x0000, 0x0000,
  0x0000, 0x0000, 0x0000, 0x0000, 0x0000, 0x0000, 0x0000, 0x0000, 0x0000, 0x0000, 0x0000, 0x0000,
  0x0000, 0x0000, 0x0000, 0x0000, 0x0000, 0x0000, 0x0000, 0x0000, 0x0000, 0x0000, 0x0000, 0x0000,
  0x0000, 0x0000, 0x0000, 0x0000, 0x0000, 0x0000, 0x0000, 0x0000, 0x0000, 0x0000, 0x0000, 0x0000,
  0x0000, 0x0000, 0x0000, 0x0000, 0x0000, 0x0000, 0x0000, 0x0000, 0x0000, 0x0000, 0x0000, 0x0000,
  0x0000, 0x0000, 0x0000, 0x0000, 0x0000, 0x0000, 0x0000, 0x0000, 0x0000, 0x0000, 0x0000, 0x0000,
  0x0000, 0x0000, 0x0000, 0x0000, 0x0000, 0x0000, 0x0000, 0x0000, 0x0000, 0x0000, 0x0000, 0x0000,
  0x0000, 0x0000, 0x0000, 0x0000, 0x0000, 0x0000, 0x0000, 0x0000, 0x0000, 0x0000, 0x0000, 0x0000,
  0x0000, 0x0000, 0x0000, 0x0000, 0x0000, 0x0000, 0x0000, 0x0000, 0x0000, 0x0000, 0x0000, 0x0000,
  0x0000, 0x0000, 0x0000, 0x0000, 0x0000, 0x0000, 0x0000, 0x0000, 0x0000, 0x0000, 0x0000, 0x0000,
  0x0000, 0x0000, 0x0000, 0x0000, 0x0000, 0x0000, 0x0000, 0x0000, 0x0000, 0x0000, 0x0000, 0x0000,
  0x0000, 0x0000, 0x0000, 0x0000, 0x0000, 0x0000, 0x0000, 0x0000, 0x0000, 0x0000, 0x0000, 0x0000,
  0x0000, 0x0000, 0x0000, 0x0000, 0x0000, 0x0000, 0x0000, 0x0000, 0x0000, 0x0000, 0x0000, 0x0000,
  0x0000, 0x0000, 0x0000, 0x0000, 0x0000, 0x0000, 0x0000, 0x0000, 0x0000, 0x0000, 0x0000, 0x0000,
  0x0000, 0x0000, 0x0000, 0x0000, 0x0000, 0x0000, 0x0000, 0x0000, 0x0000, 0x0000, 0x0000, 0x0000,
  0x0000, 0x0000, 0x0000, 0x0000, 0x0000, 0x0000, 0x0000, 0x0000, 0x0000, 0x0000, 0x0000, 0x0000,
  0x0000, 0x0000, 0x0000, 0x0000, 0x0000, 0x0000, 0x0000, 0x0000, 0x0000, 0x0000, 0x0000, 0x0000,
  0x0000, 0x0000, 0x0000, 0x0000, 0x0000, 0x0000, 0x0000, 0x8731, 0x8731, 0x56CB, 0x2F51, 0x2F51,
  0x56CB, 0x0000, 0x0000, 0x0000, 0x0000, 0x0000, 0x0000, 0x0000, 0x0000, 0x0000, 0x0000, 0x0000,
  0x0000, 0x0000, 0x0000, 0x0000, 0x0000, 0x0000, 0x0000, 0x0000, 0x0000, 0x0000, 0x0000, 0x0000,
  0x0000, 0x0000, 0x0000, 0x0000, 0x0000, 0xFFFF, 0xFFFF, 0x0000, 0xFFFF, 0x0000, 0xFFFF, 0x0000,
  0xFFFF, 0x0000, 0x0000, 0x0000, 0x0000, 0x0000, 0x0000, 0x0000, 0x0000, 0x0000, 0x0000, 0x0000,
  0x0000, 0x0000, 0x0000, 0x0000, 0x0000, 0x0000, 0x0000, 0x9FDF, 0x0000, 0x0000, 0x0000, 0x9FDF,
  0x0000, 0x0000, 0x0000, 0x0000, 0x0000, 0x0000, 0x0000, 0x0000, 0x0000, 0x0000, 0x0000, 0x0000,
  0x0000, 0x0000, 0x0000, 0x0000, 0x0000, 0x0000, 0x0000, 0x0000, 0x0000, 0x0000, 0x0000, 0x0000,
  0x0000, 0x0000, 0x0000, 0x0000, 0x0000, 0x0000, 0x0000, 0x0000, 0x0000, 0x0000, 0x0000, 0x0000,
  0x0000, 0x0000, 0x0000, 0x0000, 0x0000, 0x0000, 0x0000, 0x0000, 0x0000, 0x0000, 0x0000, 0x0000,
  0x0000, 0x0000, 0x0000, 0x0000, 0x0000, 0x0000, 0x0000, 0x0000, 0x0000, 0x0000, 0x0000, 0x0000,
  0x0000, 0x0000, 0x0000, 0x0000, 0x0000, 0x0000, 0x0000, 0x0000, 0x0000, 0x0000, 0x0000, 0x0000,
  0x0000, 0x0000, 0x0000, 0x0000, 0x0000, 0x0000, 0x0000, 0x0000, 0x0000, 0x0000, 0x0000, 0x0000,
  0x0000, 0x0000, 0x0000, 0x0000, 0x0000, 0x0000, 0x0000, 0x0000, 0x0000, 0x0000, 0x0000, 0x0000,
  0x0000, 0x0000, 0x0000, 0x0000, 0x0000, 0x0000, 0x0000, 0x0000, 0x0000, 0x0000, 0x0000, 0x0000,
  0x0000, 0x0000, 0x0000, 0x0000, 0x0000, 0x0000, 0x0000, 0x0000, 0x0000, 0x0000, 0x0000, 0x0000,
  0x0000, 0x0000, 0x0000, 0x0000, 0x0000, 0x0000, 0x0000, 0x0000, 0x0000, 0x0000, 0x0000, 0x0000,
  0x0000, 0x0000, 0x0000, 0x0000, 0x0000, 0x0000, 0x0000, 0x0000, 0x0000, 0x0000, 0x0000, 0x0000,
  0x0000, 0x0000, 0x0000, 0x0000, 0x0000, 0x0000, 0x0000, 0x0000, 0x0000, 0x0000, 0x0000, 0x0000,
  0x0000, 0x0000, 0x0000, 0x0000, 0x0000, 0x0000, 0x0000, 0x0000, 0x0000, 0x0000, 0x0000, 0x0000,
  0x0000, 0x0000, 0x0000, 0x0000, 0x0000, 0x0000, 0x0000, 0x0000, 0x0000, 0x0000, 0x0000, 0x0000,
  0x0000, 0x0000, 0x0000, 0x0000, 0x0000, 0x0000, 0x0000, 0x0000, 0x0000, 0x0000, 0x0000, 0x0000,
  0x0000, 0x0000, 0x0000, 0x0000, 0x0000, 0x0000, 0x0000, 0x0000, 0x0000, 0x0000, 0x0000, 0x0000,
  0x0000, 0x0000, 0x0000, 0x0000, 0x0000, 0x0000, 0x0000, 0x0000, 0x0000, 0x0000, 0x0000, 0x0000,
  0x0000, 0x0000, 0x0000, 0x56CB, 0x56CB, 0x2F51, 0x2F51, 0x56CB, 0x56CB, 0x0000, 0x0000, 0x0000,
  0x0000, 0x0000, 0x0000, 0x0000, 0x0000, 0x0000, 0x0000, 0x0000, 0x0000, 0x0000, 0x0000, 0x0000,
  0x0000, 0x0000, 0x0000, 0x0000, 0x0000, 0x0000, 0x0000, 0x0000, 0x0000, 0x0000, 0x0000, 0x0000,
  0x0000, 0xFFFF, 0x0000, 0x0000, 0xFFFF, 0x0000, 0xFFFF, 0xFFFF, 0xFFFF, 0x0000, 0x0000, 0x0000,
  0x0000, 0x0000, 0x0000, 0x0000, 0x0000, 0x0000, 0x0000, 0x0000, 0x0000, 0x0000, 0x0000, 0x0000,
  0x0000, 0x0000, 0x0000, 0x9FDF, 0x0000, 0x0000, 0x0000, 0x9FDF, 0x0000, 0x0000, 0x0000, 0x0000,
  0x0000, 0x0000, 0x0000, 0x0000, 0x0000, 0x0000, 0x0000, 0x0000, 0x0000, 0x0000, 0x0000, 0x0000,
  0x0000, 0x0000, 0x0000, 0x0000, 0x0000, 0x0000, 0x0000, 0x0000, 0x0000, 0x0000, 0x0000, 0x0000,
  0x0000, 0x0000, 0x0000, 0x0000, 0x0000, 0x0000, 0x0000, 0x0000, 0x0000, 0x0000, 0x0000, 0x0000,
  0x0000, 0x0000, 0x0000, 0x0000, 0x0000, 0x0000, 0x0000, 0x0000, 0x0000, 0x0000, 0x0000, 0x0000,
  0x0000, 0x0000, 0x0000, 0x0000, 0x0000, 0x0000, 0x0000, 0x0000, 0x0000, 0x0000, 0x0000, 0x0000,
  0x0000, 0x0000, 0x0000, 0x0000, 0x0000, 0x0000, 0x0000, 0x0000, 0x0000, 0x0000, 0x0000, 0x0000,
  0x0000, 0x0000, 0x0000, 0x0000, 0x0000, 0x0000, 0x0000, 0x0000, 0x0000, 0x0000, 0x0000, 0x0000,
  0x0000, 0x0000, 0x0000, 0x0000, 0x0000, 0x0000, 0x0000, 0x0000, 0x0000, 0x0000, 0x0000, 0x0000,
  0x0000, 0x0000, 0x0000, 0x0000, 0x0000, 0x0000, 0x0000, 0x0000, 0x0000, 0x0000, 0x0000, 0x0000,
  0x0000, 0x0000, 0x0000, 0x0000, 0x0000, 0x0000, 0x0000, 0x0000, 0x0000, 0x0000, 0x0000, 0x0000,
  0x0000, 0x0000, 0x0000, 0x0000, 0x0000, 0x0000, 0x0000, 0x0000, 0x0000, 0x0000, 0x0000, 0x0000,
  0x0000, 0x0000, 0x0000, 0x0000, 0x0000, 0x0000, 0x0000, 0x0000, 0x0000, 0x0000, 0x0000, 0x0000,
  0x0000, 0x0000, 0x0000, 0x0000, 0x0000, 0x0000, 0x0000, 0x0000, 0x0000, 0x0000, 0x0000, 0x0000,
  0x0000, 0x0000, 0x0000, 0x0000, 0x0000, 0x0000, 0x0000, 0x0000, 0x0000, 0x0000, 0x0000, 0x0000,
  0x0000, 0x0000, 0x0000, 0x0000, 0x0000, 0x0000, 0x0000, 0x0000, 0x0000, 0x0000, 0x0000, 0x0000,
  0x0000, 0x0000, 0x0000, 0x0000, 0x0000, 0x0000, 0x0000, 0x0000, 0x0000, 0x0000, 0x0000, 0x0000,
  0x0000, 0x0000, 0x0000, 0x0000, 0x0000, 0x0000, 0x0000, 0x0000, 0x0000, 0x0000, 0x0000, 0x0000,
  0x0000, 0x0000, 0x0000, 0x0000, 0x0000, 0x0000, 0x0000, 0x0000, 0x0000, 0x0000, 0x0000, 0x56CB,
  0x56CB, 0x2F51, 0x2F51, 0x56CB, 0x56CB, 0x0000, 0x0000, 0x0000, 0x0000, 0x0000, 0x0000, 0x0000,
  0x0000, 0x0000, 0x0000, 0x0000, 0x0000, 0x0000, 0x0000, 0x0000, 0x0000, 0x0000, 0x0000, 0x0000,
  0x0000, 0x0000, 0x0000, 0x0000, 0x0000, 0x0000, 0x0000, 0x0000, 0x0000, 0xFFFF, 0x0000, 0x0000,
  0xFFFF, 0x0000, 0xFFFF, 0x0000, 0xFFFF, 0x0000, 0x0000, 0x0000, 0x0000, 0x0000, 0x0000, 0x0000,
  0x0000, 0x0000, 0x0000, 0x0000, 0x0000, 0x0000, 0x0000, 0x0000, 0x0000, 0x0000, 0x0000, 0x0000,
  0x9FDF, 0x9FDF, 0x9FDF, 0x0000, 0x0000, 0x0000, 0x0000, 0x0000, 0x0000, 0x0000, 0x0000, 0x0000,
  0x0000, 0x0000, 0x0000, 0x0000, 0x0000, 0x0000, 0x0000, 0x0000, 0x0000, 0x0000, 0x0000, 0x0000,
  0x0000, 0x0000, 0x0000, 0x0000, 0x0000, 0x0000, 0x0000, 0x0000, 0x0000, 0x0000, 0x0000, 0x0000,
  0x0000, 0x0000, 0x0000, 0x0000, 0x0000, 0x0000, 0x0000, 0x0000, 0x0000, 0x0000, 0x0000, 0x0000,
  0x0000, 0x0000, 0x0000, 0x0000, 0x0000, 0x0000, 0x0000, 0x0000, 0x0000, 0x0000, 0x0000, 0x0000,
  0x0000, 0x0000, 0x0000, 0x0000, 0x0000, 0x0000, 0x0000, 0x0000, 0x0000, 0x0000, 0x0000, 0x0000,
  0x0000, 0x0000, 0x0000, 0x0000, 0x0000, 0x0000, 0x0000, 0x0000, 0x0000, 0x0000, 0x0000, 0x0000,
  0x0000, 0x0000, 0x0000, 0x0000, 0x0000, 0x0000, 0x0000, 0x0000, 0x0000, 0x0000, 0x0000, 0x0000,
  0x0000, 0x0000, 0x0000, 0x0000, 0x0000, 0x0000, 0x0000, 0x0000, 0x0000, 0x0000, 0x0000, 0x0000,
  0x0000, 0x0000, 0x0000, 0x0000, 0x0000, 0x0000, 0x0000, 0x0000, 0x0000, 0x0000, 0x0000, 0x0000,
  0x0000, 0x0000, 0x0000, 0x0000, 0x0000, 0x0000, 0x0000, 0x0000, 0x0000, 0x0000, 0x0000, 0x0000,
  0x0000, 0x0000, 0x0000, 0x0000, 0x0000, 0x0000, 0x0000, 0x0000, 0x0000, 0x0000, 0x0000, 0x0000,
  0x0000, 0x0000, 0x0000, 0x0000, 0x0000, 0x0000, 0x0000, 0x0000, 0x0000, 0x0000, 0x0000, 0x0000,
  0x0000, 0x0000, 0x0000, 0x0000, 0x0000, 0x0000, 0x0000, 0x0000, 0x0000, 0x0000, 0x0000, 0x0000,
  0x0000, 0x0000, 0x0000, 0x0000, 0x0000, 0x0000, 0x0000, 0x0000, 0x0000, 0x0000, 0x0000, 0x0000,
  0x0000, 0x0000, 0x0000, 0x0000, 0x0000, 0x0000, 0x0000, 0x0000, 0x0000, 0x0000, 0x0000, 0x0000,
  0x0000, 0x0000, 0x0000, 0x0000, 0x0000, 0x0000, 0x0000, 0x0000, 0x0000, 0x0000, 0x0000, 0x0000,
  0x0000, 0x0000, 0x0000, 0x0000, 0x0000, 0x0000, 0x0000, 0x0000, 0x0000, 0x0000, 0x0000, 0x0000,
  0x0000, 0x0000, 0x0000, 0x0000, 0x0000, 0x0000, 0x0000, 0x56CB, 0x56CB, 0x56CB, 0x2F51, 0x2F51,
  0x56CB, 0x56CB, 0x0000, 0x0000, 0x0000, 0x0000, 0x0000, 0x0000, 0xDFDF, 0x9FDF, 0x9FDF, 0x0000,
  0x0000, 0x0000, 0x0000, 0x0000, 0x0000, 0x0000, 0x0000, 0x0000, 0x0000, 0x0000, 0x0000, 0x0000,
  0x0000, 0x0000, 0x0000, 0x0000, 0x0000, 0x0000, 0x0000, 0x0000, 0x0000, 0x0000, 0x0000, 0x0000,
  0x0000, 0x0000, 0x0000, 0x0000, 0x0000, 0x0000, 0x0000, 0x0000, 0x0000, 0x0000, 0x0000, 0x0000,
  0x0000, 0x0000, 0x0000, 0x0000, 0x0000, 0x0000, 0x0000, 0x0000, 0x0000, 0x0000, 0x0000, 0x0000,
  0x0000, 0x0000, 0x0000, 0x0000, 0x0000, 0x0000, 0x0000, 0x0000, 0x0000, 0x0000, 0x0000, 0x0000,
  0x0000, 0x0000, 0x0000, 0x0000, 0x0000, 0x0000, 0x0000, 0x0000, 0x0000, 0x0000, 0x0000, 0x0000,
  0x0000, 0x0000, 0x0000, 0x0000, 0x0000, 0x0000, 0x0000, 0x0000, 0x0000, 0x0000, 0x0000, 0x0000,
  0x0000, 0x0000, 0x0000, 0x0000, 0x0000, 0x0000, 0x0000, 0x0000, 0x0000, 0x0000, 0x0000, 0x0000,
  0x0000, 0x0000, 0x0000, 0x0000, 0x0000, 0x0000, 0x0000, 0x0000, 0x0000, 0x0000, 0x0000, 0x0000,
  0x0000, 0x0000, 0x0000, 0x0000, 0x0000, 0x0000, 0x0000, 0x0000, 0x0000, 0x0000, 0x0000, 0x0000,
  0x0000, 0x0000, 0x0000, 0x0000, 0x0000, 0x0000, 0x0000, 0x0000, 0x0000, 0x0000, 0x0000, 0x0000,
  0x0000, 0x0000, 0x0000, 0x0000, 0x0000, 0x0000, 0x0000, 0x0000, 0x0000, 0x0000, 0x0000, 0x0000,
  0x0000, 0x0000, 0x0000, 0x0000, 0x0000, 0x0000, 0x0000, 0x0000, 0x0000, 0x0000, 0x0000, 0x0000,
  0x0000, 0x0000, 0x0000, 0x0000, 0x0000, 0x0000, 0x0000, 0x0000, 0x0000, 0x0000, 0x0000, 0x0000,
  0x0000, 0x0000, 0x0000, 0x0000, 0x0000, 0x0000, 0x0000, 0x0000, 0x0000, 0x0000, 0x0000, 0x0000,
  0x0000, 0x0000, 0x0000, 0x0000, 0x0000, 0x0000, 0x0000, 0x0000, 0x0000, 0x0000, 0x0000, 0x0000,
  0x0000, 0x0000, 0x0000, 0x0000, 0x0000, 0x0000, 0x0000, 0x0000, 0x0000, 0x0000, 0x0000, 0x0000,
  0x0000, 0x0000, 0x0000, 0x0000, 0x0000, 0x0000, 0x0000, 0x0000, 0x0000, 0x0000, 0x0000, 0x0000,
  0x0000, 0x0000, 0x0000, 0x0000, 0x0000, 0x0000, 0x0000, 0x0000, 0x0000, 0x0000, 0x0000, 0x0000,
  0x0000, 0x0000, 0x0000, 0x0000, 0x0000, 0x0000, 0x0000, 0x0000, 0x0000, 0x0000, 0x0000, 0x0000,
  0x0000, 0x0000, 0x0000, 0x0000, 0x0000, 0x0000, 0xDFDF, 0x9FDF, 0x9FDF, 0x0000, 0x0000, 0x0000,
  0x0000, 0x0000, 0x0000, 0x0000, 0x0000, 0x0000, 0x0000, 0x0000, 0x0000, 0x0000, 0x0000, 0x0000,
  0x0000, 0x0000, 0x0000, 0x0000, 0x56CB, 0x56CB, 0x2F51, 0x2F51, 0x56CB, 0x56CB, 0x56CB, 0x0000,
  0x0000, 0x0000, 0x0000, 0xDFDF, 0xDFDF, 0x0000, 0x0000, 0x9FDF, 0x0000, 0x0000, 0x0000, 0x0000,
  0x0000, 0x0000, 0x0000, 0x0000, 0x0000, 0x0000, 0x0000, 0x0000, 0x0000, 0x0000, 0x0000, 0x0000,
  0x0000, 0x0000, 0x0000, 0x0000, 0x0000, 0x0000, 0x0000, 0x0000, 0x0000, 0x0000, 0x0000, 0x0000,
  0x0000, 0x0000, 0x0000, 0x0000, 0x0000, 0x0000, 0x0000, 0x0000, 0x0000, 0x0000, 0x0000, 0x0000,
  0x0000, 0x0000, 0x0000, 0x0000, 0x0000, 0x0000, 0x0000, 0x0000, 0x0000, 0x0000, 0x0000, 0x0000,
  0x0000, 0x0000, 0x0000, 0x0000, 0x0000, 0x0000, 0x0000, 0x0000, 0x0000, 0x0000, 0x0000, 0x0000,
  0x0000, 0x0000, 0x0000, 0x0000, 0x0000, 0x0000, 0x0000, 0x0000, 0x0000, 0x0000, 0x0000, 0x0000,
  0x0000, 0x0000, 0x0000, 0x0000, 0x0000, 0x0000, 0x0000, 0x0000, 0x0000, 0x0000, 0x0000, 0x0000,
  0x0000, 0x0000, 0x0000, 0x0000, 0x0000, 0x0000, 0x0000, 0x0000, 0x0000, 0x0000, 0x0000, 0x0000,
  0x0000, 0x0000, 0x0000, 0x0000, 0x0000, 0x0000, 0x0000, 0x0000, 0x0000, 0x0000, 0x0000, 0x0000,
  0x0000, 0x0000, 0x0000, 0x0000, 0x0000, 0x0000, 0x0000, 0x0000, 0x0000, 0x0000, 0x0000, 0x0000,
  0x0000, 0x0000, 0x0000, 0x0000, 0x0000, 0x0000, 0x0000, 0x0000, 0x0000, 0x0000, 0x0000, 0x0000,
  0x0000, 0x0000, 0x0000, 0x0000, 0x0000, 0x0000, 0x0000, 0x0000, 0x0000, 0x0000, 0x0000, 0x0000,
  0x0000, 0x0000, 0x0000, 0x0000, 0x0000, 0x0000, 0x0000, 0x0000, 0x0000, 0x0000, 0x0000, 0x0000,
  0x0000, 0x0000, 0x0000, 0x0000, 0x0000, 0x0000, 0x0000, 0x0000, 0x0000, 0x0000, 0x0000, 0x0000,
  0x0000, 0x0000, 0x0000, 0x0000, 0x0000, 0x0000, 0x0000, 0x0000, 0x0000, 0x0000, 0x0000, 0x0000,
  0x0000, 0x0000, 0x0000, 0x0000, 0x0000, 0x0000, 0x0000, 0x0000, 0x0000, 0x0000, 0x0000, 0x0000,
  0x0000, 0x0000, 0x0000, 0x0000, 0x0000, 0x0000, 0x0000, 0x0000, 0x0000, 0x0000, 0x0000, 0x0000,
  0x0000, 0x0000, 0x0000, 0x0000, 0x0000, 0x0000, 0x0000, 0x0000, 0x0000, 0x0000, 0x0000, 0x0000,
  0x0000, 0x0000, 0x0000, 0x0000, 0x0000, 0x0000, 0x0000, 0x0000, 0x0000, 0x0000, 0x0000, 0x0000,
  0x0000, 0x0000, 0x0000, 0x0000, 0x0000, 0x0000, 0x0000, 0x0000, 0x0000, 0x0000, 0x0000, 0x0000,
  0x0000, 0xDFDF, 0xDFDF, 0x0000, 0x0000, 0x9FDF, 0x0000, 0x0000, 0x0000, 0x0000, 0x0000, 0x0000,
  0x0000, 0x0000, 0x0000, 0x0000, 0x0000, 0x0000, 0x0000, 0x0000, 0x0000, 0x0000, 0x0000, 0x0000,
  0x56CB, 0x56CB, 0x56CB, 0x2F51, 0x56CB, 0x56CB, 0x56CB, 0x0000, 0x0000, 0x0000, 0x0000, 0x9FDF,
  0x0000, 0x0000, 0x0000, 0x9FDF, 0x0000, 0x0000, 0x0000, 0x0000, 0x0000, 0x0000, 0x0000, 0x0000,
  0x0000, 0x0000, 0x0000, 0x0000, 0x0000, 0x0000, 0x0000, 0x0000, 0x0000, 0x0000, 0x0000, 0x0000,
  0x0000, 0x0000, 0x0000, 0x0000, 0x0000, 0x0000, 0x0000, 0x0000, 0x0000, 0x0000, 0x0000, 0x0000,
  0x0000, 0x0000, 0x0000, 0x0000, 0x0000, 0x0000, 0x0000, 0x0000, 0x0000, 0x0000, 0x0000, 0x0000,
  0x0000, 0x0000, 0x0000, 0x0000, 0x0000, 0x0000, 0x0000, 0x0000, 0x0000, 0x0000, 0x0000, 0x0000,
  0x0000, 0x0000, 0x0000, 0x0000, 0x0000, 0x0000, 0x0000, 0x0000, 0x0000, 0x0000, 0x0000, 0x0000,
  0x0000, 0x0000, 0x0000, 0x0000, 0x0000, 0x0000, 0x0000, 0x0000, 0x0000, 0x0000, 0x0000, 0x0000,
  0x0000, 0x0000, 0x0000, 0x0000, 0x0000, 0x0000, 0x0000, 0x0000, 0x0000, 0x0000, 0x0000, 0x0000,
  0x0000, 0x0000, 0x0000, 0x0000, 0x0000, 0x0000, 0x0000, 0x0000, 0x0000, 0x0000, 0x0000, 0x0000,
  0x0000, 0x0000, 0x0000, 0x0000, 0x0000, 0x0000, 0x0000, 0x0000, 0x0000, 0x0000, 0x0000, 0x0000,
  0x0000, 0x0000, 0x0000, 0x0000, 0x0000, 0x0000, 0x0000, 0x0000, 0x0000, 0x0000, 0x0000, 0x0000,
  0x0000, 0x0000, 0x0000, 0x0000, 0x0000, 0x0000, 0x0000, 0x0000, 0x0000, 0x0000, 0x0000, 0x0000,
  0x0000, 0x0000, 0x0000, 0x0000, 0x0000, 0x0000, 0x0000, 0x0000, 0x0000, 0x0000, 0x0000, 0x0000,
  0x0000, 0x0000, 0x0000, 0x0000, 0x0000, 0x0000, 0x0000, 0x0000, 0x0000, 0x0000, 0x0000, 0x0000,
  0x0000, 0x0000, 0x0000, 0x0000, 0x0000, 0x0000, 0x0000, 0x0000, 0x0000, 0x0000, 0x0000, 0x0000,
  0x0000, 0x0000, 0x0000, 0x0000, 0x0000, 0x0000, 0x0000, 0x0000, 0x0000, 0x0000, 0x0000, 0x0000,
  0x0000, 0x0000, 0x0000, 0x0000, 0x0000, 0x0000, 0x0000, 0x0000, 0x0000, 0x0000, 0x0000, 0x0000,
  0x0000, 0x0000, 0x0000, 0x0000, 0x0000, 0x0000, 0x0000, 0x0000, 0x0000, 0x0000, 0x0000, 0x0000,
  0x0000, 0x0000, 0x0000, 0x0000, 0x0000, 0x0000, 0x0000, 0x0000, 0x0000, 0x0000, 0x0000, 0x0000,
  0x0000, 0x0000, 0x0000, 0x0000, 0x0000, 0x0000, 0x0000, 0x0000, 0x0000, 0x0000, 0x0000, 0x0000,
  0x0000, 0x0000, 0x0000, 0x0000, 0x0000, 0x0000, 0x0000, 0x0000, 0x0000, 0x9FDF, 0x0000, 0x0000,
  0x0000, 0x9FDF, 0x0000, 0x0000, 0x0000, 0x0000, 0x0000, 0x0000, 0x0000, 0x0000, 0x0000, 0x0000,
  0x0000, 0x0000, 0x0000, 0x0000, 0x0000, 0x0000, 0x0000, 0x0000, 0x0000, 0x56CB, 0x56CB, 0x56CB,
  0x56CB, 0x56CB, 0x56CB, 0x56CB, 0x0000, 0x0000, 0x0000, 0x9FDF, 0x0000, 0x0000, 0x0000, 0x9FDF,
  0x0000, 0x0000, 0x0000, 0x0000, 0x0000, 0x0000, 0x0000, 0x0000, 0x0000, 0x0000, 0x0000, 0x0000,
  0x0000, 0x0000, 0x0000, 0x5A25, 0x5A25, 0x5A25, 0x5A25, 0x5A25, 0x5A25, 0x5A25, 0x5A25, 0x5A25,
  0x5A25, 0x5A25, 0x5A25, 0x0000, 0x0000, 0x0000, 0x0000, 0x0000, 0x0000, 0x0000, 0x0000, 0x0000,
  0x0000, 0x0000, 0x0000, 0x0000, 0x0000, 0x0000, 0x0000, 0x0000, 0x0000, 0x0000, 0x0000, 0x0000,
  0x0000, 0x0000, 0x0000, 0x0000, 0x0000, 0x0000, 0x0000, 0x0000, 0x0000, 0x0000, 0x0000, 0x0000,
  0x0000, 0x0000, 0x0000, 0x0000, 0x0000, 0x0000, 0x0000, 0x0000, 0x0000, 0x0000, 0x0000, 0x0000,
  0x0000, 0x0000, 0x0000, 0x0000, 0x0000, 0x0000, 0x0000, 0x0000, 0x0000, 0x0000, 0x0000, 0x0000,
  0x0000, 0x0000, 0x0000, 0x0000, 0x0000, 0x0000, 0x0000, 0x0000, 0x0000, 0x0000, 0x0000, 0x0000,
  0x0000, 0x0000, 0x0000, 0x0000, 0x0000, 0x0000, 0x0000, 0x0000, 0x0000, 0x0000, 0x0000, 0x0000,
  0x0000, 0x0000, 0x0000, 0x0000, 0x0000, 0x0000, 0x0000, 0x0000, 0x0000, 0x0000, 0x0000, 0x0000,
  0x0000, 0x0000, 0x0000, 0x0000, 0x0000, 0x0000, 0x0000, 0x0000, 0x0000, 0x0000, 0x0000, 0x0000,
  0x0000, 0x0000, 0x0000, 0x0000, 0x0000, 0x0000, 0x0000, 0x0000, 0x0000, 0x0000, 0x0000, 0x0000,
  0x0000, 0x0000, 0x0000, 0x0000, 0x0000, 0x0000, 0x0000, 0x0000, 0x0000, 0x0000, 0x0000, 0x0000,
  0x0000, 0x0000, 0x0000, 0x0000, 0x0000, 0x0000, 0x0000, 0x0000, 0x0000, 0x0000, 0x0000, 0x0000,
  0x0000, 0x0000, 0x0000, 0x0000, 0x0000, 0x0000, 0x0000, 0x0000, 0x0000, 0x0000, 0x0000, 0x0000,
  0x0000, 0x0000, 0x0000, 0x0000, 0x0000, 0x0000, 0x0000, 0x0000, 0x0000, 0x0000, 0x0000, 0x0000,
  0x0000, 0x0000, 0x0000, 0x0000, 0x0000, 0x0000, 0x0000, 0x0000, 0x0000, 0x0000, 0x0000, 0x0000,
  0x0000, 0x0000, 0x0000, 0x0000, 0x0000, 0x0000, 0x0000, 0x0000, 0x0000, 0x0000, 0x0000, 0x0000,
  0x0000, 0x0000, 0x0000, 0x0000, 0x0000, 0x0000, 0x0000, 0x0000, 0x0000, 0x0000, 0x0000, 0x0000,
  0x0000, 0x0000, 0x0000, 0x0000, 0x0000, 0x0000, 0x0000, 0x0000, 0x0000, 0x0000, 0x0000, 0x0000,
  0x0000, 0x0000, 0x0000, 0x0000, 0x0000, 0x9FDF, 0x0000, 0x0000, 0x0000, 0x9FDF, 0x0000, 0x0000,
  0x0000, 0x0000, 0x0000, 0x0000, 0x0000, 0x0000, 0x0000, 0x0000, 0x0000, 0x0000, 0x0000, 0x0000,
  0x0000, 0x0000, 0x0000, 0x0000, 0x0000, 0x0000, 0x56CB, 0x56CB, 0x56CB, 0x56CB, 0x56CB, 0x56CB,
  0x0000, 0x0000, 0x0000, 0x0000, 0x9FDF, 0x9FDF, 0x9FDF, 0x0000, 0x0000, 0x0000, 0x0000, 0x0000,
  0x0000, 0x0000, 0x0000, 0x0000, 0x0000, 0x0000, 0x0000, 0x0000, 0x0000, 0x0000, 0x5A25, 0xD507,
  0xD507, 0xD507, 0xCCA3, 0xCCA3, 0xCCA3, 0xCCA3, 0xCCA3, 0x5A25, 0xCCA3, 0xCCA3, 0xCCA3, 0x5A25,
  0x0000, 0x0000, 0x0000, 0x0000, 0x0000, 0x0000, 0x0000, 0x0000, 0x0000, 0x0000, 0x0000, 0x0000,
  0x0000, 0x0000, 0x0000, 0x0000, 0x0000, 0x0000, 0x0000, 0x0000, 0x0000, 0x0000, 0x0000, 0x0000,
  0x0000, 0x0000, 0x0000, 0x0000, 0x0000, 0x0000, 0x0000, 0x0000, 0x0000, 0x0000, 0x0000, 0x0000,
  0x0000, 0x0000, 0x0000, 0x0000, 0x0000, 0x0000, 0x0000, 0x0000, 0x0000, 0x0000, 0x0000, 0x0000,
  0x0000, 0x0000, 0x0000, 0x0000, 0x0000, 0x0000, 0x0000, 0x0000, 0x0000, 0x0000, 0x0000, 0x0000,
  0x0000, 0x0000, 0x0000, 0x0000, 0x0000, 0x0000, 0x0000, 0x0000, 0x0000, 0x0000, 0x0000, 0x0000,
  0x0000, 0x0000, 0x0000, 0x0000, 0x0000, 0x0000, 0x0000, 0x0000, 0x0000, 0x0000, 0x0000, 0x0000,
  0x0000, 0x0000, 0x0000, 0x0000, 0x0000, 0x0000, 0x0000, 0x0000, 0x0000, 0x0000, 0x0000, 0x0000,
  0x0000, 0x0000, 0x0000, 0x0000, 0x0000, 0x0000, 0x0000, 0x0000, 0x0000, 0x0000, 0x0000, 0x0000,
  0x0000, 0x0000, 0x0000, 0x0000, 0x0000, 0x0000, 0x0000, 0x0000, 0x0000, 0x0000, 0x0000, 0x0000,
  0x0000, 0x0000, 0x0000, 0x0000, 0x0000, 0x0000, 0x0000, 0x0000, 0x0000, 0x0000, 0x0000, 0x0000,
  0x0000, 0x0000, 0x0000, 0x0000, 0x0000, 0x0000, 0x0000, 0x0000, 0x0000, 0x0000, 0x0000, 0x0000,
  0x0000, 0x0000, 0x0000, 0x0000, 0x0000, 0x0000, 0x0000, 0x0000, 0x0000, 0x0000, 0x0000, 0x0000,
  0x0000, 0x0000, 0x0000, 0x0000, 0x0000, 0x0000, 0x0000, 0x0000, 0x0000, 0x0000, 0x0000, 0x0000,
  0x0000, 0x0000, 0x0000, 0x0000, 0x0000, 0x0000, 0x0000, 0x0000, 0x0000, 0x0000, 0x0000, 0x0000,
  0x0000, 0x0000, 0x0000, 0x0000, 0x0000, 0x0000, 0x0000, 0x0000, 0x0000, 0x0000, 0x0000, 0x0000,
  0x0000, 0x0000, 0x0000, 0x0000, 0x0000, 0x0000, 0x0000, 0x0000, 0x0000, 0x0000, 0x0000, 0x0000,
  0x0000, 0x0000, 0x0000, 0x0000, 0x0000, 0x0000, 0x0000, 0x0000, 0x0000, 0x0000, 0x0000, 0x0000,
  0x0000, 0x0000, 0x9FDF, 0x9FDF, 0x9FDF, 0x0000, 0x0000, 0x0000, 0x0000, 0x0000, 0x0000, 0x0000,
  0x0000, 0x0000, 0x0000, 0x0000, 0x0000, 0x0000, 0x0000, 0x0000, 0x0000, 0x0000, 0x0000, 0x0000,
  0x0000, 0x0000, 0x56CB, 0x56CB, 0x2F51, 0x56CB, 0x56CB, 0x56CB, 0x0000, 0x0000, 0x0000, 0x0000,
  0x0000, 0x0000, 0x0000, 0x0000, 0x0000, 0x0000, 0x0000, 0x0000, 0x0000, 0x0000, 0x0000, 0x0000,
  0x0000, 0x0000, 0x0000, 0x0000, 0x0000, 0x0000, 0x5A25, 0xD507, 0xCCA3, 0xCCA3, 0xCCA3, 0xCCA3,
  0xCCA3, 0xCCA3, 0xCCA3, 0x5A25, 0xCCA3, 0xCCA3, 0xCCA3, 0x5A25, 0x0000, 0x0000, 0x0000, 0x0000,
  0x0000, 0x0000, 0x0000, 0x0000, 0x0000, 0x0000, 0x0000, 0x0000, 0x0000, 0x0000, 0x0000, 0x0000,
  0x0000, 0x0000, 0x0000, 0x0000, 0x0000, 0x0000, 0x0000, 0x0000, 0x0000, 0x0000, 0x0000, 0x0000,
  0x0000, 0x0000, 0x0000, 0x0000, 0x0000, 0x0000, 0x0000, 0x0000, 0x0000, 0x0000, 0x0000, 0x0000,
  0x0000, 0x0000, 0x0000, 0x0000, 0x0000, 0x0000, 0x0000, 0x0000, 0x0000, 0x0000, 0x0000, 0x0000,
  0x0000, 0x0000, 0x0000, 0x0000, 0x0000, 0x0000, 0x0000, 0x0000, 0x0000, 0x0000, 0xFDC6, 0xFDC6,
  0x0000, 0x0000, 0x0000, 0x0000, 0x0000, 0xFD60, 0xFD60, 0x0000, 0x0000, 0xFDC6, 0xFDC6, 0x0000,
  0x0000, 0x0000, 0x0000, 0x0000, 0xFDC6, 0xFDC6, 0xFDC6, 0xFD60, 0xFD60, 0x0000, 0x0000, 0xFDC6,
  0x0000, 0x0000, 0x0000, 0xFD60, 0x0000, 0x0000, 0xFDC6, 0xFDC6, 0xFDC6, 0xFD60, 0xFD60, 0x0000,
  0x0000, 0xFDC6, 0xFDC6, 0x0000, 0x0000, 0x0000, 0x0000, 0x0000, 0x0000, 0x0000, 0x0000, 0x0000,
  0x0000, 0x0000, 0x0000, 0x0000, 0x0000, 0x0000, 0x0000, 0x0000, 0x0000, 0x0000, 0x0000, 0x0000,
  0x0000, 0x0000, 0x0000, 0x0000, 0x0000, 0x0000, 0x0000, 0x0000, 0x0000, 0x0000, 0x0000, 0x0000,
  0x0000, 0x0000, 0x0000, 0x0000, 0x0000, 0x0000, 0x0000, 0x0000, 0x0000, 0x0000, 0x0000, 0x0000,
  0x0000, 0x0000, 0x0000, 0x0000, 0x0000, 0x0000, 0x0000, 0x0000, 0x0000, 0x0000, 0x0000, 0x0000,
  0x0000, 0x0000, 0x0000, 0x0000, 0x0000, 0x0000, 0x0000, 0x0000, 0x0000, 0x0000, 0x0000, 0x0000,
  0x0000, 0x0000, 0x0000, 0x0000, 0x0000, 0x0000, 0x0000, 0x0000, 0x0000, 0x0000, 0x0000, 0x0000,
  0x0000, 0x0000, 0x0000, 0x0000, 0x0000, 0x0000, 0x0000, 0x0000, 0x0000, 0x0000, 0x0000, 0x0000,
  0x0000, 0x0000, 0x0000, 0x0000, 0x0000, 0x0000, 0x0000, 0x0000, 0x0000, 0x0000, 0x0000, 0x0000,
  0x0000, 0x0000, 0x0000, 0x0000, 0x0000, 0x0000, 0x0000, 0x0000, 0x0000, 0x0000, 0x0000, 0x0000,
  0x0000, 0x0000, 0x0000, 0x0000, 0x0000, 0x0000, 0x0000, 0x0000, 0x0000, 0x0000, 0x0000, 0x0000,
  0x0000, 0x0000, 0x0000, 0x0000, 0x0000, 0x0000, 0x0000, 0x0000, 0x0000, 0x0000, 0x0000, 0x56CB,
  0x2F51, 0x2F51, 0x56CB, 0x56CB, 0x0000, 0x0000, 0x0000, 0x0000, 0x0000, 0x0000, 0x0000, 0x0000,
  0x0000, 0x0000, 0x0000, 0x0000, 0x0000, 0x0000, 0x0000, 0x0000, 0x0000, 0x0000, 0x0000, 0x0000,
  0x0000, 0x0000, 0x5A25, 0x5A25, 0x5A25, 0x5A25, 0x5A25, 0x5A25, 0x5A25, 0x5A25, 0x5A25, 0x5A25,
  0x5A25, 0x5A25, 0x5A25, 0x5A25, 0x0000, 0x0000, 0x0000, 0x0000, 0x0000, 0x0000, 0x0000, 0x0000,
  0x0000, 0x0000, 0x0000, 0x0000, 0x0000, 0x0000, 0x0000, 0x0000, 0x0000, 0x0000, 0x0000, 0x0000,
  0x0000, 0x0000, 0x0000, 0x0000, 0x0000, 0x0000, 0x0000, 0x0000, 0x0000, 0x0000, 0x0000, 0x0000,
  0x0000, 0x0000, 0x0000, 0x0000, 0x0000, 0x0000, 0x0000, 0x0000, 0x0000, 0x0000, 0x0000, 0x0000,
  0x0000, 0x0000, 0x0000, 0x0000, 0x0000, 0x0000, 0x0000, 0x0000, 0x0000, 0x0000, 0x0000, 0x0000,
  0x0000, 0x0000, 0x0000, 0x0000, 0x0000, 0x0000, 0xFDC6, 0xFD60, 0xFD60, 0x0000, 0x0000, 0x0000,
  0x0000, 0xFD60, 0xFD60, 0x0000, 0x0000, 0xFDC6, 0xFD60, 0x0000, 0x0000, 0x0000, 0x0000, 0x0000,
  0xFDC6, 0xFDC6, 0xFD60, 0xFD60, 0xFD60, 0x0000, 0x0000, 0xFDC6, 0x0000, 0x0000, 0x0000, 0xFD60,
  0x0000, 0x0000, 0xFDC6, 0xFDC6, 0xFD60, 0xFD60, 0xFD60, 0x0000, 0x0000, 0xFDC6, 0xFD60, 0x0000,
  0x0000, 0x0000, 0x0000, 0x0000, 0x0000, 0x0000, 0x0000, 0x0000, 0x0000, 0x0000, 0x0000, 0x0000,
  0x0000, 0x0000, 0x0000, 0x0000, 0x0000, 0x0000, 0x0000, 0x0000, 0x0000, 0x0000, 0x0000, 0x0000,
  0x0000, 0x0000, 0x0000, 0x0000, 0x0000, 0x0000, 0x0000, 0x0000, 0x0000, 0x0000, 0x0000, 0x0000,
  0x0000, 0x0000, 0x0000, 0x0000, 0x0000, 0x0000, 0x0000, 0x0000, 0x0000, 0x0000, 0x0000, 0x0000,
  0x0000, 0x0000, 0x0000, 0x0000, 0x0000, 0x0000, 0x0000, 0x0000, 0x0000, 0x0000, 0x0000, 0x0000,
  0x0000, 0x0000, 0x0000, 0x0000, 0x0000, 0x0000, 0x0000, 0x0000, 0x0000, 0x0000, 0x0000, 0x0000,
  0x0000, 0x0000, 0x0000, 0x0000, 0x0000, 0x0000, 0x0000, 0x0000, 0x0000, 0x0000, 0x0000, 0x0000,
  0x0000, 0x0000, 0x0000, 0x0000, 0x0000, 0x0000, 0x0000, 0x0000, 0x0000, 0x0000, 0x0000, 0x0000,
  0x0000, 0x0000, 0x0000, 0x0000, 0x0000, 0x0000, 0x0000, 0x0000, 0x0000, 0x0000, 0x0000, 0x0000,
  0x0000, 0x0000, 0x0000, 0x0000, 0x0000, 0x0000, 0xFAEB, 0x0000, 0x0000, 0x0000, 0xF800, 0x0000,
  0x0000, 0x0000, 0x0000, 0x0000, 0x0000, 0x0000, 0x0000, 0x0000, 0x0000, 0x0000, 0x0000, 0x0000,
  0x0000, 0x0000, 0x0000, 0x0000, 0x0000, 0x0000, 0x0000, 0x56CB, 0x56CB, 0x2F51, 0x56CB, 0x4DCA,
  0x0000, 0x0000, 0x0000, 0x0000, 0x0000, 0x0000, 0x0000, 0x0000, 0x0000, 0x0000, 0x0000, 0x0000,
  0x0000, 0x0000, 0x0000, 0x0000, 0x0000, 0x0000, 0x0000, 0x0000, 0x0000, 0x0000, 0x5A25, 0xD507,
  0xCCA3, 0xCCA3, 0x4A07, 0xCCA3, 0xCCA3, 0xCCA3, 0xCCA3, 0x5A25, 0xCCA3, 0xCCA3, 0xCCA3, 0x5A25,
  0x0000, 0x0000, 0x0000, 0x0000, 0x0000, 0x0000, 0x0000, 0x0000, 0x0000, 0x0000, 0x0000, 0x0000,
  0x0000, 0x0000, 0x0000, 0x0000, 0x0000, 0x0000, 0x0000, 0x0000, 0x0000, 0x0000, 0x0000, 0x0000,
  0x0000, 0x0000, 0x0000, 0x0000, 0x0000, 0x0000, 0x0000, 0x0000, 0x0000, 0x0000, 0x0000, 0x0000,
  0x0000, 0x0000, 0x0000, 0x0000, 0x0000, 0x0000, 0x0000, 0x0000, 0x0000, 0x0000, 0x0000, 0x0000,
  0x0000, 0x0000, 0x0000, 0x0000, 0x0000, 0x0000, 0x0000, 0x0000, 0x0000, 0x0000, 0x0000, 0x0000,
  0x0000, 0x0000, 0xFDC6, 0xFD60, 0xFD60, 0xFD60, 0x0000, 0x0000, 0x0000, 0xFD60, 0xFD60, 0x0000,
  0x0000, 0xFD60, 0xFD60, 0x0000, 0x0000, 0x0000, 0x0000, 0x0000, 0xFDC6, 0xFD60, 0x0000, 0x0000,
  0x0000, 0x0000, 0x0000, 0xFD60, 0xFD60, 0x0000, 0xFD60, 0xFD60, 0x0000, 0x0000, 0xFDC6, 0xFD60,
  0x0000, 0x0000, 0x0000, 0x0000, 0x0000, 0xFD60, 0xFD60, 0x0000, 0x0000, 0x0000, 0x0000, 0x0000,
  0x0000, 0x0000, 0x0000, 0x0000, 0x0000, 0x0000, 0x0000, 0x0000, 0x0000, 0x0000, 0x0000, 0x0000,
  0x0000, 0x0000, 0x0000, 0x0000, 0x0000, 0x0000, 0x0000, 0x0000, 0x0000, 0x0000, 0x0000, 0x0000,
  0x0000, 0x0000, 0x0000, 0x0000, 0x0000, 0x0000, 0x0000, 0x0000, 0x0000, 0x0000, 0x0000, 0x0000,
  0x0000, 0x0000, 0x0000, 0x0000, 0x0000, 0x0000, 0x0000, 0x0000, 0x0000, 0x0000, 0x0000, 0x0000,
  0x0000, 0x0000, 0x0000, 0x0000, 0x0000, 0x0000, 0x0000, 0x0000, 0x0000, 0x0000, 0x0000, 0x0000,
  0x0000, 0x0000, 0x0000, 0x0000, 0x0000, 0x0000, 0x0000, 0x0000, 0x0000, 0x0000, 0x0000, 0x0000,
  0x0000, 0x0000, 0x0000, 0x0000, 0x0000, 0x0000, 0x0000, 0x0000, 0x0000, 0x0000, 0x0000, 0x0000,
  0x0000, 0x0000, 0x0000, 0x0000, 0x0000, 0x0000, 0x0000, 0x0000, 0x0000, 0x0000, 0x0000, 0x0000,
  0x0000, 0x0000, 0x0000, 0x0000, 0x0000, 0x0000, 0x0000, 0x0000, 0x0000, 0x0000, 0x0000, 0x0000,
  0x0000, 0x0000, 0x0000, 0xFAEB, 0xF800, 0xF800, 0x0000, 0x0000, 0x0000, 0x0000, 0x0000, 0x0000,
  0x0000, 0x0000, 0x0000, 0x0000, 0x0000, 0x0000, 0x0000, 0x0000, 0x0000, 0x0000, 0x0000, 0x0000,
  0x0000, 0x0000, 0x0000, 0x56CB, 0x2F51, 0x2F51, 0x56CB, 0x4DCA, 0x0000, 0x0000, 0x0000, 0x0000,
  0x0000, 0x0000, 0x0000, 0x0000, 0x0000, 0x0000, 0x0000, 0x0000, 0x0000, 0x0000, 0x0000, 0x0000,
  0x0000, 0x0000, 0x0000, 0x0000, 0x0000, 0x0000, 0x5A25, 0xCCA3, 0xCCA3, 0xCCA3, 0x4A07, 0xCCA3,
  0xCCA3, 0xCCA3, 0xCCA3, 0x5A25, 0xCCA3, 0xCCA3, 0x9383, 0x5A25, 0x0000, 0x0000, 0x0000, 0x0000,
  0x0000, 0x0000, 0x0000, 0x0000, 0x0000, 0x0000, 0x0000, 0x0000, 0x0000, 0x0000, 0x0000, 0x0000,
  0x0000, 0x0000, 0x0000, 0x0000, 0x0000, 0x0000, 0x0000, 0x0000, 0x0000, 0x0000, 0x0000, 0x0000,
  0x0000, 0x0000, 0x0000, 0x0000, 0x0000, 0x0000, 0x0000, 0x0000, 0x0000, 0x0000, 0x0000, 0x0000,
  0x0000, 0x0000, 0x0000, 0x0000, 0x0000, 0x0000, 0x0000, 0x0000, 0x0000, 0x0000, 0x0000, 0x0000,
  0x0000, 0x0000, 0x0000, 0x0000, 0x0000, 0x0000, 0x0000, 0x0000, 0x0000, 0x0000, 0xFD60, 0xFD60,
  0x0000, 0xFD60, 0xFD60, 0x0000, 0x0000, 0xFD60, 0xFD60, 0x0000, 0x0000, 0xFD60, 0xFD60, 0x0000,
  0x0000, 0x0000, 0x0000, 0x0000, 0xFD60, 0xFD60, 0xFD60, 0xFD60, 0x0000, 0x0000, 0x0000, 0xFD60,
  0xFD60, 0x0000, 0xFD60, 0xFD60, 0x0000, 0x0000, 0xFD60, 0xFD60, 0xFD60, 0xFD60, 0x0000, 0x0000,
  0x0000, 0xFD60, 0xFD60, 0x0000, 0x0000, 0x0000, 0x0000, 0x0000, 0x0000, 0x0000, 0x0000, 0x0000,
  0x0000, 0x0000, 0x0000, 0x0000, 0x0000, 0x0000, 0x0000, 0x0000, 0x0000, 0x0000, 0x0000, 0x0000,
  0x0000, 0x0000, 0x0000, 0x0000, 0x0000, 0x0000, 0x0000, 0x0000, 0x0000, 0x0000, 0x0000, 0x0000,
  0x0000, 0x0000, 0x0000, 0x0000, 0x0000, 0x0000, 0x0000, 0x0000, 0x0000, 0x0000, 0x0000, 0x0000,
  0x0000, 0x0000, 0x0000, 0x0000, 0x0000, 0x0000, 0x0000, 0x0000, 0x0000, 0x0000, 0x0000, 0x0000,
  0x0000, 0x0000, 0x0000, 0x0000, 0x0000, 0x0000, 0x0000, 0x0000, 0x0000, 0x0000, 0x0000, 0x0000,
  0x0000, 0x0000, 0x0000, 0x0000, 0x0000, 0x0000, 0x0000, 0x0000, 0x0000, 0x0000, 0x0000, 0x0000,
  0x0000, 0x0000, 0x0000, 0x0000, 0x0000, 0x0000, 0x0000, 0x0000, 0x0000, 0x0000, 0x0000, 0x0000,
  0x0000, 0x0000, 0x0000, 0x0000, 0x0000, 0x0000, 0x0000, 0x0000, 0x0000, 0x0000, 0x0000, 0x0000,
  0x0000, 0x0000, 0x0000, 0x0000, 0x0000, 0x0000, 0x0000, 0x0000, 0x0000, 0xFAEB, 0xFAEB, 0xF800,
  0xF800, 0xF800, 0xF800, 0xF800, 0x0000, 0x0000, 0x0000, 0x0000, 0x0000, 0x0000, 0x0000, 0x0000,
  0x0000, 0x0000, 0x0000, 0x0000, 0x0000, 0x0000, 0x0000, 0x0000, 0x0000, 0x0000, 0x56CB, 0x56CB,
  0x2F51, 0x2F51, 0x56CB, 0x4DCA, 0x0000, 0x0000, 0x0000, 0x0000, 0x0000, 0x0000, 0x0000, 0x0000,
  0x0000, 0x0000, 0x0000, 0x0000, 0x0000, 0x0000, 0x0000, 0x0000, 0x0000, 0x0000, 0x0000, 0x0000,
  0x0000, 0x0000, 0x5A25, 0xCCA3, 0xCCA3, 0xCCA3, 0xCCA3, 0xCCA3, 0xCCA3, 0xCCA3, 0xCCA3, 0x5A25,
  0xCCA3, 0xCCA3, 0x9383, 0x5A25, 0x0000, 0x0000, 0x0000, 0x0000, 0x0000, 0x0000, 0x0000, 0x0000,
  0x0000, 0x0000, 0xFAEB, 0x0000, 0x0000, 0x0000, 0xF800, 0x0000, 0x0000, 0x0000, 0x0000, 0x0000,
  0x0000, 0x0000, 0x0000, 0x0000, 0x0000, 0x0000, 0x0000, 0x0000, 0x0000, 0x0000, 0x0000, 0x0000,
  0x0000, 0x0000, 0x0000, 0x0000, 0x0000, 0x0000, 0x0000, 0x0000, 0x0000, 0x0000, 0x0000, 0x0000,
  0x0000, 0x0000, 0x0000, 0x0000, 0x0000, 0x0000, 0x0000, 0x0000, 0x0000, 0x0000, 0x0000, 0x0000,
  0x0000, 0x0000, 0x0000, 0x0000, 0x0000, 0x0000, 0xFD60, 0xFD60, 0x0000, 0x0000, 0xFD60, 0xFD60,
  0x0000, 0xFD60, 0xFD60, 0x0000, 0x0000, 0xFD60, 0xFD60, 0x0000, 0x0000, 0x0000, 0x0000, 0x0000,
  0xFD60, 0xFD60, 0x0000, 0x0000, 0x0000, 0x0000, 0x0000, 0x0000, 0xFD60, 0xFD60, 0xFD60, 0x0000,
  0x0000, 0x0000, 0xFD60, 0xFD60, 0x0000, 0x0000, 0x0000, 0x0000, 0x0000, 0xFD60, 0xFD60, 0x0000,
  0x0000, 0x0000, 0x0000, 0x0000, 0x0000, 0x0000, 0x0000, 0x0000, 0x0000, 0x0000, 0x0000, 0x0000,
  0x0000, 0x0000, 0x0000, 0x0000, 0x0000, 0x0000, 0x0000, 0x0000, 0x0000, 0x0000, 0x0000, 0x0000,
  0x0000, 0x0000, 0x0000, 0x0000, 0x0000, 0x0000, 0x0000, 0x0000, 0x0000, 0x0000, 0x0000, 0x0000,
  0x0000, 0x0000, 0x0000, 0x0000, 0x0000, 0x0000, 0x0000, 0x0000, 0x0000, 0x0000, 0x0000, 0x0000,
  0x0000, 0x0000, 0x0000, 0x0000, 0x0000, 0x0000, 0x0000, 0x0000, 0x0000, 0x0000, 0x0000, 0x0000,
  0x0000, 0x0000, 0x0000, 0x0000, 0x0000, 0x0000, 0x0000, 0x0000, 0x0000, 0x0000, 0x0000, 0x0000,
  0x0000, 0x0000, 0x0000, 0x0000, 0x0000, 0x0000, 0x0000, 0x0000, 0x0000, 0x0000, 0x0000, 0x0000,
  0x0000, 0x0000, 0x0000, 0x0000, 0x0000, 0x0000, 0x0000, 0x0000, 0x0000, 0x0000, 0x0000, 0x0000,
  0x0000, 0x0000, 0x0000, 0x0000, 0x0000, 0x0000, 0x0000, 0x0000, 0x0000, 0x0000, 0x0000, 0x0000,
  0x0000, 0x0000, 0x0000, 0x0000, 0xFAEB, 0x0000, 0xF800, 0x0000, 0x0000, 0x0000, 0xF800, 0x0000,
  0xF800, 0x0000, 0x0000, 0x0000, 0x0000, 0x0000, 0x0000, 0x0000, 0x0000, 0x0000, 0x0000, 0x0000,
  0x0000, 0x0000, 0x0000, 0x0000, 0x0000, 0x0000, 0x56CB, 0x2F51, 0x2F51, 0x56CB, 0x4DCA, 0x4DCA,
  0x0000, 0x0000, 0x0000, 0x0000, 0x0000, 0x0000, 0x0000, 0x0000, 0x0000, 0x0000, 0x0000, 0x0000,
  0x0000, 0x0000, 0x0000, 0x0000, 0x0000, 0x0000, 0x0000, 0x0000, 0x0000, 0x0000, 0x5A25, 0xCCA3,
  0xCCA3, 0xCCA3, 0xCCA3, 0xCCA3, 0xCCA3, 0xCCA3, 0xCCA3, 0x5A25, 0xCCA3, 0x9383, 0x9383, 0x5A25,
  0x0000, 0x0000, 0x0000, 0x0000, 0x0000, 0x0000, 0x0000, 0x0000, 0x0000, 0x0000, 0x0000, 0xFAEB,
  0xF800, 0xF800, 0x0000, 0x0000, 0x0000, 0x0000, 0x0000, 0x0000, 0x0000, 0x0000, 0x0000, 0x0000,
  0x0000, 0x0000, 0x0000, 0x0000, 0x0000, 0x0000, 0x0000, 0x0000, 0x0000, 0x0000, 0x0000, 0x0000,
  0x0000, 0x0000, 0x0000, 0x0000, 0x0000, 0xFFEE, 0xFFEE, 0xFFEE, 0xFFEE, 0xFFEE, 0xFFEE, 0xFFEE,
  0xFFEE, 0x0000, 0x0000, 0x0000, 0x0000, 0x0000, 0x0000, 0x0000, 0x0000, 0x0000, 0x0000, 0x0000,
  0x0000, 0x0000, 0xFD60, 0xFD60, 0x0000, 0x0000, 0x0000, 0xFD60, 0xFD60, 0xED01, 0xED01, 0x0000,
  0x0000, 0xFD60, 0xFD60, 0xFD60, 0xFD60, 0xFD60, 0xED01, 0x0000, 0xFD60, 0xFD60, 0xFD60, 0xFD60,
  0xED01, 0x0000, 0x0000, 0x0000, 0xFD60, 0xFD60, 0xED01, 0x0000, 0x0000, 0x0000, 0xFD60, 0xFD60,
  0xFD60, 0xFD60, 0xED01, 0x0000, 0x0000, 0xFD60, 0xFD60, 0xFD60, 0xFD60, 0xFD60, 0xED01, 0x0000,
  0x0000, 0x0000, 0x0000, 0x0000, 0x0000, 0x0000, 0x0000, 0x0000, 0x0000, 0x0000, 0x0000, 0x0000,
  0x0000, 0x0000, 0x0000, 0x0000, 0x0000, 0x0000, 0x0000, 0x0000, 0x0000, 0x0000, 0x0000, 0x0000,
  0x0000, 0x0000, 0x0000, 0x0000, 0x0000, 0x0000, 0x0000, 0x0000, 0x0000, 0x0000, 0x0000, 0x0000,
  0x0000, 0x0000, 0x0000, 0x0000, 0x0000, 0x0000, 0x0000, 0x0000, 0x0000, 0x0000, 0x0000, 0x0000,
  0x0000, 0x0000, 0x0000, 0x0000, 0x0000, 0x0000, 0x0000, 0x0000, 0x0000, 0x0000, 0x0000, 0x0000,
  0x0000, 0x0000, 0x0000, 0x0000, 0x0000, 0x0000, 0x0000, 0x0000, 0x0000, 0x0000, 0x0000, 0x0000,
  0x0000, 0x0000, 0x0000, 0x0000, 0x0000, 0x0000, 0x0000, 0x0000, 0x0000, 0x0000, 0x0000, 0x0000,
  0x0000, 0x0000, 0x0000, 0x0000, 0x0000, 0x0000, 0x0000, 0x0000, 0x0000, 0x0000, 0x0000, 0x0000,
  0x0000, 0x0000, 0x0000, 0x0000, 0x0000, 0x0000, 0x0000, 0x0000, 0x0000, 0x0000, 0x0000, 0x0000,
  0xFFEE, 0xFFEE, 0xFFEE, 0xFFEE, 0xFFEE, 0xFFEE, 0xFFEE, 0xFFEE, 0xFFEE, 0xFFEE, 0x0000, 0x0000,
  0x0000, 0x0000, 0x0000, 0x0000, 0x0000, 0x0000, 0x0000, 0x0000, 0x0000, 0x0000, 0x0000, 0x0000,
  0x0000, 0x56CB, 0x56CB, 0x2F51, 0x2F51, 0x4DCA, 0x4DCA, 0x0000, 0x0000, 0x0000, 0x0000, 0x0000,
  0x0000, 0x0000, 0x0000, 0x0000, 0x0000, 0x0000, 0x0000, 0x0000, 0x0000, 0x0000, 0x0000, 0x0000,
  0x0000, 0x0000, 0x0000, 0x0000, 0x0000, 0x0000, 0x5A25, 0xCCA3, 0xCCA3, 0xCCA3, 0xCCA3, 0xCCA3,
  0xCCA3, 0x9383, 0x9383, 0x5A25, 0x9383, 0x9383, 0x9383, 0x5A25, 0x0000, 0x0000, 0x0000, 0x0000,
  0x0000, 0x0000, 0x0000, 0x0000, 0x0000, 0xFAEB, 0xFAEB, 0xF800, 0xF800, 0xF800, 0xF800, 0xF800,
  0x0000, 0x0000, 0x0000, 0x0000, 0x0000, 0x0000, 0x0000, 0x0000, 0x0000, 0x0000, 0x0000, 0x0000,
  0x0000, 0x0000, 0x0000, 0xFFEE, 0xFFEE, 0xFFEE, 0xFFEE, 0xFFEE, 0xFFEE, 0xFFEE, 0xFFEE, 0xFFEE,
  0xFFEE, 0xFFEE, 0xFFEE, 0xFFEE, 0xFFEE, 0xFFEE, 0xFFEE, 0xFFEE, 0xFFEE, 0xFFEE, 0xFFEE, 0xFFEE,
  0xFFEE, 0xFFEE, 0xFFEE, 0xFFEE, 0xFFEE, 0xFFEE, 0xFFEE, 0xFFEE, 0x0000, 0x0000, 0xFD60, 0xFD60,
  0x0000, 0x0000, 0x0000, 0x0000, 0xED01, 0xED01, 0xED01, 0x0000, 0x0000, 0xFD60, 0xFD60, 0xFD60,
  0xFD60, 0xED01, 0xED01, 0x0000, 0xFD60, 0xFD60, 0xFD60, 0xED01, 0xED01, 0x0000, 0x0000, 0x0000,
  0x0000, 0xED01, 0x0000, 0x0000, 0x0000, 0x0000, 0xFD60, 0xFD60, 0xFD60, 0xED01, 0xED01, 0x0000,
  0x0000, 0xFD60, 0xFD60, 0xFD60, 0xFD60, 0xED01, 0xED01, 0x0000, 0x0000, 0x0000, 0x0000, 0x0000,
  0x0000, 0x0000, 0x0000, 0x0000, 0x0000, 0x0000, 0x0000, 0x0000, 0x0000, 0x0000, 0x0000, 0x0000,
  0x0000, 0x0000, 0x0000, 0x0000, 0x0000, 0x0000, 0x0000, 0x0000, 0x0000, 0x0000, 0x0000, 0x0000,
  0x0000, 0x0000, 0x0000, 0x0000, 0x0000, 0x0000, 0x0000, 0x0000, 0x0000, 0x0000, 0x0000, 0x0000,
  0x0000, 0x0000, 0x0000, 0x0000, 0x0000, 0x0000, 0x0000, 0x0000, 0x0000, 0x0000, 0x0000, 0x0000,
  0x0000, 0x0000, 0x0000, 0x0000, 0x0000, 0x0000, 0x0000, 0x0000, 0x0000, 0x0000, 0x0000, 0x0000,
  0x0000, 0x0000, 0x0000, 0x0000, 0x0000, 0x0000, 0x0000, 0x0000, 0x0000, 0x0000, 0x0000, 0x0000,
  0x0000, 0x0000, 0x0000, 0x0000, 0x0000, 0x0000, 0x0000, 0x0000, 0x0000, 0x0000, 0x0000, 0x0000,
  0x0000, 0x0000, 0x0000, 0x0000, 0x0000, 0x0000, 0x0000, 0x0000, 0x0000, 0x0000, 0x0000, 0x0000,
  0x0000, 0x0000, 0x0000, 0x0000, 0x0000, 0x0000, 0x0000, 0xFFEE, 0xFFEE, 0xFFEE, 0xFFEE, 0xFFEE,
  0xFFEE, 0xFFEE, 0xFFEE, 0xFFEE, 0xFFEE, 0xFFEE, 0xFFEE, 0xFFEE, 0x0000, 0x0000, 0xFFEE, 0xFFEE,
  0xFFEE, 0xFFEE, 0x0000, 0x0000, 0x0000, 0x0000, 0x0000, 0x0000, 0x4DCA, 0x4DCA, 0x4DCA, 0x4DCA,
  0x4DCA, 0x4DCA, 0x4DCA, 0x4DCA, 0xFFEE, 0xFFEE, 0xFFEE, 0xFFEE, 0x0000, 0x0000, 0x0000, 0x0000,
  0x0000, 0x0000, 0x0000, 0x0000, 0x0000, 0xFFEE, 0xFFEE, 0xFFEE, 0xFFEE, 0xFFEE, 0xFFEE, 0xFFEE,
  0xFFEE, 0x0000, 0x5A25, 0x5A25, 0x5A25, 0x5A25, 0x5A25, 0x5A25, 0x5A25, 0x5A25, 0x5A25, 0x5A25,
  0x5A25, 0x5A25, 0x5A25, 0x5A25, 0xFFEE, 0xFFEE, 0xFFEE, 0xFFEE, 0xFFEE, 0xFFEE, 0xFFEE, 0x0000,
  0xFAEB, 0x0000, 0xF800, 0x0000, 0x0000, 0x0000, 0xF800, 0x0000, 0xF800, 0x0000, 0x0000, 0x0000,
  0x0000, 0x0000, 0x0000, 0x0000, 0x0000, 0x0000, 0x0000, 0x0000, 0xFFEE, 0xFFEE, 0xFFEE, 0xFFEE,
  0xFFEE, 0xFFEE, 0xFFEE, 0xFFEE, 0xFFEE, 0xFFEE, 0xFFEE, 0xFFEE, 0xFFEE, 0xFFEE, 0xFFEE, 0xFFEE,
  0xFFEE, 0xFFEE, 0xFFEE, 0xFFEE, 0xFFEE, 0xFFEE, 0xFFEE, 0xFFEE, 0xFFEE, 0xFFEE, 0xFFEE, 0xFFEE,
  0xFFEE, 0xFFEE, 0xFFEE, 0xFFEE, 0x0000, 0x0000, 0x0000, 0x0000, 0x0000, 0x0000, 0x0000, 0x0000,
  0x0000, 0x0000, 0x0000, 0x0000, 0x0000, 0x0000, 0x0000, 0x0000, 0x0000, 0x0000, 0x0000, 0x0000,
  0x0000, 0x0000, 0x0000, 0x0000, 0x0000, 0x0000, 0x0000, 0x0000, 0x0000, 0x0000, 0x0000, 0x0000,
  0x0000, 0x0000, 0x0000, 0x0000, 0x0000, 0x0000, 0x0000, 0x0000, 0x0000, 0x0000, 0x0000, 0x0000,
  0x0000, 0x0000, 0x0000, 0x0000, 0x0000, 0x0000, 0x0000, 0x0000, 0x0000, 0x0000, 0x0000, 0x0000,
  0x0000, 0x0000, 0x0000, 0x0000, 0x0000, 0x0000, 0x0000, 0x0000, 0x0000, 0x0000, 0x0000, 0x0000,
  0x0000, 0x0000, 0x0000, 0x0000, 0x0000, 0x0000, 0x0000, 0x0000, 0x0000, 0x0000, 0x0000, 0x0000,
  0x0000, 0x0000, 0x0000, 0x0000, 0x0000, 0x0000, 0x0000, 0x0000, 0x0000, 0x0000, 0x0000, 0x0000,
  0x0000, 0x0000, 0x0000, 0x0000, 0x0000, 0x0000, 0x0000, 0x0000, 0x0000, 0x0000, 0x0000, 0x0000,
  0x0000, 0x0000, 0x0000, 0x0000, 0x0000, 0x0000, 0x0000, 0x0000, 0x0000, 0x0000, 0x0000, 0x0000,
  0x0000, 0x0000, 0x0000, 0x0000, 0x0000, 0x0000, 0x0000, 0x0000, 0x0000, 0x0000, 0x0000, 0x0000,
  0x0000, 0x0000, 0x0000, 0x0000, 0x0000, 0x0000, 0x0000, 0x0000, 0x0000, 0x0000, 0x0000, 0x0000,
  0x0000, 0x0000, 0x0000, 0x0000, 0x0000, 0x0000, 0x0000, 0x0000, 0xFFEE, 0xFFEE, 0xFFEE, 0xFFEE,
  0xFFEE, 0xFFEE, 0xFFEE, 0xFFEE, 0xFFEE, 0xFFEE, 0xFFEE, 0xFFEE, 0xFFEE, 0xFFEE, 0xFFEE, 0xFFEE,
  0xFFEE, 0xFFEE, 0xFFEE, 0xFFEE, 0xFFEE, 0xFFEE, 0xFFEE, 0xFFEE, 0xFFEE, 0xFFEE, 0xFFEE, 0xFFEE,
  0xFFEE, 0xFFEE, 0xFFEE, 0xFFEE, 0xFFEE, 0xFFEE, 0xFFEE, 0xFFEE, 0xFFEE, 0xFFEE, 0xFFEE, 0xFFEE,
  0xFFEE, 0xFFEE, 0xFFEE, 0xFFEE, 0xFFEE, 0xFFEE, 0xFFEE, 0xFFEE, 0xFFEE, 0xFFEE, 0xFFEE, 0xFFEE,
  0xFFEE, 0xFFEE, 0xFFEE, 0xFFEE, 0xFFEE, 0xFFEE, 0xFFEE, 0xFFEE, 0xFFEE, 0xFFEE, 0xFFEE, 0xFFEE,
  0xFFEE, 0xFFEE, 0xFFEE, 0xFFEE, 0xFFEE, 0xFFEE, 0xFFEE, 0xFFEE, 0xFFEE, 0xFFEE, 0xFFEE, 0xFFEE,
  0xFFEE, 0xFFEE, 0xFFEE, 0xFFEE, 0xFFEE, 0xFFEE, 0xFFEE, 0xFFEE, 0xFFEE, 0xFFEE, 0xFFEE, 0xFFEE,
  0xFFEE, 0xFFEE, 0xFFEE, 0xFFEE, 0xFFEE, 0xFFEE, 0xFFEE, 0xFFEE, 0xFFEE, 0xFFEE, 0xFFEE, 0xFFEE,
  0xFFEE, 0xFFEE, 0xFFEE, 0xFFEE, 0xFFEE, 0xFFEE, 0xFFEE, 0xFFEE, 0xFFEE, 0xFFEE, 0xFFEE, 0xFFEE,
  0xFFEE, 0xFFEE, 0xFFEE, 0xFFEE, 0xFFEE, 0xFFEE, 0xFFEE, 0xFFEE, 0xFFEE, 0xFFEE, 0xFFEE, 0xFFEE,
  0xFFEE, 0xFFEE, 0xFFEE, 0xFFEE, 0xFFEE, 0xFFEE, 0xFFEE, 0xFFEE, 0xFFEE, 0xFFEE, 0xFFEE, 0xFFEE,
  0x0000, 0x0000, 0x0000, 0x0000, 0x0000, 0x0000, 0x0000, 0x0000, 0x0000, 0x0000, 0x0000, 0x0000,
  0x0000, 0x0000, 0x0000, 0x0000, 0x0000, 0x0000, 0x0000, 0x0000, 0x0000, 0x0000, 0x0000, 0x0000,
  0x0000, 0x0000, 0x0000, 0x0000, 0x0000, 0x0000, 0x0000, 0x0000, 0x0000, 0x0000, 0x0000, 0x0000,
  0x0000, 0x0000, 0x0000, 0x0000, 0x0000, 0x0000, 0x0000, 0x0000, 0x0000, 0x0000, 0x0000, 0x0000,
  0x0000, 0x0000, 0x0000, 0x0000, 0x0000, 0x0000, 0x0000, 0x0000, 0x0000, 0x0000, 0x0000, 0x0000,
  0x0000, 0x0000, 0x0000, 0x0000, 0x0000, 0x0000, 0x0000, 0x0000, 0x0000, 0x0000, 0x0000, 0x0000,
  0x0000, 0x0000, 0x0000, 0x0000, 0x0000, 0x0000, 0x0000, 0x0000, 0x0000, 0x0000, 0x0000, 0x0000,
  0x0000, 0x0000, 0x0000, 0x0000, 0x0000, 0x0000, 0x0000, 0x0000, 0x0000, 0x0000, 0x0000, 0x0000,
  0x0000, 0x0000, 0x0000, 0x0000, 0x0000, 0x0000, 0x0000, 0x0000, 0x0000, 0x0000, 0x0000, 0x0000,
  0x0000, 0x0000, 0x0000, 0x0000, 0x0000, 0x0000, 0x0000, 0x0000, 0x0000, 0x0000, 0x0000, 0x0000,
  0x0000, 0x0000, 0x0000, 0x0000, 0x0000, 0x0000, 0x0000, 0x0000, 0x0000, 0x0000, 0x0000, 0x0000,
  0x0000, 0x0000, 0x0000, 0x0000, 0x0000, 0x0000, 0x0000, 0x0000, 0x0000, 0x0000, 0x0000, 0x0000,
  0x0000, 0x0000, 0xFFEE, 0xFFEE, 0xFFEE, 0xFFEE, 0xFFEE, 0xFFEE, 0xFFEE, 0xFFEE, 0xFFEE, 0xFFEE,
  0xFFEE, 0xFFEE, 0xFFEE, 0xFFEE, 0xFFEE, 0xFFEE, 0xFFEE, 0xFFEE, 0xFFEE, 0xFFEE, 0xFFEE, 0xFFEE,
  0xFFEE, 0xFFEE, 0xFFEE, 0xFFEE, 0xFFEE, 0xFFEE, 0xFFEE, 0xFFEE, 0xFFEE, 0xFFEE, 0xFFEE, 0xFFEE,
  0xFFEE, 0xFFEE, 0xFFEE, 0xFFEE, 0xFFEE, 0xFFEE, 0xFFEE, 0xFFEE, 0xFFEE, 0xFFEE, 0xFFEE, 0xFFEE,
  0xFFEE, 0xFFEE, 0xFFEE, 0xFFEE, 0xFFEE, 0xFFEE, 0xFFEE, 0xFFEE, 0xFFEE, 0xFFEE, 0xFFEE, 0xFFEE,
  0xFFEE, 0xFFEE, 0xFFEE, 0xFFEE, 0xFFEE, 0xFFEE, 0xFFEE, 0xFFEE, 0xFFEE, 0xFFEE, 0xFFEE, 0xFFEE,
  0xFFEE, 0xFFEE, 0xFFEE, 0xFFEE, 0xFFEE, 0xFFEE, 0xFFEE, 0xFFEE, 0xFFEE, 0xFFEE, 0xFFEE, 0xFFEE,
  0xFFEE, 0xFFEE, 0xFFEE, 0xFFEE, 0xFFEE, 0xFFEE, 0xFFEE, 0xFFEE, 0xFFEE, 0xFFEE, 0xFFEE, 0xFFEE,
  0xFFEE, 0xFFEE, 0xFFEE, 0xFFEE, 0xFFEE, 0xFFEE, 0xFFEE, 0xFFEE, 0xFFEE, 0xFFEE, 0xFFEE, 0xFFEE,
  0xFFEE, 0xFFEE, 0xFFEE, 0xFFEE, 0xFFEE, 0xFFEE, 0xFFEE, 0xFFEE, 0xFFEE, 0xFFEE, 0xFFEE, 0xFFEE,
  0xFFEE, 0xFFEE, 0xFFEE, 0xFFEE, 0xFFEE, 0xFFEE, 0xFFEE, 0xFFEE, 0xFFEE, 0xFFEE, 0xFFEE, 0xFFEE,
  0xFFEE, 0xFFEE, 0xFFEE, 0xFFEE, 0xFFEE, 0xFFEE, 0xFFEE, 0xFFEE
};

// Space

const uint16_t bg_image_1[21584] PROGMEM = {
  0xABF6, 0xABF6, 0xABF6, 0xABF6, 0xABF6, 0xABF6, 0xABF6, 0xABF6, 0xABF6, 0xABF6, 0xABF6, 0xABF6,
  0xABF6, 0xABF6, 0xABF6, 0xABF6, 0xABF6, 0xABF6, 0xABF6, 0xABF6, 0xABF6, 0xABF6, 0xD4DC, 0xD4DC,
  0xD4DC, 0xD4DC, 0xD4DC, 0xD4DC, 0xD4DC, 0xD4DC, 0xD4DC, 0xD4DC, 0xD4DC, 0xD4DC, 0xD4DC, 0xD4DC,
  0xD4DC, 0xD4DC, 0xD4DC, 0xD4DC, 0xD4DC, 0xD4DC, 0xD4DC, 0xD4DC, 0xD4DC, 0xD4DC, 0xD4DC, 0xD4DC,
  0xD4DC, 0xD4DC, 0xD4DC, 0xD4DC, 0xD4DC, 0xD4DC, 0xD4DC, 0xD4DC, 0xD4DC, 0xD4DC, 0xD4DC, 0xD4DC,
  0x0000, 0x0000, 0x0000, 0xD4DC, 0xD4DC, 0xD4DC, 0xD4DC, 0xD4DC, 0xD4DC, 0xD4DC, 0xD4DC, 0xD4DC,
  0xD4DC, 0xD4DC, 0xD4DC, 0xD4DC, 0xD4DC, 0xD4DC, 0xD4DC, 0xD4DC, 0xD4DC, 0xD4DC, 0xD4DC, 0xD4DC,
  0xD4DC, 0xD4DC, 0xD4DC, 0xD4DC, 0xD4DC, 0xD4DC, 0xD4DC, 0xD4DC, 0xD4DC, 0xD4DC, 0xD4DC, 0xD4DC,
  0xD4DC, 0xD4DC, 0xD4DC, 0xD4DC, 0xD4DC, 0xD4DC, 0xD4DC, 0xD4DC, 0xD4DC, 0xD4DC, 0xD4DC, 0xD4DC,
  0xD4DC, 0xD4DC, 0xD4DC, 0xD4DC, 0xD4DC, 0xD4DC, 0xD4DC, 0xD4DC, 0xD4DC, 0xD4DC, 0xD4DC, 0xD4DC,
  0xD4DC, 0xD4DC, 0xD4DC, 0xD4DC, 0xD4DC, 0xD4DC, 0xD4DC, 0xD4DC, 0xD4DC, 0xD4DC, 0xD4DC, 0xD4DC,
  0xD4DC, 0xD4DC, 0xD4DC, 0xD4DC, 0xD4DC, 0xD4DC, 0xD4DC, 0x0000, 0x0000, 0x0000, 0x0000, 0x0000,
  0x0000, 0x0000, 0x0000, 0x0000, 0x0000, 0x0000, 0x0000, 0x0000, 0x0000, 0x0000, 0x0000, 0x0000,
  0x0000, 0x0000, 0x0000, 0x0000, 0x0000, 0x0000, 0x0000, 0x0000, 0x0000, 0xD4DC, 0xD4DC, 0xD4DC,
  0xD4DC, 0xD4DC, 0xD4DC, 0xD4DC, 0xD4DC, 0xD4DC, 0xD4DC, 0xD4DC, 0xD4DC, 0xD4DC, 0xD4DC, 0xD4DC,
  0xD4DC, 0xD4DC, 0xD4DC, 0xD4DC, 0xD4DC, 0xD4DC, 0xD4DC, 0xD4DC, 0xD4DC, 0xD4DC, 0xD4DC, 0xD4DC,
  0xD4DC, 0xD4DC, 0xD4DC, 0xD4DC, 0xD4DC, 0xD4DC, 0xD4DC, 0xD4DC, 0xD4DC, 0xD4DC, 0xD4DC, 0xD4DC,
  0xD4DC, 0xD4DC, 0xD4DC, 0xD4DC, 0xD4DC, 0xD4DC, 0xD4DC, 0xD4DC, 0xD4DC, 0xD4DC, 0xD4DC, 0xD4DC,
  0xD4DC, 0xABF6, 0xABF6, 0xABF6, 0xABF6, 0xABF6, 0xABF6, 0xABF6, 0xABF6, 0xABF6, 0xD4DC, 0xD4DC,
  0xD4DC, 0xD4DC, 0xD4DC, 0xD4DC, 0xD4DC, 0xD4DC, 0xD4DC, 0xD4DC, 0xD4DC, 0xD4DC, 0xD4DC, 0xD4DC,
  0xD4DC, 0xD4DC, 0xD4DC, 0xD4DC, 0xD4DC, 0xD4DC, 0xD4DC, 0xD4DC, 0x0000, 0xD4DC, 0xD4DC, 0xD4DC,
  0xD4DC, 0xD4DC, 0xD4DC, 0xD4DC, 0xD4DC, 0xD4DC, 0xD4DC, 0xD4DC, 0xD4DC, 0xD4DC, 0x0000, 0x0000,
  0x0000, 0x0000, 0x0000, 0x0000, 0x0000, 0xD4DC, 0xD4DC, 0xD4DC, 0xABF6, 0xABF6, 0xABF6, 0xABF6,
  0xABF6, 0xABF6, 0xABF6, 0xABF6, 0xABF6, 0xABF6, 0xABF6, 0xABF6, 0xABF6, 0xABF6, 0xABF6, 0xABF6,
  0xABF6, 0xABF6, 0xABF6, 0xABF6, 0xABF6, 0xABF6, 0xABF6, 0xABF6, 0xABF6, 0xABF6, 0xABF6, 0xABF6,
  0xABF6, 0xABF6, 0xABF6, 0xABF6, 0xABF6, 0xABF6, 0xABF6, 0xABF6, 0xD4DC, 0xD4DC, 0xD4DC, 0xD4DC,
  0xD4DC, 0xD4DC, 0xD4DC, 0xD4DC, 0xD4DC, 0xD4DC, 0xD4DC, 0xD4DC, 0xD4DC, 0xD4DC, 0xD4DC, 0xD4DC,
  0xD4DC, 0xD4DC, 0xD4DC, 0xD4DC, 0xD4DC, 0xD4DC, 0xD4DC, 0xD4DC, 0xD4DC, 0xD4DC, 0xD4DC, 0xD4DC,
  0xD4DC, 0xD4DC, 0xD4DC, 0xD4DC, 0x0000, 0x0000, 0x0000, 0xD4DC, 0xD4DC, 0xD4DC, 0xD4DC, 0xD4DC,
  0xD4DC, 0xD4DC, 0xD4DC, 0xD4DC, 0xD4DC, 0xD4DC, 0xD4DC, 0xD4DC, 0xD4DC, 0xD4DC, 0xD4DC, 0xD4DC,
  0xD4DC, 0xD4DC, 0xD4DC, 0xD4DC, 0xD4DC, 0xD4DC, 0xD4DC, 0xD4DC, 0xD4DC, 0xD4DC, 0xD4DC, 0xD4DC,
  0xD4DC, 0xD4DC, 0xD4DC, 0xD4DC, 0xD4DC, 0xD4DC, 0xD4DC, 0xD4DC, 0xD4DC, 0xD4DC, 0xD4DC, 0xD4DC,
  0xD4DC, 0xD4DC, 0xD4DC, 0xD4DC, 0xD4DC, 0xD4DC, 0xD4DC, 0xD4DC, 0xD4DC, 0xD4DC, 0xD4DC, 0x0000,
  0x0000, 0x0000, 0x0000, 0x0000, 0x0000, 0x0000, 0x0000, 0x0000, 0x0000, 0x0000, 0x0000, 0x0000,
  0x0000, 0x0000, 0x0000, 0x0000, 0x0000, 0x0000, 0x0000, 0x0000, 0x0000, 0x0000, 0x0000, 0x0000,
  0x0000, 0x0000, 0x0000, 0x0000, 0x0000, 0x0000, 0x0000, 0x0000, 0x0000, 0x0000, 0x0000, 0x0000,
  0x0000, 0x0000, 0x0000, 0x0000, 0x0000, 0x0000, 0x0000, 0x0000, 0x0000, 0x0000, 0x0000, 0x0000,
  0x0000, 0x0000, 0x0000, 0x0000, 0x0000, 0x0000, 0x0000, 0x0000, 0x0000, 0x0000, 0x0000, 0x0000,
  0x0000, 0x0000, 0x0000, 0x0000, 0x0000, 0x0000, 0x0000, 0x0000, 0x0000, 0xD4DC, 0xD4DC, 0xD4DC,
  0xD4DC, 0xD4DC, 0xD4DC, 0xD4DC, 0xD4DC, 0xD4DC, 0xD4DC, 0xD4DC, 0xD4DC, 0xD4DC, 0x0000, 0x0000,
  0x0000, 0xD4DC, 0xD4DC, 0xD4DC, 0xD4DC, 0xD4DC, 0xD4DC, 0xD4DC, 0xD4DC, 0xD4DC, 0xD4DC, 0xD4DC,
  0xD4DC, 0xD4DC, 0xD4DC, 0xD4DC, 0xD4DC, 0xD4DC, 0xD4DC, 0xD4DC, 0xD4DC, 0xD4DC, 0xD4DC, 0xABF6,
  0xABF6, 0xABF6, 0xABF6, 0xABF6, 0xABF6, 0xABF6, 0xABF6, 0xABF6, 0xABF6, 0xABF6, 0xABF6, 0xABF6,
  0xD4DC, 0xD4DC, 0xD4DC, 0xD4DC, 0xD4DC, 0xD4DC, 0xD4DC, 0xD4DC, 0xD4DC, 0xD4DC, 0xD4DC, 0xD4DC,
  0xD4DC, 0xD4DC, 0xD4DC, 0xD4DC, 0xD4DC, 0xD4DC, 0x0000, 0x0000, 0x0000, 0x0000, 0xD4DC, 0xD4DC,
  0xD4DC, 0xD4DC, 0xD4DC, 0xD4DC, 0xD4DC, 0xD4DC, 0xD4DC, 0xD4DC, 0xD4DC, 0x0000, 0x0000, 0x0000,
  0x0000, 0x0000, 0x0000, 0xD4DC, 0xD4DC, 0xD4DC, 0xD4DC, 0xD4DC, 0xABF6, 0xABF6, 0xABF6, 0xABF6,
  0xABF6, 0xABF6, 0xABF6, 0xABF6, 0xABF6, 0xABF6, 0xABF6, 0xABF6, 0xABF6, 0xABF6, 0xABF6, 0xABF6,
  0xABF6, 0xABF6, 0xABF6, 0xABF6, 0xABF6, 0xABF6, 0xABF6, 0xABF6, 0xABF6, 0xABF6, 0xABF6, 0xD4DC,
  0xD4DC, 0xD4DC, 0xD4DC, 0xD4DC, 0xD4DC, 0xD4DC, 0xD4DC, 0xD4DC, 0xD4DC, 0xD4DC, 0xD4DC, 0xD4DC,
  0xD4DC, 0xD4DC, 0xD4DC, 0xD4DC, 0xD4DC, 0xD4DC, 0xD4DC, 0xD4DC, 0xD4DC, 0xD4DC, 0xD4DC, 0xD4DC,
  0xD4DC, 0xD4DC, 0xD4DC, 0xD4DC, 0xD4DC, 0xD4DC, 0xD4DC, 0xD4DC, 0xD4DC, 0xD4DC, 0xD4DC, 0xD4DC,
  0xD4DC, 0xD4DC, 0xD4DC, 0xD4DC, 0xD4DC, 0xD4DC, 0xD4DC, 0xD4DC, 0xD4DC, 0xD4DC, 0xD4DC, 0xD4DC,
  0xD4DC, 0xD4DC, 0xD4DC, 0xD4DC, 0xD4DC, 0xD4DC, 0xD4DC, 0xD4DC, 0xD4DC, 0xD4DC, 0xD4DC, 0xD4DC,
  0xD4DC, 0xABF6, 0xABF6, 0xABF6, 0xABF6, 0xABF6, 0xABF6, 0xABF6, 0xD4DC, 0xD4DC, 0xD4DC, 0xD4DC,
  0xD4DC, 0xD4DC, 0xD4DC, 0xD4DC, 0xD4DC, 0xD4DC, 0xD4DC, 0xD4DC, 0xD4DC, 0xD4DC, 0xD4DC, 0xD4DC,
  0xD4DC, 0xD4DC, 0xD4DC, 0x0000, 0x0000, 0x0000, 0x0000, 0x0000, 0x0000, 0x0000, 0x0000, 0x0000,
  0x0000, 0x0000, 0x0000, 0x0000, 0x0000, 0x0000, 0x0000, 0x0000, 0x0000, 0x0000, 0x0000, 0x0000,
  0x0000, 0x0000, 0x0000, 0x0000, 0x0000, 0x0000, 0x0000, 0x0000, 0x0000, 0x0000, 0x0000, 0x0000,
  0x0000, 0x0000, 0x0000, 0x0000, 0x0000, 0x0000, 0x0000, 0x0000, 0x0000, 0x0000, 0x0000, 0x0000,
  0x0000, 0x0000, 0x0000, 0x0000, 0x0000, 0x0000, 0x0000, 0x0000, 0x0000, 0x0000, 0x0000, 0x0000,
  0x0000, 0x0000, 0x0000, 0x0000, 0x0000, 0x0000, 0x0000, 0x0000, 0x0000, 0x0000, 0x0000, 0x0000,
  0x0000, 0x0000, 0x0000, 0x0000, 0x0000, 0x0000, 0x0000, 0x0000, 0x0000, 0x0000, 0x0000, 0x0000,
  0x0000, 0x0000, 0x0000, 0x0000, 0xD4DC, 0xD4DC, 0xD4DC, 0xD4DC, 0xD4DC, 0xD4DC, 0xD4DC, 0xD4DC,
  0xD4DC, 0xD4DC, 0xD4DC, 0x0000, 0xD4DC, 0xD4DC, 0xD4DC, 0xD4DC, 0xD4DC, 0xD4DC, 0xD4DC, 0xD4DC,
  0xD4DC, 0xD4DC, 0xD4DC, 0xD4DC, 0xD4DC, 0xD4DC, 0xD4DC, 0xD4DC, 0xD4DC, 0xD4DC, 0xABF6, 0xABF6,
  0xABF6, 0xABF6, 0xABF6, 0xABF6, 0xABF6, 0xABF6, 0xABF6, 0xABF6, 0xABF6, 0xABF6, 0xABF6, 0xABF6,
  0xABF6, 0xD4DC, 0xD4DC, 0xD4DC, 0xD4DC, 0xD4DC, 0xD4DC, 0xD4DC, 0xD4DC, 0xD4DC, 0xD4DC, 0xD4DC,
  0xD4DC, 0xD4DC, 0xD4DC, 0xD4DC, 0xD4DC, 0x0000, 0x0000, 0x0000, 0x0000, 0x0000, 0x0000, 0x0000,
  0xD4DC, 0xD4DC, 0xD4DC, 0xD4DC, 0xD4DC, 0xD4DC, 0xD4DC, 0x0000, 0x0000, 0x0000, 0x0000, 0x0000,
  0x0000, 0xD4DC, 0xD4DC, 0xD4DC, 0xD4DC, 0xD4DC, 0xD4DC, 0xD4DC, 0xABF6, 0xABF6, 0xABF6, 0xABF6,
  0xABF6, 0xABF6, 0xABF6, 0xABF6, 0xABF6, 0xABF6, 0xABF6, 0xABF6, 0xABF6, 0xABF6, 0xABF6, 0xABF6,
  0xABF6, 0xABF6, 0xD4DC, 0xD4DC, 0xD4DC, 0xD4DC, 0xD4DC, 0xD4DC, 0xD4DC, 0xD4DC, 0xD4DC, 0xD4DC,
  0xD4DC, 0xD4DC, 0xD4DC, 0xD4DC, 0xD4DC, 0xD4DC, 0xD4DC, 0xD4DC, 0xD4DC, 0xD4DC, 0xD4DC, 0xD4DC,
  0xD4DC, 0xD4DC, 0xD4DC, 0xD4DC, 0xD4DC, 0xD4DC, 0xD4DC, 0xD4DC, 0xD4DC, 0xD4DC, 0xD4DC, 0xD4DC,
  0xD4DC, 0xD4DC, 0xD4DC, 0xD4DC, 0xD4DC, 0xD4DC, 0xD4DC, 0xD4DC, 0xD4DC, 0xD4DC, 0xD4DC, 0xD4DC,
  0xD4DC, 0xD4DC, 0xD4DC, 0xD4DC, 0xD4DC, 0xD4DC, 0xD4DC, 0xD4DC, 0xD4DC, 0xD4DC, 0xD4DC, 0xD4DC,
  0xD4DC, 0xD4DC, 0xABF6, 0xABF6, 0xABF6, 0xABF6, 0xABF6, 0xABF6, 0xABF6, 0xABF6, 0xABF6, 0xABF6,
  0xABF6, 0xABF6, 0xABF6, 0xABF6, 0xABF6, 0xABF6, 0xABF6, 0xD4DC, 0xD4DC, 0xD4DC, 0xD4DC, 0xD4DC,
  0xD4DC, 0xD4DC, 0xD4DC, 0xD4DC, 0xD4DC, 0xD4DC, 0xD4DC, 0xD4DC, 0x0000, 0x0000, 0x0000, 0x0000,
  0x0000, 0x0000, 0x0000, 0x0000, 0x0000, 0x0000, 0x0000, 0x0000, 0x0000, 0x0000, 0x0000, 0x0000,
  0x0000, 0x0000, 0x0000, 0x0000, 0x0000, 0x0000, 0x0000, 0x0000, 0x0000, 0x0000, 0x0000, 0x0000,
  0x0000, 0x0000, 0x0000, 0x0000, 0x0000, 0x0000, 0x0000, 0x0000, 0x0000, 0x0000, 0x0000, 0x0000,
  0x0000, 0x0000, 0x0000, 0x0000, 0x0000, 0x0000, 0x0000, 0x0000, 0x0000, 0x0000, 0x0000, 0x0000,
  0x0000, 0x0000, 0x0000, 0x0000, 0x0000, 0x0000, 0x0000, 0x0000, 0x0000, 0x0000, 0x0000, 0x0000,
  0x0000, 0x0000, 0x0000, 0x0000, 0x0000, 0x0000, 0x0000, 0x0000, 0x0000, 0x0000, 0x0000, 0x0000,
  0x0000, 0x0000, 0x0000, 0x0000, 0x0000, 0x0000, 0x0000, 0x0000, 0x0000, 0x0000, 0x0000, 0x0000,
  0x0000, 0x0000, 0x0000, 0x0000, 0x0000, 0x0000, 0xD4DC, 0xD4DC, 0xD4DC, 0xD4DC, 0xD4DC, 0xD4DC,
  0xD4DC, 0xD4DC, 0xD4DC, 0xD4DC, 0xD4DC, 0xD4DC, 0xD4DC, 0xD4DC, 0xD4DC, 0xD4DC, 0xD4DC, 0xD4DC,
  0xD4DC, 0xD4DC, 0xD4DC, 0xD4DC, 0xD4DC, 0xD4DC, 0xD4DC, 0xD4DC, 0xABF6, 0xABF6, 0xABF6, 0xABF6,
  0xABF6, 0xABF6, 0xABF6, 0xABF6, 0xABF6, 0xABF6, 0xABF6, 0xABF6, 0xABF6, 0xABF6, 0xABF6, 0xABF6,
  0xABF6, 0xABF6, 0xABF6, 0xABF6, 0xD4DC, 0xD4DC, 0xD4DC, 0xD4DC, 0xD4DC, 0xD4DC, 0xD4DC, 0xD4DC,
  0xD4DC, 0xD4DC, 0xD4DC, 0x0000, 0x0000, 0x0000, 0x0000, 0x0000, 0x0000, 0x0000, 0x0000, 0x0000,
  0xD4DC, 0xD4DC, 0xD4DC, 0xD4DC, 0xD4DC, 0xD4DC, 0x0000, 0x0000, 0x0000, 0x0000, 0x0000, 0xD4DC,
  0xD4DC, 0xD4DC, 0xD4DC, 0xD4DC, 0xD4DC, 0xD4DC, 0xD4DC, 0xABF6, 0xABF6, 0xABF6, 0xABF6, 0xABF6,
  0xABF6, 0xABF6, 0xABF6, 0xABF6, 0xABF6, 0xABF6, 0xABF6, 0xABF6, 0xABF6, 0xABF6, 0xD4DC, 0xD4DC,
  0xD4DC, 0xD4DC, 0xD4DC, 0xD4DC, 0xD4DC, 0xD4DC, 0xD4DC, 0xD4DC, 0xD4DC, 0xD4DC, 0xD4DC, 0xD4DC,
  0xD4DC, 0xD4DC, 0xD4DC, 0xD4DC, 0xD4DC, 0xD4DC, 0xD4DC, 0xD4DC, 0xD4DC, 0xD4DC, 0xD4DC, 0xD4DC,
  0xD4DC, 0xD4DC, 0xD4DC, 0xD4DC, 0xD4DC, 0xD4DC, 0xD4DC, 0xD4DC, 0xD4DC, 0x0000, 0x0000, 0x0000,
  0x0000, 0x0000, 0x0000, 0x0000, 0x0000, 0xD4DC, 0xD4DC, 0xD4DC, 0xD4DC, 0xD4DC, 0xD4DC, 0xD4DC,
  0xD4DC, 0xD4DC, 0xABF6, 0xABF6, 0xABF6, 0xABF6, 0xABF6, 0xABF6, 0xABF6, 0xABF6, 0xABF6, 0xABF6,
  0xABF6, 0xABF6, 0xABF6, 0xABF6, 0xABF6, 0xABF6, 0xABF6, 0xABF6, 0xABF6, 0xABF6, 0xABF6, 0xABF6,
  0xABF6, 0xABF6, 0xABF6, 0xABF6, 0xABF6, 0xD4DC, 0xD4DC, 0xD4DC, 0xD4DC, 0xD4DC, 0xD4DC, 0xD4DC,
  0x0000, 0x0000, 0x0000, 0x0000, 0x0000, 0x0000, 0x0000, 0x0000, 0x0000, 0x0000, 0x0000, 0x0000,
  0x0000, 0x0000, 0x0000, 0x0000, 0x0000, 0x0000, 0x0000, 0x0000, 0x0000, 0x0000, 0x0000, 0x0000,
  0x0000, 0x0000, 0x0000, 0x0000, 0x0000, 0x0000, 0x0000, 0x0000, 0x0000, 0x0000, 0x0000, 0x0000,
  0x0000, 0x0000, 0x0000, 0xEEB4, 0x0000, 0x0000, 0x0000, 0x0000, 0x0000, 0x0000, 0x0000, 0x0000,
  0x0000, 0x0000, 0x0000, 0x0000, 0x0000, 0x0000, 0x0000, 0x0000, 0x0000, 0x0000, 0x0000, 0x0000,
  0x0000, 0x0000, 0x0000, 0x0000, 0x0000, 0x0000, 0x0000, 0x0000, 0x0000, 0x0000, 0x0000, 0x0000,
  0x0000, 0x0000, 0x0000, 0x0000, 0x0000, 0x0000, 0x0000, 0x0000, 0x0000, 0x0000, 0x0000, 0x0000,
  0x0000, 0x0000, 0x0000, 0x0000, 0x0000, 0x0000, 0x0000, 0x0000, 0x0000, 0x0000, 0x0000, 0x0000,
  0x0000, 0x0000, 0x0000, 0x0000, 0x0000, 0x0000, 0x0000, 0x0000, 0xD4DC, 0xD4DC, 0xD4DC, 0xD4DC,
  0xD4DC, 0xD4DC, 0xD4DC, 0x0000, 0x0000, 0xD4DC, 0xD4DC, 0xD4DC, 0xD4DC, 0xD4DC, 0xD4DC, 0xD4DC,
  0xD4DC, 0xD4DC, 0xD4DC, 0xD4DC, 0xD4DC, 0xD4DC, 0xD4DC, 0xD4DC, 0xABF6, 0xABF6, 0xABF6, 0xABF6,
  0xABF6, 0xABF6, 0xABF6, 0xABF6, 0xABF6, 0xABF6, 0xABF6, 0xABF6, 0xABF6, 0xABF6, 0xABF6, 0xABF6,
  0xABF6, 0xABF6, 0xABF6, 0xABF6, 0xABF6, 0xD4DC, 0xD4DC, 0xD4DC, 0xD4DC, 0xD4DC, 0xD4DC, 0xD4DC,
  0xD4DC, 0xD4DC, 0xD4DC, 0xD4DC, 0xD4DC, 0x0000, 0x0000, 0x0000, 0x0000, 0x0000, 0xD4DC, 0xD4DC,
  0xD4DC, 0xD4DC, 0xD4DC, 0xD4DC, 0xD4DC, 0x0000, 0x0000, 0x0000, 0xD4DC, 0xD4DC, 0xD4DC, 0xD4DC,
  0xD4DC, 0xD4DC, 0xD4DC, 0xD4DC, 0xD4DC, 0xD4DC, 0xABF6, 0xABF6, 0xABF6, 0xABF6, 0xABF6, 0xABF6,
  0xABF6, 0xABF6, 0xABF6, 0xABF6, 0xABF6, 0xABF6, 0xABF6, 0xABF6, 0xD4DC, 0xD4DC, 0xD4DC, 0xD4DC,
  0xD4DC, 0xD4DC, 0xD4DC, 0xD4DC, 0xD4DC, 0xD4DC, 0xD4DC, 0xD4DC, 0xD4DC, 0xD4DC, 0xD4DC, 0xD4DC,
  0xD4DC, 0xD4DC, 0xD4DC, 0xD4DC, 0xD4DC, 0xD4DC, 0xD4DC, 0xD4DC, 0xD4DC, 0xD4DC, 0xD4DC, 0xD4DC,
  0xD4DC, 0xD4DC, 0xD4DC, 0x0000, 0x0000, 0x0000, 0x0000, 0x0000, 0x0000, 0x0000, 0x0000, 0x0000,
  0x0000, 0x0000, 0x0000, 0x0000, 0x0000, 0xD4DC, 0xD4DC, 0xD4DC, 0xABF6, 0xABF6, 0xABF6, 0xABF6,
  0xABF6, 0xABF6, 0xABF6, 0xABF6, 0xABF6, 0xABF6, 0xABF6, 0xABF6, 0xABF6, 0xABF6, 0xABF6, 0xABF6,
  0xABF6, 0xABF6, 0xABF6, 0xABF6, 0xABF6, 0xABF6, 0xABF6, 0xABF6, 0xABF6, 0xABF6, 0xABF6, 0xABF6,
  0xD4DC, 0xD4DC, 0xD4DC, 0xD4DC, 0xD4DC, 0x0000, 0x0000, 0x0000, 0x0000, 0x0000, 0x0000, 0x0000,
  0x0000, 0x0000, 0x0000, 0x0000, 0x0000, 0x0000, 0x0000, 0x0000, 0x0000, 0x0000, 0x0000, 0x0000,
  0x0000, 0x0000, 0x0000, 0x0000, 0x0000, 0x0000, 0x0000, 0x0000, 0x0000, 0x0000, 0x0000, 0x0000,
  0x0000, 0x0000, 0x0000, 0x0000, 0x0000, 0x0000, 0x0000, 0x0000, 0x0000, 0x0000, 0x0000, 0x0000,
  0x0000, 0x0000, 0x0000, 0x0000, 0x0000, 0x0000, 0x0000, 0x0000, 0x0000, 0x0000, 0x0000, 0x0000,
  0x0000, 0x0000, 0x0000, 0x0000, 0x0000, 0x0000, 0x0000, 0x0000, 0x0000, 0x0000, 0x0000, 0x0000,
  0x0000, 0x0000, 0x0000, 0x0000, 0x0000, 0x0000, 0x0000, 0x0000, 0x0000, 0x0000, 0x0000, 0x0000,
  0x0000, 0x0000, 0x0000, 0x0000, 0x0000, 0x0000, 0x0000, 0x0000, 0x0000, 0x0000, 0x0000, 0x0000,
  0x0000, 0x0000, 0x0000, 0x0000, 0x0000, 0x0000, 0x0000, 0x0000, 0x0000, 0x0000, 0x0000, 0x0000,
  0x0000, 0x0000, 0x0000, 0x0000, 0x0000, 0x0000, 0x0000, 0x0000, 0x0000, 0x0000, 0xD4DC, 0xD4DC,
  0xD4DC, 0x0000, 0x0000, 0x0000, 0x0000, 0xD4DC, 0xD4DC, 0xD4DC, 0xD4DC, 0xD4DC, 0xD4DC, 0xD4DC,
  0xD4DC, 0xD4DC, 0xD4DC, 0xD4DC, 0xD4DC, 0xD4DC, 0xD4DC, 0xD4DC, 0xD4DC, 0xD4DC, 0xABF6, 0xABF6,
  0xABF6, 0xD4DC, 0xD4DC, 0xD4DC, 0xD4DC, 0xABF6, 0xABF6, 0xABF6, 0xABF6, 0xABF6, 0xABF6, 0xABF6,
  0xABF6, 0xABF6, 0xABF6, 0xABF6, 0xABF6, 0xD4DC, 0xD4DC, 0xD4DC, 0xD4DC, 0xD4DC, 0xD4DC, 0xD4DC,
  0xD4DC, 0xD4DC, 0xD4DC, 0xD4DC, 0xD4DC, 0xD4DC, 0xD4DC, 0xD4DC, 0xD4DC, 0xD4DC, 0xD4DC, 0xD4DC,
  0xD4DC, 0xD4DC, 0xD4DC, 0xD4DC, 0xD4DC, 0xD4DC, 0xD4DC, 0xD4DC, 0xD4DC, 0xD4DC, 0xD4DC, 0xD4DC,
  0xD4DC, 0xD4DC, 0xD4DC, 0xD4DC, 0xD4DC, 0xABF6, 0xABF6, 0xABF6, 0xABF6, 0xABF6, 0xABF6, 0xABF6,
  0xABF6, 0xABF6, 0xABF6, 0xABF6, 0xABF6, 0xD4DC, 0xD4DC, 0xD4DC, 0xD4DC, 0xD4DC, 0xD4DC, 0xD4DC,
  0xD4DC, 0xD4DC, 0xD4DC, 0xD4DC, 0xD4DC, 0xD4DC, 0xD4DC, 0xD4DC, 0xD4DC, 0xD4DC, 0xD4DC, 0xD4DC,
  0xD4DC, 0xD4DC, 0xD4DC, 0xD4DC, 0xD4DC, 0xD4DC, 0xD4DC, 0xD4DC, 0xD4DC, 0xD4DC, 0xD4DC, 0xD4DC,
  0x0000, 0x0000, 0x0000, 0x0000, 0x0000, 0x0000, 0x0000, 0x0000, 0x0000, 0x0000, 0x0000, 0x0000,
  0x0000, 0x0000, 0xABF6, 0xABF6, 0xABF6, 0xABF6, 0xABF6, 0xABF6, 0xABF6, 0xABF6, 0xABF6, 0xABF6,
  0xABF6, 0xABF6, 0xABF6, 0xABF6, 0xABF6, 0xABF6, 0xABF6, 0xABF6, 0xD4DC, 0xD4DC, 0xD4DC, 0xD4DC,
  0xD4DC, 0xD4DC, 0xD4DC, 0xD4DC, 0xD4DC, 0xD4DC, 0xD4DC, 0xD4DC, 0xD4DC, 0x0000, 0x0000, 0x0000,
  0x0000, 0x0000, 0x0000, 0x0000, 0x0000, 0x0000, 0x0000, 0x0000, 0x0000, 0x0000, 0x0000, 0x0000,
  0x0000, 0x0000, 0x0000, 0x0000, 0x0000, 0x0000, 0x0000, 0x0000, 0x0000, 0x0000, 0x0000, 0x0000,
  0x0000, 0x0000, 0x0000, 0x0000, 0x0000, 0x0000, 0x0000, 0x0000, 0x0000, 0x0000, 0x0000, 0x0000,
  0x0000, 0x0000, 0x0000, 0x0000, 0x0000, 0x0000, 0x0000, 0x0000, 0x0000, 0x0000, 0x0000, 0x0000,
  0x0000, 0x0000, 0x0000, 0x0000, 0x0000, 0x0000, 0x0000, 0x0000, 0x0000, 0x0000, 0x0000, 0x0000,
  0x0000, 0x0000, 0x0000, 0x0000, 0x0000, 0x0000, 0x0000, 0x0000, 0x0000, 0x0000, 0x0000, 0x0000,
  0x0000, 0x0000, 0x0000, 0x0000, 0x0000, 0x0000, 0x0000, 0x0000, 0x0000, 0x0000, 0x0000, 0x0000,
  0x0000, 0x0000, 0x0000, 0x0000, 0x0000, 0x0000, 0x0000, 0x0000, 0x0000, 0x0000, 0x0000, 0x0000,
  0x0000, 0x0000, 0x0000, 0x0000, 0x0000, 0x0000, 0x0000, 0x0000, 0x0000, 0x0000, 0x0000, 0x0000,
  0x0000, 0x0000, 0x0000, 0x0000, 0x0000, 0x0000, 0x0000, 0x0000, 0x0000, 0x0000, 0x0000, 0xD4DC,
  0xD4DC, 0xD4DC, 0x0000, 0x0000, 0xD4DC, 0xD4DC, 0xD4DC, 0xD4DC, 0xD4DC, 0xD4DC, 0x0000, 0xD4DC,
  0xD4DC, 0xD4DC, 0xD4DC, 0xD4DC, 0xD4DC, 0xD4DC, 0xD4DC, 0xD4DC, 0xD4DC, 0xD4DC, 0xD4DC, 0xD4DC,
  0xD4DC, 0xD4DC, 0x0000, 0x0000, 0xD4DC, 0xD4DC, 0xD4DC, 0xABF6, 0xABF6, 0xABF6, 0xABF6, 0xABF6,
  0xABF6, 0xABF6, 0xABF6, 0xABF6, 0xABF6, 0xABF6, 0xD4DC, 0xD4DC, 0xD4DC, 0xD4DC, 0xD4DC, 0xD4DC,
  0xD4DC, 0xD4DC, 0xD4DC, 0xD4DC, 0xD4DC, 0xD4DC, 0xD4DC, 0xD4DC, 0xD4DC, 0xD4DC, 0xD4DC, 0xD4DC,
  0xD4DC, 0xD4DC, 0xD4DC, 0xD4DC, 0xD4DC, 0xD4DC, 0xD4DC, 0xD4DC, 0xD4DC, 0xD4DC, 0xD4DC, 0xD4DC,
  0xD4DC, 0xD4DC, 0xD4DC, 0xD4DC, 0xABF6, 0xABF6, 0xABF6, 0xABF6, 0xABF6, 0xABF6, 0xABF6, 0xABF6,
  0xABF6, 0xABF6, 0xABF6, 0xD4DC, 0xD4DC, 0xD4DC, 0xD4DC, 0xD4DC, 0xD4DC, 0xD4DC, 0xD4DC, 0xD4DC,
  0xD4DC, 0xD4DC, 0xD4DC, 0xD4DC, 0xD4DC, 0xD4DC, 0xD4DC, 0xD4DC, 0xD4DC, 0xD4DC, 0xD4DC, 0xD4DC,
  0xD4DC, 0xD4DC, 0xD4DC, 0xD4DC, 0xD4DC, 0xD4DC, 0xD4DC, 0xD4DC, 0xD4DC, 0x0000, 0x0000, 0x0000,
  0x0000, 0x0000, 0x0000, 0x0000, 0x0000, 0x0000, 0x0000, 0x0000, 0xABF6, 0xABF6, 0xABF6, 0xABF6,
  0xABF6, 0xABF6, 0xABF6, 0xABF6, 0xABF6, 0xABF6, 0xABF6, 0xABF6, 0xABF6, 0xABF6, 0xABF6, 0xABF6,
  0xABF6, 0xD4DC, 0xD4DC, 0xD4DC, 0xD4DC, 0xD4DC, 0xD4DC, 0xD4DC, 0xD4DC, 0xD4DC, 0xD4DC, 0xD4DC,
  0xD4DC, 0xD4DC, 0xD4DC, 0xD4DC, 0x0000, 0x0000, 0x0000, 0x0000, 0x0000, 0x0000, 0x0000, 0x0000,
  0x0000, 0x0000, 0x0000, 0x0000, 0x0000, 0x0000, 0x0000, 0x0000, 0x0000, 0x0000, 0x0000, 0x0000,
  0x0000, 0x0000, 0x0000, 0x0000, 0x0000, 0x0000, 0x0000, 0x0000, 0x0000, 0x0000, 0x0000, 0x0000,
  0x0000, 0x0000, 0x0000, 0x0000, 0x0000, 0x0000, 0x0000, 0x0000, 0x0000, 0x0000, 0x0000, 0x0000,
  0x0000, 0x0000, 0x0000, 0x0000, 0x0000, 0x0000, 0x0000, 0x0000, 0x0000, 0x0000, 0x0000, 0x0000,
  0x0000, 0x0000, 0x0000, 0x0000, 0x0000, 0x0000, 0x0000, 0x0000, 0x0000, 0x0000, 0x0000, 0x0000,
  0x0000, 0x0000, 0x0000, 0x0000, 0x0000, 0x0000, 0x0000, 0x0000, 0x0000, 0x0000, 0x0000, 0x0000,
  0x0000, 0x0000, 0x0000, 0x0000, 0x0000, 0x0000, 0x0000, 0x0000, 0x0000, 0x0000, 0x0000, 0x0000,
  0x0000, 0x0000, 0x0000, 0x0000, 0x0000, 0x0000, 0x0000, 0x0000, 0x0000, 0x0000, 0x0000, 0x0000,
  0x0000, 0x0000, 0x0000, 0x0000, 0x0000, 0x0000, 0xEEB4, 0x0000, 0x0000, 0x0000, 0x0000, 0x0000,
  0x0000, 0x0000, 0x0000, 0x0000, 0x0000, 0x0000, 0x0000, 0x0000, 0x0000, 0x0000, 0xD4DC, 0xD4DC,
  0xD4DC, 0xD4DC, 0xD4DC, 0xD4DC, 0xD4DC, 0xD4DC, 0xD4DC, 0xD4DC, 0xD4DC, 0x0000, 0x0000, 0x0000,
  0xD4DC, 0xD4DC, 0xD4DC, 0xD4DC, 0xD4DC, 0xD4DC, 0xD4DC, 0xD4DC, 0xD4DC, 0xD4DC, 0xD4DC, 0xD4DC,
  0xD4DC, 0xD4DC, 0xD4DC, 0xD4DC, 0xD4DC, 0xD4DC, 0xD4DC, 0xD4DC, 0xD4DC, 0xD4DC, 0xABF6, 0xABF6,
  0xABF6, 0xABF6, 0xABF6, 0xABF6, 0xD4DC, 0xD4DC, 0xD4DC, 0xD4DC, 0xD4DC, 0xD4DC, 0xD4DC, 0xD4DC,
  0xD4DC, 0xD4DC, 0xD4DC, 0xD4DC, 0xD4DC, 0xD4DC, 0xD4DC, 0xD4DC, 0xD4DC, 0xD4DC, 0xD4DC, 0xD4DC,
  0xD4DC, 0xD4DC, 0xD4DC, 0xD4DC, 0xD4DC, 0xD4DC, 0xD4DC, 0xD4DC, 0xD4DC, 0xD4DC, 0xD4DC, 0xD4DC,
  0xD4DC, 0xD4DC, 0xD4DC, 0xD4DC, 0xABF6, 0xABF6, 0xABF6, 0xABF6, 0xABF6, 0xABF6, 0xABF6, 0xABF6,
  0xD4DC, 0xD4DC, 0xD4DC, 0xD4DC, 0xD4DC, 0xD4DC, 0xD4DC, 0xD4DC, 0xD4DC, 0xD4DC, 0xD4DC, 0xD4DC,
  0xD4DC, 0xD4DC, 0xD4DC, 0xD4DC, 0xD4DC, 0xD4DC, 0xD4DC, 0xD4DC, 0xD4DC, 0xD4DC, 0xD4DC, 0xD4DC,
  0xD4DC, 0x0000, 0x0000, 0x0000, 0x0000, 0x0000, 0x0000, 0x0000, 0x0000, 0x0000, 0x0000, 0x0000,
  0x0000, 0x0000, 0x0000, 0x0000, 0xABF6, 0xABF6, 0xABF6, 0xABF6, 0xABF6, 0xABF6, 0xABF6, 0xABF6,
  0xABF6, 0xABF6, 0xABF6, 0xABF6, 0xABF6, 0xABF6, 0xABF6, 0xABF6, 0xD4DC, 0xD4DC, 0xD4DC, 0xD4DC,
  0xD4DC, 0xD4DC, 0xD4DC, 0xD4DC, 0xD4DC, 0xD4DC, 0xD4DC, 0xD4DC, 0xD4DC, 0xD4DC, 0x0000, 0x0000,
  0x0000, 0x0000, 0x0000, 0x0000, 0x0000, 0x0000, 0x0000, 0x0000, 0x0000, 0x0000, 0x0000, 0x0000,
  0x0000, 0x0000, 0x0000, 0x0000, 0x0000, 0x0000, 0x0000, 0x0000, 0x0000, 0x0000, 0x0000, 0x0000,
  0x0000, 0x0000, 0x0000, 0x0000, 0x0000, 0x0000, 0x175D, 0x5F62, 0x5F62, 0x5F62, 0x5F62, 0x5F62,
  0x5F62, 0x0000, 0x0000, 0x0000, 0x0000, 0x0000, 0x0000, 0x0000, 0x0000, 0x0000, 0x0000, 0x0000,
  0x0000, 0x0000, 0x0000, 0x0000, 0x0000, 0x0000, 0x0000, 0x0000, 0x0000, 0x0000, 0x0000, 0x0000,
  0x0000, 0x0000, 0x0000, 0x0000, 0x0000, 0x0000, 0x0000, 0x0000, 0x0000, 0x0000, 0x0000, 0x0000,
  0x0000, 0x0000, 0x0000, 0x0000, 0x0000, 0x0000, 0x0000, 0x0000, 0x0000, 0x0000, 0x0000, 0x0000,
  0x0000, 0x0000, 0x0000, 0x0000, 0x0000, 0x0000, 0x0000, 0x0000, 0x0000, 0x0000, 0x0000, 0x0000,
  0x0000, 0x0000, 0x0000, 0x0000, 0x0000, 0x0000, 0x0000, 0x0000, 0x0000, 0x0000, 0x0000, 0x0000,
  0x0000, 0x0000, 0x0000, 0x0000, 0x0000, 0x0000, 0x0000, 0x0000, 0x0000, 0x0000, 0x0000, 0x0000,
  0x0000, 0x0000, 0x0000, 0x0000, 0x0000, 0x0000, 0x0000, 0x0000, 0xD4DC, 0xD4DC, 0xD4DC, 0xD4DC,
  0xD4DC, 0xD4DC, 0xD4DC, 0xD4DC, 0xD4DC, 0xD4DC, 0xD4DC, 0xD4DC, 0xD4DC, 0xD4DC, 0xD4DC, 0xD4DC,
  0xD4DC, 0xD4DC, 0xD4DC, 0xD4DC, 0xD4DC, 0xD4DC, 0xD4DC, 0xD4DC, 0xD4DC, 0xD4DC, 0xD4DC, 0xD4DC,
  0xD4DC, 0xD4DC, 0xD4DC, 0xD4DC, 0xD4DC, 0xD4DC, 0xD4DC, 0xD4DC, 0xD4DC, 0xD4DC, 0xD4DC, 0xD4DC,
  0xD4DC, 0xD4DC, 0xD4DC, 0xD4DC, 0xD4DC, 0xD4DC, 0xD4DC, 0xD4DC, 0xD4DC, 0xD4DC, 0xD4DC, 0xD4DC,
  0xD4DC, 0xD4DC, 0xD4DC, 0xD4DC, 0xD4DC, 0xD4DC, 0xD4DC, 0xD4DC, 0xD4DC, 0xD4DC, 0xD4DC, 0xD4DC,
  0xD4DC, 0xD4DC, 0xD4DC, 0xD4DC, 0xD4DC, 0xD4DC, 0xD4DC, 0xD4DC, 0xD4DC, 0xD4DC, 0xD4DC, 0xD4DC,
  0xD4DC, 0xD4DC, 0xABF6, 0xABF6, 0xABF6, 0xABF6, 0xABF6, 0xABF6, 0xABF6, 0xD4DC, 0xD4DC, 0xD4DC,
  0xD4DC, 0xD4DC, 0xD4DC, 0xD4DC, 0xD4DC, 0xD4DC, 0xD4DC, 0xD4DC, 0xD4DC, 0xD4DC, 0xD4DC, 0xD4DC,
  0xD4DC, 0xD4DC, 0xD4DC, 0xD4DC, 0xD4DC, 0xD4DC, 0xD4DC, 0xD4DC, 0xD4DC, 0x0000, 0x0000, 0x0000,
  0x0000, 0x0000, 0x0000, 0x0000, 0x0000, 0x0000, 0x0000, 0x0000, 0x0000, 0x0000, 0x0000, 0x0000,
  0xABF6, 0xABF6, 0xABF6, 0xABF6, 0xABF6, 0xABF6, 0xABF6, 0xABF6, 0xABF6, 0xABF6, 0xABF6, 0xABF6,
  0xABF6, 0xABF6, 0xD4DC, 0xD4DC, 0xD4DC, 0xD4DC, 0xD4DC, 0xD4DC, 0xD4DC, 0x0000, 0x0000, 0x0000,
  0x0000, 0x0000, 0x0000, 0x0000, 0x0000, 0x0000, 0x0000, 0x0000, 0x0000, 0x0000, 0x0000, 0x0000,
  0x0000, 0x0000, 0x0000, 0x0000, 0x0000, 0x0000, 0x0000, 0x0000, 0x0000, 0x0000, 0x0000, 0x0000,
  0x0000, 0x0000, 0x0000, 0x0000, 0x0000, 0x0000, 0x0000, 0x0000, 0x0000, 0x0000, 0x0000, 0x0000,
  0x0000, 0x0000, 0x0000, 0x175D, 0x5F62, 0x5F62, 0x5F62, 0x5F62, 0x5F62, 0x5F62, 0x5F62, 0x5F62,
  0x0000, 0x0000, 0x0000, 0x0000, 0x0000, 0x0000, 0x0000, 0x0000, 0x0000, 0x0000, 0x0000, 0x0000,
  0x0000, 0x0000, 0x0000, 0x0000, 0x0000, 0x0000, 0x0000, 0x0000, 0x0000, 0x0000, 0x0000, 0x0000,
  0x0000, 0x0000, 0x0000, 0x0000, 0x0000, 0x0000, 0x0000, 0x0000, 0x0000, 0x0000, 0x0000, 0x0000,
  0x0000, 0x0000, 0x0000, 0x0000, 0x0000, 0x0000, 0x0000, 0x0000, 0x0000, 0x0000, 0x0000, 0x0000,
  0x0000, 0x0000, 0x0000, 0x0000, 0x0000, 0x0000, 0x0000, 0x0000, 0x0000, 0x0000, 0x0000, 0x0000,
  0x0000, 0x0000, 0x0000, 0x0000, 0x0000, 0x0000, 0x0000, 0x0000, 0x0000, 0x0000, 0x0000, 0x0000,
  0x0000, 0x0000, 0x0000, 0x0000, 0x0000, 0x0000, 0x0000, 0x0000, 0x0000, 0x0000, 0x0000, 0x0000,
  0x0000, 0x0000, 0x0000, 0x0000, 0x0000, 0x0000, 0x0000, 0xD4DC, 0xD4DC, 0xD4DC, 0xD4DC, 0xD4DC,
  0xD4DC, 0xD4DC, 0xD4DC, 0xD4DC, 0xD4DC, 0xD4DC, 0xD4DC, 0xD4DC, 0xD4DC, 0xD4DC, 0xD4DC, 0xD4DC,
  0xD4DC, 0xD4DC, 0xD4DC, 0xD4DC, 0xD4DC, 0xD4DC, 0xD4DC, 0xD4DC, 0xD4DC, 0x0000, 0x0000, 0x0000,
  0xD4DC, 0xD4DC, 0x0000, 0x0000, 0xD4DC, 0xD4DC, 0xD4DC, 0xD4DC, 0xD4DC, 0xD4DC, 0xD4DC, 0xD4DC,
  0xD4DC, 0xD4DC, 0xD4DC, 0xD4DC, 0xD4DC, 0xD4DC, 0xD4DC, 0xD4DC, 0xD4DC, 0xD4DC, 0xD4DC, 0xD4DC,
  0xD4DC, 0xD4DC, 0xD4DC, 0xD4DC, 0xD4DC, 0xD4DC, 0xD4DC, 0xD4DC, 0xD4DC, 0xD4DC, 0xD4DC, 0xD4DC,
  0xD4DC, 0xD4DC, 0xD4DC, 0x0000, 0x0000, 0x0000, 0x0000, 0x0000, 0xD4DC, 0xD4DC, 0xD4DC, 0xD4DC,
  0xD4DC, 0xABF6, 0xABF6, 0xABF6, 0xABF6, 0xABF6, 0xABF6, 0xD4DC, 0xD4DC, 0xD4DC, 0xD4DC, 0xD4DC,
  0xD4DC, 0xD4DC, 0xD4DC, 0xD4DC, 0xD4DC, 0xD4DC, 0xD4DC, 0x0000, 0x0000, 0x0000, 0xD4DC, 0xD4DC,
  0xD4DC, 0xD4DC, 0xD4DC, 0xD4DC, 0xD4DC, 0xD4DC, 0x0000, 0x0000, 0x0000, 0x0000, 0x0000, 0x0000,
  0x0000, 0x0000, 0x0000, 0x0000, 0x0000, 0x0000, 0x0000, 0x0000, 0xABF6, 0xABF6, 0xABF6, 0xABF6,
  0xABF6, 0xABF6, 0xABF6, 0xABF6, 0xABF6, 0xABF6, 0xD4DC, 0xD4DC, 0xD4DC, 0xD4DC, 0xD4DC, 0xD4DC,
  0xD4DC, 0xD4DC, 0xD4DC, 0x0000, 0x0000, 0x0000, 0x0000, 0x0000, 0x0000, 0x0000, 0x0000, 0x0000,
  0x0000, 0x0000, 0x0000, 0x0000, 0x0000, 0x0000, 0x0000, 0x0000, 0x0000, 0x0000, 0x0000, 0x0000,
  0x0000, 0x0000, 0x0000, 0x0000, 0x0000, 0x0000, 0x0000, 0x0000, 0x0000, 0x0000, 0x0000, 0x0000,
  0x0000, 0x0000, 0x0000, 0x0000, 0x0000, 0x0000, 0x0000, 0x0000, 0x0000, 0x0000, 0x0000, 0x0000,
  0x5F62, 0x5F62, 0x5F62, 0x5F62, 0x175D, 0x175D, 0x5F62, 0x5F62, 0x5F62, 0x5F62, 0x175D, 0x0000,
  0x0000, 0x0000, 0x0000, 0x0000, 0x0000, 0x0000, 0x0000, 0x0000, 0x0000, 0x0000, 0x0000, 0x0000,
  0x0000, 0x0000, 0x0000, 0x0000, 0x0000, 0x0000, 0x0000, 0x0000, 0x0000, 0x0000, 0x0000, 0x0000,
  0x0000, 0x0000, 0x0000, 0x0000, 0x0000, 0x0000, 0x0000, 0x0000, 0x0000, 0x0000, 0x0000, 0x0000,
  0x0000, 0x0000, 0x0000, 0x0000, 0x0000, 0x0000, 0x0000, 0x0000, 0x0000, 0x0000, 0x0000, 0x0000,
  0x0000, 0x0000, 0x0000, 0x0000, 0x0000, 0x0000, 0x0000, 0x0000, 0x0000, 0x0000, 0x0000, 0x0000,
  0x0000, 0x0000, 0x0000, 0x0000, 0x0000, 0x0000, 0x0000, 0x0000, 0x0000, 0x0000, 0x0000, 0x0000,
  0x0000, 0x0000, 0x0000, 0x0000, 0x0000, 0x0000, 0x0000, 0x0000, 0x0000, 0x0000, 0x0000, 0x0000,
  0x0000, 0x0000, 0x0000, 0x0000, 0x0000, 0xD4DC, 0xD4DC, 0xD4DC, 0xD4DC, 0xD4DC, 0xD4DC, 0xD4DC,
  0xD4DC, 0xD4DC, 0xD4DC, 0xD4DC, 0xD4DC, 0xD4DC, 0xD4DC, 0xD4DC, 0xD4DC, 0xD4DC, 0xD4DC, 0xD4DC,
  0xD4DC, 0xD4DC, 0xD4DC, 0xD4DC, 0xD4DC, 0xD4DC, 0xD4DC, 0x0000, 0x0000, 0x0000, 0x0000, 0x0000,
  0x0000, 0x0000, 0x0000, 0x0000, 0x0000, 0x0000, 0xD4DC, 0xD4DC, 0xD4DC, 0xD4DC, 0xD4DC, 0xD4DC,
  0xD4DC, 0xD4DC, 0xD4DC, 0xD4DC, 0xD4DC, 0xD4DC, 0xD4DC, 0xD4DC, 0xD4DC, 0xD4DC, 0xD4DC, 0xD4DC,
  0xD4DC, 0xD4DC, 0xD4DC, 0xD4DC, 0xD4DC, 0xD4DC, 0xD4DC, 0xD4DC, 0xD4DC, 0xD4DC, 0xD4DC, 0xD4DC,
  0xD4DC, 0x0000, 0x0000, 0x0000, 0x0000, 0x0000, 0x0000, 0x0000, 0xD4DC, 0xD4DC, 0xD4DC, 0xABF6,
  0xABF6, 0xABF6, 0xABF6, 0xABF6, 0xABF6, 0xD4DC, 0xD4DC, 0xD4DC, 0xD4DC, 0xD4DC, 0xD4DC, 0xD4DC,
  0xD4DC, 0x0000, 0x0000, 0x0000, 0x0000, 0x0000, 0x0000, 0x0000, 0x0000, 0x0000, 0xD4DC, 0xD4DC,
  0xD4DC, 0xD4DC, 0xD4DC, 0xD4DC, 0x0000, 0x0000, 0x0000, 0x0000, 0x0000, 0x0000, 0x0000, 0x0000,
  0x0000, 0x0000, 0x0000, 0x0000, 0x0000, 0xD4DC, 0xABF6, 0xABF6, 0xABF6, 0xABF6, 0xD4DC, 0xD4DC,
  0xD4DC, 0xD4DC, 0xD4DC, 0xD4DC, 0xD4DC, 0xD4DC, 0xD4DC, 0xD4DC, 0xD4DC, 0x0000, 0x0000, 0x0000,
  0x0000, 0x0000, 0x0000, 0x0000, 0x0000, 0x0000, 0x0000, 0x0000, 0x0000, 0x0000, 0x0000, 0x0000,
  0x0000, 0x0000, 0x0000, 0x0000, 0x0000, 0x0000, 0x0000, 0x0000, 0x0000, 0x0000, 0x0000, 0x0000,
  0x0000, 0x0000, 0x0000, 0x0000, 0x0000, 0x0000, 0x0000, 0x0000, 0x0000, 0x0000, 0x0000, 0x0000,
  0x0000, 0x0000, 0x0000, 0x0000, 0x0000, 0x0000, 0x0000, 0x0000, 0x0000, 0x0000, 0x5F62, 0x5F62,
  0x5F62, 0x5F62, 0x175D, 0x175D, 0x175D, 0x5F62, 0x5F62, 0x5F62, 0x5F62, 0x0000, 0x0000, 0x0000,
  0x0000, 0x0000, 0x0000, 0x0000, 0x0000, 0x0000, 0x0000, 0x0000, 0x0000, 0x0000, 0x0000, 0x0000,
  0x0000, 0x0000, 0x0000, 0x0000, 0x0000, 0x0000, 0x0000, 0x0000, 0x0000, 0x0000, 0x0000, 0x0000,
  0x0000, 0x0000, 0x0000, 0x0000, 0x0000, 0x0000, 0x0000, 0x0000, 0x0000, 0xD61A, 0x0000, 0x0000,
  0x0000, 0x0000, 0x0000, 0x0000, 0xD61A, 0x0000, 0x0000, 0x0000, 0x0000, 0x0000, 0x0000, 0x0000,
  0x0000, 0x0000, 0x0000, 0x0000, 0x0000, 0x0000, 0x0000, 0x0000, 0x0000, 0x0000, 0x0000, 0x0000,
  0x0000, 0x0000, 0x0000, 0x0000, 0x0000, 0x0000, 0x0000, 0x0000, 0x0000, 0x0000, 0x0000, 0x0000,
  0x0000, 0x0000, 0x0000, 0x0000, 0x0000, 0x0000, 0x0000, 0x0000, 0x0000, 0x0000, 0x0000, 0x0000,
  0x0000, 0x0000, 0x0000, 0x0000, 0xD4DC, 0xD4DC, 0xD4DC, 0xD4DC, 0xD4DC, 0xD4DC, 0xD4DC, 0xD4DC,
  0xD4DC, 0xD4DC, 0xD4DC, 0xD4DC, 0xD4DC, 0xD4DC, 0xD4DC, 0xD4DC, 0xD4DC, 0xD4DC, 0xD4DC, 0xD4DC,
  0xD4DC, 0xD4DC, 0xD4DC, 0xD4DC, 0xD4DC, 0xD4DC, 0xD4DC, 0xD4DC, 0x0000, 0x0000, 0x0000, 0x0000,
  0x0000, 0x0000, 0x0000, 0x0000, 0x0000, 0x0000, 0x0000, 0xD4DC, 0xD4DC, 0x0000, 0xD4DC, 0xD4DC,
  0xD4DC, 0xD4DC, 0xD4DC, 0xD4DC, 0xD4DC, 0xD4DC, 0xD4DC, 0xD4DC, 0xD4DC, 0xD4DC, 0xD4DC, 0xD4DC,
  0x0000, 0xD4DC, 0xD4DC, 0xD4DC, 0xD4DC, 0xD4DC, 0xD4DC, 0xD4DC, 0xD4DC, 0xD4DC, 0xD4DC, 0x0000,
  0x0000, 0x0000, 0x0000, 0x0000, 0x0000, 0x0000, 0xD4DC, 0xD4DC, 0xD4DC, 0xABF6, 0xABF6, 0xABF6,
  0xABF6, 0xABF6, 0xABF6, 0xD4DC, 0xD4DC, 0xD4DC, 0xD4DC, 0xD4DC, 0xD4DC, 0xD4DC, 0x0000, 0x0000,
  0x0000, 0x0000, 0x0000, 0x0000, 0x0000, 0x0000, 0x0000, 0x0000, 0xD4DC, 0xD4DC, 0xD4DC, 0xD4DC,
  0xD4DC, 0xD4DC, 0x0000, 0x0000, 0x0000, 0x0000, 0x0000, 0x0000, 0x0000, 0x0000, 0xD4DC, 0xD4DC,
  0xD4DC, 0xD4DC, 0xD4DC, 0xD4DC, 0xD4DC, 0xD4DC, 0xD4DC, 0xD4DC, 0xD4DC, 0xD4DC, 0xD4DC, 0xD4DC,
  0xD4DC, 0xD4DC, 0x0000, 0x0000, 0x0000, 0x0000, 0x0000, 0x0000, 0x0000, 0x0000, 0x0000, 0x0000,
  0x0000, 0x0000, 0x0000, 0x0000, 0x0000, 0x0000, 0x0000, 0x0000, 0x0000, 0x0000, 0x0000, 0x0000,
  0x0000, 0x0000, 0x0000, 0x0000, 0x0000, 0x0000, 0x0000, 0x0000, 0x0000, 0x0000, 0x0000, 0x0000,
  0x0000, 0x0000, 0x0000, 0x0000, 0x0000, 0x0000, 0xEEB4, 0x0000, 0x0000, 0x0000, 0x0000, 0x0000,
  0x0000, 0x0000, 0x0000, 0x0000, 0x0000, 0x0000, 0x0000, 0x0000, 0x5F62, 0x5F62, 0x5F62, 0x5F62,
  0x5F62, 0x5F62, 0x5F62, 0x5F62, 0x5F62, 0x5F62, 0x5F62, 0x0000, 0x0000, 0x0000, 0x0000, 0x0000,
  0x0000, 0x0000, 0x0000, 0x0000, 0x0000, 0x0000, 0x0000, 0x0000, 0x0000, 0x0000, 0x0000, 0x0000,
  0x0000, 0x0000, 0x0000, 0x0000, 0x0000, 0x0000, 0x0000, 0x0000, 0x0000, 0x0000, 0x0000, 0x0000,
  0x0000, 0x0000, 0x0000, 0x0000, 0x0000, 0x0000, 0x0000, 0x0000, 0x0000, 0x0000, 0x0000, 0x0000,
  0x0000, 0x0000, 0x0000, 0x0000, 0x0000, 0x0000, 0x0000, 0x0000, 0x0000, 0x0000, 0x0000, 0x0000,
  0x0000, 0x0000, 0x0000, 0x0000, 0x0000, 0x0000, 0x0000, 0x0000, 0x0000, 0x0000, 0x0000, 0xD61A,
  0x0000, 0x0000, 0x0000, 0x0000, 0x0000, 0x0000, 0x0000, 0x0000, 0x0000, 0x0000, 0x0000, 0x0000,
  0x0000, 0x0000, 0x0000, 0x0000, 0x0000, 0x0000, 0x0000, 0x0000, 0x0000, 0x0000, 0x0000, 0x0000,
  0x0000, 0x0000, 0x0000, 0xD4DC, 0xD4DC, 0xD4DC, 0xD4DC, 0xD4DC, 0xD4DC, 0xD4DC, 0xD4DC, 0xD4DC,
  0xD4DC, 0xD4DC, 0xD4DC, 0xD4DC, 0xD4DC, 0xD4DC, 0xD4DC, 0xD4DC, 0xD4DC, 0xD4DC, 0xD4DC, 0xD4DC,
  0xD4DC, 0xD4DC, 0xD4DC, 0xD4DC, 0xD4DC, 0xD4DC, 0xD4DC, 0xD4DC, 0xD4DC, 0xD4DC, 0x0000, 0x0000,
  0x0000, 0x0000, 0x0000, 0x0000, 0x0000, 0x0000, 0xD4DC, 0xD4DC, 0xD4DC, 0xD4DC, 0xD4DC, 0xD4DC,
  0xD4DC, 0xD4DC, 0xD4DC, 0xD4DC, 0xD4DC, 0xD4DC, 0xD4DC, 0xD4DC, 0xD4DC, 0xD4DC, 0xD4DC, 0xD4DC,
  0xD4DC, 0xD4DC, 0xD4DC, 0xD4DC, 0xD4DC, 0xD4DC, 0xD4DC, 0xD4DC, 0xD4DC, 0xD4DC, 0x0000, 0x0000,
  0x0000, 0x0000, 0x0000, 0x0000, 0x0000, 0xD4DC, 0xD4DC, 0xABF6, 0xABF6, 0xABF6, 0xABF6, 0xABF6,
  0xABF6, 0xD4DC, 0xD4DC, 0xD4DC, 0xD4DC, 0xD4DC, 0xD4DC, 0xD4DC, 0x0000, 0x0000, 0x0000, 0x0000,
  0x0000, 0x0000, 0x0000, 0x0000, 0xD4DC, 0xD4DC, 0xD4DC, 0xD4DC, 0xD4DC, 0xD4DC, 0xD4DC, 0xD4DC,
  0xD4DC, 0xD4DC, 0x0000, 0x0000, 0x0000, 0xD4DC, 0xD4DC, 0xD4DC, 0xD4DC, 0xD4DC, 0xD4DC, 0xD4DC,
  0xD4DC, 0xD4DC, 0xD4DC, 0xD4DC, 0xD4DC, 0xD4DC, 0xD4DC, 0xD4DC, 0x0000, 0x0000, 0x0000, 0x0000,
  0x0000, 0x0000, 0x0000, 0x0000, 0x0000, 0x0000, 0x0000, 0x0000, 0x0000, 0x0000, 0x0000, 0x0000,
  0x0000, 0x0000, 0x0000, 0x0000, 0x0000, 0x0000, 0x0000, 0x0000, 0x0000, 0x0000, 0x0000, 0x0000,
  0x0000, 0x0000, 0x0000, 0x0000, 0x0000, 0x0000, 0x0000, 0x0000, 0x0000, 0x0000, 0x0000, 0x0000,
  0x0000, 0x0000, 0x0000, 0x0000, 0x0000, 0x0000, 0x0000, 0x0000, 0x0000, 0x0000, 0x0000, 0x0000,
  0x0000, 0x0000, 0x0000, 0x0000, 0x0000, 0x0000, 0x5F62, 0x5F62, 0x5F62, 0x5F62, 0x5F62, 0x5F62,
  0x5F62, 0x5F62, 0x5F62, 0x5F62, 0x5F62, 0x0000, 0x0000, 0x0000, 0x0000, 0x0000, 0x0000, 0x0000,
  0x0000, 0x0000, 0x0000, 0x0000, 0x0000, 0x0000, 0x0000, 0x0000, 0x0000, 0x0000, 0x0000, 0x0000,
  0x0000, 0x0000, 0x0000, 0x0000, 0x0000, 0x0000, 0x0000, 0x0000, 0x0000, 0x0000, 0x0000, 0x0000,
  0x0000, 0x0000, 0x0000, 0x0000, 0x0000, 0x0000, 0x0000, 0x0000, 0x0000, 0x0000, 0x0000, 0x0000,
  0x0000, 0x0000, 0x0000, 0x0000, 0x0000, 0x0000, 0x0000, 0x0000, 0x0000, 0x0000, 0x0000, 0x0000,
  0x0000, 0x0000, 0x0000, 0x0000, 0x0000, 0x0000, 0x0000, 0x0000, 0x0000, 0x0000, 0x0000, 0x0000,
  0x0000, 0x0000, 0x0000, 0x0000, 0x0000, 0x0000, 0x0000, 0x0000, 0x0000, 0x0000, 0x0000, 0x0000,
  0x0000, 0x0000, 0x0000, 0x0000, 0x0000, 0x0000, 0x0000, 0x0000, 0x0000, 0x0000, 0x0000, 0x0000,
  0x0000, 0x0000, 0x0000, 0x0000, 0xD4DC, 0xD4DC, 0xD4DC, 0xD4DC, 0xD4DC, 0xD4DC, 0xD4DC, 0xD4DC,
  0xD4DC, 0xD4DC, 0xD4DC, 0xD4DC, 0xD4DC, 0xD4DC, 0xD4DC, 0xD4DC, 0xD4DC, 0xD4DC, 0xD4DC, 0xD4DC,
  0xD4DC, 0xD4DC, 0xD4DC, 0xD4DC, 0xD4DC, 0xD4DC, 0xD4DC, 0xD4DC, 0xD4DC, 0xD4DC, 0x0000, 0x0000,
  0x0000, 0x0000, 0x0000, 0x0000, 0x0000, 0xD4DC, 0xD4DC, 0xD4DC, 0xD4DC, 0xD4DC, 0xD4DC, 0xD4DC,
  0xD4DC, 0xD4DC, 0xD4DC, 0xD4DC, 0xD4DC, 0xD4DC, 0xD4DC, 0xD4DC, 0xD4DC, 0xD4DC, 0xD4DC, 0xD4DC,
  0xD4DC, 0xD4DC, 0xD4DC, 0xD4DC, 0xD4DC, 0xD4DC, 0xD4DC, 0xD4DC, 0x0000, 0x0000, 0x0000, 0x0000,
  0x0000, 0x0000, 0x0000, 0xD4DC, 0xD4DC, 0xABF6, 0xABF6, 0xABF6, 0xABF6, 0xABF6, 0xABF6, 0xD4DC,
  0xD4DC, 0xD4DC, 0xD4DC, 0xD4DC, 0x0000, 0x0000, 0x0000, 0x0000, 0x0000, 0x0000, 0x0000, 0x0000,
  0xD4DC, 0xD4DC, 0xD4DC, 0xD4DC, 0xD4DC, 0xD4DC, 0xD4DC, 0xD4DC, 0xD4DC, 0xD4DC, 0xD4DC, 0xD4DC,
  0xD4DC, 0xD4DC, 0xD4DC, 0xD4DC, 0xD4DC, 0xD4DC, 0xD4DC, 0xD4DC, 0xD4DC, 0xD4DC, 0xD4DC, 0xD4DC,
  0xD4DC, 0xD4DC, 0x0000, 0x0000, 0x0000, 0x0000, 0x0000, 0x0000, 0x0000, 0x0000, 0x0000, 0x0000,
  0x0000, 0x0000, 0x0000, 0x0000, 0x0000, 0x0000, 0x0000, 0x0000, 0x0000, 0x0000, 0x0000, 0x0000,
  0x0000, 0x0000, 0x0000, 0x0000, 0x0000, 0x0000, 0x0000, 0x0000, 0x0000, 0x0000, 0x0000, 0x0000,
  0x0000, 0x0000, 0x0000, 0x0000, 0x0000, 0x0000, 0x0000, 0x0000, 0x0000, 0x0000, 0x0000, 0x0000,
  0x0000, 0x0000, 0x0000, 0x0000, 0x0000, 0x0000, 0x0000, 0x0000, 0x0000, 0x0000, 0x0000, 0x0000,
  0x0000, 0x0000, 0x0000, 0x0000, 0x175D, 0x175D, 0x175D, 0x5F62, 0x5F62, 0x5F62, 0x5F62, 0x5F62,
  0x5F62, 0x5F62, 0x5F62, 0x0000, 0x0000, 0x0000, 0x0000, 0x0000, 0x0000, 0x0000, 0x0000, 0x0000,
  0x0000, 0x0000, 0x0000, 0x0000, 0x0000, 0x0000, 0x0000, 0x0000, 0x0000, 0x0000, 0x0000, 0x0000,
  0x0000, 0xD61A, 0x0000, 0x0000, 0x0000, 0x0000, 0x0000, 0x0000, 0x0000, 0x0000, 0x0000, 0x0000,
  0x0000, 0x0000, 0x0000, 0x0000, 0x0000, 0x0000, 0x0000, 0x0000, 0x0000, 0x0000, 0x0000, 0x0000,
  0x0000, 0x0000, 0x0000, 0x0000, 0x0000, 0x0000, 0x0000, 0x0000, 0x0000, 0x0000, 0x0000, 0x0000,
  0x0000, 0x0000, 0x0000, 0x0000, 0x0000, 0x0000, 0x0000, 0x0000, 0x0000, 0x0000, 0x0000, 0x0000,
  0x0000, 0x0000, 0x0000, 0x0000, 0x0000, 0x0000, 0x0000, 0x0000, 0x0000, 0x0000, 0x0000, 0x0000,
  0x0000, 0x0000, 0x0000, 0x0000, 0x0000, 0x0000, 0x0000, 0x0000, 0x0000, 0x0000, 0x0000, 0x0000,
  0x0000, 0x0000, 0x0000, 0x0000, 0x0000, 0x0000, 0x0000, 0x0000, 0x0000, 0xD4DC, 0xD4DC, 0xD4DC,
  0xD4DC, 0xD4DC, 0xD4DC, 0xD4DC, 0xD4DC, 0xD4DC, 0xD4DC, 0xD4DC, 0xD4DC, 0xD4DC, 0xD4DC, 0xD4DC,
  0xD4DC, 0xD4DC, 0xD4DC, 0xD4DC, 0xD4DC, 0xD4DC, 0xD4DC, 0xD4DC, 0x0000, 0x0000, 0x0000, 0x0000,
  0x0000, 0x0000, 0x0000, 0x0000, 0xD4DC, 0xD4DC, 0xD4DC, 0xD4DC, 0xD4DC, 0xD4DC, 0xD4DC, 0xD4DC,
  0xD4DC, 0xD4DC, 0xD4DC, 0xD4DC, 0xD4DC, 0xD4DC, 0xD4DC, 0xD4DC, 0xD4DC, 0xD4DC, 0xD4DC, 0xD4DC,
  0xD4DC, 0xD4DC, 0xD4DC, 0xD4DC, 0xD4DC, 0xD4DC, 0xD4DC, 0x0000, 0x0000, 0x0000, 0x0000, 0x0000,
  0x0000, 0xD4DC, 0xABF6, 0xABF6, 0xABF6, 0xABF6, 0xABF6, 0xABF6, 0xABF6, 0xD4DC, 0xD4DC, 0xD4DC,
  0xD4DC, 0x0000, 0x0000, 0x0000, 0x0000, 0x0000, 0xD4DC, 0xD4DC, 0xD4DC, 0xD4DC, 0xD4DC, 0xD4DC,
  0xD4DC, 0xD4DC, 0xD4DC, 0xD4DC, 0xD4DC, 0xD4DC, 0xD4DC, 0xD4DC, 0xD4DC, 0xD4DC, 0xD4DC, 0xD4DC,
  0xD4DC, 0xD4DC, 0xD4DC, 0xD4DC, 0xD4DC, 0xD4DC, 0xD4DC, 0xD4DC, 0xD4DC, 0x0000, 0x0000, 0x0000,
  0x0000, 0x0000, 0x0000, 0x0000, 0x0000, 0x0000, 0x0000, 0x0000, 0x0000, 0x0000, 0x0000, 0x0000,
  0x0000, 0x0000, 0x0000, 0x0000, 0x0000, 0x0000, 0x0000, 0x0000, 0x0000, 0x0000, 0x0000, 0x0000,
  0x0000, 0x0000, 0x0000, 0x0000, 0x0000, 0x0000, 0x0000, 0x0000, 0x0000, 0x0000, 0x0000, 0x0000,
  0x0000, 0x0000, 0x0000, 0x0000, 0x0000, 0x0000, 0x0000, 0x0000, 0x0000, 0x0000, 0x0000, 0x0000,
  0x0000, 0x0000, 0x0000, 0x0000, 0x0000, 0x0000, 0x0000, 0x0000, 0x0000, 0x0000, 0x0000, 0x0000,
  0x0000, 0x0000, 0x175D, 0x175D, 0x175D, 0x5F62, 0x5F62, 0x5F62, 0x5F62, 0x5F62, 0x175D, 0x175D,
  0x175D, 0x0000, 0x0000, 0x0000, 0x0000, 0x0000, 0x0000, 0x0000, 0x0000, 0x0000, 0x0000, 0x0000,
  0x0000, 0x0000, 0x0000, 0x0000, 0x0000, 0x0000, 0x0000, 0x0000, 0x0000, 0x0000, 0x0000, 0x0000,
  0x0000, 0x0000, 0x0000, 0x0000, 0x0000, 0x0000, 0x0000, 0x0000, 0x0000, 0x0000, 0x0000, 0x0000,
  0x0000, 0x0000, 0x0000, 0x0000, 0x0000, 0x0000, 0x0000, 0x0000, 0x0000, 0x0000, 0x0000, 0x0000,
  0x0000, 0x0000, 0x0000, 0x0000, 0x0000, 0x0000, 0x0000, 0x0000, 0x0000, 0x0000, 0x0000, 0x0000,
  0x0000, 0x0000, 0x0000, 0x0000, 0x0000, 0x0000, 0x0000, 0x0000, 0x0000, 0x0000, 0x0000, 0x0000,
  0x0000, 0x0000, 0x0000, 0x0000, 0x0000, 0x0000, 0x0000, 0x0000, 0x0000, 0x0000, 0x0000, 0x0000,
  0x0000, 0x0000, 0x0000, 0x0000, 0x0000, 0x0000, 0x0000, 0x0000, 0x0000, 0x0000, 0x0000, 0x0000,
  0x0000, 0x0000, 0x0000, 0x0000, 0x0000, 0x0000, 0x0000, 0x0000, 0x0000, 0x0000, 0x0000, 0x0000,
  0xD4DC, 0xD4DC, 0xD4DC, 0xD4DC, 0xD4DC, 0xD4DC, 0xD4DC, 0xD4DC, 0xD4DC, 0xD4DC, 0xD4DC, 0xD4DC,
  0xD4DC, 0xD4DC, 0xD4DC, 0xD4DC, 0xD4DC, 0xD4DC, 0xD4DC, 0x0000, 0x0000, 0x0000, 0x0000, 0x0000,
  0x0000, 0x0000, 0xD4DC, 0xD4DC, 0xD4DC, 0xD4DC, 0xD4DC, 0xD4DC, 0xD4DC, 0xD4DC, 0xD4DC, 0xD4DC,
  0x0000, 0xD4DC, 0xD4DC, 0xD4DC, 0xD4DC, 0xD4DC, 0xD4DC, 0xD4DC, 0xD4DC, 0xD4DC, 0xD4DC, 0xD4DC,
  0xD4DC, 0xD4DC, 0xD4DC, 0xD4DC, 0xD4DC, 0xD4DC, 0x0000, 0x0000, 0x0000, 0x0000, 0x0000, 0xD4DC,
  0xABF6, 0xABF6, 0xABF6, 0xABF6, 0xABF6, 0xABF6, 0xABF6, 0xD4DC, 0xD4DC, 0xD4DC, 0x0000, 0x0000,
  0x0000, 0x0000, 0x0000, 0xD4DC, 0xD4DC, 0xD4DC, 0xD4DC, 0xD4DC, 0xD4DC, 0xD4DC, 0xD4DC, 0xD4DC,
  0xD4DC, 0xD4DC, 0xD4DC, 0xD4DC, 0xD4DC, 0xD4DC, 0xD4DC, 0xD4DC, 0xD4DC, 0xD4DC, 0xD4DC, 0xD4DC,
  0xD4DC, 0xD4DC, 0xD4DC, 0xD4DC, 0xD4DC, 0x0000, 0x0000, 0x0000, 0x0000, 0x0000, 0x0000, 0x0000,
  0x0000, 0x0000, 0x0000, 0x0000, 0x0000, 0x0000, 0x0000, 0x0000, 0x0000, 0x0000, 0x0000, 0x0000,
  0x0000, 0x0000, 0x0000, 0x0000, 0x0000, 0x0000, 0x0000, 0x0000, 0x0000, 0x0000, 0x0000, 0x0000,
  0x0000, 0x0000, 0x0000, 0x0000, 0x0000, 0x0000, 0x0000, 0x0000, 0x0000, 0x0000, 0x0000, 0x0000,
  0x0000, 0x0000, 0x0000, 0x0000, 0x0000, 0x0000, 0x0000, 0x0000, 0x0000, 0x0000, 0x0000, 0x0000,
  0x0000, 0x0000, 0x0000, 0x0000, 0x0000, 0x0000, 0x0000, 0x0000, 0x0000, 0x0000, 0x0000, 0x0000,
  0x175D, 0x175D, 0x175D, 0x175D, 0x5F62, 0x5F62, 0x5F62, 0x5F62, 0x175D, 0x175D, 0x175D, 0x0000,
  0x0000, 0x0000, 0x0000, 0x0000, 0x0000, 0x0000, 0x0000, 0x0000, 0x0000, 0x0000, 0x0000, 0x0000,
  0x0000, 0x0000, 0x0000, 0x0000, 0x0000, 0x0000, 0x0000, 0x0000, 0x0000, 0x0000, 0x0000, 0x0000,
  0x0000, 0x0000, 0x0000, 0x0000, 0x0000, 0x0000, 0x0000, 0x0000, 0x0000, 0x0000, 0x0000, 0x0000,
  0x0000, 0x0000, 0x0000, 0x0000, 0x0000, 0x0000, 0x0000, 0x0000, 0x0000, 0x0000, 0x0000, 0x0000,
  0x0000, 0x0000, 0x0000, 0x0000, 0x0000, 0x0000, 0x0000, 0x0000, 0x0000, 0x0000, 0x0000, 0x0000,
  0x0000, 0x0000, 0x0000, 0x0000, 0x0000, 0x0000, 0x0000, 0x0000, 0x0000, 0x0000, 0x0000, 0x0000,
  0x0000, 0x0000, 0x0000, 0x0000, 0x0000, 0x0000, 0x0000, 0x0000, 0x0000, 0x0000, 0x0000, 0x0000,
  0x0000, 0x0000, 0x0000, 0x0000, 0x0000, 0x0000, 0x0000, 0x0000, 0x0000, 0x0000, 0x0000, 0x0000,
  0x0000, 0x0000, 0x0000, 0x0000, 0x0000, 0x0000, 0x0000, 0x0000, 0x0000, 0x0000, 0x0000, 0x0000,
  0x0000, 0x0000, 0x0000, 0x0000, 0xD4DC, 0xD4DC, 0xD4DC, 0xD4DC, 0xD4DC, 0xD4DC, 0xD4DC, 0xD4DC,
  0xD4DC, 0xD4DC, 0xD4DC, 0xD4DC, 0xD4DC, 0x0000, 0x0000, 0x0000, 0x0000, 0x0000, 0x0000, 0x0000,
  0x0000, 0xD4DC, 0xD4DC, 0xD4DC, 0xD4DC, 0xD4DC, 0xD4DC, 0xD4DC, 0xD4DC, 0xD4DC, 0x0000, 0x0000,
  0x0000, 0x0000, 0xD4DC, 0xD4DC, 0xD4DC, 0xD4DC, 0xD4DC, 0xD4DC, 0xD4DC, 0xD4DC, 0xD4DC, 0xD4DC,
  0xD4DC, 0xD4DC, 0xD4DC, 0xD4DC, 0xD4DC, 0x0000, 0x0000, 0x0000, 0x0000, 0xD4DC, 0xABF6, 0xABF6,
  0xABF6, 0xABF6, 0xABF6, 0xABF6, 0xABF6, 0xD4DC, 0xD4DC, 0xD4DC, 0x0000, 0x0000, 0x0000, 0x0000,
  0xD4DC, 0xD4DC, 0xD4DC, 0xD4DC, 0xD4DC, 0xD4DC, 0xD4DC, 0xD4DC, 0xD4DC, 0xD4DC, 0xD4DC, 0xD4DC,
  0xD4DC, 0xD4DC, 0xD4DC, 0xD4DC, 0xD4DC, 0xD4DC, 0xD4DC, 0xD4DC, 0xD4DC, 0xD4DC, 0xD4DC, 0xD4DC,
  0xD4DC, 0xD4DC, 0x0000, 0x0000, 0x0000, 0x0000, 0x0000, 0x0000, 0x0000, 0x0000, 0x0000, 0x0000,
  0x0000, 0x0000, 0x0000, 0x0000, 0x0000, 0x0000, 0x0000, 0x0000, 0x0000, 0x0000, 0x0000, 0x0000,
  0x0000, 0x0000, 0x0000, 0x0000, 0x0000, 0x0000, 0x0000, 0x0000, 0x0000, 0x0000, 0x0000, 0x0000,
  0x0000, 0x0000, 0x0000, 0x0000, 0x0000, 0x0000, 0x0000, 0x0000, 0x0000, 0x0000, 0x0000, 0x0000,
  0x0000, 0x0000, 0x0000, 0x0000, 0x0000, 0x0000, 0x0000, 0x0000, 0x0000, 0x0000, 0x0000, 0x0000,
  0x0000, 0x0000, 0x0000, 0x0000, 0x0000, 0x0000, 0x0000, 0x0000, 0x0000, 0x0000, 0x0000, 0x175D,
  0x175D, 0x175D, 0x5F62, 0x5F62, 0x5F62, 0x5F62, 0x5F62, 0x5F62, 0x0000, 0x0000, 0x0000, 0x0000,
  0x0000, 0x0000, 0x0000, 0x0000, 0x0000, 0x0000, 0x0000, 0x0000, 0x0000, 0x0000, 0x0000, 0x0000,
  0x0000, 0x0000, 0x0000, 0x0000, 0x0000, 0x0000, 0x0000, 0x0000, 0x0000, 0x0000, 0x0000, 0x0000,
  0x0000, 0x0000, 0x0000, 0x0000, 0x0000, 0x0000, 0x0000, 0x0000, 0x0000, 0x0000, 0x0000, 0x0000,
  0x0000, 0x0000, 0x0000, 0x0000, 0x0000, 0x0000, 0x0000, 0x0000, 0x0000, 0x0000, 0x0000, 0x0000,
  0x0000, 0x0000, 0x0000, 0x0000, 0x0000, 0x0000, 0x0000, 0x0000, 0x0000, 0x0000, 0x0000, 0x0000,
  0x0000, 0x0000, 0x0000, 0x0000, 0x0000, 0x0000, 0x0000, 0x0000, 0x0000, 0x0000, 0x0000, 0x0000,
  0x0000, 0x0000, 0x0000, 0x0000, 0x0000, 0x0000, 0x0000, 0x0000, 0x0000, 0x0000, 0x0000, 0x0000,
  0x0000, 0x0000, 0x0000, 0x0000, 0x0000, 0x0000, 0x0000, 0x0000, 0x0000, 0x0000, 0x0000, 0x0000,
  0x0000, 0x0000, 0x0000, 0x0000, 0x0000, 0x0000, 0x0000, 0x0000, 0x0000, 0x0000, 0x0000, 0x0000,
  0x0000, 0x0000, 0x0000, 0x0000, 0x0000, 0xD4DC, 0xD4DC, 0xD4DC, 0xD4DC, 0xD4DC, 0xD4DC, 0xD4DC,
  0xD4DC, 0xD4DC, 0xD4DC, 0xD4DC, 0x0000, 0x0000, 0x0000, 0x0000, 0x0000, 0x0000, 0x0000, 0xD4DC,
  0xD4DC, 0xD4DC, 0xD4DC, 0xD4DC, 0xD4DC, 0xD4DC, 0xD4DC, 0xD4DC, 0xD4DC, 0xD4DC, 0xD4DC, 0xD4DC,
  0x0000, 0x0000, 0xD4DC, 0xD4DC, 0xD4DC, 0xD4DC, 0xD4DC, 0xD4DC, 0xD4DC, 0xD4DC, 0xD4DC, 0xD4DC,
  0xD4DC, 0xD4DC, 0xD4DC, 0x0000, 0x0000, 0x0000, 0x0000, 0xD4DC, 0xABF6, 0xABF6, 0xABF6, 0xABF6,
  0xABF6, 0xABF6, 0xD4DC, 0xD4DC, 0xD4DC, 0xD4DC, 0x0000, 0x0000, 0x0000, 0xD4DC, 0xD4DC, 0xD4DC,
  0xD4DC, 0xD4DC, 0xD4DC, 0xD4DC, 0xD4DC, 0xD4DC, 0xD4DC, 0xD4DC, 0xD4DC, 0xD4DC, 0xD4DC, 0xD4DC,
  0xD4DC, 0xD4DC, 0xD4DC, 0xD4DC, 0xD4DC, 0xD4DC, 0xD4DC, 0xD4DC, 0xD4DC, 0xD4DC, 0xD4DC, 0x0000,
  0x0000, 0x0000, 0x0000, 0x0000, 0x0000, 0x0000, 0x0000, 0x0000, 0x0000, 0x0000, 0x0000, 0x0000,
  0x0000, 0x0000, 0x0000, 0x0000, 0x0000, 0x0000, 0x0000, 0x0000, 0x0000, 0x0000, 0x0000, 0x0000,
  0x0000, 0x0000, 0x0000, 0x0000, 0x0000, 0x0000, 0x0000, 0x0000, 0x0000, 0x0000, 0x0000, 0x0000,
  0x0000, 0x0000, 0x0000, 0x0000, 0x0000, 0x0000, 0x0000, 0x0000, 0x0000, 0x0000, 0x0000, 0x0000,
  0x0000, 0x0000, 0x0000, 0x0000, 0x0000, 0x0000, 0x0000, 0x0000, 0x0000, 0x0000, 0x0000, 0x0000,
  0x0000, 0x0000, 0x0000, 0x0000, 0x0000, 0x0000, 0x0000, 0x0000, 0x0000, 0x0000, 0x175D, 0x175D,
  0x5F62, 0x5F62, 0x5F62, 0x5F62, 0x5F62, 0x0000, 0x0000, 0x0000, 0x0000, 0x0000, 0x0000, 0x0000,
  0x0000, 0x0000, 0x0000, 0x0000, 0x0000, 0x0000, 0x0000, 0x0000, 0x0000, 0x0000, 0x0000, 0x0000,
  0x0000, 0x0000, 0x0000, 0x0000, 0x0000, 0x0000, 0x0000, 0x0000, 0x0000, 0x0000, 0x0000, 0x0000,
  0x0000, 0x0000, 0x0000, 0x0000, 0x0000, 0x0000, 0x0000, 0x0000, 0x0000, 0x0000, 0x0000, 0x0000,
  0x0000, 0x0000, 0x0000, 0x0000, 0x0000, 0x0000, 0x0000, 0x0000, 0x0000, 0x0000, 0x0000, 0x0000,
  0x0000, 0x0000, 0x0000, 0x0000, 0x0000, 0x0000, 0x0000, 0x0000, 0x0000, 0x0000, 0x0000, 0x0000,
  0x0000, 0x0000, 0x0000, 0x0000, 0x0000, 0x0000, 0x0000, 0x0000, 0x0000, 0x0000, 0x0000, 0x0000,
  0x0000, 0x0000, 0x0000, 0x0000, 0x0000, 0x0000, 0x0000, 0x0000, 0x0000, 0x0000, 0x0000, 0x0000,
  0x0000, 0x0000, 0x0000, 0x0000, 0x0000, 0x0000, 0x0000, 0x0000, 0x0000, 0x0000, 0x0000, 0x0000,
  0x0000, 0x0000, 0x0000, 0x0000, 0x0000, 0x0000, 0x0000, 0x0000, 0x0000, 0x0000, 0x0000, 0x0000,
  0x0000, 0x0000, 0x0000, 0xD4DC, 0xD4DC, 0xD4DC, 0xD4DC, 0xD4DC, 0xD4DC, 0xD4DC, 0xD4DC, 0xD4DC,
  0xD4DC, 0xD4DC, 0xD4DC, 0xD4DC, 0x0000, 0x0000, 0x0000, 0x0000, 0x0000, 0xD4DC, 0xD4DC, 0xD4DC,
  0xD4DC, 0xD4DC, 0xD4DC, 0xD4DC, 0xD4DC, 0xD4DC, 0xD4DC, 0xD4DC, 0xD4DC, 0xD4DC, 0xD4DC, 0xD4DC,
  0x0000, 0x0000, 0xD4DC, 0xD4DC, 0xD4DC, 0xD4DC, 0xD4DC, 0xD4DC, 0xD4DC, 0xD4DC, 0xD4DC, 0xD4DC,
  0xD4DC, 0x0000, 0x0000, 0x0000, 0x0000, 0xD4DC, 0xABF6, 0xABF6, 0xABF6, 0xABF6, 0xABF6, 0xABF6,
  0xD4DC, 0xD4DC, 0xD4DC, 0x0000, 0x0000, 0x0000, 0xD4DC, 0xD4DC, 0xD4DC, 0xD4DC, 0xD4DC, 0xD4DC,
  0xD4DC, 0xD4DC, 0xD4DC, 0x0000, 0x0000, 0x0000, 0x0000, 0xD4DC, 0xD4DC, 0xD4DC, 0xD4DC, 0xD4DC,
  0xD4DC, 0xD4DC, 0xD4DC, 0xD4DC, 0xD4DC, 0xD4DC, 0xD4DC, 0x0000, 0x0000, 0x0000, 0x0000, 0x0000,
  0x0000, 0x0000, 0x0000, 0x0000, 0x0000, 0x0000, 0x0000, 0x0000, 0x0000, 0x0000, 0x0000, 0x0000,
  0x0000, 0x0000, 0x0000, 0x0000, 0x0000, 0x0000, 0x0000, 0x0000, 0x0000, 0x0000, 0x0000, 0x0000,
  0x0000, 0x0000, 0x0000, 0x0000, 0x0000, 0x0000, 0x0000, 0x0000, 0x0000, 0x0000, 0x0000, 0x0000,
  0x0000, 0x0000, 0x0000, 0x0000, 0x0000, 0x0000, 0x0000, 0xEEB4, 0x0000, 0x0000, 0x0000, 0x0000,
  0x0000, 0x0000, 0x0000, 0x0000, 0x0000, 0x0000, 0x0000, 0x0000, 0x0000, 0x0000, 0x0000, 0x0000,
  0x0000, 0x0000, 0x0000, 0x0000, 0x0000, 0x0000, 0x0000, 0x0000, 0x0000, 0x0000, 0x0000, 0x0000,
  0x0000, 0x0000, 0x0000, 0x0000, 0x0000, 0x0000, 0x0000, 0x0000, 0x0000, 0x0000, 0x0000, 0x0000,
  0x0000, 0x0000, 0x0000, 0x0000, 0x0000, 0x0000, 0x0000, 0x0000, 0x0000, 0x0000, 0x0000, 0x0000,
  0x0000, 0x0000, 0x0000, 0x0000, 0x0000, 0x0000, 0x0000, 0x0000, 0x0000, 0x0000, 0x0000, 0x0000,
  0x0000, 0x0000, 0x0000, 0x0000, 0x0000, 0x0000, 0x0000, 0x0000, 0x0000, 0x0000, 0x0000, 0x0000,
  0x0000, 0x0000, 0x0000, 0x0000, 0x0000, 0x0000, 0x0000, 0x0000, 0x0000, 0x0000, 0x0000, 0x0000,
  0x0000, 0x0000, 0x0000, 0x0000, 0x0000, 0x0000, 0x0000, 0x0000, 0x0000, 0xD61A, 0x0000, 0x0000,
  0x0000, 0x0000, 0x0000, 0x0000, 0x0000, 0x0000, 0x0000, 0x0000, 0x0000, 0x0000, 0x0000, 0x0000,
  0x0000, 0x0000, 0x0000, 0x0000, 0x0000, 0x0000, 0x0000, 0x0000, 0x0000, 0x0000, 0x0000, 0x0000,
  0x0000, 0x0000, 0x0000, 0x0000, 0x0000, 0x0000, 0x0000, 0x0000, 0x0000, 0x0000, 0x0000, 0x0000,
  0x0000, 0x0000, 0x0000, 0x0000, 0x0000, 0x0000, 0x0000, 0x0000, 0x0000, 0x0000, 0x0000, 0x0000,
  0x0000, 0x0000, 0x0000, 0xD4DC, 0xD4DC, 0xD4DC, 0xD4DC, 0xD4DC, 0xD4DC, 0xD4DC, 0xD4DC, 0xD4DC,
  0xD4DC, 0xD4DC, 0xD4DC, 0x0000, 0x0000, 0xD4DC, 0xD4DC, 0xD4DC, 0xD4DC, 0xD4DC, 0xD4DC, 0xD4DC,
  0xD4DC, 0xD4DC, 0xD4DC, 0xD4DC, 0xD4DC, 0xD4DC, 0xD4DC, 0xD4DC, 0xD4DC, 0xD4DC, 0xD4DC, 0x0000,
  0xD4DC, 0xD4DC, 0xD4DC, 0xD4DC, 0xD4DC, 0xD4DC, 0xD4DC, 0xD4DC, 0xD4DC, 0xD4DC, 0x0000, 0x0000,
  0x0000, 0x0000, 0x0000, 0xD4DC, 0xABF6, 0xABF6, 0xABF6, 0xABF6, 0xABF6, 0xABF6, 0xD4DC, 0xD4DC,
  0xD4DC, 0x0000, 0x0000, 0xD4DC, 0xD4DC, 0xD4DC, 0xD4DC, 0xD4DC, 0xD4DC, 0xD4DC, 0xD4DC, 0xD4DC,
  0xD4DC, 0x0000, 0x0000, 0x0000, 0x0000, 0xD4DC, 0xD4DC, 0xD4DC, 0xD4DC, 0xD4DC, 0xD4DC, 0xD4DC,
  0xD4DC, 0xD4DC, 0xD4DC, 0xD4DC, 0x0000, 0x0000, 0x0000, 0x0000, 0x0000, 0x0000, 0x0000, 0x0000,
  0x0000, 0x0000, 0x0000, 0x0000, 0x0000, 0x0000, 0x0000, 0x0000, 0x0000, 0x0000, 0x0000, 0x0000,
  0x0000, 0x0000, 0x0000, 0x0000, 0x0000, 0x0000, 0x0000, 0x0000, 0x0000, 0x0000, 0x0000, 0x0000,
  0x0000, 0x0000, 0x0000, 0x0000, 0x0000, 0x0000, 0x0000, 0x0000, 0x0000, 0x0000, 0x0000, 0x0000,
  0x0000, 0x0000, 0x0000, 0x0000, 0x0000, 0x0000, 0x0000, 0x0000, 0x0000, 0x0000, 0x0000, 0x0000,
  0x0000, 0x0000, 0x0000, 0x0000, 0x0000, 0x0000, 0x0000, 0xD61A, 0x0000, 0x0000, 0x0000, 0x0000,
  0x0000, 0x0000, 0x0000, 0x0000, 0x0000, 0x0000, 0x0000, 0x0000, 0x0000, 0x0000, 0x0000, 0x0000,
  0x0000, 0x0000, 0x0000, 0x0000, 0x0000, 0x0000, 0x0000, 0x0000, 0x0000, 0x0000, 0x0000, 0x0000,
  0x0000, 0x0000, 0x0000, 0x0000, 0x0000, 0x0000, 0x0000, 0x0000, 0x0000, 0x0000, 0x0000, 0x0000,
  0x0000, 0x0000, 0x0000, 0x0000, 0x0000, 0x0000, 0x0000, 0x0000, 0x0000, 0x0000, 0x0000, 0x0000,
  0x0000, 0x0000, 0x0000, 0x0000, 0x0000, 0x0000, 0x0000, 0x0000, 0x0000, 0x0000, 0x0000, 0x0000,
  0x0000, 0x0000, 0x0000, 0x0000, 0x0000, 0x0000, 0x0000, 0x0000, 0x0000, 0x0000, 0x0000, 0x0000,
  0x0000, 0x0000, 0x0000, 0x0000, 0x0000, 0x0000, 0x0000, 0x0000, 0x0000, 0x0000, 0x0000, 0x0000,
  0x0000, 0x0000, 0x0000, 0x0000, 0x0000, 0x0000, 0x0000, 0x0000, 0x0000, 0x0000, 0x0000, 0x0000,
  0x0000, 0x0000, 0x0000, 0x0000, 0x0000, 0x0000, 0x0000, 0x0000, 0x0000, 0x0000, 0x0000, 0x0000,
  0x0000, 0x0000, 0x0000, 0x0000, 0x0000, 0x0000, 0x0000, 0x0000, 0x0000, 0x0000, 0x0000, 0x0000,
  0x0000, 0x0000, 0x0000, 0x0000, 0x0000, 0x0000, 0x0000, 0x0000, 0x0000, 0x0000, 0x0000, 0x0000,
  0x0000, 0x0000, 0xD4DC, 0xD4DC, 0xD4DC, 0xD4DC, 0xD4DC, 0xD4DC, 0xD4DC, 0xD4DC, 0xD4DC, 0xD4DC,
  0xD4DC, 0x0000, 0x0000, 0xD4DC, 0xD4DC, 0xD4DC, 0xD4DC, 0xD4DC, 0xD4DC, 0xD4DC, 0xD4DC, 0xD4DC,
  0xD4DC, 0xD4DC, 0xD4DC, 0xD4DC, 0xD4DC, 0xD4DC, 0xD4DC, 0xD4DC, 0xD4DC, 0xD4DC, 0xD4DC, 0xD4DC,
  0xD4DC, 0xD4DC, 0xD4DC, 0xD4DC, 0xD4DC, 0xD4DC, 0xD4DC, 0x0000, 0x0000, 0x0000, 0x0000, 0x0000,
  0xD4DC, 0xD4DC, 0xABF6, 0xABF6, 0xABF6, 0xABF6, 0xABF6, 0xABF6, 0xD4DC, 0xD4DC, 0xD4DC, 0x0000,
  0x0000, 0xD4DC, 0xD4DC, 0xD4DC, 0xD4DC, 0xD4DC, 0xD4DC, 0xD4DC, 0xD4DC, 0xD4DC, 0x0000, 0x0000,
  0x0000, 0x0000, 0xD4DC, 0xD4DC, 0xD4DC, 0xD4DC, 0xD4DC, 0xD4DC, 0xD4DC, 0xD4DC, 0xD4DC, 0xD4DC,
  0x0000, 0x0000, 0x0000, 0x0000, 0x0000, 0x0000, 0x0000, 0x0000, 0x0000, 0x0000, 0x0000, 0x0000,
  0x0000, 0x0000, 0x0000, 0x0000, 0x0000, 0x0000, 0x0000, 0x0000, 0x0000, 0x0000, 0x0000, 0x0000,
  0x0000, 0x0000, 0x0000, 0x0000, 0x0000, 0x0000, 0x0000, 0x0000, 0x0000, 0x0000, 0x0000, 0x0000,
  0x0000, 0x0000, 0x0000, 0x0000, 0x0000, 0x0000, 0x0000, 0x0000, 0x0000, 0x0000, 0x0000, 0x0000,
  0x0000, 0x0000, 0x0000, 0x0000, 0x0000, 0x0000, 0x0000, 0x0000, 0x0000, 0x0000, 0x0000, 0x0000,
  0x0000, 0x0000, 0x0000, 0x0000, 0x0000, 0x0000, 0x0000, 0x0000, 0x0000, 0x0000, 0x0000, 0x0000,
  0x0000, 0x0000, 0x0000, 0x0000, 0x0000, 0x0000, 0x0000, 0x0000, 0x0000, 0x0000, 0x0000, 0x0000,
  0x0000, 0x0000, 0x0000, 0x0000, 0x0000, 0x0000, 0x0000, 0x0000, 0x0000, 0x0000, 0x0000, 0x0000,
  0x0000, 0x0000, 0x0000, 0x0000, 0x0000, 0x0000, 0x0000, 0x0000, 0x0000, 0x0000, 0x0000, 0x0000,
  0x0000, 0x0000, 0x0000, 0x0000, 0x0000, 0x0000, 0x0000, 0x0000, 0x0000, 0x0000, 0x0000, 0x0000,
  0x0000, 0x0000, 0x0000, 0x0000, 0x0000, 0x0000, 0x0000, 0x0000, 0x0000, 0x0000, 0x0000, 0x0000,
  0x0000, 0x0000, 0x0000, 0x0000, 0x0000, 0x0000, 0x0000, 0x0000, 0x0000, 0x0000, 0x0000, 0x0000,
  0x0000, 0x0000, 0x0000, 0x0000, 0x0000, 0x0000, 0x0000, 0x0000, 0x0000, 0x0000, 0x0000, 0x0000,
  0x0000, 0x0000, 0x0000, 0x0000, 0x0000, 0x0000, 0x0000, 0x0000, 0x0000, 0x0000, 0x0000, 0x0000,
  0x0000, 0x0000, 0x0000, 0x0000, 0x0000, 0x0000, 0x0000, 0x0000, 0x0000, 0x0000, 0x0000, 0x0000,
  0x0000, 0x0000, 0x0000, 0x0000, 0x0000, 0x0000, 0x0000, 0x0000, 0x0000, 0x0000, 0x0000, 0x0000,
  0x0000, 0x0000, 0x0000, 0x0000, 0x0000, 0x0000, 0x0000, 0x0000, 0x0000, 0x0000, 0x0000, 0x0000,
  0xD4DC, 0xD4DC, 0xD4DC, 0xD4DC, 0xD4DC, 0xD4DC, 0xD4DC, 0xD4DC, 0xD4DC, 0xD4DC, 0xD4DC, 0x0000,
  0x0000, 0xD4DC, 0xD4DC, 0xD4DC, 0xD4DC, 0xD4DC, 0xD4DC, 0xD4DC, 0xD4DC, 0xD4DC, 0xD4DC, 0x0000,
  0x0000, 0xD4DC, 0xD4DC, 0xD4DC, 0xD4DC, 0xD4DC, 0xD4DC, 0xD4DC, 0xD4DC, 0xD4DC, 0xD4DC, 0xD4DC,
  0xD4DC, 0xD4DC, 0xD4DC, 0xD4DC, 0xD4DC, 0x0000, 0x0000, 0x0000, 0x0000, 0xD4DC, 0xD4DC, 0xD4DC,
  0xABF6, 0xABF6, 0xABF6, 0xABF6, 0xABF6, 0xABF6, 0xD4DC, 0xD4DC, 0x0000, 0x0000, 0xD4DC, 0xD4DC,
  0xD4DC, 0xD4DC, 0xD4DC, 0xD4DC, 0xD4DC, 0xD4DC, 0xD4DC, 0x0000, 0x0000, 0x0000, 0x0000, 0xD4DC,
  0xD4DC, 0xD4DC, 0xD4DC, 0xD4DC, 0xD4DC, 0xD4DC, 0xD4DC, 0xD4DC, 0xD4DC, 0x0000, 0x0000, 0x0000,
  0x0000, 0x0000, 0x0000, 0x0000, 0x0000, 0x0000, 0x0000, 0x0000, 0x0000, 0x0000, 0x0000, 0x0000,
  0x0000, 0x0000, 0x0000, 0x0000, 0x0000, 0x0000, 0x0000, 0x0000, 0x0000, 0x0000, 0x0000, 0x0000,
  0x0000, 0xD61A, 0x0000, 0x0000, 0x0000, 0x0000, 0x0000, 0x0000, 0x0000, 0x0000, 0x0000, 0x0000,
  0x0000, 0x0000, 0x0000, 0x0000, 0x0000, 0x0000, 0x0000, 0x0000, 0x0000, 0x0000, 0x0000, 0x0000,
  0x0000, 0x0000, 0x0000, 0x0000, 0x0000, 0x0000, 0x0000, 0x0000, 0x0000, 0x0000, 0x0000, 0x0000,
  0x0000, 0x0000, 0x0000, 0x0000, 0x0000, 0x0000, 0x0000, 0x0000, 0x0000, 0x0000, 0x0000, 0x0000,
  0x0000, 0x0000, 0x0000, 0x0000, 0x0000, 0x0000, 0x0000, 0x0000, 0x0000, 0x0000, 0x0000, 0x0000,
  0x0000, 0x0000, 0x0000, 0x0000, 0x0000, 0x0000, 0x0000, 0x0000, 0x0000, 0x0000, 0x0000, 0x0000,
  0x0000, 0x0000, 0x0000, 0x0000, 0x0000, 0x0000, 0x0000, 0x0000, 0x0000, 0x0000, 0x0000, 0x0000,
  0x0000, 0x0000, 0x0000, 0x0000, 0x0000, 0x0000, 0x0000, 0x0000, 0x0000, 0x0000, 0x0000, 0x0000,
  0x0000, 0x0000, 0x0000, 0x0000, 0x0000, 0x0000, 0x0000, 0x0000, 0x0000, 0x0000, 0x0000, 0x0000,
  0x0000, 0x0000, 0x0000, 0x0000, 0x0000, 0x0000, 0x0000, 0x0000, 0x0000, 0x0000, 0x0000, 0x0000,
  0x0000, 0x0000, 0x0000, 0x0000, 0x0000, 0x0000, 0x0000, 0x0000, 0x0000, 0x0000, 0x0000, 0xFEC0,
  0xFEC0, 0xFEC0, 0xFEC0, 0xFEC0, 0xFEC0, 0xFEC0, 0xFEC0, 0xFEC0, 0x0000, 0x0000, 0x0000, 0x0000,
  0x0000, 0x0000, 0x0000, 0x0000, 0x0000, 0x0000, 0x0000, 0x0000, 0x0000, 0x0000, 0x0000, 0x0000,
  0x0000, 0x0000, 0x0000, 0x0000, 0x0000, 0x0000, 0x0000, 0x0000, 0x0000, 0x0000, 0x0000, 0x0000,
  0x0000, 0x0000, 0x0000, 0x0000, 0x0000, 0x0000, 0x0000, 0x0000, 0x0000, 0x0000, 0x0000, 0x0000,
  0x0000, 0xD4DC, 0xD4DC, 0xD4DC, 0xD4DC, 0xD4DC, 0xD4DC, 0xD4DC, 0xD4DC, 0xD4DC, 0xD4DC, 0xD4DC,
  0xD4DC, 0xD4DC, 0xD4DC, 0xD4DC, 0xD4DC, 0xD4DC, 0xD4DC, 0xD4DC, 0xD4DC, 0x0000, 0x0000, 0x0000,
  0x0000, 0xD4DC, 0xD4DC, 0xD4DC, 0xD4DC, 0xD4DC, 0xD4DC, 0xD4DC, 0xD4DC, 0xD4DC, 0xD4DC, 0xD4DC,
  0xD4DC, 0xD4DC, 0xD4DC, 0x0000, 0x0000, 0x0000, 0x0000, 0xD4DC, 0xD4DC, 0xD4DC, 0xABF6, 0xABF6,
  0xABF6, 0xABF6, 0xABF6, 0xABF6, 0xD4DC, 0xD4DC, 0x0000, 0x0000, 0xD4DC, 0xD4DC, 0xD4DC, 0xD4DC,
  0xD4DC, 0xD4DC, 0xD4DC, 0xD4DC, 0xD4DC, 0x0000, 0x0000, 0x0000, 0xD4DC, 0xD4DC, 0xD4DC, 0xD4DC,
  0xD4DC, 0xD4DC, 0xD4DC, 0xD4DC, 0xD4DC, 0xD4DC, 0xD4DC, 0x0000, 0x0000, 0x0000, 0x0000, 0x0000,
  0x0000, 0x0000, 0x0000, 0x0000, 0x0000, 0x0000, 0x0000, 0x0000, 0x0000, 0x0000, 0x0000, 0x0000,
  0x0000, 0x0000, 0x0000, 0x0000, 0x0000, 0x0000, 0x0000, 0x0000, 0x0000, 0x0000, 0x0000, 0x0000,
  0x0000, 0x0000, 0x0000, 0x0000, 0x0000, 0x0000, 0x0000, 0x0000, 0x0000, 0x0000, 0x0000, 0x0000,
  0x0000, 0x0000, 0x0000, 0x0000, 0x0000, 0x0000, 0x0000, 0x0000, 0x0000, 0x0000, 0x0000, 0x0000,
  0x0000, 0x0000, 0x0000, 0x0000, 0x0000, 0x0000, 0x0000, 0x0000, 0x0000, 0x0000, 0x0000, 0x0000,
  0x0000, 0x0000, 0x0000, 0x0000, 0x0000, 0x0000, 0x0000, 0x0000, 0x0000, 0x0000, 0x0000, 0x0000,
  0x0000, 0x0000, 0x0000, 0x0000, 0x0000, 0x0000, 0x0000, 0x0000, 0x0000, 0x0000, 0x0000, 0x0000,
  0x0000, 0x0000, 0x0000, 0x0000, 0x0000, 0x0000, 0x0000, 0x0000, 0x0000, 0x0000, 0x0000, 0x0000,
  0x0000, 0x0000, 0x0000, 0x0000, 0x0000, 0x0000, 0x0000, 0x0000, 0x0000, 0x0000, 0x0000, 0x0000,
  0x0000, 0x0000, 0x0000, 0x0000, 0x0000, 0x0000, 0xEEB4, 0x0000, 0x0000, 0x0000, 0x0000, 0x0000,
  0x0000, 0x0000, 0x0000, 0x0000, 0x0000, 0x0000, 0x0000, 0x0000, 0x0000, 0x0000, 0x0000, 0x0000,
  0x0000, 0x0000, 0x0000, 0x0000, 0x0000, 0x0000, 0x0000, 0x0000, 0x0000, 0x0000, 0x0000, 0x0000,
  0x0000, 0x0000, 0x0000, 0x0000, 0x0000, 0x0000, 0x0000, 0x0000, 0xFEC0, 0xFEC0, 0xFEC0, 0xFEC0,
  0xFEC0, 0xFEC0, 0xFEC0, 0xFEC0, 0xFEC0, 0xFEC0, 0xFEC0, 0x0000, 0x0000, 0x0000, 0x0000, 0x0000,
  0x0000, 0x0000, 0x0000, 0x0000, 0x0000, 0x0000, 0x0000, 0x0000, 0x0000, 0x0000, 0x0000, 0x0000,
  0x0000, 0x0000, 0x0000, 0x0000, 0x0000, 0x0000, 0x0000, 0x0000, 0x0000, 0x0000, 0x0000, 0x0000,
  0x0000, 0x0000, 0x0000, 0x0000, 0x0000, 0x0000, 0x0000, 0x0000, 0x0000, 0x0000, 0x0000, 0x0000,
  0xD4DC, 0xD4DC, 0xD4DC, 0xD4DC, 0xD4DC, 0xD4DC, 0xD4DC, 0xD4DC, 0xD4DC, 0xD4DC, 0xD4DC, 0xD4DC,
  0xD4DC, 0xD4DC, 0xD4DC, 0xD4DC, 0xD4DC, 0xD4DC, 0xD4DC, 0x0000, 0x0000, 0x0000, 0x0000, 0x0000,
  0xD4DC, 0xD4DC, 0xD4DC, 0xD4DC, 0xD4DC, 0xD4DC, 0xD4DC, 0xD4DC, 0xD4DC, 0xD4DC, 0xD4DC, 0xD4DC,
  0xD4DC, 0x0000, 0x0000, 0x0000, 0xD4DC, 0xD4DC, 0xD4DC, 0xD4DC, 0xABF6, 0xABF6, 0xABF6, 0xABF6,
  0xABF6, 0xABF6, 0xD4DC, 0xD4DC, 0xD4DC, 0xD4DC, 0xD4DC, 0xD4DC, 0xD4DC, 0xD4DC, 0xD4DC, 0xD4DC,
  0xD4DC, 0xD4DC, 0x0000, 0x0000, 0x0000, 0xD4DC, 0xD4DC, 0xD4DC, 0xD4DC, 0xD4DC, 0xD4DC, 0xD4DC,
  0xD4DC, 0xD4DC, 0xD4DC, 0xD4DC, 0xD4DC, 0x0000, 0x0000, 0x0000, 0x0000, 0x0000, 0x0000, 0x0000,
  0x0000, 0x0000, 0x0000, 0x0000, 0x0000, 0x0000, 0x0000, 0x0000, 0x0000, 0x0000, 0x0000, 0x0000,
  0x0000, 0x0000, 0x0000, 0x0000, 0x0000, 0x0000, 0x0000, 0x0000, 0x0000, 0x0000, 0x0000, 0x0000,
  0x0000, 0x0000, 0x0000, 0x0000, 0x0000, 0x0000, 0x0000, 0x0000, 0x0000, 0x0000, 0x0000, 0x0000,
  0x0000, 0x0000, 0x0000, 0x0000, 0x0000, 0x0000, 0x0000, 0x0000, 0x0000, 0x0000, 0x0000, 0x0000,
  0x0000, 0x0000, 0x0000, 0x0000, 0x0000, 0x0000, 0x0000, 0x0000, 0x0000, 0x0000, 0x0000, 0x0000,
  0x0000, 0x0000, 0x0000, 0x0000, 0x0000, 0x0000, 0x0000, 0x0000, 0x0000, 0x0000, 0x0000, 0x0000,
  0x0000, 0x0000, 0x0000, 0x0000, 0x0000, 0x0000, 0x0000, 0x0000, 0x0000, 0x0000, 0x0000, 0x0000,
  0x0000, 0x0000, 0x0000, 0x0000, 0x0000, 0x0000, 0x0000, 0x0000, 0x0000, 0x0000, 0x0000, 0x0000,
  0x0000, 0x0000, 0x0000, 0x0000, 0x0000, 0x0000, 0x0000, 0x0000, 0x0000, 0x0000, 0x0000, 0x0000,
  0x0000, 0x0000, 0x0000, 0x0000, 0x0000, 0x0000, 0x0000, 0x0000, 0x0000, 0x0000, 0x0000, 0x0000,
  0x0000, 0x0000, 0x0000, 0x0000, 0x0000, 0x0000, 0x0000, 0x0000, 0x0000, 0x0000, 0x0000, 0x0000,
  0x0000, 0x0000, 0x0000, 0x0000, 0x0000, 0x0000, 0x0000, 0x0000, 0x0000, 0x0000, 0x0000, 0x0000,
  0x0000, 0x0000, 0x0000, 0x0000, 0x0000, 0xFEC0, 0xFEC0, 0xFEC0, 0xFEC0, 0xFEC0, 0xFEC0, 0xFEC0,
  0xFEC0, 0xFEC0, 0xFEC0, 0xFEC0, 0xFEC0, 0xFEC0, 0x0000, 0x0000, 0x0000, 0x0000, 0x0000, 0x0000,
  0x0000, 0x0000, 0x0000, 0x0000, 0x0000, 0x0000, 0x0000, 0x0000, 0x0000, 0x0000, 0x0000, 0x0000,
  0xD61A, 0x0000, 0x0000, 0x0000, 0x0000, 0x0000, 0x0000, 0x0000, 0x0000, 0x0000, 0x0000, 0x0000,
  0x0000, 0x0000, 0x0000, 0x0000, 0x0000, 0x0000, 0x0000, 0x0000, 0x0000, 0x0000, 0x0000, 0xD4DC,
  0xD4DC, 0xD4DC, 0xD4DC, 0xD4DC, 0xD4DC, 0xD4DC, 0xD4DC, 0xD4DC, 0xD4DC, 0xD4DC, 0xD4DC, 0xD4DC,
  0xD4DC, 0xD4DC, 0xD4DC, 0xD4DC, 0x0000, 0x0000, 0x0000, 0x0000, 0x0000, 0x0000, 0x0000, 0xD4DC,
  0xD4DC, 0xD4DC, 0xD4DC, 0xD4DC, 0xD4DC, 0xD4DC, 0xD4DC, 0xD4DC, 0xD4DC, 0xD4DC, 0xD4DC, 0xD4DC,
  0xD4DC, 0xD4DC, 0xD4DC, 0xD4DC, 0xD4DC, 0xD4DC, 0xABF6, 0xABF6, 0xABF6, 0xABF6, 0xABF6, 0xABF6,
  0xD4DC, 0xD4DC, 0xD4DC, 0xD4DC, 0xD4DC, 0xD4DC, 0xD4DC, 0xD4DC, 0xD4DC, 0xD4DC, 0xD4DC, 0xD4DC,
  0x0000, 0x0000, 0xD4DC, 0xD4DC, 0xD4DC, 0xD4DC, 0xD4DC, 0xD4DC, 0xD4DC, 0xD4DC, 0xD4DC, 0xD4DC,
  0xD4DC, 0xD4DC, 0xD4DC, 0x0000, 0x0000, 0x0000, 0x0000, 0x0000, 0x0000, 0x0000, 0x0000, 0x0000,
  0x0000, 0x0000, 0x0000, 0x0000, 0x0000, 0x0000, 0x0000, 0x0000, 0x0000, 0x0000, 0x0000, 0x0000,
  0x0000, 0x0000, 0x0000, 0x0000, 0x0000, 0x0000, 0x0000, 0x0000, 0x0000, 0x0000, 0x0000, 0x0000,
  0x0000, 0x0000, 0x0000, 0x0000, 0x0000, 0x0000, 0x0000, 0x0000, 0x0000, 0x0000, 0x0000, 0x0000,
  0x0000, 0x0000, 0x0000, 0x0000, 0x0000, 0x0000, 0x0000, 0x0000, 0x0000, 0x0000, 0x0000, 0x0000,
  0x0000, 0x0000, 0x0000, 0x0000, 0x0000, 0x0000, 0x0000, 0x0000, 0x0000, 0x0000, 0x0000, 0x0000,
  0x0000, 0x0000, 0x0000, 0x0000, 0x0000, 0x0000, 0x0000, 0x0000, 0x0000, 0x0000, 0x0000, 0x0000,
  0x0000, 0x0000, 0x0000, 0x0000, 0x0000, 0x0000, 0x0000, 0x0000, 0x0000, 0x0000, 0x0000, 0x0000,
  0x0000, 0x0000, 0x0000, 0x0000, 0x0000, 0x0000, 0x0000, 0x0000, 0x0000, 0x0000, 0x0000, 0x0000,
  0x0000, 0x0000, 0x0000, 0x0000, 0x0000, 0x0000, 0x0000, 0x0000, 0x0000, 0x0000, 0x0000, 0x0000,
  0x0000, 0x0000, 0x0000, 0x0000, 0x0000, 0x0000, 0x0000, 0x0000, 0x0000, 0x0000, 0x0000, 0x0000,
  0x0000, 0x0000, 0x0000, 0x0000, 0x0000, 0x0000, 0x0000, 0x0000, 0x0000, 0x0000, 0x0000, 0x0000,
  0x0000, 0x0000, 0x0000, 0x0000, 0x0000, 0x0000, 0x0000, 0x0000, 0x0000, 0x0000, 0x0000, 0x0000,
  0x0000, 0x0000, 0x0000, 0xFEC0, 0xFEC0, 0xFEC0, 0xFEC0, 0xFEC0, 0xFEC0, 0xFEC0, 0xFEC0, 0xFEC0,
  0xFEC0, 0xFEC0, 0xFDC0, 0xFDC0, 0x0000, 0x0000, 0x0000, 0x0000, 0x0000, 0x0000, 0x0000, 0x0000,
  0x0000, 0x0000, 0x0000, 0x0000, 0x0000, 0x0000, 0x0000, 0x0000, 0x0000, 0x0000, 0x0000, 0x0000,
  0x0000, 0x0000, 0x0000, 0x0000, 0x0000, 0x0000, 0x0000, 0x0000, 0x0000, 0x0000, 0x0000, 0x0000,
  0x0000, 0x0000, 0x0000, 0x0000, 0x0000, 0x0000, 0x0000, 0x0000, 0x0000, 0x0000, 0xD4DC, 0xD4DC,
  0xD4DC, 0xD4DC, 0xD4DC, 0xD4DC, 0xD4DC, 0xD4DC, 0xD4DC, 0xD4DC, 0xD4DC, 0xD4DC, 0xD4DC, 0xD4DC,
  0xD4DC, 0xD4DC, 0x0000, 0x0000, 0x0000, 0x0000, 0x0000, 0x0000, 0x0000, 0xD4DC, 0xD4DC, 0xD4DC,
  0xD4DC, 0xD4DC, 0xD4DC, 0xD4DC, 0xD4DC, 0xD4DC, 0xD4DC, 0xD4DC, 0xD4DC, 0xD4DC, 0xD4DC, 0xD4DC,
  0xD4DC, 0xD4DC, 0xD4DC, 0xD4DC, 0xABF6, 0xABF6, 0xABF6, 0xABF6, 0xABF6, 0xABF6, 0xD4DC, 0xD4DC,
  0xD4DC, 0xD4DC, 0xD4DC, 0xD4DC, 0xD4DC, 0xD4DC, 0xD4DC, 0xD4DC, 0xD4DC, 0xD4DC, 0x0000, 0xD4DC,
  0xD4DC, 0xD4DC, 0xD4DC, 0xD4DC, 0xD4DC, 0xD4DC, 0xD4DC, 0xD4DC, 0xD4DC, 0xD4DC, 0xD4DC, 0xD4DC,
  0xD4DC, 0xD4DC, 0x0000, 0x0000, 0x0000, 0x0000, 0x0000, 0x0000, 0x0000, 0x0000, 0x0000, 0x0000,
  0x0000, 0x0000, 0x0000, 0x0000, 0x0000, 0x0000, 0x0000, 0x0000, 0x0000, 0x0000, 0x0000, 0x0000,
  0x0000, 0x0000, 0x0000, 0x0000, 0x0000, 0x0000, 0x0000, 0x0000, 0x0000, 0x0000, 0x0000, 0x0000,
  0x0000, 0x0000, 0x0000, 0x0000, 0x0000, 0x0000, 0x0000, 0x0000, 0x0000, 0x0000, 0x0000, 0x0000,
  0x0000, 0x0000, 0x0000, 0x0000, 0x0000, 0x0000, 0x0000, 0x0000, 0x0000, 0x0000, 0x0000, 0x0000,
  0x0000, 0x0000, 0x0000, 0x0000, 0x0000, 0x0000, 0x0000, 0x0000, 0x0000, 0x0000, 0x0000, 0x0000,
  0x0000, 0x0000, 0x0000, 0x0000, 0x0000, 0x0000, 0x0000, 0x0000, 0x0000, 0x0000, 0x0000, 0x0000,
  0x0000, 0x0000, 0x0000, 0x0000, 0x0000, 0x0000, 0x0000, 0x0000, 0x0000, 0x0000, 0x0000, 0x0000,
  0x0000, 0x0000, 0x0000, 0x0000, 0x0000, 0x0000, 0x0000, 0x0000, 0x0000, 0x0000, 0x0000, 0x0000,
  0x0000, 0x0000, 0x0000, 0x0000, 0x0000, 0x0000, 0x0000, 0x0000, 0x0000, 0x0000, 0x0000, 0x0000,
  0x0000, 0x0000, 0x0000, 0x0000, 0x0000, 0x0000, 0x0000, 0x0000, 0x0000, 0x0000, 0x0000, 0x0000,
  0x0000, 0x0000, 0x0000, 0x0000, 0x0000, 0x0000, 0x0000, 0x0000, 0x0000, 0x0000, 0x0000, 0x0000,
  0x0000, 0x0000, 0x0000, 0x0000, 0x0000, 0x0000, 0x0000, 0x0000, 0x0000, 0x0000, 0x0000, 0x0000,
  0x0000, 0xFEC0, 0xFEC0, 0xFEC0, 0xFEC0, 0xFEC0, 0xFEC0, 0xFEC0, 0xFEC0, 0xFEC0, 0xFEC0, 0xFDC0,
  0xFDC0, 0xFDC0, 0x0000, 0x0000, 0x0000, 0x0000, 0x0000, 0x0000, 0x0000, 0x0000, 0x0000, 0x0000,
  0x0000, 0x0000, 0x0000, 0x0000, 0x0000, 0x0000, 0x0000, 0x0000, 0x0000, 0x0000, 0x0000, 0x0000,
  0x0000, 0x0000, 0x0000, 0x0000, 0x0000, 0x0000, 0x0000, 0x0000, 0x0000, 0x0000, 0x0000, 0x0000,
  0x0000, 0x0000, 0x0000, 0x0000, 0x0000, 0x0000, 0x0000, 0xD4DC, 0xD4DC, 0xABF6, 0xABF6, 0xD4DC,
  0xABF6, 0xABF6, 0xABF6, 0xD4DC, 0xD4DC, 0xD4DC, 0xD4DC, 0xD4DC, 0xD4DC, 0xD4DC, 0xD4DC, 0xD4DC,
  0xD4DC, 0xD4DC, 0x0000, 0x0000, 0x0000, 0x0000, 0x0000, 0xD4DC, 0xD4DC, 0xD4DC, 0xD4DC, 0xD4DC,
  0xD4DC, 0xD4DC, 0xD4DC, 0xD4DC, 0xD4DC, 0xD4DC, 0xD4DC, 0xD4DC, 0xD4DC, 0xD4DC, 0xD4DC, 0xD4DC,
  0xD4DC, 0xD4DC, 0xABF6, 0xABF6, 0xABF6, 0xABF6, 0xABF6, 0xABF6, 0xD4DC, 0xD4DC, 0xD4DC, 0xD4DC,
  0xD4DC, 0xD4DC, 0xD4DC, 0xD4DC, 0xD4DC, 0xD4DC, 0xD4DC, 0xD4DC, 0xD4DC, 0xD4DC, 0xD4DC, 0xD4DC,
  0xD4DC, 0xD4DC, 0xD4DC, 0xD4DC, 0xD4DC, 0xD4DC, 0xD4DC, 0xD4DC, 0xD4DC, 0xD4DC, 0xD4DC, 0xD4DC,
  0x0000, 0x0000, 0x0000, 0x0000, 0x0000, 0x0000, 0x0000, 0x0000, 0x0000, 0x0000, 0x0000, 0x0000,
  0x0000, 0x0000, 0x0000, 0x0000, 0x0000, 0x0000, 0x0000, 0x0000, 0x0000, 0x0000, 0x0000, 0x0000,
  0x0000, 0x0000, 0x0000, 0x0000, 0x0000, 0x0000, 0x0000, 0x0000, 0x0000, 0x0000, 0x0000, 0x0000,
  0x0000, 0x0000, 0x0000, 0x0000, 0x0000, 0x0000, 0x0000, 0x0000, 0x0000, 0x0000, 0x0000, 0x0000,
  0x0000, 0x0000, 0x0000, 0x0000, 0x0000, 0x0000, 0x0000, 0x0000, 0x0000, 0x0000, 0x0000, 0x0000,
  0x0000, 0x0000, 0x0000, 0x0000, 0x0000, 0x0000, 0x0000, 0x0000, 0x0000, 0x0000, 0x0000, 0x0000,
  0x0000, 0x0000, 0x0000, 0x0000, 0x0000, 0x0000, 0x0000, 0x0000, 0x0000, 0x0000, 0x0000, 0x0000,
  0x0000, 0x0000, 0x0000, 0x0000, 0x0000, 0x0000, 0x0000, 0x0000, 0x0000, 0x0000, 0x0000, 0x0000,
  0x0000, 0x0000, 0x0000, 0x0000, 0x0000, 0x0000, 0x0000, 0x0000, 0x0000, 0x0000, 0x0000, 0x0000,
  0x0000, 0x0000, 0x0000, 0x0000, 0x0000, 0x0000, 0x0000, 0x0000, 0x0000, 0x0000, 0x0000, 0x0000,
  0x0000, 0x0000, 0x0000, 0x0000, 0x0000, 0x0000, 0x0000, 0x0000, 0x0000, 0x0000, 0x0000, 0x0000,
  0x0000, 0x0000, 0x0000, 0x0000, 0x0000, 0x0000, 0x0000, 0x0000, 0x0000, 0x0000, 0x0000, 0x0000,
  0x0000, 0x0000, 0x0000, 0x0000, 0x0000, 0x0000, 0x0000, 0x0000, 0x0000, 0x0000, 0x0000, 0xFEC0,
  0xFEC0, 0xFEC0, 0xFEC0, 0xFEC0, 0xFEC0, 0xFEC0, 0xFEC0, 0xFDC0, 0xFDC0, 0xFDC0, 0xFDC0, 0xFEC0,
  0x0000, 0x0000, 0x0000, 0x0000, 0x0000, 0x0000, 0x0000, 0x0000, 0x0000, 0x0000, 0x0000, 0x0000,
  0x0000, 0x0000, 0x0000, 0x0000, 0x0000, 0x0000, 0x0000, 0x0000, 0x0000, 0x0000, 0x0000, 0x0000,
  0x0000, 0x0000, 0x0000, 0x0000, 0x0000, 0x0000, 0x0000, 0x0000, 0x0000, 0x0000, 0x0000, 0x0000,
  0x0000, 0x0000, 0x0000, 0x0000, 0x0000, 0xD4DC, 0xD4DC, 0xABF6, 0xABF6, 0xABF6, 0xABF6, 0xABF6,
  0xABF6, 0xABF6, 0xD4DC, 0xD4DC, 0xD4DC, 0xD4DC, 0xD4DC, 0xD4DC, 0xD4DC, 0xD4DC, 0xD4DC, 0xD4DC,
  0xD4DC, 0xD4DC, 0x0000, 0x0000, 0xD4DC, 0xD4DC, 0xD4DC, 0xD4DC, 0xD4DC, 0xD4DC, 0xD4DC, 0xD4DC,
  0xD4DC, 0xD4DC, 0xD4DC, 0xD4DC, 0xD4DC, 0xD4DC, 0xD4DC, 0xD4DC, 0xD4DC, 0xD4DC, 0xD4DC, 0xD4DC,
  0xABF6, 0xABF6, 0xABF6, 0xABF6, 0xABF6, 0xABF6, 0xD4DC, 0xD4DC, 0xD4DC, 0xD4DC, 0xD4DC, 0xD4DC,
  0xD4DC, 0xD4DC, 0xD4DC, 0xD4DC, 0xD4DC, 0xD4DC, 0xD4DC, 0xD4DC, 0xD4DC, 0xD4DC, 0xD4DC, 0xD4DC,
  0xD4DC, 0xD4DC, 0xD4DC, 0xD4DC, 0xD4DC, 0xD4DC, 0xD4DC, 0xD4DC, 0xD4DC, 0xD4DC, 0xD4DC, 0x0000,
  0x0000, 0x0000, 0x0000, 0x0000, 0x0000, 0x0000, 0x0000, 0x0000, 0x0000, 0x0000, 0x0000, 0x0000,
  0x0000, 0x0000, 0x0000, 0x0000, 0x0000, 0x0000, 0x0000, 0x0000, 0x0000, 0x0000, 0x0000, 0x0000,
  0x0000, 0x0000, 0x0000, 0x0000, 0x0000, 0x0000, 0x0000, 0x0000, 0x0000, 0xD61A, 0x0000, 0x0000,
  0x0000, 0x0000, 0x0000, 0x0000, 0x0000, 0x0000, 0x0000, 0x0000, 0x0000, 0x0000, 0x0000, 0x0000,
  0x0000, 0x0000, 0x0000, 0x0000, 0x0000, 0x0000, 0x0000, 0x0000, 0x0000, 0x0000, 0x0000, 0x0000,
  0x0000, 0x0000, 0x0000, 0x0000, 0x0000, 0x0000, 0x0000, 0x0000, 0x0000, 0x0000, 0x0000, 0x0000,
  0x0000, 0x0000, 0x0000, 0x0000, 0x0000, 0x0000, 0x0000, 0x0000, 0x0000, 0x0000, 0x0000, 0x0000,
  0x0000, 0x0000, 0x0000, 0x0000, 0x0000, 0x0000, 0x0000, 0x0000, 0x0000, 0x0000, 0x0000, 0x0000,
  0x0000, 0x0000, 0x0000, 0x0000, 0x0000, 0x0000, 0x0000, 0x0000, 0x0000, 0x0000, 0x0000, 0x0000,
  0x0000, 0x0000, 0x0000, 0x0000, 0x0000, 0x0000, 0x0000, 0x0000, 0x0000, 0x0000, 0x0000, 0x0000,
  0x0000, 0x0000, 0x0000, 0x0000, 0x0000, 0x0000, 0x0000, 0x0000, 0x0000, 0x0000, 0x0000, 0x0000,
  0x0000, 0x0000, 0x0000, 0x0000, 0x0000, 0x0000, 0x0000, 0x0000, 0x0000, 0x0000, 0x0000, 0x0000,
  0x0000, 0x0000, 0x0000, 0x0000, 0x0000, 0x0000, 0x0000, 0x0000, 0x0000, 0xFEC0, 0xFEC0, 0xFEC0,
  0xFEC0, 0xFEC0, 0xFEC0, 0xFDC0, 0xFDC0, 0xFDC0, 0xFDC0, 0xFDC0, 0xFEC0, 0xFEC0, 0x0000, 0x0000,
  0x0000, 0x0000, 0x0000, 0x0000, 0x0000, 0x0000, 0xD61A, 0x0000, 0x0000, 0x0000, 0x0000, 0x0000,
  0x0000, 0x0000, 0x0000, 0x0000, 0x0000, 0x0000, 0x0000, 0x0000, 0x0000, 0x0000, 0x0000, 0x0000,
  0x0000, 0x0000, 0x0000, 0x0000, 0x0000, 0x0000, 0x0000, 0x0000, 0x0000, 0x0000, 0x0000, 0x0000,
  0x0000, 0x0000, 0xD4DC, 0xD4DC, 0xD4DC, 0xD4DC, 0xABF6, 0xABF6, 0xABF6, 0xABF6, 0xABF6, 0xABF6,
  0xD4DC, 0xD4DC, 0xD4DC, 0xD4DC, 0xD4DC, 0xD4DC, 0xD4DC, 0xD4DC, 0xD4DC, 0xD4DC, 0xD4DC, 0xD4DC,
  0xD4DC, 0xD4DC, 0xD4DC, 0xD4DC, 0xD4DC, 0xD4DC, 0xD4DC, 0xD4DC, 0xD4DC, 0xD4DC, 0xD4DC, 0xD4DC,
  0xD4DC, 0xD4DC, 0xD4DC, 0xD4DC, 0xD4DC, 0xD4DC, 0xD4DC, 0xD4DC, 0xD4DC, 0xD4DC, 0xABF6, 0xABF6,
  0xABF6, 0xABF6, 0xABF6, 0xABF6, 0xD4DC, 0xD4DC, 0xD4DC, 0xD4DC, 0xD4DC, 0xD4DC, 0xD4DC, 0xD4DC,
  0xD4DC, 0xD4DC, 0xD4DC, 0xD4DC, 0xD4DC, 0xD4DC, 0xD4DC, 0xD4DC, 0xD4DC, 0xD4DC, 0xD4DC, 0xD4DC,
  0xD4DC, 0xD4DC, 0xD4DC, 0xD4DC, 0xD4DC, 0xD4DC, 0xD4DC, 0xD4DC, 0xD4DC, 0x0000, 0x0000, 0x0000,
  0x0000, 0x0000, 0x0000, 0x0000, 0x0000, 0x0000, 0x0000, 0x0000, 0x0000, 0x0000, 0x0000, 0x0000,
  0x0000, 0x0000, 0x0000, 0x0000, 0x0000, 0x0000, 0x0000, 0x0000, 0x0000, 0x0000, 0x0000, 0x0000,
  0x0000, 0x0000, 0x0000, 0x0000, 0x0000, 0x0000, 0x0000, 0x0000, 0x0000, 0x0000, 0x0000, 0x0000,
  0x0000, 0x0000, 0x0000, 0x0000, 0x0000, 0x0000, 0x0000, 0x0000, 0x0000, 0x0000, 0x0000, 0x0000,
  0x0000, 0x0000, 0x0000, 0x0000, 0x0000, 0x0000, 0x0000, 0x0000, 0x0000, 0x0000, 0x0000, 0x0000,
  0x0000, 0x0000, 0x0000, 0x0000, 0x0000, 0x0000, 0x0000, 0x0000, 0x0000, 0x0000, 0x0000, 0x0000,
  0x0000, 0x0000, 0x0000, 0x0000, 0x0000, 0x0000, 0x0000, 0x0000, 0x0000, 0x0000, 0x0000, 0x0000,
  0x0000, 0x0000, 0x0000, 0x0000, 0x0000, 0x0000, 0x0000, 0x0000, 0x0000, 0x0000, 0x0000, 0x0000,
  0x0000, 0x0000, 0x0000, 0x0000, 0x0000, 0x0000, 0x0000, 0x0000, 0x0000, 0x0000, 0x0000, 0x0000,
  0x0000, 0x0000, 0x0000, 0x0000, 0x0000, 0x0000, 0x0000, 0x0000, 0x0000, 0x0000, 0x0000, 0x0000,
  0x0000, 0x0000, 0x0000, 0x0000, 0x0000, 0x0000, 0x0000, 0x0000, 0x0000, 0x0000, 0x0000, 0x0000,
  0x0000, 0x0000, 0x0000, 0x0000, 0x0000, 0x0000, 0x0000, 0x0000, 0x0000, 0x0000, 0x0000, 0x0000,
  0x0000, 0x0000, 0x0000, 0x0000, 0x0000, 0x0000, 0x0000, 0xFEC0, 0xFEC0, 0xFEC0, 0xFEC0, 0xFDC0,
  0xFDC0, 0xFDC0, 0xFDC0, 0xFDC0, 0xFDC0, 0xFEC0, 0xFEC0, 0xFEC0, 0x0000, 0x0000, 0x0000, 0x0000,
  0x0000, 0x0000, 0x0000, 0x0000, 0x0000, 0x0000, 0x0000, 0x0000, 0x0000, 0x0000, 0x0000, 0x0000,
  0x0000, 0x0000, 0x0000, 0x0000, 0x0000, 0x0000, 0x0000, 0x0000, 0x0000, 0x0000, 0x0000, 0x0000,
  0x0000, 0x0000, 0x0000, 0x0000, 0x0000, 0x0000, 0x0000, 0x0000, 0x0000, 0x0000, 0x0000, 0xD4DC,
  0xD4DC, 0xD4DC, 0xD4DC, 0xD4DC, 0xABF6, 0xABF6, 0xABF6, 0xABF6, 0xABF6, 0xABF6, 0xABF6, 0xD4DC,
  0xD4DC, 0xD4DC, 0xD4DC, 0xD4DC, 0xD4DC, 0xD4DC, 0xD4DC, 0xD4DC, 0xD4DC, 0xD4DC, 0xD4DC, 0xD4DC,
  0xD4DC, 0xD4DC, 0xD4DC, 0xD4DC, 0xD4DC, 0xD4DC, 0xD4DC, 0xD4DC, 0xD4DC, 0xD4DC, 0xD4DC, 0xD4DC,
  0xD4DC, 0xD4DC, 0xD4DC, 0xD4DC, 0xD4DC, 0xD4DC, 0xD4DC, 0xD4DC, 0xABF6, 0xABF6, 0xABF6, 0xABF6,
  0xABF6, 0xABF6, 0xD4DC, 0xD4DC, 0xD4DC, 0xD4DC, 0xD4DC, 0xD4DC, 0xD4DC, 0xD4DC, 0xD4DC, 0xD4DC,
  0xD4DC, 0xD4DC, 0xD4DC, 0xD4DC, 0xD4DC, 0xD4DC, 0xD4DC, 0xD4DC, 0xD4DC, 0xD4DC, 0xD4DC, 0xD4DC,
  0xD4DC, 0xD4DC, 0xD4DC, 0xD4DC, 0xD4DC, 0xD4DC, 0xD4DC, 0xD4DC, 0x0000, 0x0000, 0x0000, 0x0000,
  0x0000, 0x0000, 0x0000, 0x0000, 0x0000, 0x0000, 0x0000, 0x0000, 0x0000, 0x0000, 0x0000, 0x0000,
  0x0000, 0x0000, 0x0000, 0x0000, 0x0000, 0x0000, 0x0000, 0x0000, 0x0000, 0x0000, 0x0000, 0x0000,
  0x0000, 0x0000, 0x0000, 0x0000, 0x0000, 0x0000, 0x0000, 0x0000, 0x0000, 0x0000, 0x0000, 0x0000,
  0x0000, 0x0000, 0x0000, 0x0000, 0x0000, 0x0000, 0x0000, 0x0000, 0x0000, 0x0000, 0x0000, 0x0000,
  0x0000, 0x0000, 0x0000, 0x0000, 0x0000, 0x0000, 0x0000, 0x0000, 0x0000, 0x0000, 0x0000, 0x0000,
  0x0000, 0x0000, 0x0000, 0x0000, 0x0000, 0x0000, 0x0000, 0x0000, 0x0000, 0x0000, 0x0000, 0x0000,
  0x0000, 0x0000, 0x0000, 0x0000, 0x0000, 0x0000, 0x0000, 0x0000, 0x0000, 0x0000, 0x0000, 0x0000,
  0x0000, 0x0000, 0x0000, 0x0000, 0x0000, 0x0000, 0x0000, 0x0000, 0x0000, 0x0000, 0x0000, 0x0000,
  0x0000, 0x0000, 0x0000, 0x0000, 0x0000, 0x0000, 0x0000, 0x0000, 0x0000, 0x0000, 0x0000, 0x0000,
  0x0000, 0x0000, 0x0000, 0x0000, 0x0000, 0x0000, 0x0000, 0x0000, 0x0000, 0x0000, 0x0000, 0x0000,
  0x0000, 0x0000, 0x0000, 0x0000, 0x0000, 0x0000, 0x0000, 0x0000, 0x0000, 0x0000, 0x0000, 0x0000,
  0x0000, 0x0000, 0x0000, 0x0000, 0x0000, 0x0000, 0x0000, 0x0000, 0x0000, 0x0000, 0x0000, 0x0000,
  0x0000, 0x0000, 0x0000, 0x0000, 0x0000, 0xFEC0, 0xFEC0, 0xFDC0, 0xFDC0, 0xFDC0, 0xFDC0, 0xFDC0,
  0xFDC0, 0xFDC0, 0xFEC0, 0xFEC0, 0xFEC0, 0xFEC0, 0x0000, 0x0000, 0x0000, 0x0000, 0x0000, 0x0000,
  0x0000, 0x0000, 0x0000, 0x0000, 0x0000, 0x0000, 0x0000, 0x0000, 0x0000, 0x0000, 0x0000, 0x0000,
  0x0000, 0x0000, 0x0000, 0x0000, 0x0000, 0x0000, 0x0000, 0x0000, 0x0000, 0x0000, 0x0000, 0x0000,
  0x0000, 0x0000, 0x0000, 0x0000, 0x0000, 0x0000, 0x0000, 0x0000, 0x0000, 0xD4DC, 0xD4DC, 0xD4DC,
  0xD4DC, 0xD4DC, 0xD4DC, 0xABF6, 0xABF6, 0xABF6, 0xABF6, 0xABF6, 0xABF6, 0xD4DC, 0xD4DC, 0xD4DC,
  0xD4DC, 0xD4DC, 0xD4DC, 0xD4DC, 0xD4DC, 0xD4DC, 0xD4DC, 0xD4DC, 0xD4DC, 0xD4DC, 0xD4DC, 0xD4DC,
  0xD4DC, 0xD4DC, 0xD4DC, 0xD4DC, 0xD4DC, 0xD4DC, 0xD4DC, 0xD4DC, 0xD4DC, 0xD4DC, 0xD4DC, 0xD4DC,
  0xD4DC, 0xD4DC, 0xD4DC, 0xD4DC, 0xD4DC, 0xD4DC, 0xABF6, 0xABF6, 0xABF6, 0xABF6, 0xABF6, 0xD4DC,
  0xD4DC, 0xD4DC, 0xD4DC, 0xD4DC, 0xD4DC, 0xD4DC, 0xD4DC, 0xD4DC, 0xD4DC, 0xD4DC, 0xD4DC, 0xD4DC,
  0xD4DC, 0xD4DC, 0xD4DC, 0xD4DC, 0xD4DC, 0xD4DC, 0xD4DC, 0xD4DC, 0xD4DC, 0xD4DC, 0xD4DC, 0xD4DC,
  0xD4DC, 0xD4DC, 0xD4DC, 0xD4DC, 0xD4DC, 0xD4DC, 0x0000, 0x0000, 0x0000, 0x0000, 0x0000, 0x0000,
  0x0000, 0x0000, 0x0000, 0x0000, 0x0000, 0x0000, 0x0000, 0x0000, 0x0000, 0x0000, 0xEEB4, 0x0000,
  0x0000, 0x0000, 0x0000, 0x0000, 0x0000, 0x0000, 0x0000, 0x0000, 0x0000, 0x0000, 0x0000, 0x0000,
  0x0000, 0x0000, 0x0000, 0x0000, 0x0000, 0x0000, 0x0000, 0x0000, 0x0000, 0x0000, 0x0000, 0x0000,
  0x0000, 0x0000, 0x0000, 0x0000, 0x0000, 0x0000, 0x0000, 0x0000, 0x0000, 0x0000, 0x0000, 0x0000,
  0x0000, 0x0000, 0x0000, 0x0000, 0x0000, 0x0000, 0x0000, 0x0000, 0x0000, 0x0000, 0x0000, 0x0000,
  0x0000, 0x0000, 0x0000, 0x0000, 0x0000, 0x0000, 0x0000, 0x0000, 0x0000, 0x0000, 0x0000, 0x0000,
  0x0000, 0x0000, 0x0000, 0x0000, 0x0000, 0x0000, 0x0000, 0x0000, 0x0000, 0x0000, 0x0000, 0x0000,
  0x0000, 0x0000, 0x0000, 0x0000, 0x0000, 0x0000, 0x0000, 0x0000, 0x0000, 0x0000, 0x0000, 0x0000,
  0x0000, 0x0000, 0x0000, 0x0000, 0x0000, 0x0000, 0x0000, 0x0000, 0x0000, 0x0000, 0x0000, 0x0000,
  0x0000, 0x0000, 0x0000, 0x0000, 0x0000, 0x0000, 0x0000, 0x0000, 0x0000, 0x0000, 0x0000, 0x0000,
  0x0000, 0x0000, 0x0000, 0x0000, 0x0000, 0x0000, 0x0000, 0x0000, 0x0000, 0x0000, 0x0000, 0x0000,
  0x0000, 0x0000, 0x0000, 0x0000, 0x0000, 0x0000, 0x0000, 0x0000, 0x0000, 0x0000, 0x0000, 0x0000,
  0x0000, 0x0000, 0x0000, 0xFDC0, 0xFDC0, 0xFDC0, 0xFDC0, 0xFDC0, 0xFDC0, 0xFDC0, 0xFEC0, 0xFEC0,
  0xFEC0, 0xFEC0, 0xFEC0, 0xFEC0, 0x0000, 0x0000, 0x0000, 0x0000, 0x0000, 0x0000, 0x0000, 0x0000,
  0x0000, 0x0000, 0x0000, 0x0000, 0x0000, 0x0000, 0x0000, 0x0000, 0x0000, 0x0000, 0x0000, 0x0000,
  0xD61A, 0x0000, 0x0000, 0x0000, 0x0000, 0x0000, 0x0000, 0x0000, 0x0000, 0x0000, 0x0000, 0x0000,
  0x0000, 0x0000, 0x0000, 0x0000, 0x0000, 0x0000, 0x0000, 0x0000, 0xD4DC, 0xD4DC, 0xD4DC, 0xD4DC,
  0xD4DC, 0xABF6, 0xABF6, 0xABF6, 0xABF6, 0xABF6, 0xABF6, 0xD4DC, 0xD4DC, 0xD4DC, 0xD4DC, 0xD4DC,
  0xD4DC, 0x0000, 0x0000, 0xD4DC, 0xD4DC, 0xD4DC, 0xD4DC, 0xD4DC, 0xD4DC, 0xD4DC, 0xD4DC, 0x0000,
  0x0000, 0xD4DC, 0xD4DC, 0xD4DC, 0xD4DC, 0xD4DC, 0xD4DC, 0xD4DC, 0xD4DC, 0xD4DC, 0xD4DC, 0xD4DC,
  0xD4DC, 0xD4DC, 0xD4DC, 0xD4DC, 0xABF6, 0xABF6, 0xABF6, 0xABF6, 0xABF6, 0xD4DC, 0xD4DC, 0xD4DC,
  0x0000, 0x0000, 0xD4DC, 0xD4DC, 0xD4DC, 0xD4DC, 0xD4DC, 0xD4DC, 0xD4DC, 0xD4DC, 0xD4DC, 0xD4DC,
  0xD4DC, 0xD4DC, 0xD4DC, 0xD4DC, 0xD4DC, 0xD4DC, 0xD4DC, 0xD4DC, 0xD4DC, 0xD4DC, 0xD4DC, 0xD4DC,
  0xD4DC, 0xD4DC, 0xD4DC, 0xD4DC, 0xD4DC, 0x0000, 0x0000, 0x0000, 0x0000, 0x0000, 0x0000, 0x0000,
  0x0000, 0x0000, 0x0000, 0x0000, 0x0000, 0x0000, 0x0000, 0x0000, 0x0000, 0x0000, 0x0000, 0x0000,
  0x0000, 0x0000, 0x0000, 0x0000, 0x0000, 0x0000, 0x0000, 0x0000, 0x0000, 0x0000, 0x0000, 0x0000,
  0x0000, 0x0000, 0x0000, 0x0000, 0x0000, 0x0000, 0x0000, 0x0000, 0x0000, 0x0000, 0x0000, 0x0000,
  0x0000, 0x0000, 0x0000, 0x0000, 0x0000, 0x0000, 0x0000, 0x0000, 0x0000, 0x0000, 0x0000, 0x0000,
  0x0000, 0x0000, 0x0000, 0x0000, 0x0000, 0x0000, 0x0000, 0x0000, 0x0000, 0x0000, 0x0000, 0xD61A,
  0x0000, 0x0000, 0x0000, 0x0000, 0x0000, 0x0000, 0x0000, 0x0000, 0x0000, 0x0000, 0x0000, 0x0000,
  0x0000, 0x0000, 0x0000, 0x0000, 0x0000, 0x0000, 0x0000, 0x0000, 0x0000, 0x0000, 0x0000, 0x0000,
  0x0000, 0x0000, 0x0000, 0x0000, 0x0000, 0x0000, 0x0000, 0x0000, 0x0000, 0x0000, 0x0000, 0x0000,
  0x0000, 0x0000, 0x0000, 0x0000, 0x0000, 0x0000, 0x0000, 0x0000, 0x0000, 0x0000, 0x0000, 0x0000,
  0x0000, 0x0000, 0x0000, 0x0000, 0x0000, 0x0000, 0x0000, 0x0000, 0x0000, 0x0000, 0x0000, 0x0000,
  0x0000, 0x0000, 0x0000, 0x0000, 0x0000, 0x0000, 0x0000, 0x0000, 0x0000, 0x0000, 0x0000, 0x0000,
  0x0000, 0x0000, 0x0000, 0x0000, 0x0000, 0x0000, 0x0000, 0x0000, 0x0000, 0x0000, 0x0000, 0x0000,
  0x0000, 0xFDC0, 0xFDC0, 0xFDC0, 0xFDC0, 0xFEC0, 0xFEC0, 0xFEC0, 0xFEC0, 0xFEC0, 0xFEC0, 0xFEC0,
  0xFEC0, 0xFEC0, 0x0000, 0x0000, 0x0000, 0x0000, 0x0000, 0x0000, 0x0000, 0x0000, 0x0000, 0x0000,
  0x0000, 0x0000, 0x0000, 0x0000, 0x0000, 0x0000, 0x0000, 0x0000, 0x0000, 0x0000, 0x0000, 0x0000,
  0x0000, 0x0000, 0x0000, 0x0000, 0x0000, 0x0000, 0x0000, 0x0000, 0x0000, 0x0000, 0x0000, 0x0000,
  0x0000, 0x0000, 0x0000, 0x0000, 0x0000, 0x0000, 0x0000, 0x0000, 0xD4DC, 0xD4DC, 0xD4DC, 0xABF6,
  0xABF6, 0xABF6, 0xABF6, 0xABF6, 0xABF6, 0xD4DC, 0xD4DC, 0xD4DC, 0xD4DC, 0xD4DC, 0x0000, 0x0000,
  0x0000, 0x0000, 0x0000, 0xD4DC, 0xD4DC, 0xD4DC, 0xD4DC, 0xD4DC, 0xD4DC, 0x0000, 0x0000, 0x0000,
  0xD4DC, 0xD4DC, 0xD4DC, 0xD4DC, 0xD4DC, 0xD4DC, 0xD4DC, 0xD4DC, 0xD4DC, 0xD4DC, 0xD4DC, 0xD4DC,
  0xD4DC, 0xD4DC, 0xABF6, 0xABF6, 0xABF6, 0xABF6, 0xABF6, 0xD4DC, 0xD4DC, 0xD4DC, 0x0000, 0x0000,
  0x0000, 0xD4DC, 0xD4DC, 0xD4DC, 0xD4DC, 0xD4DC, 0xD4DC, 0xD4DC, 0xD4DC, 0xD4DC, 0xD4DC, 0xD4DC,
  0xD4DC, 0xD4DC, 0xD4DC, 0xD4DC, 0xD4DC, 0xD4DC, 0xD4DC, 0x0000, 0x0000, 0xD4DC, 0xD4DC, 0xD4DC,
  0xD4DC, 0xD4DC, 0xD4DC, 0x0000, 0x0000, 0x0000, 0x0000, 0x0000, 0x0000, 0x0000, 0x0000, 0x0000,
  0x0000, 0x0000, 0x0000, 0x0000, 0x0000, 0x0000, 0x0000, 0x0000, 0x0000, 0x0000, 0x0000, 0x0000,
  0x0000, 0x0000, 0x0000, 0x0000, 0x0000, 0x0000, 0x0000, 0x0000, 0x0000, 0x0000, 0x0000, 0x0000,
  0x0000, 0x0000, 0x0000, 0x0000, 0x0000, 0x0000, 0x0000, 0x0000, 0x0000, 0x0000, 0x0000, 0x0000,
  0x0000, 0x0000, 0x0000, 0x0000, 0x0000, 0x0000, 0x0000, 0x0000, 0x0000, 0x0000, 0x0000, 0x0000,
  0x0000, 0x0000, 0x0000, 0x0000, 0x0000, 0x0000, 0x0000, 0x0000, 0x0000, 0x0000, 0x0000, 0x0000,
  0x0000, 0x0000, 0x0000, 0x0000, 0x0000, 0x0000, 0x0000, 0x0000, 0x0000, 0x0000, 0x0000, 0x0000,
  0x0000, 0x0000, 0x0000, 0x0000, 0x0000, 0x0000, 0x0000, 0x0000, 0x0000, 0x0000, 0x0000, 0x0000,
  0x0000, 0x0000, 0x0000, 0x0000, 0x0000, 0x0000, 0x0000, 0x0000, 0x0000, 0x0000, 0x0000, 0x0000,
  0x0000, 0x0000, 0x0000, 0x0000, 0x0000, 0x0000, 0x0000, 0x0000, 0x0000, 0x0000, 0x0000, 0x0000,
  0x0000, 0x0000, 0x0000, 0x0000, 0x0000, 0x0000, 0x0000, 0x0000, 0x0000, 0x0000, 0x0000, 0x0000,
  0x0000, 0x0000, 0x0000, 0x0000, 0x0000, 0x0000, 0x0000, 0x0000, 0x0000, 0x0000, 0x0000, 0x0000,
  0x0000, 0x0000, 0x0000, 0x0000, 0x0000, 0x0000, 0x0000, 0x0000, 0x0000, 0x0000, 0x0000, 0x0000,
  0xFEC0, 0xFEC0, 0xFEC0, 0xFEC0, 0xFEC0, 0xFEC0, 0xFEC0, 0xFEC0, 0xFEC0, 0xFEC0, 0xFEC0, 0x0000,
  0x0000, 0x0000, 0x0000, 0x0000, 0x0000, 0x0000, 0x0000, 0x0000, 0x0000, 0x0000, 0x0000, 0x0000,
  0x0000, 0x0000, 0x0000, 0x0000, 0x0000, 0x0000, 0x0000, 0x0000, 0x0000, 0x0000, 0x0000, 0x0000,
  0x0000, 0x0000, 0x0000, 0x0000, 0x0000, 0x0000, 0x0000, 0x0000, 0x0000, 0x0000, 0x0000, 0x0000,
  0x0000, 0x0000, 0x0000, 0x0000, 0x0000, 0x0000, 0x0000, 0xD4DC, 0xD4DC, 0xD4DC, 0xABF6, 0xABF6,
  0xABF6, 0xABF6, 0xABF6, 0xD4DC, 0xD4DC, 0xD4DC, 0xD4DC, 0xD4DC, 0x0000, 0x0000, 0x0000, 0xD4DC,
  0xD4DC, 0xD4DC, 0xD4DC, 0xD4DC, 0xD4DC, 0xD4DC, 0x0000, 0x0000, 0x0000, 0x0000, 0x0000, 0xD4DC,
  0xD4DC, 0xD4DC, 0xD4DC, 0xD4DC, 0xD4DC, 0xD4DC, 0xD4DC, 0xD4DC, 0xD4DC, 0xD4DC, 0xD4DC, 0xD4DC,
  0xD4DC, 0xABF6, 0xABF6, 0xABF6, 0xABF6, 0xD4DC, 0xD4DC, 0xD4DC, 0x0000, 0x0000, 0x0000, 0xD4DC,
  0xD4DC, 0xD4DC, 0xD4DC, 0xD4DC, 0xD4DC, 0xD4DC, 0xD4DC, 0xD4DC, 0xD4DC, 0xD4DC, 0xD4DC, 0xD4DC,
  0xD4DC, 0xD4DC, 0xD4DC, 0x0000, 0x0000, 0x0000, 0xD4DC, 0xD4DC, 0xD4DC, 0xD4DC, 0xD4DC, 0xD4DC,
  0x0000, 0x0000, 0x0000, 0x0000, 0x0000, 0x0000, 0x0000, 0x0000, 0x0000, 0x0000, 0x0000, 0x0000,
  0x0000, 0x0000, 0x0000, 0x0000, 0x0000, 0x0000, 0x0000, 0x0000, 0x0000, 0x0000, 0x0000, 0x0000,
  0x0000, 0x0000, 0x0000, 0x0000, 0x0000, 0x0000, 0x0000, 0x0000, 0x0000, 0x0000, 0x0000, 0x0000,
  0x0000, 0x0000, 0x0000, 0x0000, 0x0000, 0x0000, 0x0000, 0x0000, 0x0000, 0x0000, 0x0000, 0x0000,
  0x0000, 0x0000, 0x0000, 0x0000, 0x0000, 0x0000, 0x0000, 0x0000, 0x0000, 0x0000, 0x0000, 0x0000,
  0x0000, 0x0000, 0x0000, 0x0000, 0x0000, 0x0000, 0x0000, 0x0000, 0x0000, 0x0000, 0x0000, 0x0000,
  0x0000, 0x0000, 0x0000, 0x0000, 0x0000, 0x0000, 0x0000, 0x0000, 0x0000, 0x0000, 0x0000, 0x0000,
  0x0000, 0x0000, 0x0000, 0x0000, 0x0000, 0x0000, 0xD61A, 0x0000, 0x0000, 0x0000, 0x0000, 0x0000,
  0x0000, 0x0000, 0x0000, 0x0000, 0x0000, 0x0000, 0x0000, 0x0000, 0x0000, 0x0000, 0x0000, 0x0000,
  0x0000, 0x0000, 0x0000, 0x0000, 0x0000, 0x0000, 0x0000, 0x0000, 0x0000, 0x0000, 0x0000, 0x0000,
  0x0000, 0x0000, 0x0000, 0x0000, 0x0000, 0x0000, 0x0000, 0x0000, 0x0000, 0x0000, 0x0000, 0x0000,
  0x0000, 0x0000, 0x0000, 0x0000, 0x0000, 0x0000, 0x0000, 0x0000, 0x0000, 0x0000, 0x0000, 0x0000,
  0x0000, 0x0000, 0x0000, 0x0000, 0x0000, 0x0000, 0x0000, 0x0000, 0x0000, 0x0000, 0x0000, 0xFEC0,
  0xFEC0, 0xFEC0, 0xFEC0, 0xFEC0, 0xFEC0, 0xFEC0, 0xFEC0, 0xFEC0, 0x0000, 0x0000, 0x0000, 0x0000,
  0x0000, 0x0000, 0x0000, 0x0000, 0x0000, 0x0000, 0x0000, 0x0000, 0x0000, 0x0000, 0x0000, 0x0000,
  0x0000, 0x0000, 0x0000, 0x0000, 0x0000, 0x0000, 0x0000, 0x0000, 0x0000, 0x0000, 0x0000, 0x0000,
  0x0000, 0x0000, 0x0000, 0x0000, 0x0000, 0x0000, 0x0000, 0x0000, 0x0000, 0x0000, 0x0000, 0x0000,
  0x0000, 0x0000, 0x0000, 0x0000, 0x0000, 0xD4DC, 0xD4DC, 0xD4DC, 0xD4DC, 0xABF6, 0xABF6, 0xABF6,
  0xABF6, 0xD4DC, 0xD4DC, 0xD4DC, 0xD4DC, 0x0000, 0x0000, 0xD4DC, 0xD4DC, 0xD4DC, 0xD4DC, 0xD4DC,
  0xD4DC, 0xD4DC, 0xD4DC, 0x0000, 0x0000, 0x0000, 0x0000, 0x0000, 0x0000, 0xD4DC, 0xD4DC, 0xD4DC,
  0xD4DC, 0xD4DC, 0xD4DC, 0xD4DC, 0xD4DC, 0xD4DC, 0xD4DC, 0xD4DC, 0xD4DC, 0xD4DC, 0xD4DC, 0xABF6,
  0xABF6, 0xABF6, 0xABF6, 0xD4DC, 0xD4DC, 0x0000, 0x0000, 0x0000, 0x0000, 0xD4DC, 0xD4DC, 0xD4DC,
  0xD4DC, 0xD4DC, 0xD4DC, 0xD4DC, 0xD4DC, 0xD4DC, 0xD4DC, 0xD4DC, 0xD4DC, 0xD4DC, 0xD4DC, 0x0000,
  0x0000, 0x0000, 0x0000, 0xD4DC, 0xD4DC, 0xD4DC, 0xD4DC, 0xD4DC, 0xD4DC, 0x0000, 0x0000, 0x0000,
  0x0000, 0x0000, 0x0000, 0x0000, 0x0000, 0x0000, 0x0000, 0x0000, 0x0000, 0x0000, 0x0000, 0x0000,
  0x0000, 0x0000, 0x0000, 0x0000, 0x0000, 0x0000, 0x0000, 0x0000, 0x0000, 0x0000, 0x0000, 0x0000,
  0x0000, 0x0000, 0x0000, 0x0000, 0x0000, 0x0000, 0x0000, 0x0000, 0x0000, 0x0000, 0x0000, 0x0000,
  0x0000, 0xF6B1, 0xF6B1, 0xF6B1, 0xF6B1, 0xF6B1, 0xF6B1, 0xF6B1, 0xF6B1, 0xF6B1, 0x0000, 0x0000,
  0x0000, 0x0000, 0x0000, 0x0000, 0x0000, 0x0000, 0x0000, 0x0000, 0x0000, 0x0000, 0x0000, 0x0000,
  0x0000, 0x0000, 0x0000, 0x0000, 0x0000, 0x0000, 0x0000, 0x0000, 0x0000, 0x0000, 0x0000, 0x0000,
  0x0000, 0x0000, 0x0000, 0x0000, 0x0000, 0x0000, 0x0000, 0x0000, 0x0000, 0x0000, 0x0000, 0x0000,
  0x0000, 0x0000, 0x0000, 0x0000, 0x0000, 0x0000, 0x0000, 0x0000, 0x0000, 0x0000, 0x0000, 0x0000,
  0x0000, 0x0000, 0x0000, 0x0000, 0x0000, 0x0000, 0x0000, 0x0000, 0x0000, 0x0000, 0x0000, 0x0000,
  0x0000, 0x0000, 0x0000, 0x0000, 0x0000, 0x0000, 0x0000, 0x0000, 0x0000, 0x0000, 0x0000, 0x0000,
  0x0000, 0x0000, 0x0000, 0x0000, 0x0000, 0x0000, 0x0000, 0x0000, 0x0000, 0x0000, 0x0000, 0x0000,
  0x0000, 0x0000, 0x0000, 0x0000, 0x0000, 0x0000, 0x0000, 0x0000, 0x0000, 0x0000, 0x0000, 0x0000,
  0x0000, 0x0000, 0x0000, 0x0000, 0x0000, 0x0000, 0x0000, 0x0000, 0x0000, 0x0000, 0x0000, 0x0000,
  0x0000, 0x0000, 0x0000, 0x0000, 0x0000, 0x0000, 0x0000, 0x0000, 0x0000, 0x0000, 0x0000, 0x0000,
  0x0000, 0x0000, 0x0000, 0x0000, 0x0000, 0x0000, 0x0000, 0x0000, 0x0000, 0x0000, 0x0000, 0x0000,
  0x0000, 0x0000, 0x0000, 0x0000, 0x0000, 0x0000, 0x0000, 0x0000, 0x0000, 0x0000, 0x0000, 0x0000,
  0x0000, 0x0000, 0x0000, 0x0000, 0x0000, 0x0000, 0x0000, 0x0000, 0x0000, 0x0000, 0x0000, 0x0000,
  0x0000, 0x0000, 0x0000, 0xD4DC, 0xD4DC, 0xD4DC, 0xD4DC, 0xABF6, 0xABF6, 0xABF6, 0xABF6, 0xD4DC,
  0xD4DC, 0xD4DC, 0xD4DC, 0xD4DC, 0xD4DC, 0xD4DC, 0xD4DC, 0xD4DC, 0xD4DC, 0xD4DC, 0xD4DC, 0xD4DC,
  0xD4DC, 0x0000, 0x0000, 0x0000, 0x0000, 0x0000, 0x0000, 0xD4DC, 0xD4DC, 0xD4DC, 0xD4DC, 0xD4DC,
  0xD4DC, 0xD4DC, 0xD4DC, 0xD4DC, 0xD4DC, 0xD4DC, 0xD4DC, 0xD4DC, 0xD4DC, 0xABF6, 0xABF6, 0xABF6,
  0xABF6, 0xD4DC, 0xD4DC, 0x0000, 0x0000, 0x0000, 0x0000, 0xD4DC, 0xD4DC, 0xD4DC, 0xD4DC, 0xD4DC,
  0xD4DC, 0xD4DC, 0xD4DC, 0xD4DC, 0xD4DC, 0xD4DC, 0xD4DC, 0xD4DC, 0x0000, 0x0000, 0x0000, 0x0000,
  0x0000, 0xD4DC, 0xD4DC, 0xD4DC, 0xD4DC, 0xD4DC, 0xD4DC, 0x0000, 0x0000, 0x0000, 0x0000, 0x0000,
  0x0000, 0x0000, 0x0000, 0x0000, 0x0000, 0x0000, 0x0000, 0x0000, 0x0000, 0x0000, 0x0000, 0x0000,
  0x0000, 0x0000, 0x0000, 0x0000, 0x0000, 0x0000, 0x0000, 0x0000, 0x0000, 0x0000, 0x0000, 0x0000,
  0x0000, 0x0000, 0x0000, 0x0000, 0x0000, 0x0000, 0x0000, 0x0000, 0x0000, 0x0000, 0xF6B1, 0xF6B1,
  0xF6B1, 0xF6B1, 0xF6B1, 0xF6B1, 0xF6B1, 0xF6B1, 0xF6B1, 0xF6B1, 0xF6B1, 0x0000, 0x0000, 0x0000,
  0x0000, 0x0000, 0x0000, 0x0000, 0x0000, 0x0000, 0x0000, 0x0000, 0x0000, 0x0000, 0x0000, 0x0000,
  0x0000, 0x0000, 0x0000, 0x0000, 0x0000, 0x0000, 0x0000, 0x0000, 0x0000, 0x0000, 0x0000, 0x0000,
  0x0000, 0x0000, 0x0000, 0x0000, 0x0000, 0x0000, 0x0000, 0x0000, 0x0000, 0x0000, 0x0000, 0x0000,
  0x0000, 0x0000, 0x0000, 0x0000, 0x0000, 0x0000, 0x0000, 0x0000, 0x0000, 0x0000, 0x0000, 0x0000,
  0x0000, 0x0000, 0x0000, 0x0000, 0x0000, 0x0000, 0x0000, 0x0000, 0x0000, 0x0000, 0x0000, 0x0000,
  0x0000, 0x0000, 0x0000, 0x0000, 0x0000, 0x0000, 0x0000, 0x0000, 0x0000, 0x0000, 0x0000, 0x0000,
  0x0000, 0x0000, 0x0000, 0x0000, 0x0000, 0x0000, 0x0000, 0x0000, 0x0000, 0x0000, 0x0000, 0x0000,
  0x0000, 0x0000, 0x0000, 0x0000, 0x0000, 0x0000, 0x0000, 0x0000, 0x0000, 0x0000, 0x0000, 0x0000,
  0x0000, 0x0000, 0x0000, 0x0000, 0x0000, 0x0000, 0x0000, 0x0000, 0x0000, 0x0000, 0x0000, 0x0000,
  0x0000, 0x0000, 0x0000, 0x0000, 0x0000, 0x0000, 0x0000, 0x0000, 0x0000, 0x0000, 0x0000, 0x0000,
  0x0000, 0x0000, 0x0000, 0x0000, 0x0000, 0x0000, 0x0000, 0x0000, 0x0000, 0x0000, 0x0000, 0x0000,
  0x0000, 0x0000, 0x0000, 0x0000, 0x0000, 0x0000, 0x0000, 0x0000, 0x0000, 0x0000, 0x0000, 0x0000,
  0x0000, 0x0000, 0x0000, 0x0000, 0x0000, 0x0000, 0x0000, 0x0000, 0x0000, 0x0000, 0x0000, 0x0000,
  0x0000, 0x0000, 0xD4DC, 0xD4DC, 0xD4DC, 0xABF6, 0xABF6, 0xABF6, 0xABF6, 0xD4DC, 0xD4DC, 0xD4DC,
  0xD4DC, 0xD4DC, 0xD4DC, 0xD4DC, 0xD4DC, 0xD4DC, 0xD4DC, 0xD4DC, 0xD4DC, 0xD4DC, 0xD4DC, 0x0000,
  0x0000, 0x0000, 0x0000, 0x0000, 0x0000, 0x0000, 0xD4DC, 0xD4DC, 0xD4DC, 0xD4DC, 0xD4DC, 0xD4DC,
  0xD4DC, 0xD4DC, 0xD4DC, 0xD4DC, 0xD4DC, 0xD4DC, 0xD4DC, 0xD4DC, 0xABF6, 0xABF6, 0xABF6, 0xD4DC,
  0xD4DC, 0x0000, 0x0000, 0x0000, 0x0000, 0xD4DC, 0xD4DC, 0xD4DC, 0xD4DC, 0xD4DC, 0xD4DC, 0xD4DC,
  0xD4DC, 0xD4DC, 0xD4DC, 0xD4DC, 0xD4DC, 0x0000, 0x0000, 0x0000, 0x0000, 0x0000, 0xD4DC, 0xD4DC,
  0xD4DC, 0xD4DC, 0xD4DC, 0xD4DC, 0x0000, 0x0000, 0x0000, 0x0000, 0x0000, 0x0000, 0x0000, 0x0000,
  0x0000, 0x0000, 0x0000, 0x0000, 0x0000, 0x0000, 0x0000, 0x0000, 0x0000, 0x0000, 0x0000, 0x0000,
  0x0000, 0x0000, 0x0000, 0x0000, 0x0000, 0x0000, 0x0000, 0x0000, 0x0000, 0x0000, 0x0000, 0x0000,
  0x0000, 0x0000, 0x0000, 0x0000, 0x0000, 0x0000, 0x0000, 0xF6B1, 0xF6B1, 0xF6B1, 0xF6B1, 0xF6B1,
  0xF6B1, 0xF6B1, 0xF6B1, 0xF6B1, 0xF6B1, 0xF6B1, 0xF6B1, 0xF6B1, 0xF77B, 0xF77B, 0xF77B, 0x0000,
  0x0000, 0x0000, 0x0000, 0x0000, 0x0000, 0x0000, 0x0000, 0x0000, 0x0000, 0x0000, 0x0000, 0x0000,
  0x0000, 0x0000, 0x0000, 0x0000, 0x0000, 0x0000, 0x0000, 0x0000, 0x0000, 0x0000, 0x0000, 0x0000,
  0x0000, 0x0000, 0x0000, 0x0000, 0x0000, 0x0000, 0x0000, 0x0000, 0x0000, 0x0000, 0x0000, 0x0000,
  0x0000, 0x0000, 0x0000, 0x0000, 0x0000, 0x0000, 0x0000, 0x0000, 0x0000, 0x0000, 0x0000, 0x0000,
  0x0000, 0x0000, 0x0000, 0x0000, 0x0000, 0x0000, 0x0000, 0x0000, 0x0000, 0x0000, 0x0000, 0x0000,
  0x0000, 0x0000, 0x0000, 0x0000, 0x0000, 0x0000, 0x0000, 0x0000, 0x0000, 0x0000, 0x0000, 0x0000,
  0x0000, 0x0000, 0x0000, 0x0000, 0x0000, 0x0000, 0x0000, 0x0000, 0x0000, 0x0000, 0x0000, 0x0000,
  0x0000, 0x0000, 0x0000, 0x0000, 0x0000, 0x0000, 0x0000, 0x0000, 0x0000, 0x0000, 0x0000, 0x0000,
  0x0000, 0x0000, 0x0000, 0x0000, 0x0000, 0x0000, 0x0000, 0x0000, 0x0000, 0x0000, 0x0000, 0x0000,
  0x0000, 0x0000, 0x0000, 0x0000, 0x0000, 0x0000, 0x0000, 0x0000, 0x0000, 0x0000, 0x0000, 0x0000,
  0x0000, 0x0000, 0x0000, 0x0000, 0x0000, 0x0000, 0x0000, 0x0000, 0x0000, 0x0000, 0x0000, 0x0000,
  0x0000, 0x0000, 0x0000, 0x0000, 0x0000, 0x0000, 0x0000, 0x0000, 0x0000, 0x0000, 0x0000, 0x0000,
  0x0000, 0x0000, 0x0000, 0x0000, 0x0000, 0x0000, 0x0000, 0x0000, 0x0000, 0x0000, 0x0000, 0x0000,
  0xD4DC, 0xD4DC, 0xD4DC, 0xABF6, 0xABF6, 0xABF6, 0xD4DC, 0xD4DC, 0xD4DC, 0xD4DC, 0xD4DC, 0xD4DC,
  0xD4DC, 0xD4DC, 0xD4DC, 0xD4DC, 0xD4DC, 0xD4DC, 0xD4DC, 0xD4DC, 0xD4DC, 0x0000, 0x0000, 0x0000,
  0x0000, 0x0000, 0x0000, 0x0000, 0xD4DC, 0xD4DC, 0xD4DC, 0xD4DC, 0xD4DC, 0xD4DC, 0xD4DC, 0xD4DC,
  0xD4DC, 0xD4DC, 0xD4DC, 0xD4DC, 0xD4DC, 0xD4DC, 0xABF6, 0xABF6, 0xABF6, 0xD4DC, 0xD4DC, 0x0000,
  0x0000, 0x0000, 0x0000, 0xD4DC, 0xD4DC, 0xD4DC, 0xD4DC, 0xD4DC, 0xD4DC, 0xD4DC, 0xD4DC, 0xD4DC,
  0xD4DC, 0xD4DC, 0xD4DC, 0x0000, 0x0000, 0x0000, 0x0000, 0xD4DC, 0xD4DC, 0xD4DC, 0xD4DC, 0xD4DC,
  0xD4DC, 0x0000, 0x0000, 0x0000, 0x0000, 0x0000, 0x0000, 0x0000, 0x0000, 0x0000, 0x0000, 0x0000,
  0x0000, 0x0000, 0x0000, 0x0000, 0x0000, 0x0000, 0x0000, 0x0000, 0x0000, 0x0000, 0x0000, 0x0000,
  0x0000, 0x0000, 0x0000, 0x0000, 0x0000, 0x0000, 0x0000, 0x0000, 0x0000, 0x0000, 0x0000, 0x0000,
  0x0000, 0x0000, 0x0000, 0x0000, 0xF6B1, 0xF6B1, 0xF6B1, 0xF6B1, 0xF6B1, 0xF6B1, 0xF6B1, 0xF6B1,
  0xF6B1, 0xF6B1, 0xF6B1, 0xF6B1, 0xB3CE, 0xB3CE, 0xB3CE, 0xF77B, 0xF77B, 0xF77B, 0xF77B, 0x0000,
  0x0000, 0x0000, 0x0000, 0x0000, 0x0000, 0x0000, 0x0000, 0x0000, 0x0000, 0x0000, 0x0000, 0x0000,
  0x0000, 0x0000, 0x0000, 0x0000, 0x0000, 0x0000, 0x0000, 0x0000, 0x0000, 0x0000, 0x0000, 0x0000,
  0x0000, 0x0000, 0x0000, 0x0000, 0x0000, 0x0000, 0x0000, 0x0000, 0x0000, 0x0000, 0x0000, 0x0000,
  0x0000, 0x0000, 0x0000, 0x0000, 0x0000, 0x0000, 0x0000, 0x0000, 0x0000, 0x0000, 0x0000, 0x0000,
  0x0000, 0x0000, 0x0000, 0x0000, 0x0000, 0x0000, 0x0000, 0x0000, 0x0000, 0x0000, 0x0000, 0x0000,
  0x0000, 0x0000, 0x0000, 0x0000, 0x0000, 0x0000, 0x0000, 0x0000, 0x0000, 0x0000, 0x0000, 0x0000,
  0x0000, 0x0000, 0x0000, 0x0000, 0x0000, 0x0000, 0x0000, 0x0000, 0x0000, 0x0000, 0x0000, 0x0000,
  0x0000, 0x0000, 0x0000, 0x0000, 0x0000, 0x0000, 0x0000, 0x0000, 0x0000, 0x0000, 0x0000, 0x0000,
  0x0000, 0x0000, 0x0000, 0x0000, 0x0000, 0x0000, 0x0000, 0x0000, 0x0000, 0x0000, 0x0000, 0x0000,
  0x0000, 0x0000, 0x0000, 0x0000, 0x0000, 0x0000, 0x0000, 0x0000, 0x0000, 0x0000, 0x0000, 0x0000,
  0x0000, 0x0000, 0x0000, 0x0000, 0x0000, 0x0000, 0x0000, 0x0000, 0x0000, 0x0000, 0x0000, 0x0000,
  0x0000, 0x0000, 0x0000, 0x0000, 0x0000, 0x0000, 0x0000, 0x0000, 0x0000, 0x0000, 0x0000, 0x0000,
  0x0000, 0x0000, 0x0000, 0x0000, 0x0000, 0x0000, 0x0000, 0x0000, 0x0000, 0x0000, 0xD4DC, 0xD4DC,
  0xD4DC, 0xABF6, 0xABF6, 0xABF6, 0xD4DC, 0xD4DC, 0xD4DC, 0xD4DC, 0xD4DC, 0xD4DC, 0xD4DC, 0xD4DC,
  0xD4DC, 0xD4DC, 0x0000, 0xD4DC, 0xD4DC, 0xD4DC, 0xD4DC, 0x0000, 0x0000, 0x0000, 0x0000, 0x0000,
  0x0000, 0x0000, 0xD4DC, 0xD4DC, 0xD4DC, 0xD4DC, 0xD4DC, 0xD4DC, 0xD4DC, 0xD4DC, 0xD4DC, 0xD4DC,
  0xD4DC, 0xD4DC, 0xD4DC, 0xD4DC, 0xABF6, 0xABF6, 0xABF6, 0xD4DC, 0xD4DC, 0x0000, 0x0000, 0x0000,
  0x0000, 0xD4DC, 0xD4DC, 0xD4DC, 0xD4DC, 0xD4DC, 0xD4DC, 0xD4DC, 0xD4DC, 0xD4DC, 0xD4DC, 0xD4DC,
  0xD4DC, 0x0000, 0x0000, 0x0000, 0x0000, 0xD4DC, 0xD4DC, 0xD4DC, 0xD4DC, 0xD4DC, 0xD4DC, 0x0000,
  0x0000, 0x0000, 0x0000, 0x0000, 0x0000, 0x0000, 0x0000, 0x0000, 0x0000, 0x0000, 0x0000, 0x0000,
  0x0000, 0x0000, 0x0000, 0x0000, 0x0000, 0x0000, 0x0000, 0x0000, 0x0000, 0x0000, 0x0000, 0x0000,
  0x0000, 0x0000, 0x0000, 0x0000, 0x0000, 0xD61A, 0x0000, 0x0000, 0x0000, 0x0000, 0x0000, 0x0000,
  0x0000, 0x0000, 0xF6B1, 0xF6B1, 0xF6B1, 0xF6B1, 0xF6B1, 0xF6B1, 0xF6B1, 0xF6B1, 0xF6B1, 0xB3CE,
  0xB3CE, 0xB3CE, 0xB3CE, 0xB3CE, 0xB3CE, 0x0000, 0x0000, 0xF77B, 0xF77B, 0xF77B, 0x0000, 0x0000,
  0x0000, 0x0000, 0x0000, 0x0000, 0x0000, 0x0000, 0x0000, 0x0000, 0x0000, 0x0000, 0x0000, 0x0000,
  0x0000, 0x0000, 0x0000, 0x0000, 0x0000, 0x0000, 0x0000, 0x0000, 0x0000, 0x0000, 0x0000, 0x0000,
  0x0000, 0x0000, 0x0000, 0x0000, 0x0000, 0x0000, 0x0000, 0x0000, 0x0000, 0x0000, 0x0000, 0x0000,
  0x0000, 0x0000, 0x0000, 0x0000, 0x0000, 0x0000, 0x0000, 0x0000, 0x0000, 0x0000, 0x0000, 0x0000,
  0x0000, 0x0000, 0x0000, 0x0000, 0x0000, 0x0000, 0x0000, 0x0000, 0x0000, 0x0000, 0x0000, 0x0000,
  0x0000, 0x0000, 0x0000, 0x0000, 0x0000, 0x0000, 0x0000, 0x0000, 0x0000, 0x0000, 0x0000, 0x0000,
  0x0000, 0x0000, 0x0000, 0x0000, 0x0000, 0x0000, 0x0000, 0x0000, 0x0000, 0x0000, 0x0000, 0x0000,
  0x0000, 0x0000, 0x0000, 0x0000, 0x0000, 0x0000, 0x0000, 0x0000, 0x0000, 0x0000, 0x0000, 0x0000,
  0x0000, 0x0000, 0x0000, 0x0000, 0x0000, 0x0000, 0x0000, 0x0000, 0x0000, 0x0000, 0x0000, 0x0000,
  0x0000, 0x0000, 0x0000, 0x0000, 0x0000, 0x0000, 0x0000, 0x0000, 0x0000, 0x0000, 0x0000, 0x0000,
  0x0000, 0x0000, 0x0000, 0x0000, 0x0000, 0x0000, 0x0000, 0x0000, 0x0000, 0x0000, 0x0000, 0x0000,
  0x0000, 0x0000, 0x0000, 0x0000, 0x0000, 0x0000, 0x0000, 0x0000, 0x0000, 0x0000, 0x0000, 0x0000,
  0x0000, 0x0000, 0x0000, 0x0000, 0x0000, 0x0000, 0x0000, 0x0000, 0xD4DC, 0xD4DC, 0xD4DC, 0xABF6,
  0xABF6, 0xD4DC, 0xD4DC, 0xD4DC, 0xD4DC, 0xD4DC, 0xD4DC, 0xD4DC, 0xD4DC, 0x0000, 0x0000, 0x0000,
  0x0000, 0xD4DC, 0xD4DC, 0xD4DC, 0xD4DC, 0x0000, 0x0000, 0x0000, 0x0000, 0x0000, 0x0000, 0x0000,
  0xD4DC, 0xD4DC, 0xD4DC, 0xD4DC, 0xD4DC, 0xD4DC, 0xD4DC, 0xD4DC, 0xD4DC, 0xD4DC, 0xD4DC, 0xD4DC,
  0xD4DC, 0xD4DC, 0xABF6, 0xABF6, 0xABF6, 0xD4DC, 0xD4DC, 0x0000, 0x0000, 0x0000, 0x0000, 0xD4DC,
  0xD4DC, 0xD4DC, 0xD4DC, 0xD4DC, 0xD4DC, 0xD4DC, 0xD4DC, 0xD4DC, 0xD4DC, 0xD4DC, 0xD4DC, 0x0000,
  0x0000, 0x0000, 0xD4DC, 0xD4DC, 0xD4DC, 0xD4DC, 0xD4DC, 0xD4DC, 0x0000, 0x0000, 0x0000, 0x0000,
  0x0000, 0x0000, 0x0000, 0x0000, 0x0000, 0x0000, 0x0000, 0x0000, 0x0000, 0x0000, 0x0000, 0x0000,
  0x0000, 0x0000, 0x0000, 0x0000, 0x0000, 0x0000, 0x0000, 0x0000, 0x0000, 0x0000, 0x0000, 0x0000,
  0x0000, 0x0000, 0x0000, 0x0000, 0x0000, 0x0000, 0x0000, 0x0000, 0x0000, 0xF77B, 0xF77B, 0xF77B,
  0xF6B1, 0xF6B1, 0xF6B1, 0xF6B1, 0xF6B1, 0xF6B1, 0xB3CE, 0xB3CE, 0xB3CE, 0xB3CE, 0xB3CE, 0xB3CE,
  0xB3CE, 0xF6B1, 0xF6B1, 0x0000, 0x0000, 0x0000, 0xF77B, 0xF77B, 0x0000, 0x0000, 0x0000, 0x0000,
  0x0000, 0x0000, 0x0000, 0x0000, 0x0000, 0x0000, 0x0000, 0x0000, 0x0000, 0x0000, 0x0000, 0x0000,
  0x0000, 0x0000, 0x0000, 0x0000, 0x0000, 0x0000, 0x0000, 0x0000, 0x0000, 0x0000, 0x0000, 0x0000,
  0x0000, 0x0000, 0x0000, 0x0000, 0x0000, 0x0000, 0x0000, 0x0000, 0x0000, 0x0000, 0x0000, 0x0000,
  0x0000, 0x0000, 0x0000, 0x0000, 0x0000, 0x0000, 0x0000, 0x0000, 0x0000, 0x0000, 0x0000, 0x0000,
  0x0000, 0x0000, 0x0000, 0x0000, 0x0000, 0x0000, 0x0000, 0x0000, 0x0000, 0x0000, 0xD61A, 0x0000,
  0x0000, 0x0000, 0x0000, 0x0000, 0x0000, 0x0000, 0x0000, 0x0000, 0x0000, 0x0000, 0x0000, 0x0000,
  0x0000, 0x0000, 0x0000, 0x0000, 0x0000, 0x0000, 0x0000, 0x0000, 0x0000, 0xEEB4, 0x0000, 0x0000,
  0x0000, 0x0000, 0x0000, 0x0000, 0x0000, 0x0000, 0x0000, 0x0000, 0x0000, 0x0000, 0x0000, 0x0000,
  0x0000, 0x0000, 0x0000, 0x0000, 0x0000, 0x0000, 0x0000, 0x0000, 0x0000, 0x0000, 0x0000, 0x0000,
  0x0000, 0x0000, 0x0000, 0x0000, 0x0000, 0x0000, 0x0000, 0x0000, 0x0000, 0x0000, 0x0000, 0x0000,
  0x0000, 0x0000, 0x0000, 0x0000, 0x0000, 0x0000, 0x0000, 0x0000, 0x0000, 0x0000, 0x0000, 0x0000,
  0x0000, 0x0000, 0x0000, 0x0000, 0x0000, 0x0000, 0x0000, 0x0000, 0x0000, 0x0000, 0x0000, 0x0000,
  0x0000, 0x0000, 0x0000, 0x0000, 0x0000, 0x0000, 0xD4DC, 0xD4DC, 0xD4DC, 0xD4DC, 0xD4DC, 0xD4DC,
  0xD4DC, 0xD4DC, 0xD4DC, 0xD4DC, 0xD4DC, 0xD4DC, 0x0000, 0x0000, 0x0000, 0x0000, 0x0000, 0xD4DC,
  0xD4DC, 0xD4DC, 0xD4DC, 0x0000, 0x0000, 0x0000, 0x0000, 0x0000, 0x0000, 0x0000, 0xD4DC, 0xD4DC,
  0xD4DC, 0xD4DC, 0xD4DC, 0xD4DC, 0xD4DC, 0xD4DC, 0xD4DC, 0xD4DC, 0xD4DC, 0xD4DC, 0xD4DC, 0xD4DC,
  0xABF6, 0xABF6, 0xABF6, 0xD4DC, 0xD4DC, 0x0000, 0x0000, 0x0000, 0x0000, 0x0000, 0xD4DC, 0xD4DC,
  0xD4DC, 0xABF6, 0xABF6, 0xABF6, 0xD4DC, 0xD4DC, 0xD4DC, 0xD4DC, 0xD4DC, 0x0000, 0x0000, 0x0000,
  0xD4DC, 0xD4DC, 0xD4DC, 0xD4DC, 0xD4DC, 0x0000, 0x0000, 0x0000, 0x0000, 0x0000, 0x0000, 0x0000,
  0x0000, 0x0000, 0x0000, 0x0000, 0x0000, 0x0000, 0x0000, 0x0000, 0x0000, 0x0000, 0x0000, 0x0000,
  0x0000, 0x0000, 0x0000, 0x0000, 0x0000, 0x0000, 0x0000, 0x0000, 0x0000, 0x0000, 0x0000, 0x0000,
  0x0000, 0x0000, 0x0000, 0x0000, 0x0000, 0x0000, 0xF77B, 0xF77B, 0xF77B, 0xF77B, 0xF6B1, 0xF6B1,
  0xF6B1, 0xB3CE, 0xB3CE, 0xB3CE, 0xB3CE, 0xB3CE, 0xB3CE, 0xB3CE, 0xB3CE, 0xB3CE, 0xF6B1, 0xF6B1,
  0xF6B1, 0x0000, 0x0000, 0xF77B, 0xF77B, 0xF77B, 0x0000, 0x0000, 0x0000, 0x0000, 0x0000, 0x0000,
  0x0000, 0x0000, 0x0000, 0x0000, 0x0000, 0x0000, 0x0000, 0x0000, 0x0000, 0x0000, 0xDD13, 0xDD13,
  0xDD13, 0xDD13, 0xC36D, 0xC36D, 0xC36D, 0xC36D, 0x0000, 0x0000, 0x0000, 0x0000, 0x0000, 0x0000,
  0x0000, 0x0000, 0x0000, 0x0000, 0x0000, 0x0000, 0x0000, 0x0000, 0x0000, 0x0000, 0x0000, 0x0000,
  0x0000, 0x0000, 0x0000, 0x0000, 0x0000, 0x0000, 0x0000, 0x0000, 0x0000, 0x0000, 0x0000, 0x0000,
  0x0000, 0x0000, 0x0000, 0x0000, 0x0000, 0x0000, 0x0000, 0x0000, 0x0000, 0x0000, 0x0000, 0x0000,
  0x0000, 0x0000, 0x0000, 0x0000, 0x0000, 0x0000, 0x0000, 0x0000, 0x0000, 0x0000, 0x0000, 0x0000,
  0x0000, 0x0000, 0x0000, 0x0000, 0x0000, 0x0000, 0x0000, 0x0000, 0xEEB4, 0x0000, 0x0000, 0x0000,
  0x0000, 0x0000, 0x0000, 0x0000, 0x0000, 0x0000, 0x0000, 0x0000, 0x0000, 0x0000, 0x0000, 0x0000,
  0x0000, 0x0000, 0x0000, 0x0000, 0x0000, 0x0000, 0x0000, 0x0000, 0x0000, 0x0000, 0x0000, 0x0000,
  0x0000, 0x0000, 0x0000, 0x0000, 0x0000, 0x0000, 0x0000, 0x0000, 0x0000, 0x0000, 0x0000, 0x0000,
  0x0000, 0x0000, 0x0000, 0x0000, 0x0000, 0x0000, 0x0000, 0x0000, 0x0000, 0x0000, 0x0000, 0x0000,
  0x0000, 0x0000, 0x0000, 0x0000, 0x0000, 0x0000, 0x0000, 0x0000, 0x0000, 0x0000, 0x0000, 0x0000,
  0x0000, 0x0000, 0x0000, 0x0000, 0xD4DC, 0xD4DC, 0xD4DC, 0xD4DC, 0xD4DC, 0xD4DC, 0xD4DC, 0xD4DC,
  0xD4DC, 0xD4DC, 0x0000, 0x0000, 0x0000, 0x0000, 0x0000, 0x0000, 0x0000, 0x0000, 0xD4DC, 0xD4DC,
  0xD4DC, 0x0000, 0x0000, 0x0000, 0x0000, 0x0000, 0x0000, 0x0000, 0xD4DC, 0xD4DC, 0xD4DC, 0xD4DC,
  0xD4DC, 0xD4DC, 0xD4DC, 0xD4DC, 0xD4DC, 0xD4DC, 0xD4DC, 0xD4DC, 0xD4DC, 0xD4DC, 0xD4DC, 0xABF6,
  0xABF6, 0xD4DC, 0xD4DC, 0x0000, 0x0000, 0x0000, 0x0000, 0x0000, 0xD4DC, 0xD4DC, 0xD4DC, 0xABF6,
  0xABF6, 0xABF6, 0xD4DC, 0xD4DC, 0xD4DC, 0xD4DC, 0xD4DC, 0x0000, 0x0000, 0x0000, 0xD4DC, 0xD4DC,
  0xD4DC, 0xD4DC, 0xD4DC, 0xD4DC, 0x0000, 0x0000, 0x0000, 0x0000, 0x0000, 0x0000, 0x0000, 0x0000,
  0x0000, 0x0000, 0x0000, 0x0000, 0x0000, 0x0000, 0x0000, 0x0000, 0x0000, 0x0000, 0x0000, 0x0000,
  0x0000, 0x0000, 0x0000, 0x0000, 0x0000, 0x0000, 0x0000, 0x0000, 0x0000, 0x0000, 0x0000, 0x0000,
  0x0000, 0x0000, 0xF77B, 0xF77B, 0xF77B, 0xF77B, 0x0000, 0x0000, 0xB3CE, 0xB3CE, 0xB3CE, 0xB3CE,
  0xB3CE, 0xB3CE, 0xB3CE, 0xB3CE, 0xB3CE, 0xF6B1, 0xF6B1, 0xF6B1, 0xF6B1, 0xF6B1, 0xF6B1, 0xF77B,
  0xF77B, 0xF77B, 0xF77B, 0x0000, 0x0000, 0x0000, 0x0000, 0x0000, 0x0000, 0x0000, 0x0000, 0x0000,
  0x0000, 0x0000, 0x0000, 0x0000, 0x0000, 0x0000, 0x0000, 0xDD13, 0xDD13, 0xDD13, 0xDD13, 0xC36D,
  0xC36D, 0xC36D, 0xC36D, 0xC36D, 0xC36D, 0x0000, 0x0000, 0x0000, 0x0000, 0x0000, 0x0000, 0x0000,
  0x0000, 0x0000, 0x0000, 0x0000, 0x0000, 0x0000, 0x0000, 0x0000, 0x0000, 0x0000, 0x0000, 0x0000,
  0x0000, 0x0000, 0x0000, 0x0000, 0x0000, 0x0000, 0x0000, 0x0000, 0x0000, 0x0000, 0x0000, 0x0000,
  0x0000, 0x0000, 0x0000, 0x0000, 0x0000, 0x0000, 0x0000, 0x0000, 0x0000, 0x0000, 0x0000, 0x0000,
  0x0000, 0x0000, 0x0000, 0x0000, 0x0000, 0x0000, 0x0000, 0x0000, 0x0000, 0x0000, 0x0000, 0x0000,
  0x0000, 0x0000, 0x0000, 0x0000, 0x0000, 0x0000, 0x0000, 0x0000, 0x0000, 0x0000, 0x0000, 0x0000,
  0x0000, 0x0000, 0x0000, 0x0000, 0x0000, 0x0000, 0x0000, 0x0000, 0x0000, 0x0000, 0x0000, 0x0000,
  0x0000, 0x0000, 0x0000, 0x0000, 0x0000, 0x0000, 0x0000, 0x0000, 0x0000, 0x0000, 0x0000, 0x0000,
  0x0000, 0x0000, 0x0000, 0x0000, 0x0000, 0x0000, 0x0000, 0x0000, 0x0000, 0x0000, 0x0000, 0x0000,
  0x0000, 0x0000, 0x0000, 0x0000, 0x0000, 0x0000, 0x0000, 0x0000, 0x0000, 0x0000, 0x0000, 0x0000,
  0x0000, 0x0000, 0x0000, 0x0000, 0x0000, 0x0000, 0x0000, 0x0000, 0x0000, 0x0000, 0x0000, 0x0000,
  0x0000, 0x0000, 0xD4DC, 0xD4DC, 0xD4DC, 0xD4DC, 0xD4DC, 0xD4DC, 0xD4DC, 0xD4DC, 0x0000, 0x0000,
  0x0000, 0x0000, 0x0000, 0x0000, 0x0000, 0x0000, 0x0000, 0x0000, 0xD4DC, 0xD4DC, 0x0000, 0x0000,
  0x0000, 0x0000, 0x0000, 0x0000, 0x0000, 0x0000, 0xD4DC, 0xD4DC, 0xD4DC, 0xD4DC, 0xD4DC, 0xD4DC,
  0xD4DC, 0xD4DC, 0xD4DC, 0xD4DC, 0xD4DC, 0xD4DC, 0xD4DC, 0xD4DC, 0xD4DC, 0xABF6, 0xABF6, 0xD4DC,
  0xD4DC, 0xD4DC, 0x0000, 0x0000, 0x0000, 0x0000, 0xD4DC, 0xD4DC, 0xD4DC, 0xABF6, 0xABF6, 0xABF6,
  0xD4DC, 0xD4DC, 0xD4DC, 0xD4DC, 0xD4DC, 0x0000, 0x0000, 0x0000, 0xD4DC, 0xD4DC, 0xD4DC, 0xD4DC,
  0xD4DC, 0xD4DC, 0x0000, 0x0000, 0x0000, 0x0000, 0x0000, 0x0000, 0x0000, 0x0000, 0x0000, 0x0000,
  0x0000, 0x0000, 0x0000, 0x0000, 0x0000, 0x0000, 0x0000, 0x0000, 0x0000, 0x0000, 0x0000, 0x0000,
  0x0000, 0x0000, 0x0000, 0x0000, 0x0000, 0x0000, 0x0000, 0x0000, 0x0000, 0x0000, 0x0000, 0x0000,
  0xF77B, 0xF77B, 0xF77B, 0x0000, 0x0000, 0x0000, 0xB3CE, 0xB3CE, 0xB3CE, 0xB3CE, 0xB3CE, 0xB3CE,
  0xF6B1, 0xF6B1, 0xF6B1, 0xF77B, 0xF77B, 0xF77B, 0xF77B, 0xF77B, 0xF77B, 0xF77B, 0xF77B, 0xF77B,
  0x0000, 0x0000, 0x0000, 0x0000, 0x0000, 0x0000, 0x0000, 0x0000, 0x0000, 0x0000, 0x0000, 0x0000,
  0x0000, 0x0000, 0x0000, 0x0000, 0xDD13, 0xDD13, 0xDD13, 0xC36D, 0xC36D, 0xC36D, 0xC36D, 0xC36D,
  0xC36D, 0xC36D, 0xC36D, 0xC36D, 0x0000, 0x0000, 0x0000, 0x0000, 0x0000, 0x0000, 0x0000, 0x0000,
  0x0000, 0x0000, 0x0000, 0x0000, 0x0000, 0x0000, 0x0000, 0x0000, 0x0000, 0x0000, 0x0000, 0x0000,
  0x0000, 0x0000, 0x0000, 0x0000, 0x0000, 0x0000, 0x0000, 0x0000, 0x0000, 0x0000, 0x0000, 0x0000,
  0x0000, 0x0000, 0x0000, 0x0000, 0x0000, 0x0000, 0x0000, 0x0000, 0x0000, 0x0000, 0x0000, 0x0000,
  0x0000, 0x0000, 0x0000, 0x0000, 0x0000, 0x0000, 0x0000, 0x0000, 0x0000, 0x0000, 0x0000, 0x0000,
  0x0000, 0x0000, 0x0000, 0x0000, 0x0000, 0x0000, 0x0000, 0x0000, 0x0000, 0x0000, 0x0000, 0x0000,
  0x0000, 0x0000, 0x0000, 0x0000, 0x0000, 0x0000, 0x0000, 0x0000, 0x0000, 0x0000, 0x0000, 0x0000,
  0x0000, 0x0000, 0x0000, 0x0000, 0x0000, 0x0000, 0x0000, 0x0000, 0x0000, 0x0000, 0x0000, 0x0000,
  0x0000, 0x0000, 0x0000, 0x0000, 0x0000, 0x0000, 0x0000, 0x0000, 0x0000, 0x0000, 0x0000, 0x0000,
  0x0000, 0x0000, 0x0000, 0x0000, 0x0000, 0x0000, 0x0000, 0x0000, 0x0000, 0x0000, 0x0000, 0x0000,
  0x0000, 0x0000, 0x0000, 0x0000, 0x0000, 0x0000, 0x0000, 0x0000, 0x0000, 0x0000, 0x0000, 0x0000,
  0xD4DC, 0xD4DC, 0xD4DC, 0xD4DC, 0xD4DC, 0xD4DC, 0x0000, 0x0000, 0x0000, 0x0000, 0x0000, 0x0000,
  0x0000, 0x0000, 0x0000, 0x0000, 0x0000, 0x0000, 0xD4DC, 0xD4DC, 0x0000, 0x0000, 0x0000, 0x0000,
  0x0000, 0x0000, 0x0000, 0x0000, 0xD4DC, 0xD4DC, 0xD4DC, 0xD4DC, 0xD4DC, 0xD4DC, 0xD4DC, 0xD4DC,
  0xD4DC, 0xD4DC, 0xD4DC, 0xD4DC, 0xD4DC, 0xD4DC, 0xD4DC, 0xABF6, 0xABF6, 0xD4DC, 0xD4DC, 0xD4DC,
  0xD4DC, 0x0000, 0x0000, 0x0000, 0xD4DC, 0xD4DC, 0xD4DC, 0xABF6, 0xABF6, 0xABF6, 0xABF6, 0xD4DC,
  0xD4DC, 0xD4DC, 0xD4DC, 0xD4DC, 0x0000, 0x0000, 0x0000, 0xD4DC, 0xD4DC, 0xD4DC, 0xD4DC, 0xD4DC,
  0xD4DC, 0x0000, 0x0000, 0x0000, 0x0000, 0x0000, 0x0000, 0x0000, 0x0000, 0x0000, 0xD4DC, 0x0000,
  0x0000, 0x0000, 0x0000, 0x0000, 0x0000, 0x0000, 0x0000, 0x0000, 0x0000, 0x0000, 0x0000, 0x0000,
  0x0000, 0x0000, 0x0000, 0x0000, 0x0000, 0x0000, 0x0000, 0x0000, 0x0000, 0x0000, 0xF77B, 0xF77B,
  0xF77B, 0xF77B, 0xF77B, 0xF77B, 0xF77B, 0xF77B, 0xF77B, 0xF77B, 0xF77B, 0xF77B, 0xF77B, 0xF77B,
  0xF77B, 0xF77B, 0xF77B, 0xF77B, 0xF77B, 0xF77B, 0xF77B, 0xF77B, 0x0000, 0x0000, 0x0000, 0x0000,
  0x0000, 0x0000, 0x0000, 0x0000, 0x0000, 0x0000, 0x0000, 0x0000, 0x0000, 0x0000, 0x0000, 0x0000,
  0x0000, 0x0000, 0xDD13, 0xDD13, 0xC36D, 0xC36D, 0xC36D, 0xC36D, 0xC36D, 0xC36D, 0xC36D, 0xC36D,
  0xC36D, 0xAA69, 0x0000, 0x0000, 0x0000, 0x0000, 0x0000, 0x0000, 0x0000, 0x0000, 0x0000, 0x0000,
  0x0000, 0x0000, 0x0000, 0x0000, 0x0000, 0x0000, 0x0000, 0x0000, 0x0000, 0x0000, 0x0000, 0x0000,
  0x0000, 0x0000, 0x0000, 0x0000, 0x0000, 0x0000, 0x0000, 0x0000, 0x0000, 0x0000, 0x0000, 0x0000,
  0x0000, 0x0000, 0x0000, 0x0000, 0x0000, 0x0000, 0x0000, 0x0000, 0x0000, 0x0000, 0x0000, 0x0000,
  0x0000, 0x0000, 0x0000, 0x0000, 0x0000, 0x0000, 0x0000, 0x0000, 0x0000, 0x0000, 0x0000, 0x0000,
  0x0000, 0x0000, 0x0000, 0x0000, 0x0000, 0x0000, 0x0000, 0x0000, 0x0000, 0x0000, 0x0000, 0x0000,
  0x0000, 0x0000, 0x0000, 0x0000, 0x0000, 0x0000, 0x0000, 0x0000, 0x0000, 0x0000, 0x0000, 0x0000,
  0x0000, 0x0000, 0x0000, 0x0000, 0x0000, 0x0000, 0x0000, 0x0000, 0x0000, 0x0000, 0x0000, 0x0000,
  0x0000, 0x0000, 0x0000, 0xD61A, 0x0000, 0x0000, 0x0000, 0x0000, 0x0000, 0x0000, 0x0000, 0x0000,
  0x0000, 0x0000, 0x0000, 0x0000, 0x0000, 0x0000, 0x0000, 0x0000, 0x0000, 0x0000, 0x0000, 0x0000,
  0x0000, 0x0000, 0x0000, 0x0000, 0x0000, 0x0000, 0x0000, 0x0000, 0x0000, 0x0000, 0xD4DC, 0xD4DC,
  0xD4DC, 0xD4DC, 0xD4DC, 0x0000, 0x0000, 0x0000, 0x0000, 0x0000, 0x0000, 0x0000, 0x0000, 0x0000,
  0x0000, 0x0000, 0x0000, 0x0000, 0xD4DC, 0xD4DC, 0x0000, 0x0000, 0x0000, 0x0000, 0x0000, 0x0000,
  0x0000, 0xD4DC, 0xD4DC, 0xD4DC, 0xD4DC, 0xD4DC, 0xD4DC, 0xD4DC, 0xD4DC, 0xD4DC, 0xD4DC, 0xD4DC,
  0xD4DC, 0xD4DC, 0xD4DC, 0xD4DC, 0xD4DC, 0xABF6, 0xABF6, 0xD4DC, 0xD4DC, 0xD4DC, 0xD4DC, 0x0000,
  0x0000, 0x0000, 0xD4DC, 0xD4DC, 0xD4DC, 0xABF6, 0xABF6, 0xABF6, 0xABF6, 0xD4DC, 0xD4DC, 0xD4DC,
  0xD4DC, 0xD4DC, 0xD4DC, 0x0000, 0x0000, 0x0000, 0xD4DC, 0xD4DC, 0xD4DC, 0xD4DC, 0xD4DC, 0xD4DC,
  0x0000, 0x0000, 0x0000, 0x0000, 0x0000, 0x0000, 0xD4DC, 0xD4DC, 0xD4DC, 0x0000, 0x0000, 0x0000,
  0x0000, 0x0000, 0x0000, 0x0000, 0x0000, 0x0000, 0x0000, 0x0000, 0x0000, 0x0000, 0x0000, 0x0000,
  0x0000, 0x0000, 0x0000, 0x0000, 0x0000, 0x0000, 0x0000, 0x0000, 0x0000, 0xF77B, 0xF77B, 0xF77B,
  0xF77B, 0xF77B, 0xF77B, 0xF77B, 0xF77B, 0xF77B, 0xF77B, 0xF77B, 0xF77B, 0xF77B, 0xF77B, 0xF77B,
  0xF77B, 0xF77B, 0xF77B, 0xF77B, 0xF6B1, 0x0000, 0x0000, 0x0000, 0x0000, 0x0000, 0x0000, 0x0000,
  0x0000, 0x0000, 0x0000, 0x0000, 0x0000, 0x0000, 0x0000, 0x0000, 0x0000, 0x0000, 0x0000, 0x0000,
  0xDD13, 0xC36D, 0xC36D, 0xC36D, 0xC36D, 0xC36D, 0xC36D, 0xC36D, 0xC36D, 0xC36D, 0xC36D, 0xAA69,
  0x0000, 0x0000, 0x0000, 0x0000, 0x0000, 0x0000, 0x0000, 0x0000, 0x0000, 0x0000, 0x0000, 0x0000,
  0x0000, 0x0000, 0x0000, 0x0000, 0x0000, 0x0000, 0x0000, 0x0000, 0x0000, 0x0000, 0x0000, 0x0000,
  0x0000, 0x0000, 0x0000, 0x0000, 0x0000, 0x0000, 0x0000, 0x0000, 0x0000, 0x0000, 0x0000, 0x0000,
  0x0000, 0x0000, 0x0000, 0x0000, 0x0000, 0x0000, 0x0000, 0x0000, 0x0000, 0x0000, 0x0000, 0x0000,
  0x0000, 0x0000, 0x0000, 0x0000, 0x0000, 0x0000, 0x0000, 0x0000, 0x0000, 0x0000, 0x0000, 0x0000,
  0x0000, 0x0000, 0x0000, 0x0000, 0x0000, 0x0000, 0x0000, 0x0000, 0x0000, 0x0000, 0x0000, 0x0000,
  0x0000, 0x0000, 0x0000, 0x0000, 0x0000, 0x0000, 0x0000, 0x0000, 0x0000, 0x0000, 0x0000, 0x0000,
  0x0000, 0x0000, 0x0000, 0x0000, 0x0000, 0x0000, 0x0000, 0x0000, 0x0000, 0x0000, 0x0000, 0x0000,
  0x0000, 0x0000, 0x0000, 0x0000, 0x0000, 0x0000, 0x0000, 0x0000, 0x0000, 0x0000, 0x0000, 0x0000,
  0x0000, 0x0000, 0x0000, 0x0000, 0x0000, 0x0000, 0x0000, 0x0000, 0x0000, 0x0000, 0x0000, 0x0000,
  0x0000, 0x0000, 0x0000, 0x0000, 0x0000, 0x0000, 0x0000, 0xD4DC, 0xD4DC, 0xD4DC, 0xD4DC, 0xD4DC,
  0xD4DC, 0x0000, 0x0000, 0x0000, 0x0000, 0x0000, 0x0000, 0x0000, 0x0000, 0x0000, 0x0000, 0x0000,
  0x0000, 0x0000, 0xD4DC, 0xD4DC, 0x0000, 0x0000, 0x0000, 0x0000, 0x0000, 0x0000, 0x0000, 0xD4DC,
  0xD4DC, 0xD4DC, 0xD4DC, 0xD4DC, 0xD4DC, 0xD4DC, 0xD4DC, 0xD4DC, 0xD4DC, 0xD4DC, 0xD4DC, 0xD4DC,
  0xD4DC, 0xD4DC, 0xD4DC, 0xABF6, 0xABF6, 0xD4DC, 0xD4DC, 0xD4DC, 0xD4DC, 0x0000, 0x0000, 0xD4DC,
  0xD4DC, 0xD4DC, 0xD4DC, 0xABF6, 0xABF6, 0xABF6, 0xABF6, 0xD4DC, 0xD4DC, 0xD4DC, 0xD4DC, 0xD4DC,
  0xD4DC, 0xD4DC, 0xD4DC, 0x0000, 0xD4DC, 0xD4DC, 0xD4DC, 0xD4DC, 0xD4DC, 0xD4DC, 0xD4DC, 0x0000,
  0x0000, 0x0000, 0xD4DC, 0xD4DC, 0xD4DC, 0xD4DC, 0xD4DC, 0x0000, 0x0000, 0x0000, 0x0000, 0x0000,
  0x0000, 0x0000, 0x0000, 0x0000, 0x0000, 0x0000, 0x0000, 0x0000, 0x0000, 0x0000, 0x0000, 0x0000,
  0x0000, 0x0000, 0x0000, 0x0000, 0x0000, 0x0000, 0x0000, 0x0000, 0x0000, 0x0000, 0xF77B, 0xF77B,
  0xF77B, 0xF77B, 0xF77B, 0xF6B1, 0xF6B1, 0xF6B1, 0xF6B1, 0xF6B1, 0xF6B1, 0xF6B1, 0xF6B1, 0xF6B1,
  0xF6B1, 0xF6B1, 0xF6B1, 0x0000, 0x0000, 0x0000, 0x0000, 0x0000, 0x0000, 0x0000, 0x0000, 0x0000,
  0x0000, 0x0000, 0x0000, 0x0000, 0x0000, 0x0000, 0x0000, 0x0000, 0x0000, 0x0000, 0xDD13, 0xC36D,
  0xC36D, 0xC36D, 0xC36D, 0xC36D, 0xC36D, 0xC36D, 0xC36D, 0xC36D, 0xC36D, 0xAA69, 0x0000, 0x0000,
  0x0000, 0x0000, 0x0000, 0x0000, 0x0000, 0x0000, 0x0000, 0x0000, 0x0000, 0x0000, 0x0000, 0x0000,
  0x0000, 0x0000, 0x0000, 0x0000, 0x0000, 0x0000, 0x0000, 0x0000, 0x0000, 0x0000, 0x0000, 0x0000,
  0x0000, 0x0000, 0x0000, 0x0000, 0x0000, 0x0000, 0x0000, 0x0000, 0x0000, 0x0000, 0x0000, 0x0000,
  0x0000, 0x0000, 0x0000, 0x0000, 0x0000, 0x0000, 0x0000, 0x0000, 0x0000, 0x0000, 0x0000, 0x0000,
  0x0000, 0x0000, 0x0000, 0x0000, 0x0000, 0x0000, 0x0000, 0x0000, 0x0000, 0x0000, 0x0000, 0x0000,
  0x0000, 0x0000, 0x0000, 0x0000, 0x0000, 0x0000, 0x0000, 0x0000, 0x0000, 0x0000, 0x0000, 0x0000,
  0x0000, 0x0000, 0x0000, 0x0000, 0x0000, 0x0000, 0x0000, 0x0000, 0x0000, 0x0000, 0x0000, 0x0000,
  0x0000, 0x0000, 0x0000, 0x0000, 0x0000, 0x0000, 0x0000, 0x0000, 0x0000, 0x0000, 0x0000, 0x0000,
  0x0000, 0x0000, 0x0000, 0x0000, 0x0000, 0x0000, 0x0000, 0x0000, 0x0000, 0x0000, 0x0000, 0x0000,
  0x0000, 0x0000, 0x0000, 0x0000, 0x0000, 0x0000, 0x0000, 0x0000, 0x0000, 0x0000, 0x0000, 0x0000,
  0x0000, 0x0000, 0x0000, 0x0000, 0x0000, 0xD4DC, 0xD4DC, 0xD4DC, 0xD4DC, 0xD4DC, 0x0000, 0xD4DC,
  0xD4DC, 0x0000, 0x0000, 0x0000, 0x0000, 0x0000, 0x0000, 0x0000, 0x0000, 0x0000, 0x0000, 0x0000,
  0xD4DC, 0xD4DC, 0x0000, 0x0000, 0x0000, 0x0000, 0x0000, 0x0000, 0xD4DC, 0xD4DC, 0xD4DC, 0xD4DC,
  0xD4DC, 0xD4DC, 0xD4DC, 0xD4DC, 0xD4DC, 0xD4DC, 0xD4DC, 0xD4DC, 0xD4DC, 0xD4DC, 0xD4DC, 0xD4DC,
  0xD4DC, 0xABF6, 0xABF6, 0xD4DC, 0xD4DC, 0xD4DC, 0xD4DC, 0xD4DC, 0xD4DC, 0xD4DC, 0xD4DC, 0xD4DC,
  0xD4DC, 0xD4DC, 0xABF6, 0xABF6, 0xABF6, 0xD4DC, 0xD4DC, 0xD4DC, 0xD4DC, 0xD4DC, 0xD4DC, 0xD4DC,
  0xD4DC, 0xD4DC, 0xD4DC, 0xD4DC, 0xD4DC, 0xD4DC, 0xD4DC, 0xD4DC, 0xD4DC, 0x0000, 0xD4DC, 0xD4DC,
  0xD4DC, 0xD4DC, 0xD4DC, 0xD4DC, 0xD4DC, 0xD4DC, 0x0000, 0x0000, 0x0000, 0x0000, 0x0000, 0x0000,
  0x0000, 0x0000, 0x0000, 0x0000, 0x0000, 0x0000, 0x0000, 0x0000, 0x0000, 0x0000, 0x0000, 0x0000,
  0x0000, 0x0000, 0x0000, 0x0000, 0x0000, 0x0000, 0x0000, 0x0000, 0x0000, 0x0000, 0x0000, 0xF6B1,
  0xF6B1, 0xF6B1, 0xF6B1, 0xF6B1, 0xF6B1, 0xF6B1, 0xF6B1, 0xF6B1, 0xF6B1, 0xF6B1, 0xF6B1, 0xF6B1,
  0x0000, 0x0000, 0x0000, 0x0000, 0x0000, 0x0000, 0x0000, 0x0000, 0x0000, 0x0000, 0x0000, 0x0000,
  0x0000, 0x0000, 0x0000, 0x0000, 0x0000, 0x0000, 0x0000, 0x0000, 0xC36D, 0xC36D, 0xC36D, 0xC36D,
  0xC36D, 0xC36D, 0xC36D, 0xC36D, 0xC36D, 0xC36D, 0xC36D, 0xAA69, 0x0000, 0x0000, 0x0000, 0x0000,
  0x0000, 0x0000, 0x0000, 0x0000, 0x0000, 0x0000, 0x0000, 0x0000, 0x0000, 0x0000, 0x0000, 0x0000,
  0x0000, 0x0000, 0x0000, 0x0000, 0x0000, 0x0000, 0x0000, 0x0000, 0x0000, 0x0000, 0x0000, 0x0000,
  0x0000, 0x0000, 0x0000, 0x0000, 0x0000, 0x0000, 0x0000, 0x0000, 0x0000, 0x0000, 0x0000, 0x0000,
  0x0000, 0x0000, 0x0000, 0x0000, 0x0000, 0x0000, 0x0000, 0x0000, 0x0000, 0x0000, 0x0000, 0x0000,
  0x0000, 0x0000, 0x0000, 0x0000, 0x0000, 0xAD55, 0xAD55, 0xAD55, 0xAD55, 0xAD55, 0x0000, 0x0000,
  0x0000, 0x0000, 0x0000, 0x0000, 0x0000, 0x0000, 0x0000, 0x0000, 0x0000, 0x0000, 0x0000, 0x0000,
  0x0000, 0x0000, 0x0000, 0x0000, 0x0000, 0x0000, 0x0000, 0x0000, 0x0000, 0x0000, 0x0000, 0x0000,
  0x0000, 0x0000, 0x0000, 0x0000, 0x0000, 0x0000, 0x0000, 0x0000, 0x0000, 0x0000, 0x0000, 0x0000,
  0x0000, 0x0000, 0x0000, 0x0000, 0x0000, 0x0000, 0x0000, 0x0000, 0x0000, 0x0000, 0x0000, 0x0000,
  0x0000, 0x0000, 0x0000, 0x0000, 0x0000, 0x0000, 0x0000, 0x0000, 0x0000, 0x0000, 0x0000, 0x0000,
  0x0000, 0x0000, 0xD4DC, 0xD4DC, 0xD4DC, 0xD4DC, 0xD4DC, 0xD4DC, 0xD4DC, 0xD4DC, 0xD4DC, 0x0000,
  0x0000, 0x0000, 0x0000, 0x0000, 0x0000, 0x0000, 0x0000, 0x0000, 0x0000, 0xD4DC, 0xD4DC, 0xD4DC,
  0x0000, 0x0000, 0x0000, 0x0000, 0xD4DC, 0xD4DC, 0xD4DC, 0xD4DC, 0xD4DC, 0xD4DC, 0xD4DC, 0xD4DC,
  0xD4DC, 0xD4DC, 0xD4DC, 0xD4DC, 0xD4DC, 0x0000, 0x0000, 0x0000, 0x0000, 0xD4DC, 0xD4DC, 0xABF6,
  0xABF6, 0xD4DC, 0xD4DC, 0xD4DC, 0xD4DC, 0xD4DC, 0xD4DC, 0xD4DC, 0xD4DC, 0xD4DC, 0xD4DC, 0xD4DC,
  0xABF6, 0xABF6, 0xABF6, 0xD4DC, 0xD4DC, 0xD4DC, 0xD4DC, 0xD4DC, 0xD4DC, 0xD4DC, 0xD4DC, 0xD4DC,
  0xD4DC, 0xD4DC, 0xD4DC, 0xD4DC, 0xD4DC, 0xD4DC, 0xD4DC, 0xD4DC, 0xD4DC, 0xD4DC, 0xD4DC, 0xD4DC,
  0xD4DC, 0xD4DC, 0xD4DC, 0xD4DC, 0x0000, 0x0000, 0x0000, 0x0000, 0x0000, 0x0000, 0x0000, 0x0000,
  0x0000, 0x0000, 0x0000, 0x0000, 0x0000, 0x0000, 0x0000, 0x0000, 0x0000, 0x0000, 0x0000, 0x0000,
  0x0000, 0x0000, 0x0000, 0x0000, 0x0000, 0x0000, 0x0000, 0x0000, 0x0000, 0x0000, 0xF6B1, 0xF6B1,
  0xF6B1, 0xF6B1, 0xF6B1, 0xF6B1, 0xF6B1, 0xF6B1, 0xF6B1, 0xF6B1, 0xF6B1, 0x0000, 0x0000, 0x0000,
  0x0000, 0x0000, 0x0000, 0x0000, 0x0000, 0x0000, 0x0000, 0x0000, 0x0000, 0x0000, 0x0000, 0x0000,
  0x0000, 0x0000, 0x0000, 0x0000, 0x0000, 0x0000, 0xC36D, 0xC36D, 0xC36D, 0xC36D, 0xC36D, 0xC36D,
  0xC36D, 0xC36D, 0xC36D, 0xC36D, 0xAA69, 0xAA69, 0x0000, 0x0000, 0x0000, 0x0000, 0x0000, 0x0000,
  0x0000, 0x0000, 0x0000, 0x0000, 0x0000, 0x0000, 0x0000, 0x0000, 0x0000, 0x0000, 0x0000, 0x0000,
  0x0000, 0x0000, 0x0000, 0x0000, 0x0000, 0x0000, 0x0000, 0x0000, 0x0000, 0x0000, 0x0000, 0x0000,
  0x0000, 0x0000, 0x0000, 0x0000, 0x0000, 0x0000, 0x0000, 0x0000, 0x0000, 0x0000, 0x0000, 0x0000,
  0x0000, 0x0000, 0x0000, 0x0000, 0x0000, 0x0000, 0x0000, 0x0000, 0x0000, 0x0000, 0x0000, 0x0000,
  0x0000, 0x0000, 0xAD55, 0xD6BA, 0xD6BA, 0xD6BA, 0xD6BA, 0xD6BA, 0xAD55, 0x0000, 0x0000, 0x0000,
  0x0000, 0x0000, 0x0000, 0x0000, 0x0000, 0x0000, 0x0000, 0x0000, 0x0000, 0x0000, 0x0000, 0x0000,
  0x0000, 0x0000, 0x0000, 0xD61A, 0x0000, 0x0000, 0x0000, 0x0000, 0x0000, 0x0000, 0x0000, 0x0000,
  0x0000, 0x0000, 0x0000, 0x0000, 0x0000, 0x0000, 0x0000, 0x0000, 0x0000, 0x0000, 0x0000, 0x0000,
  0x0000, 0x0000, 0x0000, 0x0000, 0x0000, 0x0000, 0x0000, 0x0000, 0x0000, 0x0000, 0x0000, 0x0000,
  0x0000, 0x0000, 0x0000, 0x0000, 0x0000, 0x0000, 0x0000, 0x0000, 0x0000, 0x0000, 0x0000, 0xD4DC,
  0xD4DC, 0xD4DC, 0xD4DC, 0xD4DC, 0xD4DC, 0xD4DC, 0xD4DC, 0xD4DC, 0x0000, 0x0000, 0x0000, 0x0000,
  0x0000, 0x0000, 0x0000, 0x0000, 0x0000, 0x0000, 0xD4DC, 0xD4DC, 0xD4DC, 0xD4DC, 0x0000, 0x0000,
  0xD4DC, 0xD4DC, 0xD4DC, 0xD4DC, 0xD4DC, 0xD4DC, 0xD4DC, 0xD4DC, 0xD4DC, 0xD4DC, 0xD4DC, 0xD4DC,
  0xD4DC, 0xD4DC, 0xD4DC, 0x0000, 0x0000, 0x0000, 0x0000, 0x0000, 0xABF6, 0xABF6, 0xABF6, 0xD4DC,
  0xD4DC, 0xD4DC, 0xD4DC, 0xD4DC, 0xD4DC, 0xD4DC, 0xD4DC, 0xD4DC, 0xD4DC, 0xD4DC, 0xABF6, 0xABF6,
  0xABF6, 0xABF6, 0xD4DC, 0xD4DC, 0xD4DC, 0xD4DC, 0xD4DC, 0xD4DC, 0xD4DC, 0xD4DC, 0xD4DC, 0xD4DC,
  0xD4DC, 0xD4DC, 0xD4DC, 0xD4DC, 0xD4DC, 0xD4DC, 0xD4DC, 0xD4DC, 0xD4DC, 0xD4DC, 0xD4DC, 0xD4DC,
  0xD4DC, 0x0000, 0x0000, 0x0000, 0x0000, 0x0000, 0x0000, 0x0000, 0x0000, 0x0000, 0x0000, 0x0000,
  0x0000, 0x0000, 0x0000, 0x0000, 0x0000, 0x0000, 0x0000, 0x0000, 0x0000, 0x0000, 0x0000, 0x0000,
  0x0000, 0x0000, 0x0000, 0x0000, 0x0000, 0x0000, 0x0000, 0x0000, 0x0000, 0xF6B1, 0xF6B1, 0xF6B1,
  0xF6B1, 0xF6B1, 0xF6B1, 0xF6B1, 0xF6B1, 0xF6B1, 0x0000, 0x0000, 0x0000, 0x0000, 0x0000, 0x0000,
  0x0000, 0x0000, 0x0000, 0x0000, 0x0000, 0x0000, 0x0000, 0x0000, 0x0000, 0x0000, 0x0000, 0x0000,
  0x0000, 0x0000, 0x0000, 0x0000, 0xC36D, 0xC36D, 0xC36D, 0xC36D, 0xC36D, 0xC36D, 0xC36D, 0xC36D,
  0xC36D, 0xAA69, 0xAA69, 0xAA69, 0x0000, 0x0000, 0x0000, 0x0000, 0x0000, 0x0000, 0x0000, 0x0000,
  0x0000, 0x0000, 0x0000, 0x0000, 0x0000, 0x0000, 0x0000, 0x0000, 0x0000, 0x0000, 0x0000, 0x0000,
  0x0000, 0x0000, 0x0000, 0x0000, 0x0000, 0x0000, 0x0000, 0x0000, 0x0000, 0x0000, 0x0000, 0x0000,
  0x0000, 0x0000, 0x0000, 0x0000, 0x0000, 0x0000, 0x0000, 0x0000, 0x0000, 0x0000, 0x0000, 0x0000,
  0x0000, 0x0000, 0x0000, 0x0000, 0x0000, 0x0000, 0x0000, 0x0000, 0x0000, 0x0000, 0x0000, 0xAD55,
  0xD6BA, 0xD6BA, 0xD6BA, 0xAD14, 0xAD14, 0xD6BA, 0xD6BA, 0xAD55, 0x0000, 0x0000, 0x0000, 0x0000,
  0x0000, 0x0000, 0x0000, 0x0000, 0x0000, 0x0000, 0x0000, 0x0000, 0x0000, 0x0000, 0x0000, 0x0000,
  0x0000, 0x0000, 0x0000, 0x0000, 0x0000, 0x0000, 0x0000, 0x0000, 0x0000, 0x0000, 0x0000, 0x0000,
  0x0000, 0x0000, 0x0000, 0x0000, 0x0000, 0x0000, 0x0000, 0x0000, 0x0000, 0x0000, 0x0000, 0x0000,
  0x0000, 0x0000, 0x0000, 0x0000, 0x0000, 0x0000, 0x0000, 0x0000, 0x0000, 0x0000, 0x0000, 0x0000,
  0x0000, 0x0000, 0x0000, 0x0000, 0x0000, 0x0000, 0x0000, 0x0000, 0x0000, 0xD4DC, 0xD4DC, 0xD4DC,
  0xD4DC, 0xD4DC, 0xD4DC, 0xD4DC, 0xD4DC, 0x0000, 0x0000, 0x0000, 0x0000, 0x0000, 0x0000, 0x0000,
  0x0000, 0x0000, 0x0000, 0xD4DC, 0xD4DC, 0xD4DC, 0xD4DC, 0xD4DC, 0xD4DC, 0xD4DC, 0xD4DC, 0xD4DC,
  0xD4DC, 0xD4DC, 0xD4DC, 0xD4DC, 0xD4DC, 0xD4DC, 0xD4DC, 0xD4DC, 0xD4DC, 0xD4DC, 0xD4DC, 0xD4DC,
  0xD4DC, 0x0000, 0x0000, 0x0000, 0x0000, 0x0000, 0xABF6, 0xABF6, 0xABF6, 0xD4DC, 0xD4DC, 0xD4DC,
  0xD4DC, 0xD4DC, 0xD4DC, 0xD4DC, 0xD4DC, 0xD4DC, 0xD4DC, 0xD4DC, 0xABF6, 0xABF6, 0xABF6, 0xABF6,
  0xD4DC, 0xD4DC, 0xD4DC, 0xD4DC, 0xD4DC, 0xD4DC, 0xD4DC, 0xD4DC, 0xD4DC, 0xD4DC, 0xD4DC, 0xD4DC,
  0xD4DC, 0xD4DC, 0xD4DC, 0xD4DC, 0xD4DC, 0xD4DC, 0xD4DC, 0xD4DC, 0xD4DC, 0x0000, 0x0000, 0x0000,
  0x0000, 0x0000, 0x0000, 0x0000, 0x0000, 0x0000, 0x0000, 0x0000, 0x0000, 0x0000, 0x0000, 0x0000,
  0x0000, 0x0000, 0x0000, 0x0000, 0x0000, 0x0000, 0x0000, 0x0000, 0x0000, 0x0000, 0x0000, 0x0000,
  0x0000, 0x0000, 0x0000, 0x0000, 0x0000, 0x0000, 0x0000, 0x0000, 0x0000, 0x0000, 0x0000, 0x0000,
  0x0000, 0x0000, 0x0000, 0x0000, 0x0000, 0x0000, 0x0000, 0x0000, 0x0000, 0x0000, 0x0000, 0x0000,
  0x0000, 0x0000, 0x0000, 0x0000, 0x0000, 0x0000, 0x0000, 0x0000, 0x0000, 0x0000, 0x0000, 0x0000,
  0x0000, 0x0000, 0xC36D, 0xC36D, 0xC36D, 0xC36D, 0xC36D, 0xC36D, 0xC36D, 0xC36D, 0xAA69, 0xAA69,
  0xAA69, 0xAA69, 0x0000, 0x0000, 0x0000, 0x0000, 0x0000, 0x0000, 0x0000, 0x0000, 0x0000, 0x0000,
  0x0000, 0x0000, 0x0000, 0x0000, 0x0000, 0x0000, 0x0000, 0x0000, 0x0000, 0x0000, 0x0000, 0x0000,
  0x0000, 0x0000, 0x0000, 0x0000, 0x0000, 0x0000, 0x0000, 0x0000, 0x0000, 0x0000, 0x0000, 0x0000,
  0x0000, 0x0000, 0x0000, 0x0000, 0x0000, 0x0000, 0x0000, 0x0000, 0x0000, 0x0000, 0x0000, 0x0000,
  0x0000, 0x0000, 0x0000, 0x0000, 0x0000, 0x0000, 0x0000, 0x0000, 0x0000, 0xAD55, 0xD6BA, 0xD6BA,
  0xD6BA, 0xAD14, 0xAD14, 0xD6BA, 0xD6BA, 0xAD55, 0x0000, 0x0000, 0x0000, 0x0000, 0x0000, 0x0000,
  0x0000, 0x0000, 0x0000, 0x0000, 0x0000, 0x0000, 0x0000, 0x0000, 0x0000, 0x0000, 0x0000, 0x0000,
  0x0000, 0x0000, 0x0000, 0x0000, 0x0000, 0x0000, 0x0000, 0x0000, 0x0000, 0x0000, 0x0000, 0x0000,
  0x0000, 0x0000, 0x0000, 0x0000, 0x0000, 0x0000, 0x0000, 0x0000, 0x0000, 0x0000, 0x0000, 0x0000,
  0x0000, 0x0000, 0x0000, 0x0000, 0x0000, 0x0000, 0x0000, 0x0000, 0x0000, 0x0000, 0x0000, 0x0000,
  0x0000, 0x0000, 0x0000, 0x0000, 0x0000, 0x0000, 0xD4DC, 0xD4DC, 0xD4DC, 0xD4DC, 0xD4DC, 0xD4DC,
  0xD4DC, 0xD4DC, 0xD4DC, 0xD4DC, 0x0000, 0x0000, 0x0000, 0x0000, 0x0000, 0x0000, 0x0000, 0x0000,
  0xD4DC, 0xD4DC, 0xD4DC, 0xD4DC, 0xD4DC, 0xD4DC, 0xD4DC, 0xD4DC, 0xD4DC, 0xD4DC, 0xD4DC, 0xD4DC,
  0xD4DC, 0xD4DC, 0xD4DC, 0xD4DC, 0xD4DC, 0xD4DC, 0xD4DC, 0xD4DC, 0xD4DC, 0xD4DC, 0xD4DC, 0x0000,
  0x0000, 0x0000, 0x0000, 0x0000, 0xABF6, 0xABF6, 0xABF6, 0xD4DC, 0xD4DC, 0xD4DC, 0xD4DC, 0xD4DC,
  0xD4DC, 0xD4DC, 0xD4DC, 0xD4DC, 0xD4DC, 0xD4DC, 0xD4DC, 0xABF6, 0xABF6, 0xABF6, 0xD4DC, 0xD4DC,
  0xD4DC, 0xD4DC, 0x0000, 0x0000, 0xD4DC, 0xD4DC, 0xD4DC, 0xD4DC, 0xD4DC, 0xD4DC, 0xD4DC, 0xD4DC,
  0xD4DC, 0xD4DC, 0xD4DC, 0xD4DC, 0xD4DC, 0xD4DC, 0xD4DC, 0x0000, 0x0000, 0x0000, 0x0000, 0x0000,
  0x0000, 0x0000, 0x0000, 0x0000, 0x0000, 0x0000, 0x0000, 0x0000, 0x0000, 0x0000, 0x0000, 0x0000,
  0x0000, 0x0000, 0x0000, 0x0000, 0x0000, 0x0000, 0x0000, 0x0000, 0x0000, 0x0000, 0x0000, 0x0000,
  0x0000, 0x0000, 0x0000, 0x0000, 0x0000, 0x0000, 0x0000, 0x0000, 0x0000, 0x0000, 0x0000, 0x0000,
  0x0000, 0x0000, 0x0000, 0x0000, 0x0000, 0x0000, 0x0000, 0x0000, 0x0000, 0x0000, 0x0000, 0x0000,
  0x0000, 0x0000, 0x0000, 0x0000, 0x0000, 0x0000, 0x0000, 0x0000, 0x0000, 0x0000, 0x0000, 0x0000,
  0x0000, 0xC36D, 0xC36D, 0xC36D, 0xAA69, 0xAA69, 0xAA69, 0xAA69, 0xAA69, 0xAA69, 0xAA69, 0x0000,
  0x0000, 0x0000, 0x0000, 0x0000, 0x0000, 0x0000, 0x0000, 0x0000, 0x0000, 0x0000, 0x0000, 0x0000,
  0x0000, 0x0000, 0x0000, 0x0000, 0x0000, 0x0000, 0x0000, 0x0000, 0x0000, 0x0000, 0x0000, 0x0000,
  0x0000, 0x0000, 0x0000, 0x0000, 0x0000, 0x0000, 0x0000, 0x0000, 0x0000, 0x0000, 0x0000, 0x0000,
  0x0000, 0x0000, 0x0000, 0x0000, 0x0000, 0x0000, 0x0000, 0x0000, 0x0000, 0x0000, 0x0000, 0x0000,
  0x0000, 0x0000, 0x0000, 0x0000, 0x0000, 0x0000, 0x0000, 0xAD55, 0xD6BA, 0xD6BA, 0xD6BA, 0xD6BA,
  0xD6BA, 0xD6BA, 0xD6BA, 0xAD55, 0x0000, 0x0000, 0x0000, 0x0000, 0x0000, 0x0000, 0x0000, 0x0000,
  0x0000, 0x0000, 0x0000, 0x0000, 0x0000, 0x0000, 0x0000, 0x0000, 0x0000, 0x0000, 0x0000, 0x0000,
  0x0000, 0x0000, 0x0000, 0x0000, 0x0000, 0x0000, 0x0000, 0x0000, 0x0000, 0x0000, 0x0000, 0x0000,
  0x0000, 0x0000, 0x0000, 0x0000, 0x0000, 0x0000, 0x0000, 0x0000, 0x0000, 0x0000, 0x0000, 0x0000,
  0x0000, 0x0000, 0x0000, 0x0000, 0x0000, 0x0000, 0x0000, 0x0000, 0x0000, 0x0000, 0x0000, 0x0000,
  0x0000, 0x0000, 0x0000, 0xD4DC, 0xD4DC, 0xD4DC, 0xD4DC, 0xD4DC, 0xD4DC, 0xD4DC, 0xD4DC, 0xD4DC,
  0xD4DC, 0x0000, 0x0000, 0x0000, 0x0000, 0x0000, 0x0000, 0x0000, 0xD4DC, 0xD4DC, 0xD4DC, 0xD4DC,
  0xD4DC, 0xD4DC, 0xD4DC, 0xD4DC, 0xD4DC, 0xD4DC, 0xD4DC, 0xD4DC, 0xD4DC, 0xD4DC, 0xD4DC, 0xD4DC,
  0xD4DC, 0xD4DC, 0xD4DC, 0xD4DC, 0xD4DC, 0xD4DC, 0xD4DC, 0xD4DC, 0xD4DC, 0x0000, 0x0000, 0x0000,
  0x0000, 0x0000, 0xABF6, 0xABF6, 0xABF6, 0xD4DC, 0xD4DC, 0xD4DC, 0xD4DC, 0xD4DC, 0xD4DC, 0xD4DC,
  0xD4DC, 0xD4DC, 0xD4DC, 0xD4DC, 0xD4DC, 0xABF6, 0xABF6, 0xABF6, 0xD4DC, 0xD4DC, 0xD4DC, 0x0000,
  0x0000, 0x0000, 0x0000, 0x0000, 0xD4DC, 0xD4DC, 0xD4DC, 0xD4DC, 0xD4DC, 0xD4DC, 0xD4DC, 0xD4DC,
  0xD4DC, 0xD4DC, 0xD4DC, 0xD4DC, 0xD4DC, 0xD4DC, 0xD4DC, 0xD4DC, 0xD4DC, 0xD4DC, 0x0000, 0x0000,
  0x0000, 0x0000, 0x0000, 0x0000, 0x0000, 0x0000, 0x0000, 0x0000, 0x0000, 0x0000, 0x0000, 0x0000,
  0x0000, 0x0000, 0x0000, 0x0000, 0x0000, 0x0000, 0x0000, 0x0000, 0x0000, 0x0000, 0x0000, 0x0000,
  0x0000, 0x0000, 0x0000, 0x0000, 0x0000, 0x0000, 0x0000, 0x0000, 0x0000, 0x0000, 0x0000, 0x0000,
  0x0000, 0x0000, 0x0000, 0x0000, 0x0000, 0x0000, 0x0000, 0x0000, 0x0000, 0x0000, 0x0000, 0x0000,
  0x0000, 0x0000, 0x0000, 0x0000, 0x0000, 0x0000, 0x0000, 0x0000, 0x0000, 0x0000, 0x0000, 0x0000,
  0xAA69, 0xAA69, 0xAA69, 0xAA69, 0xAA69, 0xAA69, 0xAA69, 0xAA69, 0x0000, 0x0000, 0x0000, 0x0000,
  0x0000, 0x0000, 0x0000, 0x0000, 0x0000, 0x0000, 0x0000, 0x0000, 0x0000, 0x0000, 0x0000, 0x0000,
  0x0000, 0x0000, 0x0000, 0x0000, 0x0000, 0x0000, 0x0000, 0x0000, 0x0000, 0x0000, 0x0000, 0x0000,
  0x0000, 0xD61A, 0x0000, 0x0000, 0x0000, 0x0000, 0x0000, 0x0000, 0x0000, 0x0000, 0x0000, 0x0000,
  0x0000, 0x0000, 0x0000, 0x0000, 0x0000, 0x0000, 0x0000, 0x0000, 0x0000, 0x0000, 0x0000, 0x0000,
  0x0000, 0x0000, 0x0000, 0x0000, 0x0000, 0xAD55, 0xD6BA, 0xAD14, 0xAD14, 0xD6BA, 0xD6BA, 0xD6BA,
  0xD6BA, 0xAD55, 0x0000, 0x0000, 0x0000, 0x0000, 0x0000, 0x0000, 0x0000, 0x0000, 0x0000, 0x0000,
  0x0000, 0x0000, 0x0000, 0x0000, 0x0000, 0x0000, 0x0000, 0x0000, 0x0000, 0x0000, 0x0000, 0x0000,
  0x0000, 0x0000, 0x0000, 0x0000, 0x0000, 0x0000, 0x0000, 0x0000, 0x0000, 0x0000, 0x0000, 0x0000,
  0x0000, 0x0000, 0x0000, 0x0000, 0x0000, 0x0000, 0x0000, 0x0000, 0x0000, 0x0000, 0x0000, 0x0000,
  0x0000, 0x0000, 0x0000, 0x0000, 0x0000, 0x0000, 0x0000, 0x0000, 0x0000, 0x0000, 0x0000, 0xD4DC,
  0xD4DC, 0xD4DC, 0xD4DC, 0xD4DC, 0xD4DC, 0xD4DC, 0xD4DC, 0xD4DC, 0x0000, 0x0000, 0x0000, 0x0000,
  0x0000, 0x0000, 0x0000, 0x0000, 0x0000, 0xD4DC, 0xD4DC, 0xD4DC, 0xD4DC, 0xD4DC, 0xD4DC, 0xD4DC,
  0xD4DC, 0xD4DC, 0xD4DC, 0xD4DC, 0xD4DC, 0xD4DC, 0xD4DC, 0xD4DC, 0xD4DC, 0xD4DC, 0xD4DC, 0xD4DC,
  0xD4DC, 0xD4DC, 0xD4DC, 0xD4DC, 0xD4DC, 0xD4DC, 0xD4DC, 0x0000, 0x0000, 0x0000, 0x0000, 0x0000,
  0xABF6, 0xABF6, 0xABF6, 0xD4DC, 0xD4DC, 0xD4DC, 0xD4DC, 0xD4DC, 0xD4DC, 0xD4DC, 0xD4DC, 0xD4DC,
  0xD4DC, 0xD4DC, 0xD4DC, 0xABF6, 0xABF6, 0xABF6, 0xD4DC, 0xD4DC, 0xD4DC, 0x0000, 0x0000, 0x0000,
  0x0000, 0x0000, 0x0000, 0x0000, 0xD4DC, 0xD4DC, 0xD4DC, 0xD4DC, 0xD4DC, 0xD4DC, 0xD4DC, 0xD4DC,
  0xD4DC, 0xD4DC, 0xD4DC, 0xD4DC, 0xD4DC, 0xD4DC, 0xD4DC, 0xD4DC, 0xD4DC, 0x0000, 0x0000, 0x0000,
  0x0000, 0x0000, 0x0000, 0x0000, 0x0000, 0x0000, 0x0000, 0x0000, 0x0000, 0x0000, 0x0000, 0x0000,
  0x0000, 0x0000, 0x0000, 0x0000, 0x0000, 0x0000, 0x0000, 0x0000, 0x0000, 0x0000, 0x0000, 0x0000,
  0x0000, 0x0000, 0x0000, 0x0000, 0x0000, 0x0000, 0x0000, 0x0000, 0x0000, 0x0000, 0x0000, 0x0000,
  0x0000, 0x0000, 0x0000, 0x0000, 0x0000, 0x0000, 0x0000, 0x0000, 0x0000, 0x0000, 0x0000, 0x0000,
  0x0000, 0x0000, 0x0000, 0x0000, 0x0000, 0x0000, 0x0000, 0x0000, 0x0000, 0x0000, 0x0000, 0x0000,
  0x0000, 0x0000, 0x0000, 0x0000, 0x0000, 0x0000, 0x0000, 0x0000, 0x0000, 0x0000, 0x0000, 0x0000,
  0x0000, 0x0000, 0x0000, 0x0000, 0x0000, 0x0000, 0x0000, 0x0000, 0x0000, 0x0000, 0x0000, 0x0000,
  0x0000, 0x0000, 0x0000, 0x0000, 0x0000, 0x0000, 0x0000, 0x0000, 0x0000, 0x0000, 0x0000, 0x0000,
  0x0000, 0x0000, 0x0000, 0x0000, 0x0000, 0x0000, 0x0000, 0x0000, 0x0000, 0x0000, 0x0000, 0x0000,
  0x0000, 0x0000, 0x0000, 0x0000, 0x0000, 0x0000, 0x0000, 0x0000, 0x0000, 0x0000, 0x0000, 0x0000,
  0x0000, 0x0000, 0x0000, 0xAD55, 0xD6BA, 0xAD14, 0xAD14, 0xD6BA, 0xD6BA, 0xD6BA, 0xD6BA, 0xAD55,
  0x0000, 0x0000, 0x0000, 0x0000, 0x0000, 0x0000, 0x0000, 0x0000, 0x0000, 0x0000, 0x0000, 0x0000,
  0x0000, 0x0000, 0x0000, 0x0000, 0x0000, 0x0000, 0x0000, 0x0000, 0x0000, 0x0000, 0x0000, 0x0000,
  0x0000, 0x0000, 0x0000, 0x0000, 0x0000, 0x0000, 0x0000, 0x0000, 0x0000, 0x0000, 0x0000, 0x0000,
  0x0000, 0x0000, 0x0000, 0x0000, 0x0000, 0x0000, 0x0000, 0x0000, 0x0000, 0x0000, 0x0000, 0x0000,
  0x0000, 0x0000, 0x0000, 0x0000, 0x0000, 0x0000, 0x0000, 0xD4DC, 0xD4DC, 0xD4DC, 0xD4DC, 0xD4DC,
  0xD4DC, 0xD4DC, 0xD4DC, 0xD4DC, 0x0000, 0x0000, 0x0000, 0x0000, 0x0000, 0x0000, 0x0000, 0x0000,
  0x0000, 0x0000, 0xD4DC, 0xD4DC, 0xD4DC, 0xD4DC, 0xD4DC, 0xD4DC, 0xD4DC, 0xD4DC, 0xD4DC, 0xD4DC,
  0xD4DC, 0xD4DC, 0xD4DC, 0x0000, 0xD4DC, 0xD4DC, 0xD4DC, 0xD4DC, 0xD4DC, 0xD4DC, 0xD4DC, 0xD4DC,
  0xD4DC, 0xD4DC, 0xD4DC, 0xD4DC, 0xD4DC, 0x0000, 0x0000, 0x0000, 0x0000, 0x0000, 0xABF6, 0xABF6,
  0xABF6, 0xD4DC, 0xD4DC, 0xD4DC, 0xD4DC, 0xD4DC, 0xD4DC, 0xD4DC, 0xD4DC, 0xD4DC, 0xD4DC, 0xD4DC,
  0xD4DC, 0xABF6, 0xABF6, 0xD4DC, 0xD4DC, 0xD4DC, 0xD4DC, 0xD4DC, 0x0000, 0x0000, 0x0000, 0x0000,
  0x0000, 0x0000, 0x0000, 0x0000, 0x0000, 0xD4DC, 0xD4DC, 0xD4DC, 0xD4DC, 0xD4DC, 0xD4DC, 0xD4DC,
  0xD4DC, 0xD4DC, 0xD4DC, 0xD4DC, 0xD4DC, 0xD4DC, 0xD4DC, 0xD4DC, 0x0000, 0x0000, 0x0000, 0x0000,
  0x0000, 0x0000, 0x0000, 0x0000, 0x0000, 0x0000, 0x0000, 0x0000, 0x0000, 0x0000, 0x0000, 0x0000,
  0x0000, 0x0000, 0x0000, 0x0000, 0x0000, 0x0000, 0x0000, 0x0000, 0x0000, 0x0000, 0x0000, 0x0000,
  0x0000, 0x0000, 0x0000, 0x0000, 0x0000, 0x0000, 0x0000, 0x0000, 0x0000, 0x0000, 0x0000, 0x0000,
  0x0000, 0x0000, 0x0000, 0x0000, 0x0000, 0x0000, 0x0000, 0x0000, 0x0000, 0x0000, 0x0000, 0x0000,
  0x0000, 0x0000, 0x0000, 0x0000, 0x0000, 0x0000, 0x0000, 0x0000, 0x0000, 0x0000, 0x0000, 0x0000,
  0x0000, 0x0000, 0x0000, 0x0000, 0x0000, 0x0000, 0x0000, 0x0000, 0x0000, 0x0000, 0x0000, 0x0000,
  0x0000, 0x0000, 0x0000, 0x0000, 0x0000, 0x0000, 0x0000, 0x0000, 0x0000, 0x0000, 0x0000, 0x0000,
  0x0000, 0x0000, 0x0000, 0x0000, 0x0000, 0x0000, 0x0000, 0x0000, 0x0000, 0x0000, 0x0000, 0x0000,
  0x0000, 0x0000, 0x0000, 0x0000, 0x0000, 0x0000, 0x0000, 0x0000, 0x0000, 0x0000, 0x0000, 0x0000,
  0x0000, 0x0000, 0x0000, 0x0000, 0x0000, 0x0000, 0x0000, 0x0000, 0x0000, 0x0000, 0x0000, 0x0000,
  0x0000, 0x0000, 0xAD55, 0xD6BA, 0xD6BA, 0xD6BA, 0xD6BA, 0xD6BA, 0xAD55, 0x0000, 0x0000, 0x0000,
  0x0000, 0x0000, 0x0000, 0x0000, 0x0000, 0x0000, 0x0000, 0x0000, 0x0000, 0x0000, 0x0000, 0x0000,
  0x0000, 0x0000, 0x0000, 0x0000, 0x0000, 0x0000, 0x0000, 0x0000, 0x0000, 0x0000, 0x0000, 0x0000,
  0x0000, 0x0000, 0x0000, 0x0000, 0x0000, 0x0000, 0x0000, 0x0000, 0x0000, 0x0000, 0x0000, 0x0000,
  0x0000, 0x0000, 0x0000, 0x0000, 0x0000, 0x0000, 0x0000, 0x0000, 0x0000, 0x0000, 0x0000, 0x0000,
  0x0000, 0x0000, 0x0000, 0xD4DC, 0xD4DC, 0xD4DC, 0xD4DC, 0xD4DC, 0xD4DC, 0xD4DC, 0xD4DC, 0xD4DC,
  0xD4DC, 0xD4DC, 0xD4DC, 0x0000, 0x0000, 0x0000, 0x0000, 0x0000, 0x0000, 0x0000, 0x0000, 0xD4DC,
  0xD4DC, 0xD4DC, 0xD4DC, 0xD4DC, 0xD4DC, 0xD4DC, 0xD4DC, 0xD4DC, 0xD4DC, 0xD4DC, 0xD4DC, 0x0000,
  0x0000, 0xD4DC, 0xD4DC, 0xD4DC, 0xD4DC, 0xD4DC, 0xD4DC, 0xD4DC, 0xD4DC, 0xD4DC, 0xD4DC, 0xD4DC,
  0xD4DC, 0xD4DC, 0xD4DC, 0x0000, 0x0000, 0x0000, 0x0000, 0x0000, 0xABF6, 0xABF6, 0xABF6, 0xD4DC,
  0xD4DC, 0x0000, 0x0000, 0xD4DC, 0xD4DC, 0xD4DC, 0xD4DC, 0xD4DC, 0xD4DC, 0xD4DC, 0xD4DC, 0xD4DC,
  0xD4DC, 0xD4DC, 0xD4DC, 0xD4DC, 0xD4DC, 0xD4DC, 0xD4DC, 0xD4DC, 0x0000, 0x0000, 0x0000, 0x0000,
  0x0000, 0x0000, 0x0000, 0x0000, 0x0000, 0xD4DC, 0xD4DC, 0xD4DC, 0xD4DC, 0xD4DC, 0xD4DC, 0xD4DC,
  0xD4DC, 0xD4DC, 0xD4DC, 0xD4DC, 0xD4DC, 0xD4DC, 0xD4DC, 0xD4DC, 0x0000, 0x0000, 0x0000, 0x0000,
  0x0000, 0x0000, 0x0000, 0x0000, 0x0000, 0x0000, 0x0000, 0x0000, 0x0000, 0x0000, 0x0000, 0x0000,
  0x0000, 0x0000, 0x0000, 0x0000, 0x0000, 0x0000, 0x0000, 0x0000, 0x0000, 0x0000, 0x0000, 0x0000,
  0x0000, 0x0000, 0x0000, 0x0000, 0x0000, 0x0000, 0x0000, 0x0000, 0x0000, 0x0000, 0x0000, 0x0000,
  0x0000, 0x0000, 0x0000, 0x0000, 0x0000, 0x0000, 0x0000, 0x0000, 0x0000, 0x0000, 0x0000, 0x0000,
  0x0000, 0x0000, 0x0000, 0x0000, 0x0000, 0x0000, 0x0000, 0x0000, 0x0000, 0x0000, 0x0000, 0x0000,
  0x0000, 0x0000, 0x0000, 0x0000, 0x0000, 0x0000, 0x0000, 0x0000, 0x0000, 0x0000, 0x0000, 0x0000,
  0x0000, 0x0000, 0x0000, 0x0000, 0x0000, 0x0000, 0x0000, 0x0000, 0x0000, 0x0000, 0x0000, 0x0000,
  0x0000, 0x0000, 0x0000, 0x0000, 0x0000, 0x0000, 0x0000, 0x0000, 0x0000, 0x0000, 0x0000, 0x0000,
  0x0000, 0x0000, 0x0000, 0x0000, 0x0000, 0x0000, 0x0000, 0x0000, 0x0000, 0x0000, 0x0000, 0x0000,
  0x0000, 0x0000, 0x0000, 0x0000, 0x0000, 0x0000, 0x0000, 0x0000, 0x0000, 0x0000, 0x0000, 0x0000,
  0x0000, 0xAD55, 0xAD55, 0xAD55, 0xAD55, 0xAD55, 0x0000, 0x0000, 0x0000, 0x0000, 0x0000, 0x0000,
  0x0000, 0x0000, 0x0000, 0x0000, 0x0000, 0x0000, 0x0000, 0x0000, 0x0000, 0x0000, 0x0000, 0x0000,
  0x0000, 0x0000, 0x0000, 0x0000, 0x0000, 0x0000, 0x0000, 0x0000, 0x0000, 0x0000, 0x0000, 0x0000,
  0x0000, 0x0000, 0x0000, 0x0000, 0x0000, 0x0000, 0x0000, 0x0000, 0x0000, 0x0000, 0x0000, 0x0000,
  0x0000, 0x0000, 0x0000, 0x0000, 0x0000, 0x0000, 0x0000, 0x0000, 0x0000, 0x0000, 0x0000, 0xD4DC,
  0xD4DC, 0xD4DC, 0xD4DC, 0xD4DC, 0xD4DC, 0xD4DC, 0xD4DC, 0xD4DC, 0xD4DC, 0xD4DC, 0xD4DC, 0xD4DC,
  0xD4DC, 0x0000, 0x0000, 0x0000, 0x0000, 0x0000, 0x0000, 0x0000, 0xD4DC, 0xD4DC, 0xD4DC, 0xD4DC,
  0xD4DC, 0xD4DC, 0xD4DC, 0xD4DC, 0xD4DC, 0xD4DC, 0xD4DC, 0x0000, 0x0000, 0xD4DC, 0xD4DC, 0xD4DC,
  0xD4DC, 0xD4DC, 0xD4DC, 0xD4DC, 0xD4DC, 0xD4DC, 0xD4DC, 0xD4DC, 0xD4DC, 0xD4DC, 0xD4DC, 0xD4DC,
  0xD4DC, 0x0000, 0x0000, 0x0000, 0x0000, 0x0000, 0xABF6, 0xABF6, 0xABF6, 0xABF6, 0xD4DC, 0x0000,
  0x0000, 0x0000, 0xD4DC, 0xD4DC, 0xD4DC, 0xD4DC, 0xD4DC, 0xD4DC, 0xD4DC, 0xD4DC, 0xD4DC, 0xD4DC,
  0xD4DC, 0xD4DC, 0xD4DC, 0xD4DC, 0xD4DC, 0xD4DC, 0xD4DC, 0xD4DC, 0x0000, 0x0000, 0x0000, 0x0000,
  0x0000, 0x0000, 0x0000, 0x0000, 0xD4DC, 0xD4DC, 0xD4DC, 0xD4DC, 0xD4DC, 0xD4DC, 0xD4DC, 0xD4DC,
  0xD4DC, 0xD4DC, 0xD4DC, 0xD4DC, 0xD4DC, 0xD4DC, 0xD4DC, 0xD4DC, 0x0000, 0x0000, 0x0000, 0x0000,
  0x0000, 0x0000, 0x0000, 0x0000, 0x0000, 0x0000, 0x0000, 0x0000, 0x0000, 0x0000, 0x0000, 0x0000,
  0x0000, 0x0000, 0x0000, 0x0000, 0x0000, 0x0000, 0x0000, 0x0000, 0x0000, 0x0000, 0x0000, 0x0000,
  0x0000, 0x0000, 0x0000, 0x0000, 0x0000, 0x0000, 0x0000, 0x0000, 0x0000, 0x0000, 0x0000, 0x0000,
  0x0000, 0x0000, 0x0000, 0x0000, 0x0000, 0x0000, 0x0000, 0x0000, 0x0000, 0x0000, 0x0000, 0x0000,
  0x0000, 0x0000, 0x0000, 0x0000, 0x0000, 0x0000, 0x0000, 0x0000, 0x0000, 0x0000, 0x0000, 0x0000,
  0x0000, 0x0000, 0x0000, 0x0000, 0x0000, 0x0000, 0x0000, 0x0000, 0x0000, 0x0000, 0x0000, 0x0000,
  0x0000, 0x0000, 0x0000, 0x0000, 0x0000, 0x0000, 0x0000, 0x0000, 0x0000, 0x0000, 0x0000, 0x0000,
  0x0000, 0x0000, 0x0000, 0x0000, 0x0000, 0x0000, 0x0000, 0x0000, 0x0000, 0x0000, 0x0000, 0x0000,
  0x0000, 0x0000, 0x0000, 0x0000, 0x0000, 0x0000, 0x0000, 0x0000, 0x0000, 0x0000, 0x0000, 0x0000,
  0x0000, 0x0000, 0x0000, 0x0000, 0x0000, 0x0000, 0x0000, 0x0000, 0x0000, 0x0000, 0x0000, 0x0000,
  0x0000, 0x0000, 0x0000, 0x0000, 0x0000, 0x0000, 0x0000, 0x0000, 0x0000, 0x0000, 0x0000, 0x0000,
  0x0000, 0x0000, 0x0000, 0x0000, 0x0000, 0x0000, 0x0000, 0x0000, 0x0000, 0x0000, 0x0000, 0x0000,
  0x0000, 0x0000, 0x0000, 0x0000, 0x0000, 0x0000, 0x0000, 0x0000, 0x0000, 0x0000, 0x0000, 0x0000,
  0x0000, 0x0000, 0x0000, 0x0000, 0x0000, 0x0000, 0x0000, 0x0000, 0x0000, 0x0000, 0x0000, 0x0000,
  0x0000, 0x0000, 0x0000, 0x0000, 0x0000, 0x0000, 0x0000, 0xD4DC, 0xD4DC, 0xD4DC, 0xD4DC, 0xD4DC,
  0xD4DC, 0xD4DC, 0xD4DC, 0xD4DC, 0xD4DC, 0xD4DC, 0xD4DC, 0x0000, 0x0000, 0x0000, 0x0000, 0x0000,
  0x0000, 0x0000, 0x0000, 0x0000, 0xD4DC, 0xD4DC, 0xD4DC, 0xD4DC, 0xD4DC, 0xD4DC, 0xD4DC, 0xD4DC,
  0xD4DC, 0xD4DC, 0xD4DC, 0x0000, 0xD4DC, 0xD4DC, 0xD4DC, 0xD4DC, 0xD4DC, 0xD4DC, 0xD4DC, 0xD4DC,
  0xD4DC, 0xD4DC, 0xD4DC, 0xD4DC, 0xD4DC, 0xD4DC, 0xD4DC, 0xD4DC, 0xD4DC, 0xD4DC, 0xD4DC, 0x0000,
  0x0000, 0x0000, 0x0000, 0x0000, 0xABF6, 0xABF6, 0xABF6, 0xABF6, 0xD4DC, 0x0000, 0x0000, 0x0000,
  0xD4DC, 0xD4DC, 0xD4DC, 0xD4DC, 0xD4DC, 0xD4DC, 0xD4DC, 0xD4DC, 0xD4DC, 0xD4DC, 0xD4DC, 0xD4DC,
  0xD4DC, 0xD4DC, 0xD4DC, 0xD4DC, 0xD4DC, 0xD4DC, 0xD4DC, 0xD4DC, 0xD4DC, 0x0000, 0x0000, 0x0000,
  0x0000, 0x0000, 0xD4DC, 0xD4DC, 0xD4DC, 0xD4DC, 0xD4DC, 0xD4DC, 0xD4DC, 0xD4DC, 0xD4DC, 0xD4DC,
  0xD4DC, 0xD4DC, 0xD4DC, 0xD4DC, 0xD4DC, 0xD4DC, 0xD4DC, 0xD4DC, 0xD4DC, 0xD4DC, 0x0000, 0x0000,
  0x0000, 0x0000, 0x0000, 0x0000, 0x0000, 0x0000, 0x0000, 0x0000, 0x0000, 0x0000, 0x0000, 0x0000,
  0x0000, 0x0000, 0x0000, 0x0000, 0x0000, 0x0000, 0x0000, 0x0000, 0x0000, 0x0000, 0x0000, 0x0000,
  0x0000, 0x0000, 0x0000, 0x0000, 0x0000, 0x0000, 0x0000, 0x0000, 0x0000, 0x0000, 0x0000, 0x0000,
  0x0000, 0x0000, 0x0000, 0x0000, 0x0000, 0x0000, 0x0000, 0x0000, 0x0000, 0x0000, 0x0000, 0x0000,
  0x0000, 0x0000, 0x0000, 0x0000, 0x0000, 0x0000, 0x0000, 0x0000, 0x0000, 0x0000, 0x0000, 0x0000,
  0x0000, 0x0000, 0x0000, 0x0000, 0x0000, 0x0000, 0x0000, 0x0000, 0x0000, 0x0000, 0x0000, 0x0000,
  0x0000, 0x0000, 0x0000, 0x0000, 0x0000, 0x0000, 0x0000, 0x0000, 0x0000, 0x0000, 0x0000, 0x0000,
  0x0000, 0x0000, 0x0000, 0x0000, 0x0000, 0x0000, 0x0000, 0x0000, 0x0000, 0x0000, 0x0000, 0x0000,
  0x0000, 0x0000, 0x0000, 0x0000, 0x0000, 0x0000, 0x0000, 0x0000, 0x0000, 0x0000, 0x0000, 0x0000,
  0x0000, 0x0000, 0x0000, 0x0000, 0x0000, 0x0000, 0x0000, 0x0000, 0x0000, 0x0000, 0x0000, 0x0000,
  0x0000, 0x0000, 0x0000, 0x0000, 0x0000, 0x0000, 0x0000, 0x0000, 0x0000, 0x0000, 0x0000, 0x0000,
  0x0000, 0x0000, 0x0000, 0x0000, 0x0000, 0x0000, 0x0000, 0x0000, 0x0000, 0x0000, 0x0000, 0x0000,
  0x0000, 0x0000, 0x0000, 0x0000, 0x0000, 0x0000, 0x0000, 0x0000, 0x0000, 0x0000, 0x0000, 0x0000,
  0x0000, 0x0000, 0x0000, 0x0000, 0x0000, 0x0000, 0x0000, 0x0000, 0x0000, 0x0000, 0x0000, 0x0000,
  0x0000, 0x0000, 0xD4DC, 0xD4DC, 0xD4DC, 0xD4DC, 0xD4DC, 0xD4DC, 0xD4DC, 0xD4DC, 0xD4DC, 0xD4DC,
  0xD4DC, 0xD4DC, 0xD4DC, 0x0000, 0x0000, 0x0000, 0x0000, 0x0000, 0x0000, 0x0000, 0x0000, 0x0000,
  0xD4DC, 0xD4DC, 0xD4DC, 0xD4DC, 0xD4DC, 0xD4DC, 0xD4DC, 0xD4DC, 0xD4DC, 0xD4DC, 0xD4DC, 0x0000,
  0xD4DC, 0xD4DC, 0xD4DC, 0xD4DC, 0xD4DC, 0xD4DC, 0xD4DC, 0xD4DC, 0xD4DC, 0xD4DC, 0xD4DC, 0xD4DC,
  0xD4DC, 0xD4DC, 0xD4DC, 0xD4DC, 0xD4DC, 0xD4DC, 0xD4DC, 0xD4DC, 0x0000, 0x0000, 0x0000, 0x0000,
  0x0000, 0x0000, 0xABF6, 0xABF6, 0xABF6, 0xABF6, 0xD4DC, 0x0000, 0x0000, 0x0000, 0xD4DC, 0xD4DC,
  0xD4DC, 0xD4DC, 0xD4DC, 0xD4DC, 0xD4DC, 0xD4DC, 0xD4DC, 0xD4DC, 0xD4DC, 0xD4DC, 0xD4DC, 0xD4DC,
  0xD4DC, 0xD4DC, 0xD4DC, 0xD4DC, 0xD4DC, 0xD4DC, 0xD4DC, 0xD4DC, 0xD4DC, 0xD4DC, 0x0000, 0x0000,
  0xD4DC, 0xD4DC, 0xD4DC, 0xD4DC, 0xD4DC, 0xD4DC, 0xD4DC, 0xD4DC, 0xD4DC, 0xD4DC, 0xD4DC, 0xD4DC,
  0xD4DC, 0xD4DC, 0xD4DC, 0xD4DC, 0xD4DC, 0xD4DC, 0xD4DC, 0xD4DC, 0xD4DC, 0xD4DC, 0xD4DC, 0xD4DC,
  0x0000, 0x0000, 0x0000, 0x0000, 0x0000, 0x0000, 0x0000, 0x0000, 0x0000, 0x0000, 0x0000, 0x0000,
  0x0000, 0x0000, 0x0000, 0x0000, 0x0000, 0x0000, 0x0000, 0x0000, 0x0000, 0x0000, 0x0000, 0x0000,
  0x0000, 0x0000, 0x0000, 0x0000, 0x0000, 0x0000, 0x0000, 0x0000, 0x0000, 0x0000, 0x0000, 0x0000,
  0x0000, 0x0000, 0x0000, 0x0000, 0x0000, 0x0000, 0x0000, 0x0000, 0x0000, 0x0000, 0x0000, 0x0000,
  0x0000, 0x0000, 0x0000, 0x0000, 0x0000, 0x0000, 0x0000, 0x0000, 0x0000, 0x0000, 0x0000, 0x0000,
  0x0000, 0x0000, 0x0000, 0x0000, 0x0000, 0x0000, 0x0000, 0x0000, 0x0000, 0x0000, 0x0000, 0x0000,
  0x0000, 0x0000, 0x0000, 0x0000, 0x0000, 0x0000, 0x0000, 0x0000, 0x0000, 0x0000, 0x0000, 0x0000,
  0x0000, 0x0000, 0x0000, 0x0000, 0x0000, 0x0000, 0x0000, 0x0000, 0x0000, 0x0000, 0x0000, 0x0000,
  0x0000, 0x0000, 0x0000, 0xEEB4, 0x0000, 0x0000, 0x0000, 0x0000, 0x0000, 0x0000, 0x0000, 0x0000,
  0x0000, 0x0000, 0x0000, 0x0000, 0x0000, 0x0000, 0x0000, 0x0000, 0x0000, 0x0000, 0x0000, 0x0000,
  0x0000, 0x0000, 0x0000, 0x0000, 0x0000, 0x0000, 0x0000, 0x0000, 0x0000, 0x0000, 0x0000, 0x0000,
  0x0000, 0x0000, 0x0000, 0x0000, 0x0000, 0x0000, 0x0000, 0x0000, 0x0000, 0x0000, 0x0000, 0x0000,
  0x0000, 0x0000, 0x0000, 0x0000, 0x0000, 0x0000, 0x0000, 0x0000, 0x0000, 0x0000, 0x0000, 0x0000,
  0x0000, 0x0000, 0x0000, 0x0000, 0x0000, 0x0000, 0x0000, 0x0000, 0xD4DC, 0xD4DC, 0xD4DC, 0xD4DC,
  0xD4DC, 0xD4DC, 0xD4DC, 0xD4DC, 0xD4DC, 0xD4DC, 0xD4DC, 0xD4DC, 0xD4DC, 0xD4DC, 0xD4DC, 0x0000,
  0x0000, 0x0000, 0x0000, 0x0000, 0x0000, 0x0000, 0x0000, 0x0000, 0xD4DC, 0xD4DC, 0xD4DC, 0xD4DC,
  0xD4DC, 0xD4DC, 0xD4DC, 0xD4DC, 0xD4DC, 0xD4DC, 0xD4DC, 0x0000, 0xD4DC, 0xD4DC, 0xD4DC, 0xD4DC,
  0xD4DC, 0xD4DC, 0xD4DC, 0xD4DC, 0xD4DC, 0xD4DC, 0xD4DC, 0xD4DC, 0xD4DC, 0xD4DC, 0xD4DC, 0xD4DC,
  0xD4DC, 0xD4DC, 0xD4DC, 0xD4DC, 0xD4DC, 0xD4DC, 0x0000, 0x0000, 0x0000, 0x0000, 0x0000, 0xABF6,
  0xABF6, 0xABF6, 0xABF6, 0xABF6, 0xD4DC, 0x0000, 0x0000, 0x0000, 0x0000, 0xD4DC, 0xD4DC, 0xD4DC,
  0xD4DC, 0xD4DC, 0xD4DC, 0xD4DC, 0xD4DC, 0xD4DC, 0xD4DC, 0xD4DC, 0xD4DC, 0xD4DC, 0xD4DC, 0xD4DC,
  0xD4DC, 0xD4DC, 0xD4DC, 0xD4DC, 0xD4DC, 0xD4DC, 0xD4DC, 0xD4DC, 0xD4DC, 0xD4DC, 0xD4DC, 0xD4DC,
  0xD4DC, 0xD4DC, 0xD4DC, 0xD4DC, 0xD4DC, 0xD4DC, 0xD4DC, 0xD4DC, 0xD4DC, 0xD4DC, 0xD4DC, 0xD4DC,
  0xD4DC, 0xD4DC, 0xD4DC, 0xD4DC, 0xD4DC, 0xD4DC, 0x0000, 0x0000, 0xD4DC, 0xD4DC, 0xD4DC, 0xD4DC,
  0xD4DC, 0xD4DC, 0xD4DC, 0xD4DC, 0xD4DC, 0xD4DC, 0x0000, 0x0000, 0x0000, 0x0000, 0x0000, 0x0000,
  0x0000, 0x0000, 0x0000, 0x0000, 0x0000, 0x0000, 0x0000, 0x0000, 0x0000, 0x0000, 0x0000, 0x0000,
  0x0000, 0x0000, 0x0000, 0x0000, 0x0000, 0x0000, 0x0000, 0x0000, 0x0000, 0x0000, 0x0000, 0x0000,
  0x0000, 0x0000, 0x0000, 0x0000, 0x0000, 0x0000, 0x0000, 0x0000, 0x0000, 0x0000, 0x0000, 0x0000,
  0x0000, 0x0000, 0x0000, 0x0000, 0x0000, 0x0000, 0x0000, 0x0000, 0x0000, 0x0000, 0x0000, 0x0000,
  0x0000, 0x0000, 0x0000, 0x0000, 0x0000, 0x0000, 0xD61A, 0x0000, 0x0000, 0x0000, 0x0000, 0x0000,
  0x0000, 0x0000, 0x0000, 0x0000, 0x0000, 0x0000, 0x0000, 0x0000, 0x0000, 0x0000, 0x0000, 0x0000,
  0x0000, 0x0000, 0x0000, 0x0000, 0x0000, 0x0000, 0x0000, 0x0000, 0x0000, 0x0000, 0x0000, 0x0000,
  0x0000, 0x0000, 0x0000, 0x0000, 0x0000, 0x0000, 0x0000, 0x0000, 0x0000, 0x0000, 0x0000, 0x0000,
  0x0000, 0x0000, 0x0000, 0x0000, 0x0000, 0x0000, 0x0000, 0x0000, 0x0000, 0x0000, 0x0000, 0x0000,
  0x0000, 0x0000, 0x0000, 0x0000, 0x0000, 0x0000, 0x0000, 0x0000, 0x0000, 0x0000, 0x0000, 0x0000,
  0x0000, 0x0000, 0x0000, 0x0000, 0x0000, 0x0000, 0x0000, 0x0000, 0x0000, 0x0000, 0x0000, 0x0000,
  0x0000, 0x0000, 0x0000, 0x0000, 0x0000, 0x0000, 0x0000, 0x0000, 0x0000, 0x0000, 0x0000, 0x0000,
  0x0000, 0x0000, 0xD4DC, 0xD4DC, 0xD4DC, 0xD4DC, 0xD4DC, 0xD4DC, 0xD4DC, 0xD4DC, 0xD4DC, 0xD4DC,
  0xD4DC, 0xD4DC, 0xD4DC, 0xD4DC, 0xD4DC, 0xD4DC, 0xD4DC, 0xD4DC, 0x0000, 0x0000, 0x0000, 0x0000,
  0x0000, 0x0000, 0x0000, 0x0000, 0xD4DC, 0xD4DC, 0xD4DC, 0xD4DC, 0xD4DC, 0xD4DC, 0xD4DC, 0xD4DC,
  0xD4DC, 0xD4DC, 0xD4DC, 0xD4DC, 0xD4DC, 0xD4DC, 0xD4DC, 0xD4DC, 0xD4DC, 0xD4DC, 0xD4DC, 0xD4DC,
  0xD4DC, 0xD4DC, 0xD4DC, 0xD4DC, 0xD4DC, 0xD4DC, 0xD4DC, 0xD4DC, 0xD4DC, 0xD4DC, 0xD4DC, 0xD4DC,
  0xD4DC, 0xD4DC, 0xD4DC, 0x0000, 0x0000, 0x0000, 0x0000, 0x0000, 0x0000, 0xABF6, 0xABF6, 0xABF6,
  0xABF6, 0xABF6, 0xD4DC, 0xD4DC, 0x0000, 0x0000, 0x0000, 0xD4DC, 0xD4DC, 0xD4DC, 0xD4DC, 0xD4DC,
  0xD4DC, 0xD4DC, 0xD4DC, 0xD4DC, 0xD4DC, 0xD4DC, 0xD4DC, 0xD4DC, 0xD4DC, 0xD4DC, 0xD4DC, 0xD4DC,
  0xD4DC, 0xD4DC, 0xD4DC, 0xD4DC, 0xD4DC, 0xD4DC, 0xD4DC, 0xD4DC, 0xD4DC, 0xD4DC, 0xD4DC, 0xD4DC,
  0xD4DC, 0xD4DC, 0xD4DC, 0xD4DC, 0xD4DC, 0xD4DC, 0xD4DC, 0xD4DC, 0xD4DC, 0xD4DC, 0xD4DC, 0xD4DC,
  0xD4DC, 0xD4DC, 0xD4DC, 0xD4DC, 0xD4DC, 0xD4DC, 0xD4DC, 0xD4DC, 0xD4DC, 0xD4DC, 0xD4DC, 0xD4DC,
  0xD4DC, 0xD4DC, 0xD4DC, 0xD4DC, 0xD4DC, 0xD4DC, 0xD4DC, 0xD4DC, 0xD4DC, 0xD4DC, 0xD4DC, 0xD4DC,
  0xD4DC, 0xD4DC, 0xD4DC, 0xD4DC, 0x0000, 0x0000, 0x0000, 0x0000, 0x0000, 0x0000, 0x0000, 0x0000,
  0x0000, 0x0000, 0x0000, 0x0000, 0x0000, 0x0000, 0x0000, 0x0000, 0x0000, 0x0000, 0x0000, 0x0000,
  0x0000, 0x0000, 0x0000, 0x0000, 0x0000, 0xEEB4, 0x0000, 0x0000, 0x0000, 0x0000, 0x0000, 0x0000,
  0x0000, 0x0000, 0x0000, 0x0000, 0x0000, 0x0000, 0x0000, 0x0000, 0x0000, 0x0000, 0x0000, 0x0000,
  0x0000, 0x0000, 0x0000, 0x0000, 0x0000, 0x0000, 0x0000, 0x0000, 0x0000, 0x0000, 0x0000, 0x0000,
  0x0000, 0x0000, 0x0000, 0x0000, 0x0000, 0x0000, 0x0000, 0x0000, 0x0000, 0x0000, 0x0000, 0x0000,
  0x0000, 0x0000, 0x0000, 0x0000, 0x0000, 0x0000, 0x0000, 0x0000, 0x0000, 0x0000, 0x0000, 0x0000,
  0x0000, 0x0000, 0x0000, 0x0000, 0x0000, 0x0000, 0x0000, 0x0000, 0x0000, 0x0000, 0x0000, 0x0000,
  0x0000, 0x0000, 0x0000, 0x0000, 0x0000, 0x0000, 0x0000, 0x0000, 0x0000, 0x0000, 0x0000, 0x0000,
  0x0000, 0x0000, 0x0000, 0x0000, 0x0000, 0x0000, 0x0000, 0x0000, 0x0000, 0x0000, 0x0000, 0x0000,
  0x0000, 0x0000, 0x0000, 0x0000, 0x0000, 0x0000, 0x0000, 0x0000, 0x0000, 0x0000, 0x0000, 0x0000,
  0x0000, 0x0000, 0x0000, 0x0000, 0x0000, 0x0000, 0x0000, 0x0000, 0xD4DC, 0xD4DC, 0xD4DC, 0xD4DC,
  0xD4DC, 0xD4DC, 0xD4DC, 0xD4DC, 0xD4DC, 0xD4DC, 0xD4DC, 0xD4DC, 0xD4DC, 0xD4DC, 0xD4DC, 0xD4DC,
  0xD4DC, 0xD4DC, 0xD4DC, 0xD4DC, 0xD4DC, 0xD4DC, 0xD4DC, 0x0000, 0x0000, 0x0000, 0x0000, 0x0000,
  0xD4DC, 0xD4DC, 0xD4DC, 0xD4DC, 0xD4DC, 0xD4DC, 0xD4DC, 0xD4DC, 0xD4DC, 0xD4DC, 0xD4DC, 0xD4DC,
  0xD4DC, 0xD4DC, 0xD4DC, 0xD4DC, 0xD4DC, 0xD4DC, 0xD4DC, 0xD4DC, 0xD4DC, 0xD4DC, 0xD4DC, 0x0000,
  0x0000, 0x0000, 0xD4DC, 0xD4DC, 0xD4DC, 0xD4DC, 0xD4DC, 0xD4DC, 0xD4DC, 0xD4DC, 0xD4DC, 0xD4DC,
  0xD4DC, 0x0000, 0x0000, 0x0000, 0x0000, 0x0000, 0x0000, 0xABF6, 0xABF6, 0xABF6, 0xABF6, 0xABF6,
  0xD4DC, 0xD4DC, 0x0000, 0x0000, 0x0000, 0x0000, 0x0000, 0xD4DC, 0xD4DC, 0xD4DC, 0xD4DC, 0xD4DC,
  0xD4DC, 0xD4DC, 0xD4DC, 0xD4DC, 0xD4DC, 0xD4DC, 0xD4DC, 0xD4DC, 0xD4DC, 0xD4DC, 0xD4DC, 0xD4DC,
  0xD4DC, 0xD4DC, 0xD4DC, 0xD4DC, 0xD4DC, 0xD4DC, 0xD4DC, 0xD4DC, 0xD4DC, 0xD4DC, 0xD4DC, 0xD4DC,
  0xD4DC, 0xD4DC, 0xD4DC, 0xD4DC, 0xD4DC, 0xD4DC, 0xD4DC, 0xD4DC, 0xD4DC, 0xD4DC, 0xD4DC, 0xD4DC,
  0xD4DC, 0xD4DC, 0xD4DC, 0xD4DC, 0xD4DC, 0xD4DC, 0xD4DC, 0xD4DC, 0xD4DC, 0xD4DC, 0xD4DC, 0xD4DC,
  0xD4DC, 0x0000, 0x0000, 0xD4DC, 0xD4DC, 0xD4DC, 0xD4DC, 0xD4DC, 0xD4DC, 0xD4DC, 0xD4DC, 0xD4DC,
  0xD4DC, 0xD4DC, 0xD4DC, 0xD4DC, 0x0000, 0x0000, 0x0000, 0x0000, 0x0000, 0x0000, 0x0000, 0x0000,
  0x0000, 0x0000, 0x0000, 0x0000, 0x0000, 0x0000, 0x0000, 0x0000, 0x0000, 0x0000, 0x0000, 0x0000,
  0x0000, 0x0000, 0x0000, 0x0000, 0x0000, 0x0000, 0x0000, 0x0000, 0x0000, 0x0000, 0x0000, 0x0000,
  0x0000, 0x0000, 0x0000, 0x0000, 0x0000, 0x0000, 0x0000, 0x0000, 0x0000, 0x0000, 0x0000, 0x0000,
  0x0000, 0x0000, 0x0000, 0x0000, 0x0000, 0x0000, 0x0000, 0x0000, 0x0000, 0x0000, 0x0000, 0x0000,
  0x0000, 0x0000, 0x0000, 0x0000, 0x0000, 0x0000, 0x0000, 0x0000, 0x0000, 0x0000, 0x0000, 0x0000,
  0x0000, 0x0000, 0x0000, 0x0000, 0x0000, 0x0000, 0x0000, 0x0000, 0x0000, 0x0000, 0x0000, 0x0000,
  0x0000, 0x0000, 0x0000, 0x0000, 0x0000, 0x0000, 0x0000, 0x0000, 0x0000, 0x0000, 0x0000, 0x0000,
  0x0000, 0x0000, 0x0000, 0x0000, 0x0000, 0x0000, 0x0000, 0x0000, 0x0000, 0x0000, 0x0000, 0x0000,
  0x0000, 0x0000, 0x0000, 0x0000, 0x0000, 0x0000, 0x0000, 0x0000, 0x0000, 0x0000, 0x0000, 0x0000,
  0x0000, 0x0000, 0xD4DC, 0xD4DC, 0xD4DC, 0xD4DC, 0xD4DC, 0xD4DC, 0xD4DC, 0xD4DC, 0xD4DC, 0xD4DC,
  0xD4DC, 0xD4DC, 0xD4DC, 0xD4DC, 0xD4DC, 0xD4DC, 0xD4DC, 0xD4DC, 0xD4DC, 0xD4DC, 0xD4DC, 0xD4DC,
  0xD4DC, 0xD4DC, 0xD4DC, 0xD4DC, 0xD4DC, 0xD4DC, 0xD4DC, 0xD4DC, 0xD4DC, 0xD4DC, 0xD4DC, 0xD4DC,
  0xD4DC, 0xD4DC, 0xD4DC, 0xD4DC, 0xD4DC, 0x0000, 0x0000, 0x0000, 0x0000, 0xD4DC, 0xD4DC, 0xD4DC,
  0xD4DC, 0xD4DC, 0xD4DC, 0xD4DC, 0xD4DC, 0xD4DC, 0xD4DC, 0xD4DC, 0xD4DC, 0xD4DC, 0xD4DC, 0xD4DC,
  0xD4DC, 0xD4DC, 0xD4DC, 0xD4DC, 0xD4DC, 0xD4DC, 0xD4DC, 0x0000, 0x0000, 0xD4DC, 0xD4DC, 0xD4DC,
  0xD4DC, 0xD4DC, 0xD4DC, 0xD4DC, 0xD4DC, 0xD4DC, 0xD4DC, 0xD4DC, 0xD4DC, 0x0000, 0x0000, 0x0000,
  0x0000, 0x0000, 0x0000, 0x0000, 0xABF6, 0xABF6, 0xABF6, 0xABF6, 0xABF6, 0xABF6, 0xD4DC, 0xD4DC,
  0x0000, 0x0000, 0x0000, 0x0000, 0x0000, 0x0000, 0xD4DC, 0xD4DC, 0xD4DC, 0xD4DC, 0xD4DC, 0xD4DC,
  0xD4DC, 0xD4DC, 0xD4DC, 0xD4DC, 0xD4DC, 0xD4DC, 0xD4DC, 0xD4DC, 0xD4DC, 0xD4DC, 0xD4DC, 0xD4DC,
  0xD4DC, 0xD4DC, 0xD4DC, 0xD4DC, 0xD4DC, 0xD4DC, 0xD4DC, 0xD4DC, 0xD4DC, 0xD4DC, 0xD4DC, 0xD4DC,
  0xD4DC, 0xD4DC, 0xD4DC, 0xD4DC, 0xD4DC, 0xD4DC, 0xD4DC, 0xD4DC, 0xD4DC, 0xD4DC, 0xD4DC, 0xD4DC,
  0xD4DC, 0xD4DC, 0xD4DC, 0xD4DC, 0xD4DC, 0xD4DC, 0xD4DC, 0xD4DC, 0xD4DC, 0xD4DC, 0xD4DC, 0xD4DC,
  0x0000, 0x0000, 0x0000, 0x0000, 0x0000, 0x0000, 0x0000, 0xD4DC, 0xD4DC, 0xD4DC, 0xD4DC, 0xD4DC,
  0xD4DC, 0xD4DC, 0xD4DC, 0xD4DC, 0x0000, 0x0000, 0x0000, 0x0000, 0x0000, 0x0000, 0x0000, 0x0000,
  0x0000, 0x0000, 0x0000, 0x0000, 0x0000, 0x0000, 0x0000, 0x0000, 0x0000, 0x0000, 0x0000, 0x0000,
  0x0000, 0x0000, 0x0000, 0x0000, 0x0000, 0x0000, 0x0000, 0x0000, 0x0000, 0x0000, 0x0000, 0x0000,
  0x0000, 0x0000, 0x0000, 0x0000, 0x0000, 0x0000, 0x0000, 0x0000, 0x0000, 0x0000, 0x0000, 0x0000,
  0x0000, 0x0000, 0x0000, 0x0000, 0x0000, 0x0000, 0x0000, 0x0000, 0x0000, 0x0000, 0x0000, 0x0000,
  0x0000, 0x0000, 0x0000, 0x0000, 0x0000, 0x0000, 0x0000, 0x0000, 0x0000, 0x0000, 0x0000, 0x0000,
  0x0000, 0x0000, 0x0000, 0x0000, 0x0000, 0x0000, 0x0000, 0x0000, 0x0000, 0x0000, 0x0000, 0x0000,
  0x0000, 0x0000, 0x0000, 0x0000, 0x0000, 0x0000, 0x0000, 0x0000, 0x0000, 0x0000, 0x0000, 0x0000,
  0x0000, 0x0000, 0x0000, 0x0000, 0x0000, 0x0000, 0x0000, 0x0000, 0x0000, 0x0000, 0x0000, 0x0000,
  0x0000, 0x0000, 0x0000, 0x0000, 0x0000, 0x0000, 0x0000, 0x0000, 0x0000, 0x0000, 0xD4DC, 0xD4DC,
  0xD4DC, 0xD4DC, 0xD4DC, 0xD4DC, 0xD4DC, 0xD4DC, 0xD4DC, 0xD4DC, 0xD4DC, 0xD4DC, 0xD4DC, 0xD4DC,
  0xD4DC, 0xD4DC, 0xD4DC, 0xD4DC, 0xD4DC, 0xD4DC, 0xD4DC, 0xD4DC, 0xD4DC, 0xD4DC, 0xD4DC, 0xD4DC,
  0xD4DC, 0xD4DC, 0xD4DC, 0xD4DC, 0xD4DC, 0x0000, 0x0000, 0x0000, 0xD4DC, 0xD4DC, 0xD4DC, 0xD4DC,
  0xD4DC, 0xD4DC, 0xD4DC, 0xD4DC, 0xD4DC, 0xD4DC, 0xD4DC, 0xD4DC, 0xD4DC, 0xD4DC, 0xD4DC, 0xD4DC,
  0xD4DC, 0xD4DC, 0xD4DC, 0xD4DC, 0xD4DC, 0xD4DC, 0xD4DC, 0xD4DC, 0xD4DC, 0xD4DC, 0xD4DC, 0xD4DC,
  0xD4DC, 0xD4DC, 0xD4DC, 0x0000, 0x0000, 0xD4DC, 0xD4DC, 0xD4DC, 0xD4DC, 0xD4DC, 0xD4DC, 0xD4DC,
  0xD4DC, 0xD4DC, 0xD4DC, 0xD4DC, 0xD4DC, 0xD4DC, 0x0000, 0x0000, 0x0000, 0x0000, 0x0000, 0x0000,
  0x0000, 0x0000, 0xABF6, 0xABF6, 0xABF6, 0xABF6, 0xABF6, 0xABF6, 0xD4DC, 0xD4DC, 0xD4DC, 0x0000,
  0x0000, 0x0000, 0x0000, 0x0000, 0x0000, 0xD4DC, 0xD4DC, 0xD4DC, 0xD4DC, 0xD4DC, 0xD4DC, 0xD4DC,
  0xD4DC, 0xD4DC, 0xD4DC, 0xD4DC, 0xD4DC, 0xD4DC, 0xD4DC, 0xD4DC, 0xD4DC, 0xD4DC, 0xD4DC, 0xD4DC,
  0xD4DC, 0xD4DC, 0xD4DC, 0xD4DC, 0xD4DC, 0xD4DC, 0xD4DC, 0xD4DC, 0xD4DC, 0xD4DC, 0xD4DC, 0xD4DC,
  0xD4DC, 0xD4DC, 0xD4DC, 0xD4DC, 0xD4DC, 0xD4DC, 0xD4DC, 0xD4DC, 0xD4DC, 0xD4DC, 0xD4DC, 0xD4DC,
  0xD4DC, 0xD4DC, 0xD4DC, 0xD4DC, 0xD4DC, 0xD4DC, 0xD4DC, 0xD4DC, 0xD4DC, 0xD4DC, 0xD4DC, 0xD4DC,
  0xD4DC, 0x0000, 0xD4DC, 0xD4DC, 0xD4DC, 0xD4DC, 0xD4DC, 0xD4DC, 0xD4DC, 0xD4DC, 0xD4DC, 0xD4DC,
  0xD4DC, 0xD4DC, 0xD4DC, 0xD4DC, 0x0000, 0x0000, 0x0000, 0x0000, 0x0000, 0x0000, 0x0000, 0x0000,
  0x0000, 0x0000, 0x0000, 0x0000, 0x0000, 0x0000, 0x0000, 0x0000, 0x0000, 0x0000, 0x0000, 0x0000,
  0x0000, 0x0000, 0x0000, 0x0000, 0x0000, 0x0000, 0x0000, 0x0000, 0x0000, 0x0000, 0x0000, 0x0000,
  0x0000, 0x0000, 0x0000, 0x0000, 0x0000, 0x0000, 0x0000, 0x0000, 0x0000, 0x0000, 0x0000, 0x0000,
  0x0000, 0x0000, 0x0000, 0x0000, 0x0000, 0x0000, 0x0000, 0x0000, 0x0000, 0x0000, 0x0000, 0x0000,
  0x0000, 0x0000, 0x0000, 0x0000, 0x0000, 0x0000, 0x0000, 0x0000, 0x0000, 0x0000, 0x0000, 0x0000,
  0x0000, 0x0000, 0x0000, 0x0000, 0x0000, 0x0000, 0x0000, 0x0000, 0x0000, 0x0000, 0x0000, 0x0000,
  0x0000, 0x0000, 0x0000, 0x0000, 0x0000, 0x0000, 0x0000, 0x0000, 0x0000, 0x0000, 0x0000, 0x0000,
  0x0000, 0x0000, 0x0000, 0x0000, 0x0000, 0x0000, 0x0000, 0x0000, 0x0000, 0x0000, 0x0000, 0x0000,
  0x0000, 0x0000, 0x0000, 0x0000, 0x0000, 0xD4DC, 0xD4DC, 0xD4DC, 0xD4DC, 0xD4DC, 0xD4DC, 0xD4DC,
  0xD4DC, 0xD4DC, 0xD4DC, 0xD4DC, 0xD4DC, 0xD4DC, 0xD4DC, 0xD4DC, 0xD4DC, 0xD4DC, 0xD4DC, 0xD4DC,
  0xD4DC, 0xD4DC, 0xD4DC, 0xD4DC, 0xD4DC, 0xD4DC, 0xD4DC, 0xD4DC, 0xD4DC, 0xD4DC, 0xD4DC, 0xD4DC,
  0xD4DC, 0x0000, 0x0000, 0x0000, 0x0000, 0x0000, 0x0000, 0x0000, 0xD4DC, 0xD4DC, 0xD4DC, 0xD4DC,
  0xD4DC, 0xD4DC, 0xD4DC, 0xD4DC, 0xD4DC, 0xD4DC, 0xD4DC, 0xD4DC, 0xD4DC, 0xD4DC, 0xD4DC, 0xD4DC,
  0xD4DC, 0xD4DC, 0xD4DC, 0xD4DC, 0xD4DC, 0xD4DC, 0xD4DC, 0xD4DC, 0xD4DC, 0xD4DC, 0x0000, 0x0000,
  0xD4DC, 0xD4DC, 0xD4DC, 0xD4DC, 0xD4DC, 0xD4DC, 0xD4DC, 0xD4DC, 0xD4DC, 0xD4DC, 0xD4DC, 0xD4DC,
  0xD4DC, 0xD4DC, 0xD4DC, 0x0000, 0x0000, 0x0000, 0x0000, 0x0000, 0x0000, 0x0000, 0x0000, 0x0000,
  0xABF6, 0xABF6, 0xABF6, 0xABF6, 0xABF6, 0xABF6, 0xD4DC, 0xD4DC, 0xD4DC, 0x0000, 0x0000, 0x0000,
  0x0000, 0x0000, 0x0000, 0x0000, 0xD4DC, 0xD4DC, 0xD4DC, 0xD4DC, 0xD4DC, 0xD4DC, 0xD4DC, 0xD4DC,
  0xD4DC, 0xD4DC, 0xD4DC, 0xD4DC, 0xD4DC, 0xD4DC, 0xD4DC, 0xD4DC, 0xD4DC, 0xD4DC, 0xD4DC, 0xD4DC,
  0xD4DC, 0xD4DC, 0xD4DC, 0xD4DC, 0xD4DC, 0xD4DC, 0xD4DC, 0xD4DC, 0xD4DC, 0xD4DC, 0xD4DC, 0xD4DC,
  0xD4DC, 0xD4DC, 0xD4DC, 0xD4DC, 0xD4DC, 0xD4DC, 0xD4DC, 0xD4DC, 0xD4DC, 0xD4DC, 0xD4DC, 0xD4DC,
  0xD4DC, 0xD4DC, 0xD4DC, 0xD4DC, 0xD4DC, 0xD4DC, 0xD4DC, 0xD4DC, 0xD4DC, 0xD4DC, 0xD4DC, 0xD4DC,
  0xD4DC, 0xD4DC, 0xD4DC, 0xD4DC, 0xD4DC, 0xD4DC, 0xD4DC, 0xD4DC, 0xD4DC, 0xD4DC, 0xD4DC, 0xD4DC,
  0xD4DC, 0xD4DC, 0xD4DC, 0xD4DC, 0x0000, 0x0000, 0x0000, 0x0000, 0x0000, 0x0000, 0x0000, 0x0000,
  0x0000, 0x0000, 0x0000, 0x0000, 0x0000, 0x0000, 0x0000, 0x0000, 0x0000, 0x0000, 0x0000, 0x0000,
  0x0000, 0x0000, 0x0000, 0x0000, 0x0000, 0x0000, 0x0000, 0x0000, 0x0000, 0x0000, 0x0000, 0x0000,
  0x0000, 0x0000, 0x0000, 0x0000, 0x0000, 0x0000, 0x0000, 0x0000, 0x0000, 0x0000, 0x0000, 0x0000,
  0x0000, 0x0000, 0x0000, 0x0000, 0x0000, 0x0000, 0x0000, 0x0000, 0x0000, 0x0000, 0x0000, 0x0000,
  0x0000, 0x0000, 0x0000, 0x0000, 0x0000, 0x0000, 0x0000, 0x0000, 0x0000, 0x0000, 0x0000, 0x0000,
  0x0000, 0x0000, 0x0000, 0x0000, 0x0000, 0x0000, 0x0000, 0x0000, 0x0000, 0x0000, 0x0000, 0x0000,
  0x0000, 0x0000, 0x0000, 0x0000, 0x0000, 0x0000, 0x0000, 0x0000, 0x0000, 0x0000, 0x0000, 0x0000,
  0x0000, 0x0000, 0x0000, 0x0000, 0x0000, 0x0000, 0x0000, 0x0000, 0x0000, 0x0000, 0x0000, 0x0000,
  0x0000, 0xD4DC, 0xD4DC, 0xD4DC, 0xD4DC, 0xD4DC, 0xD4DC, 0xD4DC, 0xD4DC, 0xD4DC, 0xD4DC, 0xD4DC,
  0xABF6, 0xABF6, 0xABF6, 0xD4DC, 0xD4DC, 0xD4DC, 0xD4DC, 0xD4DC, 0xD4DC, 0xD4DC, 0xD4DC, 0xD4DC,
  0xD4DC, 0xD4DC, 0xD4DC, 0xD4DC, 0xD4DC, 0xD4DC, 0xD4DC, 0xD4DC, 0x0000, 0x0000, 0x0000, 0x0000,
  0x0000, 0x0000, 0x0000, 0xD4DC, 0xD4DC, 0xD4DC, 0xD4DC, 0xD4DC, 0xD4DC, 0xD4DC, 0xD4DC, 0xD4DC,
  0xD4DC, 0xD4DC, 0xD4DC, 0xD4DC, 0xD4DC, 0xD4DC, 0xD4DC, 0xD4DC, 0xD4DC, 0xD4DC, 0xD4DC, 0xD4DC,
  0xD4DC, 0xD4DC, 0xD4DC, 0xD4DC, 0xD4DC, 0xD4DC, 0x0000, 0xD4DC, 0xD4DC, 0xD4DC, 0xD4DC, 0xD4DC,
  0xD4DC, 0xD4DC, 0xD4DC, 0xD4DC, 0xD4DC, 0xD4DC, 0xD4DC, 0xD4DC, 0xD4DC, 0xD4DC, 0xD4DC, 0xD4DC,
  0x0000, 0x0000, 0x0000, 0x0000, 0x0000, 0x0000, 0x0000, 0x0000, 0x0000, 0x0000, 0xABF6, 0xABF6,
  0xABF6, 0xABF6, 0xABF6, 0xABF6, 0xABF6, 0xD4DC, 0xD4DC, 0xD4DC, 0x0000, 0x0000, 0x0000, 0x0000,
  0x0000, 0x0000, 0xD4DC, 0xD4DC, 0xD4DC, 0xD4DC, 0xD4DC, 0xD4DC, 0xD4DC, 0xD4DC, 0xD4DC, 0xD4DC,
  0xD4DC, 0xD4DC, 0xD4DC, 0xD4DC, 0xD4DC, 0xD4DC, 0xD4DC, 0xD4DC, 0xD4DC, 0xD4DC, 0xD4DC, 0x0000,
  0x0000, 0xD4DC, 0xD4DC, 0xD4DC, 0xD4DC, 0xD4DC, 0xD4DC, 0xD4DC, 0xD4DC, 0xD4DC, 0xD4DC, 0xD4DC,
  0xD4DC, 0xD4DC, 0xD4DC, 0xD4DC, 0xD4DC, 0xD4DC, 0xD4DC, 0xD4DC, 0xD4DC, 0xD4DC, 0xD4DC, 0xD4DC,
  0xD4DC, 0xD4DC, 0xD4DC, 0xD4DC, 0xD4DC, 0xD4DC, 0xD4DC, 0xD4DC, 0xD4DC, 0xD4DC, 0xD4DC, 0xD4DC,
  0xD4DC, 0xD4DC, 0xD4DC, 0xD4DC, 0xD4DC, 0xD4DC, 0xD4DC, 0xD4DC, 0xD4DC, 0xD4DC, 0xD4DC, 0xD4DC,
  0xD4DC, 0xD4DC, 0xD4DC, 0xD4DC, 0x0000, 0x0000, 0x0000, 0x0000, 0x0000, 0x0000, 0x0000, 0x0000,
  0x0000, 0x0000, 0x0000, 0x0000, 0x0000, 0x0000, 0x0000, 0x0000, 0x0000, 0x0000, 0x0000, 0x0000,
  0x0000, 0x0000, 0x0000, 0x0000, 0x0000, 0x0000, 0x0000, 0x0000, 0x0000, 0x0000, 0x0000, 0x0000,
  0x0000, 0x0000, 0x0000, 0x0000, 0x0000, 0x0000, 0x0000, 0x0000, 0x0000, 0x0000, 0x0000, 0x0000,
  0x0000, 0x0000, 0x0000, 0x0000, 0x0000, 0x0000, 0x0000, 0x0000, 0x0000, 0x0000, 0x0000, 0x0000,
  0x0000, 0x0000, 0x0000, 0x0000, 0x0000, 0x0000, 0x0000, 0x0000, 0x0000, 0x0000, 0x0000, 0x0000,
  0x0000, 0x0000, 0x0000, 0x0000, 0x0000, 0x0000, 0x0000, 0x0000, 0x0000, 0x0000, 0x0000, 0x0000,
  0x0000, 0x0000, 0x0000, 0x0000, 0x0000, 0x0000, 0x0000, 0x0000, 0x0000, 0x0000, 0x0000, 0x0000,
  0x0000, 0x0000, 0x0000, 0x0000, 0x0000, 0x0000, 0x0000, 0x0000, 0x0000, 0xD4DC, 0xD4DC, 0xD4DC,
  0xD4DC, 0xD4DC, 0xD4DC, 0xD4DC, 0xD4DC, 0xABF6, 0xABF6, 0xABF6, 0xABF6, 0xABF6, 0xABF6, 0xABF6,
  0xABF6, 0xD4DC, 0xD4DC, 0xABF6, 0xABF6, 0xABF6, 0xD4DC, 0xD4DC, 0xD4DC, 0xD4DC, 0xD4DC, 0xD4DC,
  0xD4DC, 0xD4DC, 0xD4DC, 0xD4DC, 0x0000, 0x0000, 0x0000, 0x0000, 0xD4DC, 0xD4DC, 0xD4DC, 0xD4DC,
  0xD4DC, 0xD4DC, 0xD4DC, 0xD4DC, 0xD4DC, 0xD4DC, 0xD4DC, 0xD4DC, 0xD4DC, 0xD4DC, 0xD4DC, 0xD4DC,
  0xD4DC, 0xD4DC, 0xD4DC, 0xD4DC, 0xD4DC, 0xD4DC, 0xD4DC, 0xD4DC, 0xD4DC, 0xD4DC, 0xD4DC, 0xD4DC,
  0xD4DC, 0xD4DC, 0xD4DC, 0xD4DC, 0xD4DC, 0xD4DC, 0xD4DC, 0xD4DC, 0xD4DC, 0xD4DC, 0xD4DC, 0xD4DC,
  0xD4DC, 0xD4DC, 0xD4DC, 0xD4DC, 0xD4DC, 0xD4DC, 0xD4DC, 0xD4DC, 0xD4DC, 0xD4DC, 0x0000, 0x0000,
  0x0000, 0x0000, 0x0000, 0x0000, 0x0000, 0x0000, 0x0000, 0xD4DC, 0xABF6, 0xABF6, 0xABF6, 0xABF6,
  0xABF6, 0xABF6, 0xABF6, 0xD4DC, 0xD4DC, 0xD4DC, 0xD4DC, 0x0000, 0x0000, 0x0000, 0x0000, 0x0000,
  0xD4DC, 0xD4DC, 0xD4DC, 0xD4DC, 0xD4DC, 0xD4DC, 0xD4DC, 0xD4DC, 0xD4DC, 0xD4DC, 0xD4DC, 0xD4DC,
  0xD4DC, 0xD4DC, 0xD4DC, 0xD4DC, 0xD4DC, 0xD4DC, 0xD4DC, 0xD4DC, 0xD4DC, 0x0000, 0x0000, 0x0000,
  0x0000, 0xD4DC, 0xD4DC, 0xD4DC, 0xD4DC, 0xD4DC, 0xD4DC, 0xD4DC, 0x0000, 0x0000, 0xD4DC, 0xD4DC,
  0xD4DC, 0xD4DC, 0xD4DC, 0xD4DC, 0xD4DC, 0xD4DC, 0xD4DC, 0xD4DC, 0xD4DC, 0xD4DC, 0xD4DC, 0xD4DC,
  0xD4DC, 0xD4DC, 0xD4DC, 0xD4DC, 0xD4DC, 0xD4DC, 0xD4DC, 0xD4DC, 0xD4DC, 0xD4DC, 0xD4DC, 0xD4DC,
  0xD4DC, 0xD4DC, 0xD4DC, 0xD4DC, 0xD4DC, 0xD4DC, 0xD4DC, 0xD4DC, 0xD4DC, 0xD4DC, 0xD4DC, 0xD4DC,
  0xD4DC, 0xD4DC, 0xD4DC, 0xD4DC, 0xD4DC, 0x0000, 0x0000, 0x0000, 0x0000, 0x0000, 0x0000, 0x0000,
  0x0000, 0x0000, 0x0000, 0x0000, 0x0000, 0x0000, 0x0000, 0x0000, 0x0000, 0x0000, 0x0000, 0x0000,
  0x0000, 0x0000, 0x0000, 0x0000, 0x0000, 0x0000, 0x0000, 0x0000, 0x0000, 0x0000, 0x0000, 0x0000,
  0x0000, 0x0000, 0x0000, 0x0000, 0x0000, 0x0000, 0x0000, 0x0000, 0x0000, 0x0000, 0x0000, 0x0000,
  0x0000, 0x0000, 0x0000, 0x0000, 0x0000, 0x0000, 0x0000, 0x0000, 0x0000, 0x0000, 0x0000, 0x0000,
  0x0000, 0x0000, 0x0000, 0x0000, 0x0000, 0x0000, 0x0000, 0x0000, 0x0000, 0x0000, 0x0000, 0x0000,
  0x0000, 0x0000, 0x0000, 0x0000, 0x0000, 0x0000, 0x0000, 0x0000, 0x0000, 0x0000, 0x0000, 0x0000,
  0x0000, 0x0000, 0x0000, 0x0000, 0x0000, 0x0000, 0x0000, 0x0000, 0x0000, 0x0000, 0x0000, 0x0000,
  0x0000, 0x0000, 0x0000, 0x0000, 0x0000, 0xD4DC, 0xD4DC, 0xD4DC, 0xD4DC, 0xD4DC, 0xD4DC, 0xD4DC,
  0xD4DC, 0xABF6, 0xABF6, 0xABF6, 0xABF6, 0xABF6, 0xABF6, 0xABF6, 0xABF6, 0xABF6, 0xABF6, 0xABF6,
  0xABF6, 0xABF6, 0xABF6, 0xABF6, 0xD4DC, 0xD4DC, 0xD4DC, 0xD4DC, 0xD4DC, 0xD4DC, 0xD4DC, 0x0000,
  0x0000, 0xD4DC, 0xD4DC, 0xD4DC, 0xD4DC, 0xD4DC, 0xD4DC, 0xD4DC, 0xD4DC, 0xD4DC, 0xD4DC, 0xD4DC,
  0xD4DC, 0xD4DC, 0xD4DC, 0xD4DC, 0xD4DC, 0xD4DC, 0xD4DC, 0xD4DC, 0xD4DC, 0xD4DC, 0xD4DC, 0xD4DC,
  0xD4DC, 0xD4DC, 0xD4DC, 0xD4DC, 0x0000, 0x0000, 0x0000, 0x0000, 0x0000, 0x0000, 0xD4DC, 0xD4DC,
  0xD4DC, 0xD4DC, 0xD4DC, 0xD4DC, 0xD4DC, 0xD4DC, 0xD4DC, 0xD4DC, 0xD4DC, 0xD4DC, 0xD4DC, 0xD4DC,
  0x0000, 0x0000, 0xD4DC, 0xD4DC, 0xD4DC, 0xD4DC, 0xD4DC, 0xD4DC, 0x0000, 0x0000, 0x0000, 0x0000,
  0x0000, 0x0000, 0x0000, 0x0000, 0x0000, 0xD4DC, 0xABF6, 0xABF6, 0xABF6, 0xABF6, 0xABF6, 0xABF6,
  0xABF6, 0xD4DC, 0xD4DC, 0xD4DC, 0xD4DC, 0xD4DC, 0xD4DC, 0x0000, 0x0000, 0xD4DC, 0xD4DC, 0xD4DC,
  0xD4DC, 0xD4DC, 0xD4DC, 0xD4DC, 0xD4DC, 0xD4DC, 0xD4DC, 0xD4DC, 0xD4DC, 0xD4DC, 0xD4DC, 0xD4DC,
  0xD4DC, 0xD4DC, 0xD4DC, 0xD4DC, 0xD4DC, 0xD4DC, 0xD4DC, 0xD4DC, 0x0000, 0x0000, 0x0000, 0x0000,
  0x0000, 0xD4DC, 0xD4DC, 0xD4DC, 0xD4DC, 0xD4DC, 0x0000, 0x0000, 0x0000, 0x0000, 0xD4DC, 0xD4DC,
  0xD4DC, 0xD4DC, 0xD4DC, 0xD4DC, 0xD4DC, 0xD4DC, 0xD4DC, 0xD4DC, 0xD4DC, 0xD4DC, 0xD4DC, 0xD4DC,
  0xD4DC, 0xD4DC, 0xD4DC, 0xD4DC, 0xD4DC, 0xD4DC, 0xD4DC, 0xD4DC, 0xD4DC, 0xD4DC, 0xD4DC, 0xD4DC,
  0xD4DC, 0xD4DC, 0xD4DC, 0xD4DC, 0xD4DC, 0xD4DC, 0xD4DC, 0xD4DC, 0xD4DC, 0xD4DC, 0xD4DC, 0xD4DC,
  0xD4DC, 0xD4DC, 0xD4DC, 0xD4DC, 0xD4DC, 0xD4DC, 0xD4DC, 0xD4DC, 0x0000, 0x0000, 0x0000, 0x0000,
  0x0000, 0x0000, 0x0000, 0x0000, 0x0000, 0x0000, 0x0000, 0x0000, 0x0000, 0x0000, 0x0000, 0x0000,
  0x0000, 0x0000, 0x0000, 0x0000, 0x0000, 0x0000, 0x0000, 0x0000, 0x0000, 0x0000, 0x0000, 0x0000,
  0x0000, 0x0000, 0x0000, 0x0000, 0x0000, 0x0000, 0x0000, 0x0000, 0x0000, 0x0000, 0x0000, 0x0000,
  0x0000, 0x0000, 0x0000, 0x0000, 0x0000, 0x0000, 0x0000, 0x0000, 0x0000, 0x0000, 0x0000, 0x0000,
  0x0000, 0x0000, 0x0000, 0x0000, 0x0000, 0x0000, 0x0000, 0x0000, 0x0000, 0x0000, 0x0000, 0x0000,
  0x0000, 0x0000, 0x0000, 0x0000, 0x0000, 0x0000, 0x0000, 0x0000, 0x0000, 0x0000, 0x0000, 0x0000,
  0x0000, 0x0000, 0x0000, 0x0000, 0x0000, 0x0000, 0x0000, 0x0000, 0x0000, 0x0000, 0x0000, 0xD4DC,
  0xD4DC, 0xD4DC, 0xD4DC, 0xD4DC, 0xD4DC, 0xD4DC, 0xD4DC, 0xD4DC, 0xD4DC, 0xD4DC, 0xABF6, 0xABF6,
  0xABF6, 0xABF6, 0xABF6, 0xABF6, 0xABF6, 0xABF6, 0xABF6, 0xABF6, 0xABF6, 0xABF6, 0xABF6, 0xABF6,
  0xABF6, 0xABF6, 0xABF6, 0xABF6, 0xD4DC, 0xD4DC, 0xD4DC, 0xD4DC, 0xD4DC, 0xD4DC, 0xD4DC, 0xD4DC,
  0xD4DC, 0xD4DC, 0xD4DC, 0xD4DC, 0xD4DC, 0xD4DC, 0xD4DC, 0xD4DC, 0xD4DC, 0xD4DC, 0xD4DC, 0xD4DC,
  0xD4DC, 0xD4DC, 0xD4DC, 0xD4DC, 0xD4DC, 0xD4DC, 0xD4DC, 0xD4DC, 0xD4DC, 0xD4DC, 0xD4DC, 0xD4DC,
  0x0000, 0x0000, 0x0000, 0x0000, 0x0000, 0x0000, 0x0000, 0xD4DC, 0xD4DC, 0xD4DC, 0xD4DC, 0xD4DC,
  0xD4DC, 0xD4DC, 0xD4DC, 0xD4DC, 0xD4DC, 0xD4DC, 0xD4DC, 0x0000, 0x0000, 0x0000, 0x0000, 0x0000,
  0x0000, 0xD4DC, 0xD4DC, 0xD4DC, 0xD4DC, 0xD4DC, 0xD4DC, 0xD4DC, 0xD4DC, 0x0000, 0x0000, 0x0000,
  0xD4DC, 0xD4DC, 0xD4DC, 0xABF6, 0xABF6, 0xABF6, 0xABF6, 0xABF6, 0xABF6, 0xABF6, 0xABF6, 0xD4DC,
  0xD4DC, 0xD4DC, 0xD4DC, 0xD4DC, 0xD4DC, 0xD4DC, 0xD4DC, 0xD4DC, 0xD4DC, 0xD4DC, 0xD4DC, 0xD4DC,
  0xD4DC, 0xD4DC, 0xD4DC, 0xD4DC, 0xD4DC, 0xD4DC, 0xD4DC, 0xD4DC, 0xD4DC, 0xD4DC, 0xD4DC, 0xD4DC,
  0xD4DC, 0xD4DC, 0xD4DC, 0xD4DC, 0xD4DC, 0xD4DC, 0xD4DC, 0x0000, 0x0000, 0x0000, 0x0000, 0x0000,
  0xD4DC, 0xD4DC, 0xD4DC, 0xD4DC, 0x0000, 0x0000, 0x0000, 0x0000, 0x0000, 0x0000, 0xD4DC, 0xD4DC,
  0xD4DC, 0xD4DC, 0xD4DC, 0xD4DC, 0xD4DC, 0xD4DC, 0xD4DC, 0xD4DC, 0xD4DC, 0xD4DC, 0xD4DC, 0xD4DC,
  0xD4DC, 0xD4DC, 0xD4DC, 0xD4DC, 0xD4DC, 0xD4DC, 0xD4DC, 0xD4DC, 0xD4DC, 0xD4DC, 0xD4DC, 0xD4DC,
  0xD4DC, 0xD4DC, 0xD4DC, 0xD4DC, 0xD4DC, 0xD4DC, 0xD4DC, 0xD4DC, 0xD4DC, 0xD4DC, 0xD4DC, 0xD4DC,
  0xD4DC, 0xD4DC, 0xD4DC, 0xD4DC, 0xD4DC, 0xD4DC, 0xD4DC, 0xD4DC, 0xD4DC, 0xD4DC, 0xD4DC, 0x0000,
  0x0000, 0x0000, 0x0000, 0x0000, 0x0000, 0x0000, 0x0000, 0x0000, 0x0000, 0x0000, 0x0000, 0x0000,
  0x0000, 0x0000, 0x0000, 0x0000, 0x0000, 0x0000, 0x0000, 0x0000, 0x0000, 0x0000, 0x0000, 0x0000,
  0x0000, 0x0000, 0x0000, 0x0000, 0x0000, 0x0000, 0x0000, 0x0000, 0x0000, 0x0000, 0x0000, 0x0000,
  0x0000, 0x0000, 0x0000, 0x0000, 0x0000, 0x0000, 0x0000, 0x0000, 0x0000, 0x0000, 0x0000, 0x0000,
  0x0000, 0x0000, 0x0000, 0x0000, 0x0000, 0x0000, 0x0000, 0x0000, 0x0000, 0x0000, 0x0000, 0x0000,
  0x0000, 0x0000, 0x0000, 0x0000, 0x0000, 0x0000, 0x0000, 0x0000, 0x0000, 0x0000, 0x0000, 0x0000,
  0x0000, 0x0000, 0x0000, 0x0000, 0xD4DC, 0xD4DC, 0xD4DC, 0xD4DC, 0xD4DC, 0xD4DC, 0xD4DC, 0xD4DC,
  0xD4DC, 0xD4DC, 0xD4DC, 0xD4DC, 0xD4DC, 0xD4DC, 0xABF6, 0xABF6, 0xABF6, 0xABF6, 0xABF6, 0xABF6,
  0xABF6, 0xABF6, 0xABF6, 0xABF6, 0xABF6, 0xABF6, 0xABF6, 0xABF6, 0xABF6, 0xABF6, 0xABF6, 0xABF6,
  0xABF6, 0xABF6, 0xD4DC, 0xD4DC, 0xD4DC, 0xD4DC, 0xD4DC, 0xD4DC, 0xD4DC, 0xD4DC, 0xD4DC, 0xD4DC,
  0xD4DC, 0xD4DC, 0xD4DC, 0xD4DC, 0xD4DC, 0xD4DC, 0xD4DC, 0xD4DC, 0xD4DC, 0xD4DC, 0xD4DC, 0xD4DC,
  0xD4DC, 0xD4DC, 0xD4DC, 0xD4DC, 0xD4DC, 0xD4DC, 0xD4DC, 0xD4DC, 0xD4DC, 0x0000, 0x0000, 0x0000,
  0x0000, 0x0000, 0x0000, 0x0000, 0xD4DC, 0xD4DC, 0xD4DC, 0xD4DC, 0xD4DC, 0xD4DC, 0xD4DC, 0xD4DC,
  0xD4DC, 0xD4DC, 0x0000, 0x0000, 0x0000, 0x0000, 0x0000, 0x0000, 0x0000, 0x0000, 0x0000, 0xD4DC,
  0xD4DC, 0xD4DC, 0xD4DC, 0xD4DC, 0xD4DC, 0xD4DC, 0xD4DC, 0xD4DC, 0xD4DC, 0xD4DC, 0xD4DC, 0xD4DC,
  0xD4DC, 0xABF6, 0xABF6, 0xABF6, 0xABF6, 0xABF6, 0xABF6, 0xABF6, 0xABF6, 0xABF6, 0xD4DC, 0xD4DC,
  0xD4DC, 0xD4DC, 0xD4DC, 0xD4DC, 0xD4DC, 0xD4DC, 0xD4DC, 0xD4DC, 0xD4DC, 0xD4DC, 0xD4DC, 0xD4DC,
  0xD4DC, 0xD4DC, 0xD4DC, 0xD4DC, 0xD4DC, 0xD4DC, 0xD4DC, 0xD4DC, 0xD4DC, 0xD4DC, 0xD4DC, 0xD4DC,
  0xD4DC, 0xD4DC, 0xD4DC, 0xD4DC, 0xD4DC, 0xD4DC, 0xD4DC, 0xD4DC, 0xD4DC, 0xD4DC, 0xD4DC, 0xD4DC,
  0xD4DC, 0xD4DC, 0x0000, 0x0000, 0x0000, 0x0000, 0x0000, 0x0000, 0x0000, 0x0000, 0x0000, 0x0000,
  0x0000, 0x0000, 0x0000, 0x0000, 0x0000, 0x0000, 0xD4DC, 0xD4DC, 0xD4DC, 0xD4DC, 0xD4DC, 0xD4DC,
  0xD4DC, 0xD4DC, 0xD4DC, 0xD4DC, 0xD4DC, 0xD4DC, 0xD4DC, 0xD4DC, 0xD4DC, 0xD4DC, 0xD4DC, 0xD4DC,
  0xD4DC, 0xD4DC, 0xD4DC, 0xD4DC, 0xD4DC, 0xD4DC, 0xD4DC, 0xD4DC, 0xD4DC, 0xD4DC, 0xD4DC, 0xD4DC,
  0xD4DC, 0xD4DC, 0xD4DC, 0xD4DC, 0xD4DC, 0xD4DC, 0xD4DC, 0xD4DC, 0xD4DC, 0xD4DC, 0xD4DC, 0xD4DC,
  0xD4DC, 0xD4DC, 0x0000, 0x0000, 0x0000, 0x0000, 0x0000, 0x0000, 0x0000, 0x0000, 0x0000, 0x0000,
  0x0000, 0x0000, 0x0000, 0x0000, 0x0000, 0x0000, 0x0000, 0x0000, 0x0000, 0x0000, 0x0000, 0x0000,
  0x0000, 0x0000, 0x0000, 0x0000, 0x0000, 0x0000, 0x0000, 0x0000, 0x0000, 0x0000, 0x0000, 0x0000,
  0x0000, 0x0000, 0x0000, 0x0000, 0x0000, 0x0000, 0x0000, 0x0000, 0x0000, 0x0000, 0x0000, 0x0000,
  0x0000, 0x0000, 0x0000, 0x0000, 0x0000, 0x0000, 0x0000, 0x0000, 0x0000, 0x0000, 0x0000, 0x0000,
  0x0000, 0x0000, 0x0000, 0x0000, 0x0000, 0x0000, 0x0000, 0x0000, 0x0000, 0xD4DC, 0xD4DC, 0xD4DC,
  0xD4DC, 0xD4DC, 0xD4DC, 0xD4DC, 0xD4DC, 0xD4DC, 0xD4DC, 0xD4DC, 0xD4DC, 0xD4DC, 0xD4DC, 0xD4DC,
  0xD4DC, 0xD4DC, 0xD4DC, 0xD4DC, 0xABF6, 0xABF6, 0xABF6, 0xABF6, 0xABF6, 0xABF6, 0xABF6, 0xABF6,
  0xABF6, 0xABF6, 0xABF6, 0xABF6, 0xABF6, 0xABF6, 0xABF6, 0xABF6, 0xABF6, 0xABF6, 0xABF6, 0xD4DC,
  0xD4DC, 0xD4DC, 0xD4DC, 0xD4DC, 0xD4DC, 0xD4DC, 0xD4DC, 0xD4DC, 0xD4DC, 0xD4DC, 0xD4DC, 0xD4DC,
  0xD4DC, 0xD4DC, 0xD4DC, 0xD4DC, 0xD4DC, 0xD4DC, 0xD4DC, 0xD4DC, 0xD4DC, 0xD4DC, 0xD4DC, 0xD4DC,
  0xD4DC, 0xD4DC, 0xD4DC, 0xD4DC, 0xD4DC, 0xD4DC, 0xD4DC, 0x0000, 0x0000, 0x0000, 0x0000, 0x0000,
  0xD4DC, 0xD4DC, 0xD4DC, 0xD4DC, 0xD4DC, 0xD4DC, 0xD4DC, 0xD4DC, 0xD4DC, 0x0000, 0x0000, 0x0000,
  0x0000, 0x0000, 0x0000, 0x0000, 0x0000, 0x0000, 0x0000, 0x0000, 0x0000, 0x0000, 0xD4DC, 0xD4DC,
  0xD4DC, 0xD4DC, 0xD4DC, 0xD4DC, 0xD4DC, 0xD4DC, 0xD4DC, 0xD4DC, 0xD4DC, 0xD4DC, 0xABF6, 0xABF6,
  0xABF6, 0xABF6, 0xABF6, 0xABF6, 0xABF6, 0xABF6, 0xABF6, 0xABF6, 0xABF6, 0xD4DC, 0xD4DC, 0xD4DC,
  0xD4DC, 0xD4DC, 0xD4DC, 0xD4DC, 0xD4DC, 0xD4DC, 0xD4DC, 0xD4DC, 0xD4DC, 0xD4DC, 0xD4DC, 0xD4DC,
  0xD4DC, 0xD4DC, 0xD4DC, 0xD4DC, 0xD4DC, 0xD4DC, 0xD4DC, 0xD4DC, 0xD4DC, 0xD4DC, 0xD4DC, 0xD4DC,
  0xD4DC, 0xD4DC, 0xD4DC, 0xD4DC, 0xD4DC, 0xD4DC, 0xD4DC, 0xD4DC, 0xD4DC, 0xD4DC, 0xD4DC, 0xD4DC,
  0xD4DC, 0xD4DC, 0x0000, 0x0000, 0x0000, 0x0000, 0x0000, 0x0000, 0x0000, 0x0000, 0x0000, 0x0000,
  0x0000, 0x0000, 0x0000, 0x0000, 0x0000, 0xD4DC, 0xD4DC, 0xD4DC, 0xD4DC, 0xD4DC, 0xD4DC, 0xD4DC,
  0xD4DC, 0xD4DC, 0xD4DC, 0xD4DC, 0xD4DC, 0xD4DC, 0xD4DC, 0xD4DC, 0xD4DC, 0xD4DC, 0xD4DC, 0xD4DC,
  0xD4DC, 0xD4DC, 0xD4DC, 0xD4DC, 0xD4DC, 0xD4DC, 0xD4DC, 0xD4DC, 0xD4DC, 0xD4DC, 0xD4DC, 0xD4DC,
  0xD4DC, 0xD4DC, 0xD4DC, 0xD4DC, 0xD4DC, 0xD4DC, 0xD4DC, 0xD4DC, 0xD4DC, 0xD4DC, 0xD4DC, 0xD4DC,
  0xD4DC, 0xD4DC, 0xD4DC, 0xD4DC, 0xD4DC, 0xD4DC, 0xD4DC, 0xD4DC, 0xD4DC, 0xD4DC, 0xD4DC, 0xD4DC,
  0xD4DC, 0xD4DC, 0xD4DC, 0xD4DC, 0xD4DC, 0xD4DC, 0xD4DC, 0xD4DC, 0xD4DC, 0xD4DC, 0xD4DC, 0xD4DC,
  0xD4DC, 0xD4DC, 0xD4DC, 0xD4DC, 0x0000, 0x0000, 0x0000, 0x0000, 0x0000, 0x0000, 0x0000, 0x0000,
  0x0000, 0x0000, 0x0000, 0x0000, 0x0000, 0x0000, 0x0000, 0x0000, 0x0000, 0x0000, 0x0000, 0x0000,
  0x0000, 0x0000, 0x0000, 0x0000, 0x0000, 0x0000, 0x0000, 0x0000, 0x0000, 0x0000, 0x0000, 0x0000,
  0x0000, 0x0000, 0xD4DC, 0xD4DC, 0xD4DC, 0xD4DC, 0xD4DC, 0xD4DC, 0xD4DC, 0xD4DC, 0xD4DC, 0xD4DC,
  0xD4DC, 0xD4DC, 0xD4DC, 0xD4DC, 0xD4DC, 0xD4DC, 0xD4DC, 0xD4DC, 0xD4DC, 0xD4DC, 0xD4DC, 0xD4DC,
  0xABF6, 0xABF6, 0xABF6, 0xABF6, 0xABF6, 0xABF6, 0xABF6, 0xABF6, 0xABF6, 0xABF6, 0xABF6, 0xABF6,
  0xABF6, 0xABF6, 0xABF6, 0xABF6, 0xABF6, 0xABF6, 0xABF6, 0xD4DC, 0xD4DC, 0xD4DC, 0xD4DC, 0xD4DC,
  0xD4DC, 0xD4DC, 0xD4DC, 0xD4DC, 0xD4DC, 0xD4DC, 0xD4DC, 0xD4DC, 0xD4DC, 0xD4DC, 0xD4DC, 0xD4DC,
  0xD4DC, 0xD4DC, 0xD4DC, 0xD4DC, 0xD4DC, 0xD4DC, 0xD4DC, 0xD4DC, 0xD4DC, 0xD4DC, 0xD4DC, 0xD4DC,
  0xD4DC, 0xD4DC, 0xD4DC, 0xD4DC, 0xD4DC, 0xD4DC, 0xD4DC, 0xD4DC, 0xD4DC, 0xD4DC, 0xD4DC, 0xD4DC,
  0xD4DC, 0xD4DC, 0xD4DC, 0xD4DC, 0x0000, 0x0000, 0x0000, 0x0000, 0x0000, 0x0000, 0x0000, 0x0000,
  0x0000, 0x0000, 0x0000, 0x0000, 0x0000, 0x0000, 0x0000, 0x0000, 0xD4DC, 0xD4DC, 0xD4DC, 0xD4DC,
  0xD4DC, 0xD4DC, 0xD4DC, 0xD4DC, 0xD4DC, 0xD4DC, 0xD4DC, 0xABF6, 0xABF6, 0xABF6, 0xABF6, 0xABF6,
  0xABF6, 0xABF6, 0xABF6, 0xABF6, 0xABF6, 0xABF6, 0xABF6, 0xABF6, 0xD4DC, 0xD4DC, 0xD4DC, 0xD4DC,
  0xD4DC, 0xD4DC, 0xD4DC, 0xD4DC, 0xD4DC, 0xD4DC, 0xD4DC, 0xD4DC, 0xD4DC, 0xD4DC, 0xD4DC, 0xD4DC,
  0xD4DC, 0xD4DC, 0xD4DC, 0xD4DC, 0xD4DC, 0xD4DC, 0xD4DC, 0xD4DC, 0xD4DC, 0xD4DC, 0xD4DC, 0xD4DC,
  0xD4DC, 0xD4DC, 0xD4DC, 0xD4DC, 0xD4DC, 0xD4DC, 0xD4DC, 0xD4DC, 0xD4DC, 0xD4DC, 0xD4DC, 0xD4DC,
  0xD4DC, 0xD4DC, 0xD4DC, 0xD4DC, 0x0000, 0x0000, 0x0000, 0x0000, 0x0000, 0x0000, 0x0000, 0x0000,
  0x0000, 0x0000, 0x0000, 0xD4DC, 0xD4DC, 0xD4DC, 0xD4DC, 0xD4DC, 0xD4DC, 0xD4DC, 0xD4DC, 0xD4DC,
  0xD4DC, 0xD4DC, 0xD4DC, 0xD4DC, 0xD4DC, 0xD4DC, 0x0000, 0x0000, 0xD4DC, 0xD4DC, 0xD4DC, 0xD4DC,
  0xD4DC, 0xD4DC, 0xD4DC, 0xD4DC, 0xD4DC, 0xD4DC, 0xD4DC, 0xD4DC, 0xD4DC, 0xD4DC, 0xD4DC, 0xD4DC,
  0xD4DC, 0xD4DC, 0xD4DC, 0xD4DC, 0xD4DC, 0xD4DC, 0xD4DC, 0xD4DC, 0xD4DC, 0xD4DC, 0xD4DC, 0xD4DC,
  0xD4DC, 0xD4DC, 0xD4DC, 0xD4DC, 0xD4DC, 0xD4DC, 0xD4DC, 0xD4DC, 0xD4DC, 0xD4DC, 0xD4DC, 0xD4DC,
  0xD4DC, 0xD4DC, 0xD4DC, 0xD4DC, 0xD4DC, 0xD4DC, 0xD4DC, 0xD4DC, 0xD4DC, 0xD4DC, 0xD4DC, 0xD4DC,
  0xD4DC, 0xD4DC, 0xD4DC, 0xD4DC, 0xD4DC, 0xD4DC, 0xD4DC, 0xD4DC, 0x0000, 0x0000, 0x0000, 0x0000,
  0x0000, 0x0000, 0x0000, 0x0000, 0x0000, 0x0000, 0x0000, 0x0000, 0x0000, 0x0000, 0x0000, 0xD4DC,
  0xD4DC, 0xD4DC, 0xD4DC, 0xD4DC, 0xD4DC, 0xD4DC, 0xD4DC, 0xD4DC, 0xD4DC, 0xD4DC, 0xD4DC, 0xD4DC,
  0xD4DC, 0xD4DC, 0xD4DC, 0xD4DC, 0xD4DC, 0xD4DC, 0xD4DC, 0xD4DC, 0xD4DC, 0xD4DC, 0xD4DC, 0xD4DC,
  0xD4DC, 0xD4DC, 0xD4DC, 0xD4DC, 0xD4DC, 0xD4DC, 0xD4DC, 0xD4DC, 0xABF6, 0xABF6, 0xABF6, 0xABF6,
  0xABF6, 0xABF6, 0xABF6, 0xABF6, 0xABF6, 0xABF6, 0xABF6, 0xABF6, 0xABF6, 0xABF6, 0xABF6, 0xABF6,
  0xABF6, 0xABF6, 0xABF6, 0xABF6, 0xABF6, 0xD4DC, 0xD4DC, 0xD4DC, 0xD4DC, 0xD4DC, 0xD4DC, 0xD4DC,
  0xD4DC, 0xD4DC, 0xD4DC, 0xD4DC, 0xD4DC, 0xD4DC, 0xD4DC, 0xD4DC, 0xD4DC, 0xD4DC, 0xD4DC, 0xD4DC,
  0xD4DC, 0xD4DC, 0xD4DC, 0xD4DC, 0xD4DC, 0xD4DC, 0xD4DC, 0xD4DC, 0xD4DC, 0xD4DC, 0xD4DC, 0xD4DC,
  0xD4DC, 0xD4DC, 0xD4DC, 0xD4DC, 0xD4DC, 0xD4DC, 0xD4DC, 0xD4DC, 0xD4DC, 0xD4DC, 0xD4DC, 0xD4DC,
  0x0000, 0x0000, 0x0000, 0x0000, 0x0000, 0x0000, 0x0000, 0x0000, 0x0000, 0x0000, 0x0000, 0x0000,
  0x0000, 0x0000, 0x0000, 0x0000, 0x0000, 0x0000, 0xD4DC, 0xD4DC, 0xD4DC, 0xD4DC, 0xD4DC, 0xD4DC,
  0xD4DC, 0xD4DC, 0xD4DC, 0xD4DC, 0xD4DC, 0xABF6, 0xABF6, 0xABF6, 0xABF6, 0xABF6, 0xABF6, 0xABF6,
  0xABF6, 0xABF6, 0xABF6, 0xABF6, 0xABF6, 0xABF6, 0xABF6, 0xD4DC, 0xD4DC, 0xD4DC, 0xD4DC, 0xD4DC,
  0xD4DC, 0xD4DC, 0xD4DC, 0xD4DC, 0xD4DC, 0xD4DC, 0xD4DC, 0xD4DC, 0xD4DC, 0xD4DC, 0xD4DC, 0xD4DC,
  0xD4DC, 0xD4DC, 0xD4DC, 0xD4DC, 0xD4DC, 0xD4DC, 0xD4DC, 0xD4DC, 0xD4DC, 0xD4DC, 0xD4DC, 0xD4DC,
  0xD4DC, 0xD4DC, 0xD4DC, 0xD4DC, 0xD4DC, 0xD4DC, 0xD4DC, 0xD4DC, 0xD4DC, 0xD4DC, 0xD4DC, 0xD4DC,
  0xD4DC, 0xD4DC, 0xD4DC, 0x0000, 0x0000, 0x0000, 0x0000, 0x0000, 0x0000, 0x0000, 0x0000, 0xD4DC,
  0xD4DC, 0xD4DC, 0xD4DC, 0xD4DC, 0xD4DC, 0xD4DC, 0xD4DC, 0xD4DC, 0xD4DC, 0xD4DC, 0xD4DC, 0xD4DC,
  0xD4DC, 0xD4DC, 0xD4DC, 0xD4DC, 0xD4DC, 0xD4DC, 0xD4DC, 0xD4DC, 0xD4DC, 0xD4DC, 0xD4DC, 0x0000,
  0x0000, 0x0000, 0x0000, 0x0000, 0x0000, 0xD4DC, 0xD4DC, 0xD4DC, 0xD4DC, 0xD4DC, 0xD4DC, 0xD4DC,
  0xD4DC, 0xD4DC, 0xD4DC, 0xD4DC, 0xABF6, 0xABF6, 0xABF6, 0xABF6, 0xABF6, 0xABF6, 0xD4DC, 0xD4DC,
  0xD4DC, 0xD4DC, 0xD4DC, 0xD4DC, 0xD4DC, 0xD4DC, 0xD4DC, 0xD4DC, 0xD4DC, 0xD4DC, 0xD4DC, 0xD4DC,
  0xD4DC, 0xD4DC, 0xD4DC, 0xD4DC, 0xD4DC, 0xD4DC, 0xD4DC, 0xD4DC, 0xD4DC, 0xD4DC, 0xD4DC, 0xD4DC,
  0xD4DC, 0xD4DC, 0xD4DC, 0xD4DC, 0xD4DC, 0xD4DC, 0xD4DC, 0xD4DC, 0xD4DC, 0xD4DC, 0xD4DC, 0xD4DC,
  0xD4DC, 0xD4DC, 0xD4DC, 0xD4DC, 0xD4DC, 0xD4DC, 0xD4DC, 0xD4DC, 0xD4DC, 0xD4DC, 0xD4DC, 0xD4DC,
  0xD4DC, 0xD4DC, 0xD4DC, 0xD4DC, 0xD4DC, 0xD4DC, 0xD4DC, 0xD4DC, 0xD4DC, 0xD4DC, 0xD4DC, 0xD4DC,
  0xD4DC, 0xD4DC, 0xD4DC, 0xD4DC, 0xD4DC, 0xD4DC, 0xD4DC, 0xD4DC, 0xD4DC, 0xD4DC, 0xD4DC, 0xD4DC,
  0xD4DC, 0xD4DC, 0xD4DC, 0xD4DC, 0xD4DC, 0xABF6, 0xABF6, 0xABF6, 0xABF6, 0xABF6, 0xABF6, 0xABF6,
  0xABF6, 0xABF6, 0xABF6, 0xABF6, 0xABF6, 0xABF6, 0xABF6, 0xABF6, 0xABF6, 0xABF6, 0xABF6, 0xABF6,
  0xABF6, 0xABF6, 0xD4DC, 0xD4DC, 0xD4DC, 0xD4DC, 0xD4DC, 0xD4DC, 0xD4DC, 0xD4DC, 0xD4DC, 0xD4DC,
  0x0000, 0x0000, 0x0000, 0xD4DC, 0xD4DC, 0xD4DC, 0xD4DC, 0xD4DC, 0xD4DC, 0xD4DC, 0xD4DC, 0xD4DC,
  0xD4DC, 0xD4DC, 0xD4DC, 0xD4DC, 0xD4DC, 0xD4DC, 0xD4DC, 0xD4DC, 0xD4DC, 0xD4DC, 0xD4DC, 0xD4DC,
  0xD4DC, 0xD4DC, 0xD4DC, 0xD4DC, 0xD4DC, 0xD4DC, 0xD4DC, 0x0000, 0x0000, 0x0000, 0x0000, 0x0000,
  0x0000, 0x0000, 0x0000, 0x0000, 0x0000, 0x0000, 0x0000, 0x0000, 0x0000, 0x0000, 0x0000, 0x0000,
  0x0000, 0x0000, 0x0000, 0x0000, 0xD4DC, 0xD4DC, 0xD4DC, 0xD4DC, 0xD4DC, 0xD4DC, 0xD4DC, 0xD4DC,
  0xD4DC, 0xABF6, 0xABF6, 0xABF6, 0xABF6, 0xABF6, 0xABF6, 0xABF6, 0xABF6, 0xABF6, 0xABF6, 0xABF6,
  0xABF6, 0xABF6, 0xABF6, 0xABF6, 0xABF6, 0xABF6, 0xABF6, 0xABF6, 0xABF6, 0xD4DC, 0xD4DC, 0xD4DC,
  0xD4DC, 0xD4DC, 0xD4DC, 0xD4DC, 0xD4DC, 0xD4DC, 0xD4DC, 0xD4DC, 0xD4DC, 0xD4DC, 0xD4DC, 0xD4DC,
  0xD4DC, 0xD4DC, 0xD4DC, 0xD4DC, 0xD4DC, 0xD4DC, 0xD4DC, 0xD4DC, 0xD4DC, 0xD4DC, 0xD4DC, 0xD4DC,
  0xD4DC, 0xD4DC, 0xD4DC, 0xD4DC, 0xD4DC, 0xD4DC, 0xD4DC, 0xD4DC, 0xD4DC, 0xD4DC, 0xD4DC, 0xD4DC,
  0xD4DC, 0xD4DC, 0xD4DC, 0xD4DC, 0xD4DC, 0xD4DC, 0xD4DC, 0xD4DC, 0xD4DC, 0xD4DC, 0xD4DC, 0xD4DC,
  0xD4DC, 0xD4DC, 0xD4DC, 0xD4DC, 0xD4DC, 0xD4DC, 0xD4DC, 0xD4DC, 0xD4DC, 0xD4DC, 0xD4DC, 0xD4DC,
  0xD4DC, 0xD4DC, 0xD4DC, 0xD4DC, 0xD4DC, 0xD4DC, 0xD4DC, 0x0000, 0x0000, 0x0000, 0x0000, 0x0000,
  0x0000, 0x0000, 0x0000, 0x0000, 0x0000, 0x0000, 0xD4DC, 0xD4DC, 0xD4DC, 0xD4DC, 0xD4DC, 0xD4DC,
  0xD4DC, 0xABF6, 0xABF6, 0xABF6, 0xABF6, 0xABF6, 0xABF6, 0xABF6, 0xABF6, 0xABF6, 0xABF6, 0xABF6,
  0xABF6, 0xD4DC, 0xD4DC, 0xD4DC, 0xD4DC, 0xD4DC, 0xD4DC, 0xD4DC, 0xD4DC, 0xD4DC, 0xD4DC, 0xD4DC,
  0xD4DC, 0xD4DC, 0xD4DC, 0xD4DC, 0xD4DC, 0xD4DC, 0xD4DC, 0xD4DC, 0xD4DC, 0xD4DC, 0xD4DC, 0xD4DC,
  0xD4DC, 0xD4DC, 0xD4DC, 0xD4DC, 0xD4DC, 0xD4DC, 0xD4DC, 0xD4DC, 0xD4DC, 0xD4DC, 0xD4DC, 0xD4DC,
  0xD4DC, 0xD4DC, 0xD4DC, 0xD4DC, 0xD4DC, 0xD4DC, 0xD4DC, 0xD4DC, 0xD4DC, 0xD4DC, 0xD4DC, 0xD4DC,
  0xD4DC, 0xD4DC, 0xD4DC, 0xD4DC, 0xD4DC, 0xD4DC, 0xD4DC, 0xD4DC, 0xD4DC, 0xD4DC, 0xD4DC, 0xD4DC,
  0xD4DC, 0xD4DC, 0xD4DC, 0xD4DC, 0xD4DC, 0xD4DC, 0xD4DC, 0xD4DC, 0xD4DC, 0xD4DC, 0xD4DC, 0xD4DC,
  0xD4DC, 0xABF6, 0xABF6, 0xABF6, 0xABF6, 0xABF6, 0xABF6, 0xABF6, 0xABF6, 0xABF6, 0xABF6, 0xABF6,
  0xABF6, 0xABF6, 0xABF6, 0xABF6, 0xABF6, 0xABF6, 0xABF6, 0xABF6, 0xABF6, 0xABF6, 0xD4DC, 0xD4DC,
  0xD4DC, 0xD4DC, 0xD4DC, 0xD4DC, 0xD4DC, 0xD4DC, 0x0000, 0x0000, 0x0000, 0x0000, 0xD4DC, 0xD4DC,
  0xD4DC, 0xD4DC, 0xD4DC, 0xD4DC, 0xD4DC, 0xD4DC, 0xD4DC, 0xD4DC, 0xD4DC, 0xD4DC, 0xD4DC, 0xD4DC,
  0xD4DC, 0xD4DC, 0xD4DC, 0xD4DC, 0xD4DC, 0xD4DC, 0xD4DC, 0xD4DC, 0xD4DC, 0xD4DC, 0xD4DC, 0xD4DC,
  0xD4DC, 0xD4DC, 0xD4DC, 0xD4DC, 0xD4DC, 0xD4DC, 0xD4DC, 0xD4DC, 0xD4DC, 0x0000, 0x0000, 0x0000,
  0x0000, 0x0000, 0x0000, 0x0000, 0x0000, 0x0000, 0x0000, 0x0000, 0x0000, 0x0000, 0x0000, 0x0000,
  0x0000, 0x0000, 0xD4DC, 0xD4DC, 0xD4DC, 0xD4DC, 0xD4DC, 0xD4DC, 0xD4DC, 0xD4DC, 0xABF6, 0xABF6,
  0xABF6, 0xABF6, 0xABF6, 0xABF6, 0xABF6, 0xABF6, 0xABF6, 0xABF6, 0xABF6, 0xABF6, 0xABF6, 0xABF6,
  0xABF6, 0xABF6, 0xABF6, 0xABF6, 0xABF6, 0xABF6, 0xABF6, 0xABF6, 0xABF6, 0xABF6, 0xABF6, 0xABF6,
  0xABF6, 0xABF6, 0xABF6, 0xABF6, 0xABF6, 0xABF6, 0xABF6, 0xABF6, 0xD4DC, 0xD4DC, 0xD4DC, 0xD4DC,
  0xD4DC, 0xD4DC, 0xD4DC, 0xD4DC, 0xD4DC, 0xD4DC, 0xD4DC, 0xD4DC, 0xD4DC, 0xD4DC, 0xD4DC, 0xD4DC,
  0xD4DC, 0xD4DC, 0xD4DC, 0xD4DC, 0xD4DC, 0xD4DC, 0xD4DC, 0xD4DC, 0xD4DC, 0xD4DC, 0xD4DC, 0xD4DC,
  0xD4DC, 0xD4DC, 0xD4DC, 0xD4DC, 0xD4DC, 0xD4DC, 0xD4DC, 0xD4DC, 0xD4DC, 0xD4DC, 0xD4DC, 0xD4DC,
  0xD4DC, 0xD4DC, 0xD4DC, 0xD4DC, 0xD4DC, 0xD4DC, 0xD4DC, 0xD4DC, 0xD4DC, 0xD4DC, 0xD4DC, 0xD4DC,
  0xD4DC, 0xD4DC, 0xD4DC, 0xD4DC, 0xD4DC, 0x0000, 0x0000, 0x0000, 0x0000, 0x0000, 0x0000, 0x0000,
  0x0000, 0x0000, 0x0000, 0x0000, 0x0000, 0xD4DC, 0xD4DC, 0xD4DC, 0xD4DC, 0xD4DC, 0xABF6, 0xABF6,
  0xABF6, 0xABF6, 0xABF6, 0xABF6, 0xABF6, 0xABF6, 0xABF6, 0xABF6, 0xABF6, 0xABF6, 0xABF6, 0xABF6,
  0xABF6, 0xABF6, 0xABF6, 0xABF6, 0xABF6, 0xABF6, 0xABF6, 0xABF6, 0xABF6, 0xABF6, 0xABF6, 0xABF6,
  0xABF6, 0xABF6, 0xABF6, 0xABF6, 0xABF6, 0xABF6, 0xABF6, 0xD4DC, 0xD4DC, 0xD4DC, 0xD4DC, 0xD4DC,
  0xD4DC, 0xD4DC, 0xD4DC, 0xD4DC, 0xD4DC, 0xD4DC, 0xD4DC, 0xD4DC, 0xD4DC, 0xD4DC, 0xD4DC, 0xD4DC,
  0xD4DC, 0xD4DC, 0xD4DC, 0xD4DC, 0xD4DC, 0xD4DC, 0xD4DC, 0xD4DC, 0xD4DC, 0xD4DC, 0xD4DC, 0xD4DC,
  0xD4DC, 0xD4DC, 0xD4DC, 0xD4DC, 0xD4DC, 0xD4DC, 0xD4DC, 0xD4DC, 0xD4DC, 0xD4DC, 0xD4DC, 0xD4DC,
  0xD4DC, 0xD4DC, 0xD4DC, 0xD4DC, 0xD4DC, 0xD4DC, 0xD4DC, 0xD4DC, 0xD4DC, 0xD4DC, 0xABF6, 0xABF6,
  0xABF6, 0xABF6, 0xABF6, 0xABF6, 0xABF6, 0xABF6, 0xABF6, 0xABF6, 0xABF6, 0xABF6, 0xABF6, 0xABF6,
  0xABF6, 0xABF6, 0xABF6, 0xABF6, 0xABF6, 0xD4DC, 0xD4DC, 0xD4DC, 0xD4DC, 0xD4DC, 0xD4DC, 0xD4DC,
  0xD4DC, 0xD4DC, 0xD4DC, 0xD4DC, 0xD4DC, 0xD4DC, 0xD4DC, 0xD4DC, 0xD4DC, 0xD4DC, 0xD4DC, 0xD4DC,
  0xD4DC, 0xD4DC, 0xD4DC, 0xD4DC, 0xD4DC, 0xD4DC, 0xD4DC, 0xD4DC, 0xD4DC, 0xD4DC, 0xD4DC, 0xD4DC,
  0xD4DC, 0xD4DC, 0xD4DC, 0xD4DC, 0xD4DC, 0xD4DC, 0xD4DC, 0xD4DC, 0xD4DC, 0xD4DC, 0xD4DC, 0xD4DC,
  0xD4DC, 0xD4DC, 0xD4DC, 0xD4DC, 0xD4DC, 0xD4DC, 0xD4DC, 0xD4DC, 0xD4DC, 0xD4DC, 0xD4DC, 0xD4DC,
  0xD4DC, 0x0000, 0x0000, 0x0000, 0x0000, 0x0000, 0x0000, 0x0000, 0xD4DC, 0xD4DC, 0xD4DC, 0xD4DC,
  0xD4DC, 0xD4DC, 0xD4DC, 0xD4DC, 0xABF6, 0xABF6, 0xABF6, 0xABF6, 0xABF6, 0xABF6, 0xABF6, 0xABF6,
  0xABF6, 0xABF6, 0xABF6, 0xABF6, 0xABF6, 0xABF6, 0xABF6, 0xABF6, 0xABF6, 0xABF6, 0xABF6, 0xABF6,
  0xABF6, 0xABF6, 0xABF6, 0xABF6, 0xABF6, 0xABF6, 0xABF6, 0xABF6, 0xABF6, 0xABF6, 0xABF6, 0xABF6,
  0xABF6, 0xABF6, 0xABF6, 0xABF6, 0xABF6, 0xABF6, 0xABF6, 0xABF6, 0xABF6, 0xABF6, 0xABF6, 0xABF6,
  0xD4DC, 0xD4DC, 0xD4DC, 0xD4DC, 0xD4DC, 0xD4DC, 0xD4DC, 0xD4DC, 0xD4DC, 0xD4DC, 0xD4DC, 0xD4DC,
  0xD4DC, 0xD4DC, 0xD4DC, 0xD4DC, 0xD4DC, 0xD4DC, 0xD4DC, 0xD4DC, 0xD4DC, 0xD4DC, 0xD4DC, 0xD4DC,
  0xD4DC, 0xD4DC, 0xD4DC, 0xD4DC, 0xD4DC, 0xD4DC, 0xD4DC, 0xD4DC, 0xD4DC, 0xD4DC, 0xD4DC, 0xD4DC,
  0xD4DC, 0xD4DC, 0xD4DC, 0xD4DC, 0xD4DC, 0xD4DC, 0xD4DC, 0xD4DC, 0xD4DC, 0xD4DC, 0xD4DC, 0xD4DC,
  0xD4DC, 0xD4DC, 0xD4DC, 0xD4DC, 0xD4DC, 0xD4DC, 0xD4DC, 0xD4DC, 0x0000, 0x0000, 0x0000, 0x0000,
  0x0000, 0xD4DC, 0xD4DC, 0xD4DC, 0xD4DC, 0xD4DC, 0xD4DC, 0xD4DC, 0xABF6, 0xABF6, 0xABF6, 0xABF6,
  0xABF6, 0xABF6, 0xABF6, 0xABF6, 0xABF6, 0xABF6, 0xABF6, 0xABF6, 0xABF6, 0xABF6, 0xABF6, 0xABF6,
  0xABF6, 0xABF6, 0xABF6, 0xABF6, 0xABF6, 0xABF6, 0xABF6, 0xABF6, 0xABF6, 0xABF6, 0xABF6, 0xABF6,
  0xABF6, 0xABF6, 0xABF6, 0xABF6, 0xABF6, 0xABF6, 0xABF6, 0xABF6, 0xABF6, 0xABF6, 0xABF6, 0xABF6,
  0xD4DC, 0xD4DC, 0xD4DC, 0xD4DC, 0xD4DC, 0xD4DC, 0xD4DC, 0xD4DC, 0xD4DC, 0xD4DC, 0xD4DC, 0xD4DC,
  0xD4DC, 0xD4DC, 0xD4DC, 0xD4DC, 0xD4DC, 0xD4DC, 0xD4DC, 0xD4DC, 0xD4DC, 0xD4DC, 0xD4DC, 0xD4DC,
  0xD4DC, 0xD4DC, 0xD4DC, 0xD4DC, 0xD4DC, 0xD4DC, 0xD4DC, 0xD4DC, 0xD4DC, 0xD4DC, 0xD4DC, 0xD4DC,
  0xD4DC, 0xD4DC, 0xD4DC, 0xD4DC, 0xD4DC, 0xD4DC, 0xD4DC, 0xD4DC, 0xABF6, 0xABF6, 0xABF6, 0xABF6,
  0xABF6, 0xABF6, 0xABF6, 0xABF6, 0xABF6, 0xABF6, 0xABF6, 0xABF6, 0xABF6, 0xABF6, 0xABF6, 0xABF6,
  0xABF6, 0xD4DC, 0xD4DC, 0xD4DC, 0xD4DC, 0xD4DC, 0xD4DC, 0xD4DC, 0xD4DC, 0xD4DC, 0xD4DC, 0xD4DC,
  0xD4DC, 0xD4DC, 0xD4DC, 0xD4DC, 0xD4DC, 0xD4DC, 0xD4DC, 0xD4DC, 0xD4DC, 0xD4DC, 0xD4DC, 0xD4DC,
  0xD4DC, 0xD4DC, 0xD4DC, 0xD4DC, 0xD4DC, 0xD4DC, 0xD4DC, 0xD4DC, 0xD4DC, 0xD4DC, 0xD4DC, 0xD4DC,
  0xD4DC, 0xD4DC, 0xD4DC, 0xD4DC, 0xD4DC, 0xD4DC, 0xD4DC, 0xD4DC, 0xD4DC, 0xD4DC, 0xD4DC, 0xD4DC,
  0xD4DC, 0xD4DC, 0xD4DC, 0xD4DC, 0xD4DC, 0xD4DC, 0xD4DC, 0xD4DC, 0xD4DC, 0xD4DC, 0xD4DC, 0xD4DC,
  0xD4DC, 0xD4DC, 0xD4DC, 0xD4DC, 0xD4DC, 0xD4DC, 0xD4DC, 0xD4DC, 0xD4DC, 0xD4DC, 0xD4DC, 0xABF6,
  0xABF6, 0xABF6, 0xABF6, 0xABF6, 0xABF6, 0xABF6, 0xABF6, 0xABF6, 0xABF6, 0xABF6, 0xABF6, 0xABF6,
  0xABF6, 0xABF6, 0xABF6, 0xABF6
};

// ice

const uint16_t bg_image_2[21584] PROGMEM = {
  0xC77D, 0xC77D, 0xC77D, 0xC77D, 0xC77D, 0xC77D, 0xC77D, 0xC77D, 0xC77D, 0xC77D, 0xC77D, 0xC77D,
  0xC77D, 0xC77D, 0xC77D, 0xC77D, 0xC77D, 0xC77D, 0xC77D, 0xC77D, 0xC77D, 0xC77D, 0xC77D, 0xC77D,
  0xC77D, 0xC77D, 0xC77D, 0xC77D, 0xC77D, 0xC77D, 0xC77D, 0xC77D, 0xC77D, 0xC77D, 0xC77D, 0xC77D,
  0xC77D, 0xC77D, 0xA79E, 0xA79E, 0xA79E, 0xA79E, 0xA79E, 0xA79E, 0xA79E, 0xA79E, 0xA79E, 0xA79E,
  0xA79E, 0xA79E, 0xA79E, 0xA79E, 0xA79E, 0xA79E, 0xA79E, 0xA79E, 0xA79E, 0xA79E, 0xA79E, 0xA79E,
  0xA79E, 0xA79E, 0xA79E, 0xA79E, 0xA79E, 0xA79E, 0xA79E, 0xA79E, 0xA79E, 0xA79E, 0xA79E, 0xA79E,
  0xA79E, 0xA79E, 0xA79E, 0xA79E, 0xA79E, 0xA79E, 0xA79E, 0xA79E, 0xA79E, 0xA79E, 0xA79E, 0xA79E,
  0xA79E, 0xA79E, 0xA79E, 0xA79E, 0xA79E, 0xA79E, 0xA79E, 0xA79E, 0xA79E, 0xA79E, 0xA79E, 0xA79E,
  0xA79E, 0xA79E, 0xA79E, 0xA79E, 0xA79E, 0xA79E, 0xA79E, 0xA79E, 0xA79E, 0xA79E, 0xA79E, 0xA79E,
  0xA79E, 0xA79E, 0xA79E, 0xA79E, 0xA79E, 0xA79E, 0xA79E, 0xA79E, 0xA79E, 0xA79E, 0xA79E, 0xA79E,
  0xA79E, 0xA79E, 0xA79E, 0xA79E, 0xA79E, 0xA79E, 0xA79E, 0xA79E, 0xA79E, 0xA79E, 0xA79E, 0xA79E,
  0xA79E, 0xA79E, 0xA79E, 0xA79E, 0xA79E, 0xA79E, 0xA79E, 0xA79E, 0xA79E, 0xA79E, 0xA79E, 0xA79E,
  0xA79E, 0xA79E, 0xA79E, 0xA79E, 0xA79E, 0xA79E, 0xA79E, 0xA79E, 0xA79E, 0xA79E, 0xA79E, 0xA79E,
  0xA79E, 0xA79E, 0xA79E, 0xA79E, 0xA79E, 0xA79E, 0xA79E, 0xA79E, 0xA79E, 0xA79E, 0xA79E, 0xA79E,
  0xA79E, 0xA79E, 0xA79E, 0xA79E, 0xA79E, 0xA79E, 0xA79E, 0xA79E, 0xA79E, 0xA79E, 0xA79E, 0xA79E,
  0xA79E, 0xA79E, 0xA79E, 0xA79E, 0xA79E, 0xA79E, 0xA79E, 0xA79E, 0xA79E, 0xA79E, 0xA79E, 0xA79E,
  0xA79E, 0xA79E, 0xA79E, 0xA79E, 0xA79E, 0xA79E, 0xA79E, 0xA79E, 0xA79E, 0xA79E, 0xA79E, 0xA79E,
  0xA79E, 0xA79E, 0xA79E, 0xA79E, 0xA79E, 0xA79E, 0xA79E, 0xA79E, 0xA79E, 0xA79E, 0xA79E, 0xA79E,
  0xA79E, 0xA79E, 0xA79E, 0xA79E, 0xA79E, 0xA79E, 0xA79E, 0xA79E, 0xA79E, 0xA79E, 0xA79E, 0xA79E,
  0xA79E, 0xA79E, 0xA79E, 0xA79E, 0xA79E, 0xA79E, 0xA79E, 0xA79E, 0xA79E, 0xA79E, 0xA79E, 0xA79E,
  0xA79E, 0xA79E, 0xA79E, 0xA79E, 0xA79E, 0xA79E, 0xA79E, 0xA79E, 0xA79E, 0xA79E, 0xA79E, 0xA79E,
  0xA79E, 0xA79E, 0xA79E, 0xA79E, 0xA79E, 0xA79E, 0xA79E, 0xA79E, 0xA79E, 0xA79E, 0xA79E, 0xA79E,
  0xA79E, 0xA79E, 0xA79E, 0xA79E, 0xA79E, 0xA79E, 0xA79E, 0xA79E, 0xA79E, 0xA79E, 0xA79E, 0xA79E,
  0xA79E, 0xA79E, 0xA79E, 0xA79E, 0xA79E, 0xA79E, 0xA79E, 0xA79E, 0xA79E, 0xA79E, 0xC77D, 0xC77D,
  0xC77D, 0xC77D, 0xC77D, 0xC77D, 0xC77D, 0xC77D, 0xC77D, 0xC77D, 0xC77D, 0xC77D, 0xC77D, 0xC77D,
  0xC77D, 0xC77D, 0xC77D, 0xC77D, 0xC77D, 0xC77D, 0xC77D, 0xC77D, 0xC77D, 0xC77D, 0xC77D, 0xC77D,
  0xC77D, 0xC77D, 0xC77D, 0xC77D, 0xC77D, 0xC77D, 0xC77D, 0xC77D, 0xC77D, 0xC77D, 0xC77D, 0xC77D,
  0xC77D, 0xA79E, 0xA79E, 0xA79E, 0xA79E, 0xA79E, 0xA79E, 0xA79E, 0xA79E, 0xA79E, 0xA79E, 0xA79E,
  0xA79E, 0xA79E, 0xA79E, 0xA79E, 0xA79E, 0xA79E, 0xA79E, 0xA79E, 0xA79E, 0xA79E, 0xA79E, 0xA79E,
  0xA79E, 0xA79E, 0xA79E, 0xA79E, 0xA79E, 0xA79E, 0xA79E, 0xA79E, 0xA79E, 0xA79E, 0xA79E, 0xA79E,
  0xA79E, 0xA79E, 0xA79E, 0xA79E, 0xA79E, 0xA79E, 0xA79E, 0xA79E, 0xA79E, 0xA79E, 0xA79E, 0xA79E,
  0xA79E, 0xA79E, 0xA79E, 0xA79E, 0xA79E, 0xA79E, 0xA79E, 0xA79E, 0xA79E, 0xA79E, 0xA79E, 0xA79E,
  0xA79E, 0xA79E, 0xA79E, 0xA79E, 0xA79E, 0xA79E, 0xA79E, 0xA79E, 0xA79E, 0xA79E, 0xA79E, 0xA79E,
  0xA79E, 0xA79E, 0xA79E, 0xA79E, 0xA79E, 0xA79E, 0xA79E, 0xA79E, 0xA79E, 0xA79E, 0xA79E, 0xA79E,
  0xA79E, 0xA79E, 0xA79E, 0xA79E, 0xA79E, 0xA79E, 0xA79E, 0xA79E, 0xA79E, 0xA79E, 0xA79E, 0xA79E,
  0xA79E, 0xA79E, 0xA79E, 0xA79E, 0xA79E, 0xA79E, 0xA79E, 0xA79E, 0xA79E, 0xA79E, 0xA79E, 0xA79E,
  0xA79E, 0xA79E, 0xA79E, 0xA79E, 0xA79E, 0xA79E, 0xA79E, 0xA79E, 0xA79E, 0xA79E, 0xA79E, 0xA79E,
  0xA79E, 0xA79E, 0xA79E, 0xA79E, 0xA79E, 0xA79E, 0xA79E, 0xA79E, 0xA79E, 0xA79E, 0xA79E, 0xA79E,
  0xA79E, 0xA79E, 0xA79E, 0xA79E, 0xA79E, 0xA79E, 0xA79E, 0xA79E, 0xA79E, 0xA79E, 0xA79E, 0xA79E,
  0xA79E, 0xA79E, 0xA79E, 0xA79E, 0xA79E, 0xA79E, 0xA79E, 0xA79E, 0xA79E, 0xA79E, 0xA79E, 0xA79E,
  0xA79E, 0xA79E, 0xA79E, 0xA79E, 0xA79E, 0xA79E, 0xA79E, 0xA79E, 0xA79E, 0xA79E, 0xA79E, 0xA79E,
  0xA79E, 0xA79E, 0xA79E, 0xA79E, 0xA79E, 0xA79E, 0xA79E, 0xA79E, 0xA79E, 0xA79E, 0xA79E, 0xA79E,
  0xA79E, 0xA79E, 0xA79E, 0xA79E, 0xA79E, 0xA79E, 0xA79E, 0xA79E, 0xA79E, 0xA79E, 0xA79E, 0xA79E,
  0xA79E, 0xA79E, 0xA79E, 0xA79E, 0xA79E, 0xA79E, 0xA79E, 0xA79E, 0xA79E, 0xA79E, 0xA79E, 0xA79E,
  0xA79E, 0xA79E, 0xA79E, 0xA79E, 0xA79E, 0xA79E, 0xA79E, 0xA79E, 0xA79E, 0xA79E, 0xA79E, 0xA79E,
  0xA79E, 0xA79E, 0xA79E, 0xA79E, 0xA79E, 0xA79E, 0xA79E, 0xA79E, 0xA79E, 0xA79E, 0xA79E, 0xA79E,
  0xA79E, 0xA79E, 0xA79E, 0xA79E, 0xA79E, 0xA79E, 0xA79E, 0xA79E, 0xA79E, 0xA79E, 0xA79E, 0xA79E,
  0xA79E, 0xA79E, 0xA79E, 0xA79E, 0xA79E, 0xA79E, 0xA79E, 0xA79E, 0xC77D, 0xC77D, 0xC77D, 0xC77D,
  0xC77D, 0xC77D, 0xC77D, 0xC77D, 0xC77D, 0xC77D, 0xC77D, 0xC77D, 0xC77D, 0xC77D, 0xC77D, 0xC77D,
  0xC77D, 0xC77D, 0xC77D, 0xC77D, 0xC77D, 0xC77D, 0xC77D, 0xC77D, 0xC77D, 0xC77D, 0xC77D, 0xC77D,
  0xC77D, 0xC77D, 0xC77D, 0xC77D, 0xC77D, 0xC77D, 0xC77D, 0xC77D, 0xC77D, 0xC77D, 0xC77D, 0xA79E,
  0xA79E, 0xA79E, 0xA79E, 0xA79E, 0xA79E, 0xA79E, 0xA79E, 0xA79E, 0xA79E, 0xA79E, 0xA79E, 0xA79E,
  0xA79E, 0xA79E, 0xA79E, 0xA79E, 0xA79E, 0xA79E, 0xA79E, 0xA79E, 0xA79E, 0xA79E, 0xA79E, 0xA79E,
  0xA79E, 0xA79E, 0xA79E, 0xA79E, 0xA79E, 0xA79E, 0xA79E, 0xA79E, 0xA79E, 0xA79E, 0xA79E, 0xA79E,
  0xA79E, 0xA79E, 0xA79E, 0xA79E, 0xA79E, 0xA79E, 0xA79E, 0xA79E, 0xA79E, 0xA79E, 0xA79E, 0xA79E,
  0xA79E, 0xA79E, 0xA79E, 0xA79E, 0xA79E, 0xA79E, 0xA79E, 0xA79E, 0xA79E, 0xA79E, 0xA79E, 0xA79E,
  0xA79E, 0xA79E, 0xA79E, 0xA79E, 0xA79E, 0xA79E, 0xA79E, 0xA79E, 0xA79E, 0xA79E, 0xA79E, 0xA79E,
  0xA79E, 0xA79E, 0xA79E, 0xA79E, 0xA79E, 0xA79E, 0xA79E, 0xA79E, 0xA79E, 0xA79E, 0xA79E, 0xA79E,
  0xA79E, 0xA79E, 0xA79E, 0xA79E, 0xA79E, 0xA79E, 0xA79E, 0xA79E, 0xA79E, 0xA79E, 0xA79E, 0xA79E,
  0xA79E, 0xA79E, 0xA79E, 0xA79E, 0xA79E, 0xA79E, 0xA79E, 0xA79E, 0xA79E, 0xA79E, 0xA79E, 0xA79E,
  0xA79E, 0xA79E, 0xA79E, 0xA79E, 0xA79E, 0xA79E, 0xA79E, 0xA79E, 0xA79E, 0xA79E, 0xA79E, 0xA79E,
  0xA79E, 0xA79E, 0xA79E, 0xA79E, 0xA79E, 0xA79E, 0xA79E, 0xA79E, 0xA79E, 0xA79E, 0xA79E, 0xA79E,
  0xA79E, 0xA79E, 0xA79E, 0xA79E, 0xA79E, 0xA79E, 0xA79E, 0xA79E, 0xA79E, 0xA79E, 0xA79E, 0xA79E,
  0xA79E, 0xA79E, 0xA79E, 0xA79E, 0xA79E, 0xA79E, 0xA79E, 0xA79E, 0xA79E, 0xA79E, 0xA79E, 0xA79E,
  0xA79E, 0xA79E, 0xA79E, 0xA79E, 0xA79E, 0xA79E, 0xA79E, 0xA79E, 0xA79E, 0xA79E, 0xA79E, 0xA79E,
  0xA79E, 0xA79E, 0xA79E, 0xA79E, 0xA79E, 0xA79E, 0xA79E, 0xA79E, 0xA79E, 0xA79E, 0xA79E, 0xA79E,
  0xA79E, 0xA79E, 0xA79E, 0xA79E, 0xA79E, 0xA79E, 0xA79E, 0xA79E, 0xA79E, 0xA79E, 0xA79E, 0xA79E,
  0xA79E, 0xA79E, 0xA79E, 0xA79E, 0xA79E, 0xA79E, 0xA79E, 0xA79E, 0xA79E, 0xA79E, 0xA79E, 0xA79E,
  0xA79E, 0xA79E, 0xA79E, 0xA79E, 0xA79E, 0xA79E, 0xA79E, 0xA79E, 0xA79E, 0xA79E, 0xA79E, 0xA79E,
  0xA79E, 0xA79E, 0xA79E, 0xA79E, 0xA79E, 0xA79E, 0xA79E, 0xA79E, 0xA79E, 0xA79E, 0xA79E, 0xA79E,
  0xA79E, 0xA79E, 0xA79E, 0xA79E, 0xA79E, 0xA79E, 0xA79E, 0xA79E, 0xA79E, 0xA79E, 0xA79E, 0xA79E,
  0xA79E, 0xA79E, 0xA79E, 0xA79E, 0xA79E, 0xA79E, 0xC77D, 0xC77D, 0xC77D, 0xC77D, 0xC77D, 0xC77D,
  0xC77D, 0xC77D, 0xC77D, 0xC77D, 0xC77D, 0xC77D, 0xC77D, 0xC77D, 0xC77D, 0xC77D, 0xC77D, 0xC77D,
  0xC77D, 0xC77D, 0xC77D, 0xC77D, 0xC77D, 0xC77D, 0xC77D, 0xC77D, 0xC77D, 0xC77D, 0xC77D, 0xC77D,
  0xC77D, 0xC77D, 0xC77D, 0xC77D, 0xC77D, 0xA79E, 0xA79E, 0xA79E, 0xA79E, 0xA79E, 0xA79E, 0xA79E,
  0xA79E, 0xA79E, 0xA79E, 0xA79E, 0xA79E, 0xA79E, 0xA79E, 0xA79E, 0xA79E, 0xA79E, 0xA79E, 0xA79E,
  0xA79E, 0xA79E, 0xA79E, 0xA79E, 0xA79E, 0xA79E, 0xA79E, 0xA79E, 0xA79E, 0xA79E, 0xA79E, 0xA79E,
  0xA79E, 0xA79E, 0xA79E, 0xA79E, 0xA79E, 0xA79E, 0xA79E, 0xA79E, 0xA79E, 0xA79E, 0xA79E, 0xA79E,
  0xA79E, 0xA79E, 0xA79E, 0xA79E, 0xA79E, 0xA79E, 0xA79E, 0xA79E, 0xA79E, 0xA79E, 0xA79E, 0xA79E,
  0xA79E, 0xA79E, 0xA79E, 0xA79E, 0xA79E, 0xA79E, 0xA79E, 0xA79E, 0xA79E, 0xA79E, 0xA79E, 0xA79E,
  0xA79E, 0xA79E, 0xA79E, 0xA79E, 0xA79E, 0xA79E, 0xA79E, 0xA79E, 0xA79E, 0xA79E, 0xA79E, 0xA79E,
  0xA79E, 0xA79E, 0xA79E, 0xA79E, 0xA79E, 0xA79E, 0xA79E, 0xA79E, 0xA79E, 0xA79E, 0xA79E, 0xA79E,
  0xA79E, 0xA79E, 0xA79E, 0xA79E, 0xA79E, 0xA79E, 0xA79E, 0xA79E, 0xA79E, 0xA79E, 0xA79E, 0xA79E,
  0xA79E, 0xA79E, 0xA79E, 0xA79E, 0xA79E, 0xA79E, 0xA79E, 0xA79E, 0xA79E, 0xA79E, 0xA79E, 0xA79E,
  0xA79E, 0xA79E, 0xA79E, 0xA79E, 0xA79E, 0xA79E, 0xA79E, 0xA79E, 0xA79E, 0xA79E, 0xA79E, 0xA79E,
  0xA79E, 0xA79E, 0xA79E, 0xA79E, 0xA79E, 0xA79E, 0xA79E, 0xA79E, 0xA79E, 0xA79E, 0xA79E, 0xA79E,
  0xA79E, 0xA79E, 0xA79E, 0xA79E, 0xA79E, 0xA79E, 0xA79E, 0xA79E, 0xA79E, 0xA79E, 0xA79E, 0xA79E,
  0xA79E, 0xA79E, 0xA79E, 0xA79E, 0xA79E, 0xA79E, 0xA79E, 0xA79E, 0xA79E, 0xA79E, 0xA79E, 0xA79E,
  0xA79E, 0xA79E, 0xA79E, 0xA79E, 0xA79E, 0xA79E, 0xA79E, 0xA79E, 0xA79E, 0xA79E, 0xA79E, 0xA79E,
  0xA79E, 0xA79E, 0xA79E, 0xA79E, 0xA79E, 0xA79E, 0xA79E, 0xA79E, 0xA79E, 0xA79E, 0xA79E, 0xA79E,
  0xA79E, 0xA79E, 0xA79E, 0xA79E, 0xA79E, 0xA79E, 0xA79E, 0xA79E, 0xA79E, 0xA79E, 0xA79E, 0xA79E,
  0xA79E, 0xA79E, 0xA79E, 0xA79E, 0xA79E, 0xA79E, 0xA79E, 0xA79E, 0xA79E, 0xA79E, 0xA79E, 0xA79E,
  0xA79E, 0xA79E, 0xA79E, 0xA79E, 0xA79E, 0xA79E, 0xA79E, 0xA79E, 0xA79E, 0xA79E, 0xA79E, 0xA79E,
  0xA79E, 0xA79E, 0xA79E, 0xA79E, 0xA79E, 0xA79E, 0xA79E, 0xA79E, 0xA79E, 0xA79E, 0xA79E, 0xA79E,
  0xA79E, 0xA79E, 0xA79E, 0xA79E, 0xA79E, 0xA79E, 0xA79E, 0xA79E, 0xA79E, 0xA79E, 0xA79E, 0xA79E,
  0xA79E, 0xA79E, 0xA79E, 0xA79E, 0xC77D, 0xC77D, 0xC77D, 0xC77D, 0xC77D, 0xC77D, 0xC77D, 0xC77D,
  0xC77D, 0xC77D, 0xC77D, 0xC77D, 0xC77D, 0xC77D, 0xC77D, 0xC77D, 0xC77D, 0xC77D, 0xC77D, 0xC77D,
  0xC77D, 0xC77D, 0xC77D, 0xC77D, 0xC77D, 0xC77D, 0xC77D, 0xC77D, 0xA79E, 0xA79E, 0xA79E, 0xA79E,
  0xA79E, 0xA79E, 0xA79E, 0xA79E, 0xA79E, 0xA79E, 0xA79E, 0xA79E, 0xA79E, 0xA79E, 0xA79E, 0xA79E,
  0xA79E, 0xA79E, 0xA79E, 0xA79E, 0xA79E, 0xA79E, 0xA79E, 0xA79E, 0xA79E, 0xA79E, 0xA79E, 0xA79E,
  0xA79E, 0xA79E, 0xA79E, 0xA79E, 0xA79E, 0xA79E, 0xA79E, 0xA79E, 0xA79E, 0xA79E, 0xA79E, 0xA79E,
  0xA79E, 0xA79E, 0xA79E, 0xA79E, 0xA79E, 0xA79E, 0xA79E, 0xA79E, 0xA79E, 0xA79E, 0xA79E, 0xA79E,
  0xA79E, 0xA79E, 0xA79E, 0xA79E, 0xA79E, 0xA79E, 0xA79E, 0xA79E, 0xA79E, 0xA79E, 0xA79E, 0xA79E,
  0xA79E, 0xA79E, 0xA79E, 0xA79E, 0xA79E, 0xA79E, 0xA79E, 0xA79E, 0xA79E, 0xA79E, 0xA79E, 0xA79E,
  0xA79E, 0xA79E, 0xA79E, 0xA79E, 0xA79E, 0xA79E, 0xA79E, 0xA79E, 0xA79E, 0xA79E, 0xA79E, 0xA79E,
  0xA79E, 0xA79E, 0xA79E, 0xA79E, 0xA79E, 0xA79E, 0xA79E, 0xA79E, 0xA79E, 0xA79E, 0xA79E, 0xA79E,
  0xA79E, 0xA79E, 0xA79E, 0xA79E, 0xA79E, 0xA79E, 0xA79E, 0xA79E, 0xA79E, 0xA79E, 0xA79E, 0xA79E,
  0xA79E, 0xA79E, 0xA79E, 0xA79E, 0xA79E, 0xA79E, 0xA79E, 0xA79E, 0xA79E, 0xA79E, 0xA79E, 0xA79E,
  0xA79E, 0xA79E, 0xA79E, 0xA79E, 0xA79E, 0xA79E, 0xA79E, 0xA79E, 0xA79E, 0xA79E, 0xA79E, 0xA79E,
  0xA79E, 0xA79E, 0xA79E, 0xA79E, 0xA79E, 0xA79E, 0xA79E, 0xA79E, 0xA79E, 0xA79E, 0xA79E, 0xA79E,
  0xA79E, 0xA79E, 0xA79E, 0xA79E, 0xA79E, 0xA79E, 0xA79E, 0xA79E, 0xA79E, 0xA79E, 0xA79E, 0xA79E,
  0xA79E, 0xA79E, 0xA79E, 0xA79E, 0xA79E, 0xA79E, 0xA79E, 0xA79E, 0xA79E, 0xA79E, 0xA79E, 0xA79E,
  0xA79E, 0xA79E, 0xA79E, 0xA79E, 0xA79E, 0xA79E, 0xA79E, 0xA79E, 0xA79E, 0xA79E, 0xA79E, 0xA79E,
  0xA79E, 0xA79E, 0xA79E, 0xA79E, 0xA79E, 0xA79E, 0xA79E, 0xA79E, 0xA79E, 0xA79E, 0xA79E, 0xA79E,
  0xA79E, 0xA79E, 0xA79E, 0xA79E, 0xA79E, 0xA79E, 0xA79E, 0xA79E, 0xA79E, 0xA79E, 0xA79E, 0xA79E,
  0xA79E, 0xA79E, 0xA79E, 0xA79E, 0xA79E, 0xA79E, 0xA79E, 0xA79E, 0xA79E, 0xA79E, 0xA79E, 0xA79E,
  0xA79E, 0xA79E, 0xA79E, 0xA79E, 0xA79E, 0xA79E, 0xA79E, 0xA79E, 0xA79E, 0xA79E, 0xA79E, 0xA79E,
  0xA79E, 0xA79E, 0xA79E, 0xA79E, 0xA79E, 0xA79E, 0xA79E, 0xA79E, 0xA79E, 0xA79E, 0xA79E, 0xA79E,
  0xA79E, 0xA79E, 0xA79E, 0xA79E, 0xA79E, 0xA79E, 0xA79E, 0xA79E, 0xA79E, 0xA79E, 0xA79E, 0xA79E,
  0xA79E, 0xA79E, 0xC77D, 0xC77D, 0xC77D, 0xC77D, 0xC77D, 0xC77D, 0xC77D, 0xC77D, 0xC77D, 0xC77D,
  0xC77D, 0xC77D, 0xC77D, 0xC77D, 0xC77D, 0xC77D, 0xC77D, 0xC77D, 0xC77D, 0xC77D, 0xA79E, 0xA79E,
  0xA79E, 0xA79E, 0xA79E, 0xA79E, 0xA79E, 0xA79E, 0xA79E, 0xA79E, 0xA79E, 0xA79E, 0xA79E, 0xA79E,
  0xA79E, 0xA79E, 0xA79E, 0xA79E, 0xA79E, 0xA79E, 0xA79E, 0xA79E, 0xA79E, 0xA79E, 0xA79E, 0xA79E,
  0xA79E, 0xA79E, 0xA79E, 0xA79E, 0xA79E, 0xA79E, 0xA79E, 0xA79E, 0xA79E, 0xA79E, 0xA79E, 0xA79E,
  0xA79E, 0xA79E, 0xA79E, 0xA79E, 0xA79E, 0xA79E, 0xA79E, 0xA79E, 0xA79E, 0xA79E, 0xA79E, 0xA79E,
  0xA79E, 0xA79E, 0xA79E, 0xA79E, 0xA79E, 0xA79E, 0xA79E, 0xA79E, 0xA79E, 0xA79E, 0xA79E, 0xA79E,
  0xA79E, 0xA79E, 0xA79E, 0xA79E, 0xA79E, 0xA79E, 0xA79E, 0xA79E, 0xA79E, 0xA79E, 0xA79E, 0xA79E,
  0xA79E, 0xA79E, 0xA79E, 0xA79E, 0xA79E, 0xA79E, 0xA79E, 0xA79E, 0xA79E, 0xA79E, 0xA79E, 0xA79E,
  0xA79E, 0xA79E, 0xA79E, 0xA79E, 0xA79E, 0xA79E, 0xA79E, 0xA79E, 0xA79E, 0xA79E, 0xA79E, 0xA79E,
  0xA79E, 0xA79E, 0xA79E, 0xA79E, 0xA79E, 0xA79E, 0xA79E, 0xA79E, 0xA79E, 0xA79E, 0xA79E, 0xA79E,
  0xA79E, 0xA79E, 0xA79E, 0xA79E, 0xA79E, 0xA79E, 0xA79E, 0xA79E, 0xA79E, 0xA79E, 0xA79E, 0xA79E,
  0xA79E, 0xA79E, 0xA79E, 0xA79E, 0xA79E, 0xA79E, 0xA79E, 0xA79E, 0xA79E, 0xA79E, 0xA79E, 0xA79E,
  0xA79E, 0xA79E, 0xA79E, 0xA79E, 0xA79E, 0xA79E, 0xA79E, 0xA79E, 0xA79E, 0xA79E, 0xA79E, 0xA79E,
  0xA79E, 0xA79E, 0xA79E, 0xA79E, 0xA79E, 0xA79E, 0xA79E, 0xA79E, 0xA79E, 0xA79E, 0xA79E, 0xA79E,
  0xA79E, 0xA79E, 0xA79E, 0xA79E, 0xA79E, 0xA79E, 0xA79E, 0xA79E, 0xA79E, 0xA79E, 0xA79E, 0xA79E,
  0xA79E, 0xA79E, 0xA79E, 0xA79E, 0xA79E, 0xA79E, 0xA79E, 0xA79E, 0xA79E, 0xA79E, 0xA79E, 0xA79E,
  0xA79E, 0xA79E, 0xA79E, 0xA79E, 0xA79E, 0xA79E, 0xA79E, 0xA79E, 0xA79E, 0xA79E, 0xA79E, 0xA79E,
  0xA79E, 0xA79E, 0xA79E, 0xA79E, 0xA79E, 0xA79E, 0xA79E, 0xA79E, 0xA79E, 0xA79E, 0xA79E, 0xA79E,
  0xA79E, 0xA79E, 0xA79E, 0xA79E, 0xA79E, 0xA79E, 0xA79E, 0xA79E, 0xA79E, 0xA79E, 0xA79E, 0xA79E,
  0xA79E, 0xA79E, 0xA79E, 0xA79E, 0xA79E, 0xA79E, 0xA79E, 0xA79E, 0xA79E, 0xA79E, 0xA79E, 0xA79E,
  0xA79E, 0xA79E, 0xA79E, 0xA79E, 0xA79E, 0xA79E, 0xA79E, 0xA79E, 0xA79E, 0xA79E, 0xA79E, 0xA79E,
  0xA79E, 0xA79E, 0xA79E, 0xA79E, 0xA79E, 0xA79E, 0xA79E, 0xA79E, 0xA79E, 0xA79E, 0xA79E, 0xA79E,
  0xA79E, 0xA79E, 0xA79E, 0xA79E, 0xA79E, 0xA79E, 0xA79E, 0xA79E, 0xA79E, 0xA79E, 0xA79E, 0xA79E,
  0xC77D, 0xC77D, 0xC77D, 0xC77D, 0xC77D, 0xC77D, 0xC77D, 0xC77D, 0xC77D, 0xC77D, 0xC77D, 0xC77D,
  0xC77D, 0xC77D, 0xC77D, 0xC77D, 0xA79E, 0xA79E, 0xA79E, 0xA79E, 0xA79E, 0xA79E, 0xA79E, 0xA79E,
  0xA79E, 0xA79E, 0xA79E, 0xA79E, 0xA79E, 0xA79E, 0xA79E, 0xA79E, 0xA79E, 0xA79E, 0xA79E, 0xA79E,
  0xA79E, 0xA79E, 0xA79E, 0xA79E, 0xA79E, 0xA79E, 0xA79E, 0xA79E, 0xA79E, 0xA79E, 0xA79E, 0xA79E,
  0xA79E, 0xA79E, 0xA79E, 0xA79E, 0xA79E, 0xA79E, 0xA79E, 0xA79E, 0xA79E, 0xA79E, 0xA79E, 0xA79E,
  0xA79E, 0xA79E, 0xA79E, 0xA79E, 0xA79E, 0xA79E, 0xA79E, 0xA79E, 0xA79E, 0xA79E, 0xA79E, 0xA79E,
  0xA79E, 0xA79E, 0xA79E, 0xA79E, 0xA79E, 0xA79E, 0xA79E, 0xA79E, 0xA79E, 0xA79E, 0xA79E, 0xA79E,
  0xA79E, 0xA79E, 0xA79E, 0xA79E, 0xA79E, 0xA79E, 0xA79E, 0xA79E, 0xA79E, 0xA79E, 0xA79E, 0xA79E,
  0xA79E, 0xA79E, 0xA79E, 0xA79E, 0xA79E, 0xA79E, 0xA79E, 0xA79E, 0xA79E, 0xA79E, 0xA79E, 0xA79E,
  0xA79E, 0xA79E, 0xA79E, 0xA79E, 0xA79E, 0xA79E, 0xA79E, 0xA79E, 0xA79E, 0xA79E, 0xA79E, 0xA79E,
  0xA79E, 0xA79E, 0xA79E, 0xA79E, 0xA79E, 0xA79E, 0xA79E, 0xA79E, 0xA79E, 0xA79E, 0xA79E, 0xA79E,
  0xA79E, 0xA79E, 0xA79E, 0xA79E, 0xA79E, 0xA79E, 0xA79E, 0xA79E, 0xA79E, 0xA79E, 0xA79E, 0xA79E,
  0xA79E, 0xA79E, 0xA79E, 0xA79E, 0xA79E, 0xA79E, 0xA79E, 0xA79E, 0xA79E, 0xA79E, 0xA79E, 0xA79E,
  0xA79E, 0xA79E, 0xA79E, 0xA79E, 0xA79E, 0xA79E, 0xA79E, 0xA79E, 0xA79E, 0xA79E, 0xA79E, 0xA79E,
  0xA79E, 0xA79E, 0xA79E, 0xA79E, 0xA79E, 0xA79E, 0xA79E, 0xA79E, 0xA79E, 0xA79E, 0xA79E, 0xA79E,
  0xA79E, 0xA79E, 0xA79E, 0xA79E, 0xA79E, 0xA79E, 0xA79E, 0xA79E, 0xA79E, 0xA79E, 0xA79E, 0xA79E,
  0xA79E, 0xA79E, 0xA79E, 0xA79E, 0xA79E, 0xA79E, 0xA79E, 0xA79E, 0xA79E, 0xA79E, 0xA79E, 0xA79E,
  0xA79E, 0xA79E, 0xA79E, 0xA79E, 0xA79E, 0xA79E, 0xA79E, 0xA79E, 0xA79E, 0xA79E, 0xA79E, 0xA79E,
  0xA79E, 0xA79E, 0xA79E, 0xA79E, 0xA79E, 0xA79E, 0xA79E, 0xA79E, 0xA79E, 0xA79E, 0xA79E, 0xA79E,
  0xA79E, 0xA79E, 0xA79E, 0xA79E, 0xA79E, 0xA79E, 0xA79E, 0xA79E, 0xA79E, 0xA79E, 0xA79E, 0xA79E,
  0xA79E, 0xA79E, 0xA79E, 0xA79E, 0xA79E, 0xA79E, 0xA79E, 0xA79E, 0xA79E, 0xA79E, 0xA79E, 0xA79E,
  0xA79E, 0xA79E, 0xA79E, 0xA79E, 0xA79E, 0xA79E, 0xA79E, 0xA79E, 0xA79E, 0xA79E, 0xA79E, 0xA79E,
  0xA79E, 0xA79E, 0xA79E, 0xA79E, 0xA79E, 0xA79E, 0xA79E, 0xA79E, 0xA79E, 0xA79E, 0xA79E, 0xA79E,
  0xA79E, 0xA79E, 0xA79E, 0xA79E, 0xA79E, 0xA79E, 0xA79E, 0xA79E, 0xA79E, 0xA79E, 0xC77D, 0xC77D,
  0xC77D, 0xC77D, 0xC77D, 0xC77D, 0xC77D, 0xC77D, 0xC77D, 0xC77D, 0xC77D, 0xC77D, 0xA79E, 0xA79E,
  0xA79E, 0xA79E, 0xA79E, 0xA79E, 0xA79E, 0xA79E, 0xA79E, 0xA79E, 0xA79E, 0xA79E, 0xA79E, 0xA79E,
  0xA79E, 0xA79E, 0xA79E, 0xA79E, 0xA79E, 0xA79E, 0xA79E, 0xA79E, 0xA79E, 0xA79E, 0xA79E, 0xA79E,
  0xA79E, 0xA79E, 0xA79E, 0xA79E, 0xA79E, 0xA79E, 0xA79E, 0xA79E, 0xA79E, 0xA79E, 0xA79E, 0xA79E,
  0xA79E, 0xA79E, 0xA79E, 0xA79E, 0xA79E, 0xA79E, 0xA79E, 0xA79E, 0xA79E, 0xA79E, 0xA79E, 0xA79E,
  0xA79E, 0xA79E, 0xA79E, 0xA79E, 0xA79E, 0xA79E, 0xA79E, 0xA79E, 0xA79E, 0xA79E, 0xA79E, 0xA79E,
  0xA79E, 0xA79E, 0xA79E, 0xA79E, 0xA79E, 0xA79E, 0xA79E, 0xA79E, 0xA79E, 0xA79E, 0xA79E, 0xA79E,
  0xA79E, 0xA79E, 0xA79E, 0xA79E, 0xA79E, 0xA79E, 0xA79E, 0xA79E, 0xA79E, 0xA79E, 0xA79E, 0xA79E,
  0xA79E, 0xA79E, 0xA79E, 0xA79E, 0xA79E, 0xA79E, 0xA79E, 0xA79E, 0xA79E, 0xA79E, 0xA79E, 0xA79E,
  0xA79E, 0xA79E, 0xA79E, 0xA79E, 0xA79E, 0xA79E, 0xA79E, 0xA79E, 0xA79E, 0xA79E, 0xA79E, 0xA79E,
  0xA79E, 0xA79E, 0xA79E, 0xA79E, 0xA79E, 0xA79E, 0xA79E, 0xA79E, 0xA79E, 0xA79E, 0xA79E, 0xA79E,
  0xA79E, 0xA79E, 0xA79E, 0xA79E, 0xA79E, 0xA79E, 0xA79E, 0xA79E, 0xA79E, 0xA79E, 0xA79E, 0xA79E,
  0xA79E, 0xA79E, 0xA79E, 0xA79E, 0xA79E, 0xA79E, 0xA79E, 0xA79E, 0xA79E, 0xA79E, 0xA79E, 0xA79E,
  0xA79E, 0xA79E, 0xA79E, 0xA79E, 0xA79E, 0xA79E, 0xA79E, 0xA79E, 0xA79E, 0xA79E, 0xA79E, 0xA79E,
  0xA79E, 0xA79E, 0xA79E, 0xA79E, 0xA79E, 0xA79E, 0xA79E, 0xA79E, 0xA79E, 0xA79E, 0xA79E, 0xA79E,
  0xA79E, 0xA79E, 0xA79E, 0xA79E, 0xA79E, 0xA79E, 0xA79E, 0xA79E, 0xA79E, 0xA79E, 0xA79E, 0xA79E,
  0xA79E, 0xA79E, 0xA79E, 0xA79E, 0xA79E, 0xA79E, 0xA79E, 0xA79E, 0xA79E, 0xA79E, 0xA79E, 0xA79E,
  0xA79E, 0xA79E, 0xA79E, 0xA79E, 0xA79E, 0xA79E, 0xA79E, 0xA79E, 0xA79E, 0xA79E, 0xA79E, 0xA79E,
  0xA79E, 0xA79E, 0xA79E, 0xA79E, 0xA79E, 0xA79E, 0xA79E, 0xA79E, 0xA79E, 0xA79E, 0xA79E, 0xA79E,
  0xA79E, 0xA79E, 0xA79E, 0xA79E, 0xA79E, 0xA79E, 0xA79E, 0xA79E, 0xA79E, 0xA79E, 0xA79E, 0xA79E,
  0xA79E, 0xA79E, 0xA79E, 0xA79E, 0xA79E, 0xA79E, 0xA79E, 0xA79E, 0xA79E, 0xA79E, 0xA79E, 0xA79E,
  0xA79E, 0xA79E, 0xA79E, 0xA79E, 0xA79E, 0xA79E, 0xA79E, 0xA79E, 0xA79E, 0xA79E, 0xA79E, 0xA79E,
  0xA79E, 0xA79E, 0xA79E, 0xA79E, 0xA79E, 0xA79E, 0xA79E, 0xA79E, 0xA79E, 0xA79E, 0xA79E, 0xA79E,
  0xA79E, 0xA79E, 0xA79E, 0xA79E, 0xA79E, 0xA79E, 0xA79E, 0xA79E, 0xC77D, 0xC77D, 0xC77D, 0xC77D,
  0xC77D, 0xC77D, 0xC77D, 0xC77D, 0xC77D, 0xC77D, 0xA79E, 0xA79E, 0xA79E, 0xA79E, 0xA79E, 0xA79E,
  0xA79E, 0xA79E, 0xA79E, 0xA79E, 0xA79E, 0xA79E, 0xA79E, 0xA79E, 0xA79E, 0xA79E, 0xA79E, 0xA79E,
  0xA79E, 0xA79E, 0xA79E, 0xA79E, 0xA79E, 0xA79E, 0xA79E, 0xA79E, 0xA79E, 0xA79E, 0xA79E, 0xA79E,
  0xA79E, 0xA79E, 0xA79E, 0xA79E, 0xA79E, 0xA79E, 0xA79E, 0xA79E, 0xA79E, 0xA79E, 0xA79E, 0xA79E,
  0xA79E, 0xA79E, 0xA79E, 0xA79E, 0xA79E, 0xA79E, 0xA79E, 0xA79E, 0xA79E, 0xA79E, 0xA79E, 0xA79E,
  0xA79E, 0xA79E, 0xA79E, 0xA79E, 0xA79E, 0xA79E, 0xA79E, 0xA79E, 0xA79E, 0xA79E, 0xA79E, 0xA79E,
  0xA79E, 0xA79E, 0xA79E, 0xA79E, 0xA79E, 0xA79E, 0xA79E, 0xA79E, 0xA79E, 0xA79E, 0xA79E, 0xA79E,
  0xA79E, 0xA79E, 0xA79E, 0xA79E, 0xA79E, 0xA79E, 0xA79E, 0xA79E, 0xA79E, 0xA79E, 0xA79E, 0xA79E,
  0xA79E, 0xA79E, 0xA79E, 0xA79E, 0xA79E, 0xA79E, 0xA79E, 0xA79E, 0xA79E, 0xA79E, 0xA79E, 0xA79E,
  0xA79E, 0xA79E, 0xA79E, 0xA79E, 0xA79E, 0xA79E, 0xA79E, 0xA79E, 0xA79E, 0xA79E, 0xA79E, 0xA79E,
  0xA79E, 0xA79E, 0xA79E, 0xA79E, 0xA79E, 0xA79E, 0xA79E, 0xA79E, 0xA79E, 0xA79E, 0xA79E, 0xA79E,
  0xA79E, 0xA79E, 0xA79E, 0xA79E, 0xA79E, 0xA79E, 0xA79E, 0xA79E, 0xA79E, 0xA79E, 0xA79E, 0xA79E,
  0xA79E, 0xA79E, 0xA79E, 0xA79E, 0xA79E, 0xA79E, 0xA79E, 0xA79E, 0xA79E, 0xA79E, 0xA79E, 0xA79E,
  0xA79E, 0xA79E, 0xA79E, 0xA79E, 0xA79E, 0xA79E, 0xA79E, 0xA79E, 0xA79E, 0xA79E, 0xA79E, 0xA79E,
  0xA79E, 0xA79E, 0xA79E, 0xA79E, 0xA79E, 0xA79E, 0xA79E, 0xA79E, 0xA79E, 0xA79E, 0xA79E, 0xA79E,
  0xA79E, 0xA79E, 0xA79E, 0xA79E, 0xA79E, 0xA79E, 0xA79E, 0xA79E, 0xA79E, 0xA79E, 0xA79E, 0xA79E,
  0xA79E, 0xA79E, 0xA79E, 0xA79E, 0xA79E, 0xA79E, 0xA79E, 0xA79E, 0xA79E, 0xA79E, 0xA79E, 0xA79E,
  0xA79E, 0xA79E, 0xA79E, 0xA79E, 0xA79E, 0xA79E, 0xA79E, 0xA79E, 0xA79E, 0xA79E, 0xA79E, 0xA79E,
  0xA79E, 0xA79E, 0xA79E, 0xA79E, 0xA79E, 0xA79E, 0xA79E, 0xA79E, 0xA79E, 0xA79E, 0xA79E, 0xA79E,
  0xA79E, 0xA79E, 0xA79E, 0xA79E, 0xA79E, 0xA79E, 0xA79E, 0xA79E, 0xA79E, 0xA79E, 0xA79E, 0xA79E,
  0xA79E, 0xA79E, 0xA79E, 0xA79E, 0xA79E, 0xA79E, 0xA79E, 0xA79E, 0xA79E, 0xA79E, 0xA79E, 0xA79E,
  0xA79E, 0xA79E, 0xA79E, 0xA79E, 0xA79E, 0xA79E, 0xA79E, 0xA79E, 0xA79E, 0xA79E, 0xA79E, 0xA79E,
  0xA79E, 0xA79E, 0xA79E, 0xA79E, 0xA79E, 0xA79E, 0xA79E, 0xA79E, 0xA79E, 0xA79E, 0xA79E, 0xA79E,
  0xA79E, 0xA79E, 0xA79E, 0xA79E, 0xA79E, 0xA79E, 0xC77D, 0xC77D, 0xC77D, 0xC77D, 0xC77D, 0xC77D,
  0xC77D, 0xC77D, 0xA79E, 0xA79E, 0xA79E, 0xA79E, 0xA79E, 0xA79E, 0xA79E, 0xA79E, 0xA79E, 0xA79E,
  0xA79E, 0xA79E, 0xA79E, 0xA79E, 0xA79E, 0xA79E, 0xA79E, 0xA79E, 0xA79E, 0xA79E, 0xA79E, 0xA79E,
  0xA79E, 0xA79E, 0xA79E, 0xA79E, 0xA79E, 0xFFFF, 0xFFFF, 0xFFFF, 0xFFFF, 0xFFFF, 0xFFFF, 0xA79E,
  0xA79E, 0xA79E, 0xA79E, 0xA79E, 0xA79E, 0xA79E, 0xA79E, 0xA79E, 0xA79E, 0xA79E, 0xA79E, 0xA79E,
  0xA79E, 0xA79E, 0xA79E, 0xA79E, 0xA79E, 0xA79E, 0xA79E, 0xA79E, 0xA79E, 0xA79E, 0xA79E, 0xA79E,
  0xA79E, 0xA79E, 0xA79E, 0xA79E, 0xA79E, 0xA79E, 0xA79E, 0xA79E, 0xA79E, 0xA79E, 0xA79E, 0xA79E,
  0xA79E, 0xA79E, 0xA79E, 0xA79E, 0xA79E, 0xA79E, 0xA79E, 0xA79E, 0xA79E, 0xA79E, 0xA79E, 0xA79E,
  0xA79E, 0xA79E, 0xA79E, 0xA79E, 0xA79E, 0xA79E, 0xA79E, 0xA79E, 0xA79E, 0xA79E, 0xA79E, 0xA79E,
  0xA79E, 0xA79E, 0xA79E, 0xA79E, 0xA79E, 0xA79E, 0xA79E, 0xA79E, 0xA79E, 0xA79E, 0xA79E, 0xA79E,
  0xA79E, 0xA79E, 0xA79E, 0xA79E, 0xA79E, 0xA79E, 0xA79E, 0xA79E, 0xA79E, 0xA79E, 0xA79E, 0xA79E,
  0xA79E, 0xA79E, 0xA79E, 0xA79E, 0xA79E, 0xA79E, 0xA79E, 0xA79E, 0xA79E, 0xA79E, 0xA79E, 0xA79E,
  0xA79E, 0xA79E, 0xA79E, 0xA79E, 0xA79E, 0xA79E, 0xA79E, 0xA79E, 0xA79E, 0xA79E, 0xA79E, 0xA79E,
  0xA79E, 0xA79E, 0xA79E, 0xA79E, 0xA79E, 0xA79E, 0xA79E, 0xA79E, 0xA79E, 0xA79E, 0xA79E, 0xA79E,
  0xA79E, 0xA79E, 0xA79E, 0xA79E, 0xA79E, 0xA79E, 0xA79E, 0xA79E, 0xA79E, 0xA79E, 0xA79E, 0xA79E,
  0xA79E, 0xA79E, 0xA79E, 0xA79E, 0xA79E, 0xA79E, 0xA79E, 0xA79E, 0xA79E, 0xA79E, 0xA79E, 0xA79E,
  0xA79E, 0xA79E, 0xA79E, 0xA79E, 0xA79E, 0xA79E, 0xA79E, 0xA79E, 0xA79E, 0xA79E, 0xA79E, 0xA79E,
  0xA79E, 0xA79E, 0xA79E, 0xA79E, 0xA79E, 0xA79E, 0xA79E, 0xA79E, 0xA79E, 0xA79E, 0xA79E, 0xA79E,
  0xA79E, 0xA79E, 0xA79E, 0xA79E, 0xA79E, 0xA79E, 0xA79E, 0xA79E, 0xA79E, 0xA79E, 0xA79E, 0xA79E,
  0xA79E, 0xA79E, 0xA79E, 0xA79E, 0xA79E, 0xA79E, 0xA79E, 0xA79E, 0xA79E, 0xA79E, 0xA79E, 0xA79E,
  0xA79E, 0xA79E, 0xA79E, 0xA79E, 0xA79E, 0xA79E, 0xA79E, 0xA79E, 0xA79E, 0xA79E, 0xA79E, 0xA79E,
  0xA79E, 0xA79E, 0xA79E, 0xA79E, 0xA79E, 0xA79E, 0xA79E, 0xA79E, 0xA79E, 0xA79E, 0xA79E, 0xA79E,
  0xA79E, 0xA79E, 0xA79E, 0xA79E, 0xA79E, 0xA79E, 0xA79E, 0xA79E, 0xA79E, 0xA79E, 0xA79E, 0xA79E,
  0xA79E, 0xA79E, 0xA79E, 0xA79E, 0xA79E, 0xA79E, 0xA79E, 0xA79E, 0xA79E, 0xA79E, 0xA79E, 0xA79E,
  0xA79E, 0xA79E, 0xA79E, 0xA79E, 0xC77D, 0xC77D, 0xC77D, 0xC77D, 0xC77D, 0xC77D, 0xC77D, 0xA79E,
  0xA79E, 0xA79E, 0xA79E, 0xA79E, 0xA79E, 0xA79E, 0xA79E, 0xA79E, 0xA79E, 0xA79E, 0xA79E, 0xA79E,
  0xA79E, 0xA79E, 0xA79E, 0xA79E, 0xA79E, 0xA79E, 0xA79E, 0xA79E, 0xA79E, 0xA79E, 0xA79E, 0xFFFF,
  0xFFFF, 0xFFFF, 0xFFFF, 0xFFFF, 0xFFFF, 0xFFFF, 0xFFFF, 0xFFFF, 0xFFFF, 0xFFFF, 0xA79E, 0xA79E,
  0xA79E, 0xA79E, 0xA79E, 0xA79E, 0xA79E, 0xA79E, 0xA79E, 0xF75D, 0xF75D, 0xF75D, 0xF75D, 0xF75D,
  0xA79E, 0xA79E, 0xA79E, 0xA79E, 0xA79E, 0xA79E, 0xA79E, 0xA79E, 0xA79E, 0xA79E, 0xA79E, 0xA79E,
  0xA79E, 0xA79E, 0xA79E, 0xA79E, 0xA79E, 0xA79E, 0xA79E, 0xA79E, 0xA79E, 0xA79E, 0xA79E, 0xA79E,
  0xA79E, 0xA79E, 0xA79E, 0xA79E, 0xA79E, 0xA79E, 0xA79E, 0xA79E, 0xA79E, 0xA79E, 0xA79E, 0xA79E,
  0xA79E, 0xA79E, 0xA79E, 0xA79E, 0xA79E, 0xA79E, 0xA79E, 0xA79E, 0xA79E, 0xA79E, 0xA79E, 0xA79E,
  0xA79E, 0xA79E, 0xA79E, 0xA79E, 0xA79E, 0xA79E, 0xA79E, 0xA79E, 0xA79E, 0xA79E, 0xA79E, 0xA79E,
  0xA79E, 0xA79E, 0xA79E, 0xA79E, 0xA79E, 0xA79E, 0xA79E, 0xA79E, 0xA79E, 0xA79E, 0xA79E, 0xA79E,
  0xA79E, 0xA79E, 0xA79E, 0xA79E, 0xA79E, 0xA79E, 0xA79E, 0xA79E, 0xA79E, 0xA79E, 0xA79E, 0xA79E,
  0xA79E, 0xA79E, 0xA79E, 0xA79E, 0xA79E, 0xA79E, 0xA79E, 0xA79E, 0xA79E, 0xA79E, 0xA79E, 0xA79E,
  0xA79E, 0xA79E, 0xA79E, 0xA79E, 0xA79E, 0xA79E, 0xA79E, 0xA79E, 0xA79E, 0xA79E, 0xA79E, 0xA79E,
  0xA79E, 0xA79E, 0xA79E, 0xA79E, 0xA79E, 0xA79E, 0xA79E, 0xA79E, 0xA79E, 0xA79E, 0xA79E, 0xA79E,
  0xA79E, 0xA79E, 0xA79E, 0xA79E, 0xA79E, 0xA79E, 0xA79E, 0xA79E, 0xA79E, 0xA79E, 0xA79E, 0xA79E,
  0xA79E, 0xA79E, 0xA79E, 0xA79E, 0xA79E, 0xA79E, 0xA79E, 0xA79E, 0xA79E, 0xA79E, 0xA79E, 0xA79E,
  0xA79E, 0xA79E, 0xA79E, 0xA79E, 0xA79E, 0xA79E, 0xA79E, 0xA79E, 0xA79E, 0xA79E, 0xA79E, 0xA79E,
  0xA79E, 0xA79E, 0xA79E, 0xA79E, 0xA79E, 0xA79E, 0xA79E, 0xA79E, 0xA79E, 0xA79E, 0xA79E, 0xA79E,
  0xA79E, 0xA79E, 0xA79E, 0xA79E, 0xA79E, 0xA79E, 0xA79E, 0xA79E, 0xA79E, 0xA79E, 0xA79E, 0xA79E,
  0xA79E, 0xA79E, 0xA79E, 0xA79E, 0xA79E, 0xA79E, 0xA79E, 0xA79E, 0xA79E, 0xA79E, 0xA79E, 0xA79E,
  0xA79E, 0xA79E, 0xA79E, 0xA79E, 0xA79E, 0xA79E, 0xA79E, 0xA79E, 0xA79E, 0xA79E, 0xA79E, 0xA79E,
  0xA79E, 0xA79E, 0xA79E, 0xA79E, 0xA79E, 0xA79E, 0xA79E, 0xA79E, 0xA79E, 0xA79E, 0xA79E, 0xA79E,
  0xA79E, 0xA79E, 0xA79E, 0xA79E, 0xA79E, 0xA79E, 0xA79E, 0xA79E, 0xA79E, 0xA79E, 0xA79E, 0xA79E,
  0xA79E, 0xA79E, 0xC77D, 0xC77D, 0xC77D, 0xC77D, 0xC77D, 0xC77D, 0xA79E, 0xA79E, 0xA79E, 0xA79E,
  0xA79E, 0xA79E, 0xA79E, 0xA79E, 0xA79E, 0xA79E, 0xA79E, 0xA79E, 0xA79E, 0xA79E, 0xA79E, 0xA79E,
  0xA79E, 0xA79E, 0xA79E, 0xA79E, 0xA79E, 0xA79E, 0xA79E, 0xA79E, 0xFFFF, 0xFFFF, 0xFFFF, 0xFFFF,
  0xFFFF, 0xFFFF, 0xFFFF, 0xF75D, 0xF75D, 0xF75D, 0xF75D, 0xF75D, 0xF75D, 0xF75D, 0xF75D, 0xF75D,
  0xF75D, 0xF75D, 0xF75D, 0xF75D, 0xF75D, 0xF75D, 0xF75D, 0xF75D, 0xF75D, 0xF75D, 0xF75D, 0xF75D,
  0xF75D, 0xA79E, 0xA79E, 0xA79E, 0xA79E, 0xA79E, 0xA79E, 0xA79E, 0xA79E, 0xA79E, 0xA79E, 0xA79E,
  0xA79E, 0xA79E, 0xA79E, 0xA79E, 0xA79E, 0xA79E, 0xA79E, 0xA79E, 0xA79E, 0xA79E, 0xA79E, 0xA79E,
  0xA79E, 0xA79E, 0xA79E, 0xA79E, 0xA79E, 0xA79E, 0xA79E, 0xA79E, 0xA79E, 0xA79E, 0xA79E, 0xA79E,
  0xA79E, 0xA79E, 0xA79E, 0xA79E, 0xA79E, 0xA79E, 0xA79E, 0xA79E, 0xA79E, 0xA79E, 0xA79E, 0xA79E,
  0xA79E, 0xA79E, 0xA79E, 0xA79E, 0xA79E, 0xA79E, 0xA79E, 0xA79E, 0xA79E, 0xA79E, 0xA79E, 0xA79E,
  0xA79E, 0xA79E, 0xA79E, 0xA79E, 0xA79E, 0xA79E, 0xA79E, 0xA79E, 0xA79E, 0xA79E, 0xA79E, 0xA79E,
  0xA79E, 0xA79E, 0xA79E, 0xA79E, 0xA79E, 0xA79E, 0xA79E, 0xA79E, 0xA79E, 0xA79E, 0xA79E, 0xA79E,
  0xA79E, 0xA79E, 0xA79E, 0xA79E, 0xA79E, 0xA79E, 0xA79E, 0xA79E, 0xA79E, 0xA79E, 0xA79E, 0xA79E,
  0xA79E, 0xA79E, 0xA79E, 0xA79E, 0xA79E, 0xA79E, 0xA79E, 0xA79E, 0xA79E, 0xA79E, 0xA79E, 0xA79E,
  0xA79E, 0xA79E, 0xA79E, 0xA79E, 0xA79E, 0xA79E, 0xA79E, 0xA79E, 0xA79E, 0xA79E, 0xA79E, 0xA79E,
  0xA79E, 0xA79E, 0xA79E, 0xA79E, 0xA79E, 0xA79E, 0xA79E, 0xA79E, 0xA79E, 0xA79E, 0xA79E, 0xA79E,
  0xA79E, 0xA79E, 0xA79E, 0xA79E, 0xA79E, 0xA79E, 0xA79E, 0xA79E, 0xA79E, 0xA79E, 0xA79E, 0xA79E,
  0xA79E, 0xA79E, 0xA79E, 0xA79E, 0xA79E, 0xA79E, 0xA79E, 0xA79E, 0xA79E, 0xA79E, 0xA79E, 0xA79E,
  0xA79E, 0xA79E, 0xA79E, 0xA79E, 0xA79E, 0xA79E, 0xA79E, 0xA79E, 0xA79E, 0xA79E, 0xA79E, 0xA79E,
  0xA79E, 0xA79E, 0xA79E, 0xA79E, 0xA79E, 0xA79E, 0xA79E, 0xA79E, 0xA79E, 0xA79E, 0xA79E, 0xA79E,
  0xA79E, 0xA79E, 0xA79E, 0xA79E, 0xA79E, 0xA79E, 0xA79E, 0xA79E, 0xA79E, 0xA79E, 0xA79E, 0xA79E,
  0xA79E, 0xA79E, 0xA79E, 0xA79E, 0xA79E, 0xA79E, 0xA79E, 0xA79E, 0xA79E, 0xA79E, 0xA79E, 0xA79E,
  0xA79E, 0xA79E, 0xA79E, 0xA79E, 0xA79E, 0xA79E, 0xA79E, 0xA79E, 0xA79E, 0xA79E, 0xA79E, 0xA79E,
  0xA79E, 0xA79E, 0xA79E, 0xA79E, 0xA79E, 0xA79E, 0xA79E, 0xA79E, 0xA79E, 0xA79E, 0xA79E, 0xA79E,
  0xC77D, 0xC77D, 0xC77D, 0xC77D, 0xC77D, 0xA79E, 0xA79E, 0xA79E, 0xA79E, 0xA79E, 0xA79E, 0xA79E,
  0xA79E, 0xA79E, 0xA79E, 0xA79E, 0xA79E, 0xA79E, 0xA79E, 0xA79E, 0xA79E, 0xA79E, 0xA79E, 0xA79E,
  0xA79E, 0xA79E, 0xA79E, 0xA79E, 0xA79E, 0xA79E, 0xFFFF, 0xFFFF, 0xFFFF, 0xFFFF, 0xFFFF, 0xF75D,
  0xF75D, 0xF75D, 0xF75D, 0xF75D, 0xF75D, 0xF75D, 0xF75D, 0xF75D, 0xF75D, 0xF75D, 0xF75D, 0xF75D,
  0xF75D, 0xF75D, 0xF75D, 0xF75D, 0xF75D, 0xF75D, 0xF75D, 0xF75D, 0xF75D, 0xF75D, 0xF75D, 0xF75D,
  0xF75D, 0xF75D, 0xF75D, 0xA79E, 0xA79E, 0xA79E, 0xA79E, 0xA79E, 0xA79E, 0xA79E, 0xA79E, 0xA79E,
  0xA79E, 0xA79E, 0xA79E, 0xA79E, 0xA79E, 0xA79E, 0xA79E, 0xA79E, 0xA79E, 0xA79E, 0xA79E, 0xA79E,
  0xA79E, 0xA79E, 0xA79E, 0xA79E, 0xA79E, 0xA79E, 0xA79E, 0xA79E, 0xA79E, 0xA79E, 0xA79E, 0xA79E,
  0xA79E, 0xA79E, 0xA79E, 0xA79E, 0xA79E, 0xA79E, 0xA79E, 0xA79E, 0xA79E, 0xA79E, 0xA79E, 0xA79E,
  0xA79E, 0xA79E, 0xA79E, 0xA79E, 0xA79E, 0xA79E, 0xA79E, 0xA79E, 0xA79E, 0xA79E, 0xA79E, 0xA79E,
  0xA79E, 0xA79E, 0xA79E, 0xA79E, 0xA79E, 0xA79E, 0xA79E, 0xA79E, 0xA79E, 0xA79E, 0xA79E, 0xA79E,
  0xA79E, 0xA79E, 0xA79E, 0xA79E, 0xA79E, 0xA79E, 0xA79E, 0xA79E, 0xA79E, 0xA79E, 0xA79E, 0xA79E,
  0xA79E, 0xA79E, 0xA79E, 0xA79E, 0xA79E, 0xA79E, 0xA79E, 0xA79E, 0xA79E, 0xFFFF, 0xFFFF, 0xFFFF,
  0xA79E, 0xA79E, 0xA79E, 0xA79E, 0xA79E, 0xA79E, 0xA79E, 0xA79E, 0xA79E, 0xA79E, 0xA79E, 0xA79E,
  0xA79E, 0xA79E, 0xA79E, 0xA79E, 0xA79E, 0xA79E, 0xA79E, 0xA79E, 0xA79E, 0xA79E, 0xA79E, 0xA79E,
  0xA79E, 0xA79E, 0xA79E, 0xA79E, 0xA79E, 0xA79E, 0xA79E, 0xA79E, 0xA79E, 0xA79E, 0xA79E, 0xA79E,
  0xA79E, 0xA79E, 0xA79E, 0xA79E, 0xA79E, 0xA79E, 0xA79E, 0xA79E, 0xA79E, 0xA79E, 0xA79E, 0xA79E,
  0xA79E, 0xA79E, 0xA79E, 0xA79E, 0xA79E, 0xA79E, 0xA79E, 0xA79E, 0xA79E, 0xA79E, 0xA79E, 0xA79E,
  0xA79E, 0xA79E, 0xA79E, 0xA79E, 0xA79E, 0xA79E, 0xA79E, 0xA79E, 0xA79E, 0xA79E, 0xA79E, 0xA79E,
  0xA79E, 0xA79E, 0xA79E, 0xA79E, 0xA79E, 0xA79E, 0xA79E, 0xA79E, 0xA79E, 0xA79E, 0xA79E, 0xA79E,
  0xA79E, 0xA79E, 0xA79E, 0xA79E, 0xA79E, 0xA79E, 0xA79E, 0xA79E, 0xA79E, 0xA79E, 0xA79E, 0xA79E,
  0xA79E, 0xA79E, 0xA79E, 0xA79E, 0xA79E, 0xA79E, 0xA79E, 0xA79E, 0xA79E, 0xA79E, 0xA79E, 0xA79E,
  0xA79E, 0xA79E, 0xA79E, 0xA79E, 0xA79E, 0xA79E, 0xA79E, 0xA79E, 0xA79E, 0xA79E, 0xA79E, 0xA79E,
  0xA79E, 0xA79E, 0xA79E, 0xA79E, 0xA79E, 0xA79E, 0xA79E, 0xA79E, 0xA79E, 0xA79E, 0xC77D, 0xC77D,
  0xC77D, 0xA79E, 0xA79E, 0xA79E, 0xA79E, 0xA79E, 0xA79E, 0xA79E, 0xA79E, 0xA79E, 0xA79E, 0xA79E,
  0xA79E, 0xA79E, 0xA79E, 0xA79E, 0xA79E, 0xA79E, 0xA79E, 0xA79E, 0xA79E, 0xA79E, 0xA79E, 0xA79E,
  0xA79E, 0xFFFF, 0xFFFF, 0xFFFF, 0xFFFF, 0xFFFF, 0xFFFF, 0xF75D, 0xF75D, 0xF75D, 0xF75D, 0xF75D,
  0xF75D, 0xF75D, 0xF75D, 0xF75D, 0xF75D, 0xF75D, 0xF75D, 0xF75D, 0xF75D, 0xF75D, 0xF75D, 0xF75D,
  0xF75D, 0xF75D, 0xF75D, 0xF75D, 0xF75D, 0xF75D, 0xF75D, 0xF75D, 0xF75D, 0xF75D, 0xF75D, 0xF75D,
  0xF75D, 0xDE59, 0xA79E, 0xA79E, 0xA79E, 0xA79E, 0xA79E, 0xA79E, 0xA79E, 0xA79E, 0xA79E, 0xA79E,
  0xA79E, 0xA79E, 0xA79E, 0xA79E, 0xA79E, 0xA79E, 0xA79E, 0xA79E, 0xA79E, 0xA79E, 0xA79E, 0xA79E,
  0xA79E, 0xA79E, 0xA79E, 0xA79E, 0xA79E, 0xA79E, 0xA79E, 0xA79E, 0xA79E, 0xA79E, 0xA79E, 0xA79E,
  0xA79E, 0xA79E, 0xA79E, 0xA79E, 0xA79E, 0xA79E, 0xA79E, 0xA79E, 0xA79E, 0xA79E, 0xA79E, 0xA79E,
  0xA79E, 0xA79E, 0xA79E, 0xA79E, 0xA79E, 0xA79E, 0xA79E, 0xA79E, 0xA79E, 0xA79E, 0xA79E, 0xA79E,
  0xA79E, 0xA79E, 0xA79E, 0xA79E, 0xA79E, 0xA79E, 0xA79E, 0xA79E, 0xA79E, 0xA79E, 0xA79E, 0xA79E,
  0xA79E, 0xA79E, 0xA79E, 0xA79E, 0xA79E, 0xA79E, 0xA79E, 0xA79E, 0xA79E, 0xA79E, 0xA79E, 0xA79E,
  0xA79E, 0xA79E, 0xA79E, 0xA79E, 0xFFFF, 0xFFFF, 0xFFFF, 0xFFFF, 0xF75D, 0xF75D, 0xF75D, 0xF75D,
  0xA79E, 0xA79E, 0xA79E, 0xA79E, 0xA79E, 0xA79E, 0xA79E, 0xA79E, 0xA79E, 0xA79E, 0xA79E, 0xF75D,
  0xF75D, 0xF75D, 0xF75D, 0xF75D, 0xF75D, 0xDE59, 0xA79E, 0xA79E, 0xA79E, 0xA79E, 0xA79E, 0xA79E,
  0xA79E, 0xA79E, 0xA79E, 0xA79E, 0xA79E, 0xA79E, 0xA79E, 0xA79E, 0xA79E, 0xA79E, 0xA79E, 0xA79E,
  0xA79E, 0xA79E, 0xA79E, 0xA79E, 0xA79E, 0xA79E, 0xA79E, 0xA79E, 0xA79E, 0xA79E, 0xA79E, 0xA79E,
  0xA79E, 0xA79E, 0xA79E, 0xA79E, 0xA79E, 0xA79E, 0xA79E, 0xA79E, 0xA79E, 0xA79E, 0xA79E, 0xA79E,
  0xA79E, 0xA79E, 0xA79E, 0xA79E, 0xA79E, 0xA79E, 0xA79E, 0xA79E, 0xA79E, 0xA79E, 0xA79E, 0xA79E,
  0xA79E, 0xA79E, 0xA79E, 0xA79E, 0xA79E, 0xA79E, 0xA79E, 0xA79E, 0xA79E, 0xA79E, 0xA79E, 0xA79E,
  0xA79E, 0xA79E, 0xA79E, 0xA79E, 0xA79E, 0xA79E, 0xA79E, 0xA79E, 0xA79E, 0xA79E, 0xA79E, 0xA79E,
  0xA79E, 0xA79E, 0xA79E, 0xA79E, 0xA79E, 0xA79E, 0xA79E, 0xA79E, 0xA79E, 0xA79E, 0xA79E, 0xA79E,
  0xA79E, 0xA79E, 0xA79E, 0xA79E, 0xA79E, 0xA79E, 0xA79E, 0xA79E, 0xA79E, 0xA79E, 0xA79E, 0xA79E,
  0xA79E, 0xA79E, 0xA79E, 0xA79E, 0xA79E, 0xA79E, 0xA79E, 0xA79E, 0xC77D, 0xC77D, 0xC77D, 0xA79E,
  0xA79E, 0xA79E, 0xA79E, 0xA79E, 0xA79E, 0xA79E, 0xA79E, 0xA79E, 0xA79E, 0xA79E, 0xA79E, 0xA79E,
  0xA79E, 0xA79E, 0xA79E, 0xA79E, 0xA79E, 0xA79E, 0xA79E, 0xA79E, 0xA79E, 0xA79E, 0xFFFF, 0xFFFF,
  0xFFFF, 0xFFFF, 0xFFFF, 0xFFFF, 0xF75D, 0xF75D, 0xF75D, 0xF75D, 0xF75D, 0xF75D, 0xF75D, 0xF75D,
  0xF75D, 0xF75D, 0xF75D, 0xF75D, 0xF75D, 0xF75D, 0xF75D, 0xF75D, 0xF75D, 0xF75D, 0xF75D, 0xF75D,
  0xF75D, 0xF75D, 0xF75D, 0xF75D, 0xF75D, 0xF75D, 0xF75D, 0xF75D, 0xF75D, 0xF75D, 0xF75D, 0xDE59,
  0xDE59, 0xA79E, 0xA79E, 0xA79E, 0xA79E, 0xA79E, 0xA79E, 0xA79E, 0xA79E, 0xA79E, 0xA79E, 0xA79E,
  0xA79E, 0xA79E, 0xA79E, 0xA79E, 0xA79E, 0xA79E, 0xA79E, 0xA79E, 0xA79E, 0xA79E, 0xA79E, 0xA79E,
  0xA79E, 0xA79E, 0xA79E, 0xA79E, 0xA79E, 0xA79E, 0xA79E, 0xA79E, 0xA79E, 0xA79E, 0xA79E, 0xA79E,
  0xA79E, 0xA79E, 0xA79E, 0xA79E, 0xA79E, 0xA79E, 0xA79E, 0xA79E, 0xA79E, 0xA79E, 0xA79E, 0xA79E,
  0xA79E, 0xA79E, 0xA79E, 0xA79E, 0xA79E, 0xA79E, 0xA79E, 0xA79E, 0xA79E, 0xA79E, 0xA79E, 0xA79E,
  0xA79E, 0xA79E, 0xA79E, 0xA79E, 0xA79E, 0xA79E, 0xA79E, 0xA79E, 0xA79E, 0xA79E, 0xA79E, 0xA79E,
  0xA79E, 0xA79E, 0xA79E, 0xA79E, 0xA79E, 0xA79E, 0xA79E, 0xA79E, 0xA79E, 0xA79E, 0xA79E, 0xA79E,
  0xA79E, 0xFFFF, 0xFFFF, 0xFFFF, 0xFFFF, 0xF75D, 0xF75D, 0xF75D, 0xF75D, 0xF75D, 0xF75D, 0xA79E,
  0xA79E, 0xA79E, 0xA79E, 0xA79E, 0xA79E, 0xA79E, 0xA79E, 0xF75D, 0xF75D, 0xF75D, 0xF75D, 0xF75D,
  0xF75D, 0xF75D, 0xF75D, 0xF75D, 0xDE59, 0xA79E, 0xA79E, 0xA79E, 0xA79E, 0xA79E, 0xA79E, 0xA79E,
  0xA79E, 0xA79E, 0xA79E, 0xA79E, 0xA79E, 0xA79E, 0xA79E, 0xA79E, 0xA79E, 0xA79E, 0xA79E, 0xA79E,
  0xA79E, 0xA79E, 0xA79E, 0xA79E, 0xA79E, 0xA79E, 0xA79E, 0xA79E, 0xA79E, 0xA79E, 0xA79E, 0xA79E,
  0xA79E, 0xA79E, 0xA79E, 0xA79E, 0xA79E, 0xA79E, 0xA79E, 0xA79E, 0xA79E, 0xA79E, 0xA79E, 0xA79E,
  0xA79E, 0xA79E, 0xA79E, 0xA79E, 0xA79E, 0xA79E, 0xA79E, 0xA79E, 0xA79E, 0xA79E, 0xA79E, 0xA79E,
  0xA79E, 0xA79E, 0xA79E, 0xA79E, 0xA79E, 0xA79E, 0xA79E, 0xA79E, 0xA79E, 0xA79E, 0xA79E, 0xA79E,
  0xA79E, 0xA79E, 0xA79E, 0xA79E, 0xA79E, 0xA79E, 0xA79E, 0xA79E, 0xA79E, 0xA79E, 0xA79E, 0xA79E,
  0xA79E, 0xA79E, 0xA79E, 0xA79E, 0xA79E, 0xA79E, 0xA79E, 0xA79E, 0xA79E, 0xA79E, 0xA79E, 0xA79E,
  0xA79E, 0xA79E, 0xA79E, 0xA79E, 0xA79E, 0xA79E, 0xA79E, 0xA79E, 0xA79E, 0xA79E, 0xA79E, 0xA79E,
  0xA79E, 0xA79E, 0xA79E, 0xA79E, 0xA79E, 0xA79E, 0xC77D, 0xC77D, 0xC77D, 0xA79E, 0xA79E, 0xA79E,
  0xA79E, 0xA79E, 0xA79E, 0xA79E, 0xA79E, 0xA79E, 0xA79E, 0xA79E, 0xA79E, 0xA79E, 0xA79E, 0xA79E,
  0xA79E, 0xA79E, 0xA79E, 0xA79E, 0xA79E, 0xA79E, 0xA79E, 0xA79E, 0xFFFF, 0xFFFF, 0xFFFF, 0xFFFF,
  0xF75D, 0xF75D, 0xF75D, 0xF75D, 0xF75D, 0xF75D, 0xF75D, 0xF75D, 0xF75D, 0xF75D, 0xF75D, 0xF75D,
  0xF75D, 0xF75D, 0xF75D, 0xF75D, 0xF75D, 0xF75D, 0xF75D, 0xF75D, 0xF75D, 0xF75D, 0xF75D, 0xF75D,
  0xF75D, 0xF75D, 0xF75D, 0xF75D, 0xF75D, 0xF75D, 0xF75D, 0xF75D, 0xDE59, 0xDE59, 0xDE59, 0xA79E,
  0xA79E, 0xA79E, 0xA79E, 0xA79E, 0xA79E, 0xA79E, 0xA79E, 0xA79E, 0xA79E, 0xA79E, 0xA79E, 0xA79E,
  0xA79E, 0xA79E, 0xA79E, 0xA79E, 0xA79E, 0xA79E, 0xA79E, 0xA79E, 0xA79E, 0xA79E, 0xA79E, 0xA79E,
  0xA79E, 0xA79E, 0xA79E, 0xA79E, 0xA79E, 0xA79E, 0xA79E, 0xA79E, 0xA79E, 0xA79E, 0xA79E, 0xA79E,
  0xA79E, 0xA79E, 0xA79E, 0xA79E, 0xA79E, 0xA79E, 0xA79E, 0xA79E, 0xA79E, 0xA79E, 0xA79E, 0xA79E,
  0xA79E, 0xA79E, 0xA79E, 0xA79E, 0xA79E, 0xA79E, 0xA79E, 0xA79E, 0xA79E, 0xA79E, 0xA79E, 0xA79E,
  0xA79E, 0xA79E, 0xA79E, 0xA79E, 0xA79E, 0xA79E, 0xA79E, 0xA79E, 0xA79E, 0xA79E, 0xA79E, 0xA79E,
  0xA79E, 0xA79E, 0xA79E, 0xA79E, 0xA79E, 0xA79E, 0xA79E, 0xA79E, 0xA79E, 0xA79E, 0xFFFF, 0xFFFF,
  0xFFFF, 0xF75D, 0xF75D, 0xF75D, 0xF75D, 0xF75D, 0xF75D, 0xF75D, 0xF75D, 0xF75D, 0xF75D, 0xF75D,
  0xF75D, 0xF75D, 0xF75D, 0xF75D, 0xF75D, 0xF75D, 0xF75D, 0xF75D, 0xF75D, 0xF75D, 0xF75D, 0xF75D,
  0xF75D, 0xF75D, 0xDE59, 0xDE59, 0xA79E, 0xA79E, 0xA79E, 0xA79E, 0xA79E, 0xA79E, 0xA79E, 0xA79E,
  0xA79E, 0xA79E, 0xA79E, 0xA79E, 0xA79E, 0xA79E, 0xA79E, 0xA79E, 0xA79E, 0xA79E, 0xA79E, 0xA79E,
  0xA79E, 0xA79E, 0xA79E, 0xA79E, 0xA79E, 0xA79E, 0xA79E, 0xA79E, 0xA79E, 0xA79E, 0xA79E, 0xA79E,
  0xA79E, 0xA79E, 0xA79E, 0xA79E, 0xA79E, 0xA79E, 0xA79E, 0xA79E, 0xA79E, 0xA79E, 0xA79E, 0xA79E,
  0xA79E, 0xA79E, 0xA79E, 0xA79E, 0xA79E, 0xA79E, 0xA79E, 0xA79E, 0xA79E, 0xA79E, 0xA79E, 0xA79E,
  0xA79E, 0xA79E, 0xA79E, 0xA79E, 0xA79E, 0xA79E, 0xA79E, 0xA79E, 0xA79E, 0xA79E, 0xA79E, 0xA79E,
  0xA79E, 0xA79E, 0xA79E, 0xA79E, 0xA79E, 0xA79E, 0xA79E, 0xA79E, 0xA79E, 0xA79E, 0xA79E, 0xA79E,
  0xA79E, 0xA79E, 0xA79E, 0xA79E, 0xA79E, 0xA79E, 0xA79E, 0xA79E, 0xA79E, 0xA79E, 0xA79E, 0xA79E,
  0xA79E, 0xA79E, 0xA79E, 0xA79E, 0xA79E, 0xA79E, 0xA79E, 0xA79E, 0xA79E, 0xA79E, 0xA79E, 0xA79E,
  0xA79E, 0xA79E, 0xA79E, 0xA79E, 0xC77D, 0xC77D, 0xC77D, 0xA79E, 0xA79E, 0xA79E, 0xA79E, 0xA79E,
  0xA79E, 0xA79E, 0xA79E, 0xA79E, 0xA79E, 0xA79E, 0xA79E, 0xA79E, 0xA79E, 0xA79E, 0xA79E, 0xA79E,
  0xA79E, 0xA79E, 0xA79E, 0xA79E, 0xA79E, 0xA79E, 0xFFFF, 0xFFFF, 0xFFFF, 0xF75D, 0xF75D, 0xF75D,
  0xF75D, 0xF75D, 0xF75D, 0xF75D, 0xF75D, 0xF75D, 0xF75D, 0xF75D, 0xF75D, 0xF75D, 0xF75D, 0xF75D,
  0xF75D, 0xF75D, 0xF75D, 0xF75D, 0xF75D, 0xF75D, 0xF75D, 0xF75D, 0xF75D, 0xF75D, 0xF75D, 0xF75D,
  0xF75D, 0xF75D, 0xF75D, 0xF75D, 0xDE59, 0xDE59, 0xDE59, 0xDE59, 0xA79E, 0xA79E, 0xA79E, 0xA79E,
  0xA79E, 0xA79E, 0xA79E, 0xA79E, 0xA79E, 0xA79E, 0xA79E, 0xA79E, 0xA79E, 0xA79E, 0xA79E, 0xA79E,
  0xA79E, 0xA79E, 0xA79E, 0xA79E, 0xA79E, 0xA79E, 0xA79E, 0xA79E, 0xA79E, 0xA79E, 0xA79E, 0xA79E,
  0xA79E, 0xA79E, 0xA79E, 0xA79E, 0xA79E, 0xA79E, 0xA79E, 0xA79E, 0xA79E, 0xA79E, 0xA79E, 0xA79E,
  0xA79E, 0xA79E, 0xA79E, 0xA79E, 0xA79E, 0xA79E, 0xA79E, 0xA79E, 0xA79E, 0xA79E, 0xA79E, 0xA79E,
  0xA79E, 0xA79E, 0xA79E, 0xA79E, 0xA79E, 0xA79E, 0xA79E, 0xA79E, 0xA79E, 0xA79E, 0xA79E, 0xA79E,
  0xA79E, 0xA79E, 0xA79E, 0xA79E, 0xA79E, 0xA79E, 0xA79E, 0xA79E, 0xA79E, 0xA79E, 0xA79E, 0xA79E,
  0xA79E, 0xA79E, 0xA79E, 0xA79E, 0xA79E, 0xA79E, 0xA79E, 0xA79E, 0xFFFF, 0xFFFF, 0xF75D, 0xF75D,
  0xF75D, 0xF75D, 0xF75D, 0xF75D, 0xF75D, 0xF75D, 0xF75D, 0xF75D, 0xF75D, 0xF75D, 0xF75D, 0xF75D,
  0xF75D, 0xF75D, 0xF75D, 0xF75D, 0xF75D, 0xF75D, 0xF75D, 0xF75D, 0xF75D, 0xF75D, 0xF75D, 0xF75D,
  0xF75D, 0xDE59, 0xA79E, 0xA79E, 0xA79E, 0xA79E, 0xA79E, 0xA79E, 0xA79E, 0xA79E, 0xA79E, 0xA79E,
  0xA79E, 0xA79E, 0xA79E, 0xA79E, 0xA79E, 0xA79E, 0xA79E, 0xA79E, 0xA79E, 0xA79E, 0xA79E, 0xA79E,
  0xA79E, 0xA79E, 0xA79E, 0xA79E, 0xA79E, 0xA79E, 0xA79E, 0xA79E, 0xA79E, 0xA79E, 0xA79E, 0xA79E,
  0xA79E, 0xA79E, 0xA79E, 0xFFFF, 0xFFFF, 0xFFFF, 0xFFFF, 0xF75D, 0xF75D, 0xF75D, 0xF75D, 0xF75D,
  0xF75D, 0xA79E, 0xA79E, 0xA79E, 0xA79E, 0xA79E, 0xA79E, 0xA79E, 0xA79E, 0xA79E, 0xA79E, 0xA79E,
  0xA79E, 0xA79E, 0xA79E, 0xA79E, 0xA79E, 0xA79E, 0xA79E, 0xA79E, 0xA79E, 0xA79E, 0xA79E, 0xA79E,
  0xA79E, 0xA79E, 0xA79E, 0xA79E, 0xA79E, 0xA79E, 0xA79E, 0xA79E, 0xA79E, 0xA79E, 0xA79E, 0xA79E,
  0xA79E, 0xA79E, 0xA79E, 0xA79E, 0xA79E, 0xA79E, 0xA79E, 0xA79E, 0xA79E, 0xA79E, 0xA79E, 0xA79E,
  0xA79E, 0xA79E, 0xA79E, 0xA79E, 0xA79E, 0xA79E, 0xA79E, 0xA79E, 0xA79E, 0xA79E, 0xA79E, 0xA79E,
  0xA79E, 0xA79E, 0xC77D, 0xC77D, 0xA79E, 0xA79E, 0xA79E, 0xA79E, 0xA79E, 0xA79E, 0xA79E, 0xA79E,
  0xA79E, 0xA79E, 0xA79E, 0xA79E, 0xA79E, 0xA79E, 0xA79E, 0xA79E, 0xA79E, 0xA79E, 0xA79E, 0xA79E,
  0xA79E, 0xA79E, 0xA79E, 0xA79E, 0xFFFF, 0xFFFF, 0xF75D, 0xF75D, 0xF75D, 0xF75D, 0xF75D, 0xF75D,
  0xF75D, 0xF75D, 0xF75D, 0xF75D, 0xF75D, 0xF75D, 0xF75D, 0xF75D, 0xF75D, 0xF75D, 0xF75D, 0xF75D,
  0xF75D, 0xF75D, 0xF75D, 0xF75D, 0xF75D, 0xF75D, 0xF75D, 0xF75D, 0xF75D, 0xF75D, 0xF75D, 0xF75D,
  0xF75D, 0xDE59, 0xDE59, 0xDE59, 0xDE59, 0xDE59, 0xA79E, 0xA79E, 0xA79E, 0xA79E, 0xA79E, 0xA79E,
  0xA79E, 0xA79E, 0xA79E, 0xA79E, 0xA79E, 0xA79E, 0xA79E, 0xA79E, 0xA79E, 0xA79E, 0xA79E, 0xA79E,
  0xA79E, 0xA79E, 0xA79E, 0xA79E, 0xA79E, 0xA79E, 0xA79E, 0xA79E, 0xA79E, 0xA79E, 0xA79E, 0xA79E,
  0xA79E, 0xA79E, 0xA79E, 0xA79E, 0xA79E, 0xA79E, 0xA79E, 0xA79E, 0xA79E, 0xA79E, 0xA79E, 0xA79E,
  0xA79E, 0xA79E, 0xA79E, 0xA79E, 0xA79E, 0xA79E, 0xA79E, 0xA79E, 0xA79E, 0xA79E, 0xA79E, 0xA79E,
  0xA79E, 0xA79E, 0xA79E, 0xA79E, 0xA79E, 0xA79E, 0xA79E, 0xA79E, 0xA79E, 0xA79E, 0xA79E, 0xA79E,
  0xA79E, 0xA79E, 0xA79E, 0xA79E, 0xA79E, 0xA79E, 0xA79E, 0xA79E, 0xA79E, 0xA79E, 0xA79E, 0xA79E,
  0xA79E, 0xA79E, 0xA79E, 0xA79E, 0xA79E, 0xA79E, 0xFFFF, 0xFFFF, 0xF75D, 0xF75D, 0xF75D, 0xF75D,
  0xF75D, 0xF75D, 0xF75D, 0xF75D, 0xF75D, 0xF75D, 0xF75D, 0xF75D, 0xF75D, 0xF75D, 0xF75D, 0xF75D,
  0xF75D, 0xF75D, 0xF75D, 0xF75D, 0xF75D, 0xF75D, 0xF75D, 0xF75D, 0xF75D, 0xF75D, 0xF75D, 0xDE59,
  0xA79E, 0xA79E, 0xA79E, 0xA79E, 0xA79E, 0xA79E, 0xA79E, 0xA79E, 0xA79E, 0xA79E, 0xA79E, 0xA79E,
  0xA79E, 0xA79E, 0xA79E, 0xA79E, 0xA79E, 0xA79E, 0xA79E, 0xA79E, 0xA79E, 0xA79E, 0xA79E, 0xA79E,
  0xA79E, 0xA79E, 0xA79E, 0xA79E, 0xA79E, 0xA79E, 0xA79E, 0xA79E, 0xA79E, 0xA79E, 0xA79E, 0xA79E,
  0xFFFF, 0xFFFF, 0xF75D, 0xF75D, 0xF75D, 0xF75D, 0xF75D, 0xF75D, 0xF75D, 0xF75D, 0xF75D, 0xF75D,
  0xF75D, 0xA79E, 0xA79E, 0xA79E, 0xA79E, 0xA79E, 0xA79E, 0xA79E, 0xA79E, 0xA79E, 0xA79E, 0xA79E,
  0xA79E, 0xA79E, 0xA79E, 0xA79E, 0xA79E, 0xA79E, 0xA79E, 0xA79E, 0xA79E, 0xA79E, 0xA79E, 0xA79E,
  0xA79E, 0xA79E, 0xA79E, 0xA79E, 0xA79E, 0xA79E, 0xA79E, 0xA79E, 0xA79E, 0xA79E, 0xA79E, 0xA79E,
  0xA79E, 0xA79E, 0xA79E, 0xA79E, 0xA79E, 0xA79E, 0xA79E, 0xA79E, 0xA79E, 0xA79E, 0xA79E, 0xA79E,
  0xA79E, 0xA79E, 0xA79E, 0xA79E, 0xA79E, 0xA79E, 0xA79E, 0xA79E, 0xA79E, 0xA79E, 0xA79E, 0xA79E,
  0xC77D, 0xC77D, 0xA79E, 0xA79E, 0xA79E, 0xA79E, 0xA79E, 0xA79E, 0xA79E, 0xA79E, 0xA79E, 0xA79E,
  0xA79E, 0xA79E, 0xA79E, 0xA79E, 0xA79E, 0xA79E, 0xA79E, 0xA79E, 0xA79E, 0xA79E, 0xA79E, 0xA79E,
  0xA79E, 0xA79E, 0xF75D, 0xF75D, 0xF75D, 0xF75D, 0xF75D, 0xF75D, 0xF75D, 0xF75D, 0xF75D, 0xF75D,
  0xF75D, 0xF75D, 0xF75D, 0xF75D, 0xF75D, 0xF75D, 0xF75D, 0xF75D, 0xF75D, 0xF75D, 0xF75D, 0xF75D,
  0xF75D, 0xF75D, 0xF75D, 0xF75D, 0xF75D, 0xF75D, 0xF75D, 0xF75D, 0xDE59, 0xDE59, 0xDE59, 0xDE59,
  0xDE59, 0xDE59, 0xDE59, 0xA79E, 0xA79E, 0xA79E, 0xA79E, 0xA79E, 0xA79E, 0xA79E, 0xA79E, 0xA79E,
  0xA79E, 0xA79E, 0xA79E, 0xA79E, 0xA79E, 0xA79E, 0xA79E, 0xA79E, 0xA79E, 0xA79E, 0xA79E, 0xA79E,
  0xA79E, 0xA79E, 0xA79E, 0xA79E, 0xA79E, 0xA79E, 0xA79E, 0xA79E, 0xA79E, 0xA79E, 0xA79E, 0xA79E,
  0xA79E, 0xA79E, 0xA79E, 0xA79E, 0xA79E, 0xA79E, 0xA79E, 0xA79E, 0xA79E, 0xA79E, 0xA79E, 0xA79E,
  0xA79E, 0xA79E, 0xA79E, 0xA79E, 0xA79E, 0xA79E, 0xA79E, 0xA79E, 0xA79E, 0xA79E, 0xA79E, 0xA79E,
  0xA79E, 0xA79E, 0xA79E, 0xA79E, 0xA79E, 0xA79E, 0xA79E, 0xA79E, 0xA79E, 0xA79E, 0xA79E, 0xA79E,
  0xA79E, 0xA79E, 0xA79E, 0xA79E, 0xA79E, 0xA79E, 0xA79E, 0xA79E, 0xA79E, 0xA79E, 0xA79E, 0xA79E,
  0xA79E, 0xA79E, 0xA79E, 0xA79E, 0xA79E, 0xFFFF, 0xF75D, 0xF75D, 0xF75D, 0xF75D, 0xF75D, 0xF75D,
  0xF75D, 0xF75D, 0xF75D, 0xF75D, 0xF75D, 0xF75D, 0xF75D, 0xF75D, 0xF75D, 0xF75D, 0xF75D, 0xF75D,
  0xF75D, 0xF75D, 0xF75D, 0xF75D, 0xF75D, 0xF75D, 0xF75D, 0xDE59, 0xDE59, 0xDE59, 0xA79E, 0xA79E,
  0xA79E, 0xA79E, 0xA79E, 0xA79E, 0xA79E, 0xA79E, 0xA79E, 0xA79E, 0xA79E, 0xA79E, 0xA79E, 0xA79E,
  0xA79E, 0xA79E, 0xA79E, 0xA79E, 0xA79E, 0xA79E, 0xA79E, 0xA79E, 0xA79E, 0xA79E, 0xA79E, 0xA79E,
  0xA79E, 0xA79E, 0xA79E, 0xA79E, 0xA79E, 0xA79E, 0xA79E, 0xA79E, 0xA79E, 0xFFFF, 0xFFFF, 0xF75D,
  0xF75D, 0xF75D, 0xF75D, 0xF75D, 0xF75D, 0xF75D, 0xF75D, 0xF75D, 0xF75D, 0xF75D, 0xF75D, 0xF75D,
  0xF75D, 0xF75D, 0xF75D, 0xF75D, 0xF75D, 0xF75D, 0xF75D, 0xF75D, 0xF75D, 0xF75D, 0xF75D, 0xF75D,
  0xF75D, 0xA79E, 0xA79E, 0xA79E, 0xA79E, 0xA79E, 0xA79E, 0xA79E, 0xA79E, 0xA79E, 0xA79E, 0xA79E,
  0xA79E, 0xA79E, 0xA79E, 0xA79E, 0xA79E, 0xA79E, 0xA79E, 0xA79E, 0xA79E, 0xA79E, 0xA79E, 0xA79E,
  0xA79E, 0xA79E, 0xA79E, 0xA79E, 0xA79E, 0xA79E, 0xA79E, 0xA79E, 0xA79E, 0xA79E, 0xA79E, 0xA79E,
  0xA79E, 0xA79E, 0xA79E, 0xA79E, 0xA79E, 0xA79E, 0xA79E, 0xA79E, 0xA79E, 0xA79E, 0xC77D, 0xC77D,
  0xA79E, 0xA79E, 0xA79E, 0xA79E, 0xA79E, 0xA79E, 0xA79E, 0xA79E, 0xA79E, 0xA79E, 0xA79E, 0xA79E,
  0xA79E, 0xA79E, 0xA79E, 0xA79E, 0xA79E, 0xA79E, 0xA79E, 0xA79E, 0xA79E, 0xA79E, 0xA79E, 0xA79E,
  0xA79E, 0xF75D, 0xF75D, 0xF75D, 0xF75D, 0xF75D, 0xF75D, 0xF75D, 0xF75D, 0xF75D, 0xF75D, 0xF75D,
  0xF75D, 0xF75D, 0xF75D, 0xF75D, 0xF75D, 0xF75D, 0xF75D, 0xF75D, 0xF75D, 0xF75D, 0xF75D, 0xF75D,
  0xF75D, 0xF75D, 0xF75D, 0xDE59, 0xDE59, 0xDE59, 0xDE59, 0xDE59, 0xDE59, 0xDE59, 0xDE59, 0xDE59,
  0xA79E, 0xA79E, 0xA79E, 0xA79E, 0xA79E, 0xA79E, 0xA79E, 0xA79E, 0xA79E, 0xA79E, 0xA79E, 0xA79E,
  0xA79E, 0xA79E, 0xA79E, 0xA79E, 0xA79E, 0xA79E, 0xA79E, 0xA79E, 0xA79E, 0xA79E, 0xA79E, 0xA79E,
  0xA79E, 0xA79E, 0xA79E, 0xA79E, 0xA79E, 0xA79E, 0xA79E, 0xA79E, 0xA79E, 0xA79E, 0xA79E, 0xA79E,
  0xA79E, 0xA79E, 0xA79E, 0xA79E, 0xA79E, 0xA79E, 0xA79E, 0xA79E, 0xA79E, 0xA79E, 0xA79E, 0xA79E,
  0xA79E, 0xA79E, 0xA79E, 0xA79E, 0xA79E, 0xA79E, 0xA79E, 0xA79E, 0xA79E, 0xA79E, 0xA79E, 0xA79E,
  0xA79E, 0xA79E, 0xA79E, 0xA79E, 0xA79E, 0xA79E, 0xA79E, 0xA79E, 0xA79E, 0xA79E, 0xA79E, 0xA79E,
  0xA79E, 0xA79E, 0xA79E, 0xA79E, 0xA79E, 0xA79E, 0xA79E, 0xA79E, 0xA79E, 0xA79E, 0xA79E, 0xA79E,
  0xA79E, 0xA79E, 0xA79E, 0xA79E, 0xF75D, 0xF75D, 0xF75D, 0xF75D, 0xF75D, 0xF75D, 0xF75D, 0xF75D,
  0xF75D, 0xF75D, 0xF75D, 0xF75D, 0xF75D, 0xF75D, 0xF75D, 0xF75D, 0xF75D, 0xF75D, 0xF75D, 0xF75D,
  0xDE59, 0xDE59, 0xDE59, 0xDE59, 0xDE59, 0xDE59, 0xDE59, 0xA79E, 0xA79E, 0xA79E, 0xA79E, 0xA79E,
  0xA79E, 0xA79E, 0xA79E, 0xA79E, 0xA79E, 0xA79E, 0xA79E, 0xA79E, 0xA79E, 0xA79E, 0xA79E, 0xA79E,
  0xA79E, 0xA79E, 0xA79E, 0xA79E, 0xA79E, 0xA79E, 0xA79E, 0xA79E, 0xA79E, 0xA79E, 0xA79E, 0xA79E,
  0xA79E, 0xA79E, 0xA79E, 0xA79E, 0xA79E, 0xA79E, 0xFFFF, 0xFFFF, 0xF75D, 0xF75D, 0xF75D, 0xF75D,
  0xF75D, 0xF75D, 0xF75D, 0xF75D, 0xF75D, 0xF75D, 0xF75D, 0xF75D, 0xF75D, 0xF75D, 0xF75D, 0xF75D,
  0xF75D, 0xF75D, 0xF75D, 0xF75D, 0xF75D, 0xF75D, 0xF75D, 0xF75D, 0xF75D, 0xF75D, 0xF75D, 0xF75D,
  0xA79E, 0xA79E, 0xA79E, 0xA79E, 0xA79E, 0xA79E, 0xA79E, 0xA79E, 0xA79E, 0xA79E, 0xA79E, 0xA79E,
  0xA79E, 0xA79E, 0xA79E, 0xA79E, 0xA79E, 0xA79E, 0xA79E, 0xA79E, 0xA79E, 0xA79E, 0xA79E, 0xA79E,
  0xA79E, 0xA79E, 0xA79E, 0xA79E, 0xA79E, 0xA79E, 0xA79E, 0xA79E, 0xA79E, 0xA79E, 0xA79E, 0xA79E,
  0xA79E, 0xA79E, 0xA79E, 0xA79E, 0xA79E, 0xA79E, 0xA79E, 0xA79E, 0xC77D, 0xA79E, 0xA79E, 0xA79E,
  0xA79E, 0xA79E, 0xA79E, 0xA79E, 0xA79E, 0xA79E, 0xA79E, 0xA79E, 0xA79E, 0xA79E, 0xA79E, 0xA79E,
  0xA79E, 0xA79E, 0xA79E, 0xA79E, 0xA79E, 0xA79E, 0xA79E, 0xA79E, 0xA79E, 0xA79E, 0xA79E, 0xA79E,
  0xA79E, 0xA79E, 0xA79E, 0xA79E, 0xA79E, 0xF75D, 0xF75D, 0xF75D, 0xF75D, 0xF75D, 0xF75D, 0xF75D,
  0xF75D, 0xF75D, 0xF75D, 0xF75D, 0xF75D, 0xF75D, 0xF75D, 0xF75D, 0xF75D, 0xF75D, 0xDE59, 0xDE59,
  0xDE59, 0xDE59, 0xDE59, 0xDE59, 0xDE59, 0xDE59, 0xDE59, 0xA79E, 0xA79E, 0xA79E, 0xA79E, 0xA79E,
  0xA79E, 0xA79E, 0xA79E, 0xA79E, 0xA79E, 0xA79E, 0xA79E, 0xA79E, 0xA79E, 0xA79E, 0xA79E, 0xA79E,
  0xA79E, 0xA79E, 0xA79E, 0xA79E, 0xA79E, 0xA79E, 0xA79E, 0xA79E, 0xA79E, 0xA79E, 0xA79E, 0xA79E,
  0xA79E, 0xA79E, 0xA79E, 0xA79E, 0xA79E, 0xA79E, 0xA79E, 0xA79E, 0xA79E, 0xA79E, 0xA79E, 0xA79E,
  0xA79E, 0xA79E, 0xA79E, 0xA79E, 0xA79E, 0xA79E, 0xA79E, 0xA79E, 0xA79E, 0xA79E, 0xA79E, 0xA79E,
  0xA79E, 0xA79E, 0xA79E, 0xA79E, 0xA79E, 0xA79E, 0xA79E, 0xA79E, 0xA79E, 0xA79E, 0xA79E, 0xA79E,
  0xA79E, 0xA79E, 0xA79E, 0xA79E, 0xA79E, 0xA79E, 0xA79E, 0xA79E, 0xA79E, 0xA79E, 0xA79E, 0xA79E,
  0xA79E, 0xA79E, 0xA79E, 0xA79E, 0xA79E, 0xA79E, 0xA79E, 0xA79E, 0xA79E, 0xA79E, 0xA79E, 0xA79E,
  0xA79E, 0xA79E, 0xA79E, 0xF75D, 0xF75D, 0xF75D, 0xF75D, 0xF75D, 0xF75D, 0xF75D, 0xF75D, 0xF75D,
  0xF75D, 0xF75D, 0xF75D, 0xF75D, 0xF75D, 0xDE59, 0xDE59, 0xDE59, 0xDE59, 0xDE59, 0xDE59, 0xDE59,
  0xDE59, 0xA79E, 0xA79E, 0xA79E, 0xA79E, 0xA79E, 0xA79E, 0xA79E, 0xA79E, 0xA79E, 0xA79E, 0xA79E,
  0xA79E, 0xA79E, 0xA79E, 0xA79E, 0xA79E, 0xA79E, 0xA79E, 0xA79E, 0xA79E, 0xA79E, 0xA79E, 0xA79E,
  0xA79E, 0xA79E, 0xA79E, 0xA79E, 0xA79E, 0xA79E, 0xA79E, 0xA79E, 0xA79E, 0xA79E, 0xA79E, 0xA79E,
  0xA79E, 0xA79E, 0xA79E, 0xFFFF, 0xFFFF, 0xF75D, 0xF75D, 0xF75D, 0xF75D, 0xF75D, 0xF75D, 0xF75D,
  0xF75D, 0xF75D, 0xF75D, 0xF75D, 0xF75D, 0xF75D, 0xF75D, 0xF75D, 0xF75D, 0xF75D, 0xF75D, 0xF75D,
  0xF75D, 0xF75D, 0xF75D, 0xF75D, 0xF75D, 0xF75D, 0xF75D, 0xF75D, 0xF75D, 0xF75D, 0xDE59, 0xA79E,
  0xA79E, 0xA79E, 0xA79E, 0xA79E, 0xA79E, 0xA79E, 0xA79E, 0xA79E, 0xA79E, 0xA79E, 0xA79E, 0xA79E,
  0xA79E, 0xA79E, 0xA79E, 0xA79E, 0xA79E, 0xA79E, 0xA79E, 0xA79E, 0xA79E, 0xA79E, 0xA79E, 0xA79E,
  0xA79E, 0xA79E, 0xA79E, 0xA79E, 0xA79E, 0xA79E, 0xA79E, 0xA79E, 0xA79E, 0xA79E, 0xA79E, 0xA79E,
  0xA79E, 0xA79E, 0xA79E, 0xA79E, 0xA79E, 0xA79E, 0xC77D, 0xA79E, 0xA79E, 0xA79E, 0xA79E, 0xA79E,
  0xA79E, 0xA79E, 0xA79E, 0xA79E, 0xA79E, 0xA79E, 0xA79E, 0xA79E, 0xA79E, 0xA79E, 0xA79E, 0xA79E,
  0xA79E, 0xA79E, 0xA79E, 0xA79E, 0xA79E, 0xA79E, 0xA79E, 0xA79E, 0xA79E, 0xA79E, 0xA79E, 0xA79E,
  0xA79E, 0xA79E, 0xA79E, 0xA79E, 0xA79E, 0xF75D, 0xF75D, 0xF75D, 0xF75D, 0xF75D, 0xA79E, 0xA79E,
  0xA79E, 0xA79E, 0xA79E, 0xA79E, 0xA79E, 0xA79E, 0xA79E, 0xA79E, 0xDE59, 0xDE59, 0xDE59, 0xDE59,
  0xA79E, 0xA79E, 0xA79E, 0xA79E, 0xA79E, 0xA79E, 0xA79E, 0xA79E, 0xA79E, 0xA79E, 0xA79E, 0xA79E,
  0xA79E, 0xA79E, 0xA79E, 0xA79E, 0xA79E, 0xA79E, 0xA79E, 0xA79E, 0xA79E, 0xA79E, 0xA79E, 0xA79E,
  0xA79E, 0xA79E, 0xA79E, 0xA79E, 0xA79E, 0xA79E, 0xA79E, 0xA79E, 0xA79E, 0xA79E, 0xA79E, 0xA79E,
  0xA79E, 0xA79E, 0xA79E, 0xA79E, 0xA79E, 0xA79E, 0xA79E, 0xA79E, 0xA79E, 0xA79E, 0xA79E, 0xA79E,
  0xA79E, 0xA79E, 0xA79E, 0xA79E, 0xA79E, 0xA79E, 0xA79E, 0xA79E, 0xA79E, 0xA79E, 0xA79E, 0xA79E,
  0xA79E, 0xA79E, 0xA79E, 0xA79E, 0xA79E, 0xA79E, 0xA79E, 0xA79E, 0xA79E, 0xA79E, 0xA79E, 0xA79E,
  0xA79E, 0xA79E, 0xA79E, 0xA79E, 0xA79E, 0xA79E, 0xA79E, 0xA79E, 0xA79E, 0xA79E, 0xA79E, 0xA79E,
  0xA79E, 0xA79E, 0xA79E, 0xA79E, 0xA79E, 0xA79E, 0xA79E, 0xA79E, 0xA79E, 0xA79E, 0xA79E, 0xA79E,
  0xA79E, 0xA79E, 0xA79E, 0xF75D, 0xF75D, 0xF75D, 0xF75D, 0xF75D, 0xF75D, 0xF75D, 0xF75D, 0xF75D,
  0xF75D, 0xA79E, 0xA79E, 0xA79E, 0xA79E, 0xA79E, 0xA79E, 0xA79E, 0xA79E, 0xA79E, 0xA79E, 0xA79E,
  0xA79E, 0xA79E, 0xA79E, 0xA79E, 0xA79E, 0xA79E, 0xA79E, 0xA79E, 0xA79E, 0xA79E, 0xA79E, 0xA79E,
  0xA79E, 0xA79E, 0xA79E, 0xA79E, 0xA79E, 0xA79E, 0xA79E, 0xA79E, 0xA79E, 0xA79E, 0xA79E, 0xA79E,
  0xA79E, 0xA79E, 0xA79E, 0xA79E, 0xA79E, 0xA79E, 0xA79E, 0xA79E, 0xA79E, 0xA79E, 0xA79E, 0xA79E,
  0xA79E, 0xFFFF, 0xF75D, 0xF75D, 0xF75D, 0xF75D, 0xF75D, 0xF75D, 0xF75D, 0xF75D, 0xF75D, 0xF75D,
  0xF75D, 0xF75D, 0xF75D, 0xF75D, 0xF75D, 0xF75D, 0xF75D, 0xF75D, 0xF75D, 0xF75D, 0xF75D, 0xF75D,
  0xF75D, 0xF75D, 0xF75D, 0xF75D, 0xF75D, 0xF75D, 0xF75D, 0xF75D, 0xDE59, 0xA79E, 0xA79E, 0xA79E,
  0xA79E, 0xA79E, 0xA79E, 0xA79E, 0xA79E, 0xA79E, 0xA79E, 0xA79E, 0xA79E, 0xA79E, 0xA79E, 0xA79E,
  0xA79E, 0xA79E, 0xA79E, 0xA79E, 0xA79E, 0xA79E, 0xA79E, 0xA79E, 0xA79E, 0xA79E, 0xA79E, 0xA79E,
  0xA79E, 0xA79E, 0xA79E, 0xA79E, 0xA79E, 0xA79E, 0xA79E, 0xA79E, 0xA79E, 0xA79E, 0xA79E, 0xA79E,
  0xA79E, 0xA79E, 0xA79E, 0xA79E, 0xC77D, 0xA79E, 0xA79E, 0xA79E, 0xA79E, 0xA79E, 0xA79E, 0xA79E,
  0xA79E, 0xA79E, 0xA79E, 0xA79E, 0xA79E, 0xA79E, 0xA79E, 0xA79E, 0xA79E, 0xA79E, 0xA79E, 0xA79E,
  0xA79E, 0xA79E, 0xA79E, 0xA79E, 0xA79E, 0xA79E, 0xA79E, 0xA79E, 0xA79E, 0xA79E, 0xA79E, 0xA79E,
  0xA79E, 0xA79E, 0xA79E, 0xA79E, 0xA79E, 0xA79E, 0xA79E, 0xA79E, 0xA79E, 0xA79E, 0xA79E, 0xA79E,
  0xA79E, 0xA79E, 0xA79E, 0xA79E, 0xA79E, 0xA79E, 0xA79E, 0xA79E, 0xA79E, 0xA79E, 0xA79E, 0xA79E,
  0xA79E, 0xA79E, 0xA79E, 0xA79E, 0xA79E, 0xA79E, 0xA79E, 0xA79E, 0xA79E, 0xA79E, 0xA79E, 0xA79E,
  0xA79E, 0xA79E, 0xA79E, 0xA79E, 0xA79E, 0xA79E, 0xA79E, 0xA79E, 0xA79E, 0xA79E, 0xA79E, 0xA79E,
  0xA79E, 0xA79E, 0xA79E, 0xA79E, 0xA79E, 0xA79E, 0xA79E, 0xA79E, 0xA79E, 0xA79E, 0xA79E, 0xA79E,
  0xA79E, 0xA79E, 0xA79E, 0xA79E, 0xA79E, 0xA79E, 0xA79E, 0xA79E, 0xA79E, 0xA79E, 0xA79E, 0xA79E,
  0xA79E, 0xA79E, 0xA79E, 0xA79E, 0xA79E, 0xA79E, 0xA79E, 0xA79E, 0xA79E, 0xA79E, 0xA79E, 0xA79E,
  0xA79E, 0xA79E, 0xA79E, 0xA79E, 0xA79E, 0xA79E, 0xA79E, 0xA79E, 0xA79E, 0xA79E, 0xA79E, 0xA79E,
  0xA79E, 0xA79E, 0xA79E, 0xA79E, 0xA79E, 0xA79E, 0xA79E, 0xA79E, 0xA79E, 0xA79E, 0xA79E, 0xA79E,
  0xA79E, 0xA79E, 0xA79E, 0xA79E, 0xA79E, 0xA79E, 0xA79E, 0xA79E, 0xA79E, 0xA79E, 0xA79E, 0xA79E,
  0xA79E, 0xA79E, 0xA79E, 0xA79E, 0xA79E, 0xA79E, 0xA79E, 0xA79E, 0xA79E, 0xA79E, 0xA79E, 0xA79E,
  0xA79E, 0xA79E, 0xA79E, 0xA79E, 0xA79E, 0xA79E, 0xA79E, 0xA79E, 0xA79E, 0xA79E, 0xA79E, 0xA79E,
  0xA79E, 0xA79E, 0xA79E, 0xA79E, 0xA79E, 0xA79E, 0xA79E, 0xA79E, 0xA79E, 0xA79E, 0xA79E, 0xA79E,
  0xA79E, 0xA79E, 0xA79E, 0xA79E, 0xA79E, 0xA79E, 0xA79E, 0xA79E, 0xA79E, 0xA79E, 0xA79E, 0xA79E,
  0xA79E, 0xA79E, 0xA79E, 0xA79E, 0xA79E, 0xA79E, 0xA79E, 0xA79E, 0xA79E, 0xA79E, 0xA79E, 0xF75D,
  0xF75D, 0xF75D, 0xF75D, 0xF75D, 0xF75D, 0xA79E, 0xA79E, 0xA79E, 0xA79E, 0xA79E, 0xA79E, 0xA79E,
  0xA79E, 0xA79E, 0xF75D, 0xF75D, 0xF75D, 0xF75D, 0xF75D, 0xF75D, 0xF75D, 0xF75D, 0xF75D, 0xF75D,
  0xF75D, 0xF75D, 0xF75D, 0xF75D, 0xF75D, 0xDE59, 0xDE59, 0xA79E, 0xA79E, 0xA79E, 0xA79E, 0xA79E,
  0xA79E, 0xA79E, 0xA79E, 0xA79E, 0xA79E, 0xA79E, 0xA79E, 0xA79E, 0xA79E, 0xA79E, 0xA79E, 0xA79E,
  0xA79E, 0xA79E, 0xA79E, 0xA79E, 0xA79E, 0xA79E, 0xA79E, 0xA79E, 0xA79E, 0xA79E, 0xA79E, 0xA79E,
  0xA79E, 0xA79E, 0xA79E, 0xA79E, 0xA79E, 0xA79E, 0xA79E, 0xA79E, 0xA79E, 0xA79E, 0xA79E, 0xA79E,
  0xA79E, 0xA79E, 0xC77D, 0xA79E, 0xA79E, 0xA79E, 0xA79E, 0xA79E, 0xA79E, 0xA79E, 0xA79E, 0xA79E,
  0xA79E, 0xA79E, 0xA79E, 0xA79E, 0xA79E, 0xA79E, 0xA79E, 0xA79E, 0xA79E, 0xA79E, 0xA79E, 0xA79E,
  0xA79E, 0xA79E, 0xA79E, 0xA79E, 0xA79E, 0xA79E, 0xA79E, 0xA79E, 0xA79E, 0xA79E, 0xA79E, 0xA79E,
  0xA79E, 0xA79E, 0xA79E, 0xA79E, 0xA79E, 0xA79E, 0xA79E, 0xA79E, 0xA79E, 0xA79E, 0xA79E, 0xA79E,
  0xA79E, 0xA79E, 0xA79E, 0xA79E, 0xA79E, 0xA79E, 0xA79E, 0xA79E, 0xA79E, 0xA79E, 0xA79E, 0xA79E,
  0xA79E, 0xA79E, 0xA79E, 0xA79E, 0xA79E, 0xA79E, 0xA79E, 0xA79E, 0xA79E, 0xA79E, 0xA79E, 0xA79E,
  0xA79E, 0xA79E, 0xA79E, 0xA79E, 0xA79E, 0xA79E, 0xA79E, 0xA79E, 0xA79E, 0xA79E, 0xA79E, 0xA79E,
  0xA79E, 0xA79E, 0xA79E, 0xA79E, 0xA79E, 0xA79E, 0xA79E, 0xA79E, 0xA79E, 0xA79E, 0xA79E, 0xA79E,
  0xA79E, 0xA79E, 0xA79E, 0xA79E, 0xA79E, 0xA79E, 0xA79E, 0xA79E, 0xA79E, 0xA79E, 0xA79E, 0xA79E,
  0xA79E, 0xA79E, 0xA79E, 0xA79E, 0xA79E, 0xA79E, 0xA79E, 0xA79E, 0xA79E, 0xA79E, 0xA79E, 0xA79E,
  0xA79E, 0xA79E, 0xA79E, 0xA79E, 0xA79E, 0xA79E, 0xA79E, 0xA79E, 0xA79E, 0xA79E, 0xA79E, 0xA79E,
  0xA79E, 0xA79E, 0xA79E, 0xA79E, 0xA79E, 0xA79E, 0xA79E, 0xA79E, 0xA79E, 0xA79E, 0xA79E, 0xA79E,
  0xA79E, 0xA79E, 0xA79E, 0xA79E, 0xA79E, 0xA79E, 0xA79E, 0xA79E, 0xA79E, 0xA79E, 0xA79E, 0xA79E,
  0xA79E, 0xA79E, 0xA79E, 0xA79E, 0xA79E, 0xA79E, 0xA79E, 0xA79E, 0xA79E, 0xA79E, 0xA79E, 0xA79E,
  0xA79E, 0xA79E, 0xA79E, 0xA79E, 0xA79E, 0xA79E, 0xA79E, 0xA79E, 0xA79E, 0xA79E, 0xA79E, 0xA79E,
  0xA79E, 0xA79E, 0xA79E, 0xA79E, 0xA79E, 0xA79E, 0xA79E, 0xA79E, 0xA79E, 0xA79E, 0xA79E, 0xA79E,
  0xA79E, 0xA79E, 0xA79E, 0xA79E, 0xA79E, 0xA79E, 0xA79E, 0xA79E, 0xA79E, 0xA79E, 0xA79E, 0xA79E,
  0xA79E, 0xA79E, 0xA79E, 0xA79E, 0xA79E, 0xA79E, 0xA79E, 0xA79E, 0xA79E, 0xF75D, 0xF75D, 0xF75D,
  0xF75D, 0xF75D, 0xA79E, 0xA79E, 0xA79E, 0xA79E, 0xA79E, 0xA79E, 0xA79E, 0xA79E, 0xA79E, 0xA79E,
  0xA79E, 0xA79E, 0xA79E, 0xA79E, 0xA79E, 0xF75D, 0xF75D, 0xF75D, 0xF75D, 0xF75D, 0xF75D, 0xF75D,
  0xF75D, 0xF75D, 0xDE59, 0xDE59, 0xDE59, 0xA79E, 0xA79E, 0xA79E, 0xA79E, 0xA79E, 0xA79E, 0xA79E,
  0xA79E, 0xA79E, 0xA79E, 0xA79E, 0xA79E, 0xA79E, 0xA79E, 0xA79E, 0xA79E, 0xA79E, 0xA79E, 0xA79E,
  0xA79E, 0xA79E, 0xA79E, 0xA79E, 0xA79E, 0xA79E, 0xA79E, 0xA79E, 0xA79E, 0xA79E, 0xA79E, 0xA79E,
  0xA79E, 0xA79E, 0xA79E, 0xA79E, 0xA79E, 0xA79E, 0xA79E, 0xA79E, 0xA79E, 0xA79E, 0xA79E, 0xA79E,
  0xC77D, 0xA79E, 0xA79E, 0xA79E, 0xA79E, 0xA79E, 0xA79E, 0xA79E, 0xA79E, 0xA79E, 0xA79E, 0xA79E,
  0xA79E, 0xA79E, 0xA79E, 0xA79E, 0xA79E, 0xA79E, 0xA79E, 0xA79E, 0xA79E, 0xA79E, 0xA79E, 0xA79E,
  0xA79E, 0xA79E, 0xA79E, 0xA79E, 0xA79E, 0xA79E, 0xA79E, 0xA79E, 0xA79E, 0xA79E, 0xA79E, 0xA79E,
  0xA79E, 0xA79E, 0xA79E, 0xA79E, 0xA79E, 0xA79E, 0xA79E, 0xA79E, 0xA79E, 0xA79E, 0xA79E, 0xA79E,
  0xA79E, 0xA79E, 0xA79E, 0xA79E, 0xA79E, 0xA79E, 0xA79E, 0xA79E, 0xA79E, 0xA79E, 0xA79E, 0xA79E,
  0xA79E, 0xA79E, 0xA79E, 0xA79E, 0xA79E, 0xA79E, 0xA79E, 0xA79E, 0xA79E, 0xA79E, 0xA79E, 0xA79E,
  0xA79E, 0xA79E, 0xA79E, 0xA79E, 0xA79E, 0xA79E, 0xA79E, 0xA79E, 0xA79E, 0xA79E, 0xA79E, 0xA79E,
  0xA79E, 0xA79E, 0xA79E, 0xA79E, 0xA79E, 0xA79E, 0xA79E, 0xA79E, 0xA79E, 0xA79E, 0xA79E, 0xA79E,
  0xA79E, 0xA79E, 0xA79E, 0xA79E, 0xA79E, 0xA79E, 0xA79E, 0xA79E, 0xA79E, 0xA79E, 0xA79E, 0xA79E,
  0xA79E, 0xA79E, 0xA79E, 0xA79E, 0xA79E, 0xA79E, 0xA79E, 0xA79E, 0xA79E, 0xA79E, 0xA79E, 0xA79E,
  0xA79E, 0xA79E, 0xA79E, 0xA79E, 0xA79E, 0xA79E, 0xA79E, 0xA79E, 0xA79E, 0xA79E, 0xA79E, 0xA79E,
  0xA79E, 0xA79E, 0xA79E, 0xA79E, 0xA79E, 0xA79E, 0xA79E, 0xA79E, 0xA79E, 0xA79E, 0xA79E, 0xA79E,
  0xA79E, 0xA79E, 0xA79E, 0xA79E, 0xA79E, 0xA79E, 0xA79E, 0xA79E, 0xA79E, 0xA79E, 0xA79E, 0xA79E,
  0xA79E, 0xA79E, 0xA79E, 0xA79E, 0xA79E, 0xA79E, 0xA79E, 0xA79E, 0xA79E, 0xA79E, 0xA79E, 0xA79E,
  0xA79E, 0xA79E, 0xA79E, 0xA79E, 0xA79E, 0xA79E, 0xA79E, 0xA79E, 0xA79E, 0xA79E, 0xA79E, 0xA79E,
  0xA79E, 0xA79E, 0xA79E, 0xA79E, 0xA79E, 0xA79E, 0xA79E, 0xA79E, 0xA79E, 0xA79E, 0xA79E, 0xA79E,
  0xA79E, 0xA79E, 0xA79E, 0xA79E, 0xA79E, 0xA79E, 0xA79E, 0xA79E, 0xA79E, 0xA79E, 0xA79E, 0xA79E,
  0xA79E, 0xA79E, 0xA79E, 0xA79E, 0xA79E, 0xA79E, 0xA79E, 0xA79E, 0xA79E, 0xA79E, 0xA79E, 0xA79E,
  0xA79E, 0xA79E, 0xA79E, 0xA79E, 0xA79E, 0xA79E, 0xA79E, 0xA79E, 0xA79E, 0xA79E, 0xA79E, 0xA79E,
  0xA79E, 0xA79E, 0xA79E, 0xA79E, 0xA79E, 0xA79E, 0xA79E, 0xDE59, 0xDE59, 0xDE59, 0xDE59, 0xDE59,
  0xDE59, 0xDE59, 0xA79E, 0xA79E, 0xA79E, 0xA79E, 0xA79E, 0xA79E, 0xA79E, 0xA79E, 0xA79E, 0xA79E,
  0xA79E, 0xA79E, 0xA79E, 0xA79E, 0xA79E, 0xA79E, 0xA79E, 0xA79E, 0xA79E, 0xA79E, 0xA79E, 0xA79E,
  0xA79E, 0xA79E, 0xA79E, 0xA79E, 0xA79E, 0xA79E, 0xA79E, 0xA79E, 0xA79E, 0xA79E, 0xA79E, 0xA79E,
  0xA79E, 0xA79E, 0xA79E, 0xA79E, 0xA79E, 0xA79E, 0xA79E, 0xA79E, 0xA79E, 0xA79E, 0xA79E, 0xA79E,
  0xA79E, 0xA79E, 0xA79E, 0xA79E, 0xA79E, 0xA79E, 0xA79E, 0xA79E, 0xA79E, 0xA79E, 0xA79E, 0xA79E,
  0xA79E, 0xA79E, 0xA79E, 0xA79E, 0xA79E, 0xA79E, 0xA79E, 0xA79E, 0xA79E, 0xA79E, 0xA79E, 0xA79E,
  0xA79E, 0xA79E, 0xA79E, 0xA79E, 0xA79E, 0xA79E, 0xA79E, 0xA79E, 0xA79E, 0xA79E, 0xA79E, 0xA79E,
  0xA79E, 0xA79E, 0xA79E, 0xA79E, 0xA79E, 0xA79E, 0xA79E, 0xA79E, 0xA79E, 0xA79E, 0xA79E, 0xA79E,
  0xA79E, 0xA79E, 0xA79E, 0xA79E, 0xA79E, 0xA79E, 0xA79E, 0xA79E, 0xA79E, 0xA79E, 0xA79E, 0xA79E,
  0xA79E, 0xA79E, 0xA79E, 0xA79E, 0xA79E, 0xA79E, 0xA79E, 0xA79E, 0xA79E, 0xA79E, 0xA79E, 0xA79E,
  0xA79E, 0xA79E, 0xA79E, 0xA79E, 0xA79E, 0xA79E, 0xA79E, 0xA79E, 0xA79E, 0xA79E, 0xA79E, 0xA79E,
  0xA79E, 0xA79E, 0xA79E, 0xA79E, 0xA79E, 0xA79E, 0xA79E, 0xA79E, 0xA79E, 0xA79E, 0xA79E, 0xA79E,
  0xA79E, 0xA79E, 0xA79E, 0xA79E, 0xA79E, 0xA79E, 0xA79E, 0xA79E, 0xA79E, 0xA79E, 0xA79E, 0xA79E,
  0xA79E, 0xA79E, 0xA79E, 0xA79E, 0xA79E, 0xA79E, 0xA79E, 0xA79E, 0xA79E, 0xA79E, 0xA79E, 0xA79E,
  0xA79E, 0xA79E, 0xA79E, 0xA79E, 0xA79E, 0xA79E, 0xA79E, 0xA79E, 0xA79E, 0xA79E, 0xA79E, 0xA79E,
  0xA79E, 0xA79E, 0xA79E, 0xA79E, 0xA79E, 0xA79E, 0xA79E, 0xA79E, 0xA79E, 0xA79E, 0xA79E, 0xA79E,
  0xA79E, 0xA79E, 0xA79E, 0xA79E, 0xA79E, 0xA79E, 0xA79E, 0xA79E, 0xA79E, 0xA79E, 0xA79E, 0xA79E,
  0xA79E, 0xA79E, 0xA79E, 0xA79E, 0xA79E, 0xA79E, 0xA79E, 0xA79E, 0xA79E, 0xA79E, 0xA79E, 0xA79E,
  0xA79E, 0xA79E, 0xA79E, 0xA79E, 0xA79E, 0xA79E, 0xA79E, 0xA79E, 0xA79E, 0xA79E, 0xA79E, 0xA79E,
  0xA79E, 0xA79E, 0xA79E, 0xA79E, 0xA79E, 0xA79E, 0xA79E, 0xA79E, 0xA79E, 0xA79E, 0xA79E, 0xA79E,
  0xA79E, 0xA79E, 0xA79E, 0xA79E, 0xA79E, 0xA79E, 0xA79E, 0xA79E, 0xA79E, 0xA79E, 0xA79E, 0xA79E,
  0xA79E, 0xA79E, 0xA79E, 0xA79E, 0xA79E, 0xA79E, 0xA79E, 0xA79E, 0xA79E, 0xA79E, 0xA79E, 0xA79E,
  0xA79E, 0xA79E, 0xA79E, 0xA79E, 0xA79E, 0xA79E, 0xA79E, 0xA79E, 0xA79E, 0xA79E, 0xA79E, 0xA79E,
  0xA79E, 0xA79E, 0xA79E, 0xA79E, 0xA79E, 0xA79E, 0xA79E, 0xA79E, 0xA79E, 0xA79E, 0xA79E, 0xA79E,
  0xA79E, 0xA79E, 0xA79E, 0xA79E, 0xA79E, 0xA79E, 0xA79E, 0xA79E, 0xA79E, 0xA79E, 0xA79E, 0xA79E,
  0xA79E, 0xA79E, 0xA79E, 0xA79E, 0xA79E, 0xA79E, 0xA79E, 0xA79E, 0xA79E, 0xA79E, 0xA79E, 0xA79E,
  0xA79E, 0xA79E, 0xA79E, 0xA79E, 0xA79E, 0xA79E, 0xA79E, 0xA79E, 0xA79E, 0xA79E, 0xA79E, 0xA79E,
  0xA79E, 0xA79E, 0xA79E, 0xA79E, 0xA79E, 0xA79E, 0xA79E, 0xA79E, 0xA79E, 0xA79E, 0xA79E, 0xA79E,
  0xA79E, 0xA79E, 0xA79E, 0xA79E, 0xA79E, 0xA79E, 0xA79E, 0xA79E, 0xA79E, 0xA79E, 0xA79E, 0xA79E,
  0xA79E, 0xA79E, 0xA79E, 0xA79E, 0xA79E, 0xA79E, 0xA79E, 0xA79E, 0xA79E, 0xA79E, 0xA79E, 0xA79E,
  0xA79E, 0xA79E, 0xA79E, 0xA79E, 0xA79E, 0xA79E, 0xA79E, 0xA79E, 0xA79E, 0xA79E, 0xA79E, 0xA79E,
  0xA79E, 0xA79E, 0xA79E, 0xA79E, 0xA79E, 0xA79E, 0xA79E, 0xA79E, 0xA79E, 0xA79E, 0xA79E, 0xA79E,
  0xA79E, 0xA79E, 0xA79E, 0xA79E, 0xA79E, 0xA79E, 0xA79E, 0xA79E, 0xA79E, 0xA79E, 0xA79E, 0xA79E,
  0xA79E, 0xA79E, 0xA79E, 0xA79E, 0xA79E, 0xA79E, 0xA79E, 0xA79E, 0xA79E, 0xA79E, 0xA79E, 0xA79E,
  0xA79E, 0xA79E, 0xA79E, 0xA79E, 0xA79E, 0xA79E, 0xA79E, 0xA79E, 0xA79E, 0xA79E, 0xA79E, 0xA79E,
  0xA79E, 0xA79E, 0xA79E, 0xA79E, 0xA79E, 0xA79E, 0xA79E, 0xA79E, 0xA79E, 0xA79E, 0xA79E, 0xA79E,
  0xA79E, 0xA79E, 0xA79E, 0xA79E, 0xA79E, 0xA79E, 0xA79E, 0xA79E, 0xA79E, 0xA79E, 0xA79E, 0xA79E,
  0xA79E, 0xA79E, 0xA79E, 0xA79E, 0xA79E, 0xA79E, 0xA79E, 0xA79E, 0xA79E, 0xA79E, 0xA79E, 0xA79E,
  0xA79E, 0xA79E, 0xA79E, 0xA79E, 0xA79E, 0xA79E, 0xA79E, 0xA79E, 0xA79E, 0xA79E, 0xA79E, 0xA79E,
  0xA79E, 0xA79E, 0xA79E, 0xA79E, 0xA79E, 0xA79E, 0xA79E, 0xA79E, 0xA79E, 0xA79E, 0xA79E, 0xA79E,
  0xA79E, 0xA79E, 0xA79E, 0xA79E, 0xA79E, 0xA79E, 0xA79E, 0xA79E, 0xA79E, 0xA79E, 0xA79E, 0xA79E,
  0xA79E, 0xA79E, 0xA79E, 0xA79E, 0xA79E, 0xA79E, 0xA79E, 0xA79E, 0xA79E, 0xA79E, 0xA79E, 0xA79E,
  0xA79E, 0xA79E, 0xA79E, 0xA79E, 0xA79E, 0xA79E, 0xA79E, 0xA79E, 0xA79E, 0xA79E, 0xA79E, 0xA79E,
  0xA79E, 0xA79E, 0xA79E, 0xA79E, 0xA79E, 0xA79E, 0xA79E, 0xA79E, 0xA79E, 0xA79E, 0xA79E, 0xA79E,
  0xA79E, 0xA79E, 0xA79E, 0xA79E, 0xA79E, 0xA79E, 0xA79E, 0xA79E, 0xA79E, 0xA79E, 0xA79E, 0xA79E,
  0xA79E, 0xA79E, 0xA79E, 0xA79E, 0xA79E, 0xA79E, 0xA79E, 0xA79E, 0xA79E, 0xA79E, 0xA79E, 0xA79E,
  0xA79E, 0xA79E, 0xA79E, 0xA79E, 0xA79E, 0xA79E, 0xA79E, 0xA79E, 0xA79E, 0xA79E, 0xA79E, 0xA79E,
  0xA79E, 0xA79E, 0xA79E, 0xA79E, 0xA79E, 0xA79E, 0xA79E, 0xA79E, 0xA79E, 0xA79E, 0xA79E, 0xA79E,
  0xA79E, 0xA79E, 0xA79E, 0xA79E, 0xA79E, 0xA79E, 0xA79E, 0xA79E, 0xA79E, 0xA79E, 0xA79E, 0xA79E,
  0xA79E, 0xA79E, 0xA79E, 0xA79E, 0xA79E, 0xA79E, 0xA79E, 0xA79E, 0xA79E, 0xA79E, 0xA79E, 0xA79E,
  0xA79E, 0xA79E, 0xA79E, 0xA79E, 0xA79E, 0xA79E, 0xA79E, 0xA79E, 0xA79E, 0xA79E, 0xA79E, 0xA79E,
  0xA79E, 0xA79E, 0xA79E, 0xA79E, 0xA79E, 0xA79E, 0xA79E, 0xA79E, 0xA79E, 0xA79E, 0xA79E, 0xA79E,
  0xA79E, 0xA79E, 0xA79E, 0xA79E, 0xA79E, 0xA79E, 0xA79E, 0xA79E, 0xA79E, 0xA79E, 0xA79E, 0xA79E,
  0xA79E, 0xA79E, 0xA79E, 0xA79E, 0xA79E, 0xA79E, 0xA79E, 0xA79E, 0xA79E, 0xA79E, 0xA79E, 0xA79E,
  0xA79E, 0xA79E, 0xA79E, 0xA79E, 0xA79E, 0xA79E, 0xA79E, 0xA79E, 0xA79E, 0xA79E, 0xA79E, 0xA79E,
  0xA79E, 0xA79E, 0xA79E, 0xA79E, 0xA79E, 0xA79E, 0xA79E, 0xA79E, 0xA79E, 0xA79E, 0xA79E, 0xA79E,
  0xA79E, 0xA79E, 0xA79E, 0xA79E, 0xA79E, 0xA79E, 0xA79E, 0xA79E, 0xA79E, 0xA79E, 0xA79E, 0xA79E,
  0xA79E, 0xA79E, 0xA79E, 0xA79E, 0xA79E, 0xA79E, 0xA79E, 0xA79E, 0xA79E, 0xA79E, 0xA79E, 0xA79E,
  0xA79E, 0xA79E, 0xA79E, 0xA79E, 0xA79E, 0xA79E, 0xA79E, 0xA79E, 0xA79E, 0xA79E, 0xA79E, 0xA79E,
  0xA79E, 0xA79E, 0xA79E, 0xA79E, 0xA79E, 0xA79E, 0xA79E, 0xA79E, 0xA79E, 0xA79E, 0xA79E, 0xA79E,
  0xA79E, 0xA79E, 0xA79E, 0xA79E, 0xA79E, 0xA79E, 0xA79E, 0xA79E, 0xA79E, 0xA79E, 0xA79E, 0xA79E,
  0xA79E, 0xA79E, 0xA79E, 0xA79E, 0xA79E, 0xA79E, 0xA79E, 0xA79E, 0xA79E, 0xA79E, 0xA79E, 0xA79E,
  0xA79E, 0xA79E, 0xA79E, 0xA79E, 0xA79E, 0xA79E, 0xA79E, 0xA79E, 0xA79E, 0xA79E, 0xA79E, 0xA79E,
  0xA79E, 0xA79E, 0xA79E, 0xA79E, 0xA79E, 0xA79E, 0xA79E, 0xA79E, 0xA79E, 0xA79E, 0xA79E, 0xA79E,
  0xA79E, 0xA79E, 0xA79E, 0xA79E, 0xA79E, 0xA79E, 0xA79E, 0xA79E, 0xA79E, 0xA79E, 0xA79E, 0xA79E,
  0xA79E, 0xA79E, 0xA79E, 0xA79E, 0xA79E, 0xA79E, 0xA79E, 0xA79E, 0xA79E, 0xA79E, 0xA79E, 0xA79E,
  0xA79E, 0xA79E, 0xA79E, 0xA79E, 0xA79E, 0xA79E, 0xA79E, 0xA79E, 0xA79E, 0xA79E, 0xA79E, 0xA79E,
  0xA79E, 0xA79E, 0xA79E, 0xA79E, 0xA79E, 0xA79E, 0xA79E, 0xA79E, 0xA79E, 0xA79E, 0xA79E, 0xA79E,
  0xA79E, 0xA79E, 0xA79E, 0xA79E, 0xA79E, 0xA79E, 0xA79E, 0xA79E, 0xA79E, 0xA79E, 0xA79E, 0xA79E,
  0xA79E, 0xA79E, 0xA79E, 0xA79E, 0xA79E, 0xA79E, 0xA79E, 0xA79E, 0xA79E, 0xA79E, 0xA79E, 0xA79E,
  0xA79E, 0xA79E, 0xA79E, 0xA79E, 0xA79E, 0xA79E, 0xA79E, 0xA79E, 0xA79E, 0xA79E, 0xA79E, 0xA79E,
  0xA79E, 0xA79E, 0xA79E, 0xA79E, 0xA79E, 0xA79E, 0xA79E, 0xA79E, 0xA79E, 0xA79E, 0xA79E, 0xA79E,
  0xA79E, 0xA79E, 0xA79E, 0xA79E, 0xA79E, 0xA79E, 0xA79E, 0xA79E, 0xA79E, 0xA79E, 0xA79E, 0xA79E,
  0xA79E, 0xA79E, 0xA79E, 0xA79E, 0xA79E, 0xA79E, 0xA79E, 0xA79E, 0xA79E, 0xA79E, 0xA79E, 0xA79E,
  0xA79E, 0xA79E, 0xA79E, 0xA79E, 0xA79E, 0xA79E, 0xA79E, 0xA79E, 0xA79E, 0xA79E, 0xA79E, 0xA79E,
  0xA79E, 0xA79E, 0xA79E, 0xA79E, 0xA79E, 0xA79E, 0xA79E, 0xA79E, 0xA79E, 0xA79E, 0xA79E, 0xA79E,
  0xA79E, 0xA79E, 0xA79E, 0xA79E, 0xA79E, 0xA79E, 0xA79E, 0xA79E, 0xA79E, 0xA79E, 0xA79E, 0xA79E,
  0xA79E, 0xA79E, 0xA79E, 0xA79E, 0xA79E, 0xA79E, 0xA79E, 0xA79E, 0xA79E, 0xA79E, 0xA79E, 0xA79E,
  0xA79E, 0xA79E, 0xA79E, 0xA79E, 0xA79E, 0xA79E, 0xA79E, 0xA79E, 0xA79E, 0xA79E, 0xA79E, 0xA79E,
  0xA79E, 0xA79E, 0xA79E, 0xA79E, 0xA79E, 0xA79E, 0xA79E, 0xA79E, 0xA79E, 0xA79E, 0xA79E, 0xA79E,
  0xA79E, 0xA79E, 0xA79E, 0xA79E, 0xA79E, 0xA79E, 0xA79E, 0xA79E, 0xA79E, 0xA79E, 0xA79E, 0xA79E,
  0xA79E, 0xA79E, 0xA79E, 0xA79E, 0xA79E, 0xA79E, 0xA79E, 0xA79E, 0xA79E, 0xA79E, 0xA79E, 0xA79E,
  0xA79E, 0xA79E, 0xA79E, 0xA79E, 0xA79E, 0xA79E, 0xA79E, 0xA79E, 0xA79E, 0xA79E, 0xA79E, 0xA79E,
  0xA79E, 0xA79E, 0xA79E, 0xA79E, 0xA79E, 0xA79E, 0xA79E, 0xA79E, 0xA79E, 0xA79E, 0xA79E, 0xA79E,
  0xA79E, 0xA79E, 0xA79E, 0xA79E, 0xA79E, 0xA79E, 0xA79E, 0xA79E, 0xA79E, 0xA79E, 0xA79E, 0xA79E,
  0xA79E, 0xA79E, 0xA79E, 0xA79E, 0xA79E, 0xA79E, 0xA79E, 0xA79E, 0xA79E, 0xA79E, 0xA79E, 0xA79E,
  0xA79E, 0xA79E, 0xA79E, 0xA79E, 0xA79E, 0xA79E, 0xA79E, 0xA79E, 0xA79E, 0xA79E, 0xA79E, 0xA79E,
  0xA79E, 0xA79E, 0xA79E, 0xA79E, 0xA79E, 0xA79E, 0xA79E, 0xA79E, 0xA79E, 0xA79E, 0xA79E, 0xA79E,
  0xA79E, 0xA79E, 0xA79E, 0xA79E, 0xA79E, 0xA79E, 0xA79E, 0xA79E, 0xA79E, 0xA79E, 0xA79E, 0xA79E,
  0xA79E, 0xA79E, 0xA79E, 0xA79E, 0xA79E, 0xA79E, 0xA79E, 0xA79E, 0xA79E, 0xA79E, 0xA79E, 0xA79E,
  0xA79E, 0xA79E, 0xA79E, 0xA79E, 0xA79E, 0xA79E, 0xA79E, 0xA79E, 0xA79E, 0xA79E, 0xA79E, 0xA79E,
  0xA79E, 0xA79E, 0xA79E, 0xA79E, 0xA79E, 0xA79E, 0xA79E, 0xA79E, 0xA79E, 0xA79E, 0xA79E, 0xA79E,
  0xA79E, 0xA79E, 0xA79E, 0xA79E, 0xA79E, 0xA79E, 0xA79E, 0xA79E, 0xA79E, 0xA79E, 0xA79E, 0xA79E,
  0xA79E, 0xA79E, 0xA79E, 0xA79E, 0xA79E, 0xA79E, 0xA79E, 0xA79E, 0xA79E, 0xA79E, 0xA79E, 0xA79E,
  0xA79E, 0xA79E, 0xA79E, 0xA79E, 0xA79E, 0xA79E, 0xA79E, 0xA79E, 0xA79E, 0xA79E, 0xA79E, 0xA79E,
  0xA79E, 0xA79E, 0xA79E, 0xA79E, 0xA79E, 0xA79E, 0xA79E, 0xA79E, 0xA79E, 0xA79E, 0xA79E, 0xA79E,
  0xA79E, 0xA79E, 0xA79E, 0xA79E, 0xA79E, 0xA79E, 0xA79E, 0xA79E, 0xA79E, 0xA79E, 0xA79E, 0xA79E,
  0xA79E, 0xA79E, 0xA79E, 0xA79E, 0xA79E, 0xA79E, 0xA79E, 0xA79E, 0xA79E, 0xA79E, 0xA79E, 0xA79E,
  0xA79E, 0xA79E, 0xA79E, 0xA79E, 0xA79E, 0xA79E, 0xA79E, 0xA79E, 0xA79E, 0xA79E, 0xA79E, 0xA79E,
  0xA79E, 0xA79E, 0xA79E, 0xA79E, 0xA79E, 0xA79E, 0xA79E, 0xA79E, 0xA79E, 0xA79E, 0xA79E, 0xA79E,
  0xA79E, 0xA79E, 0xA79E, 0xA79E, 0xA79E, 0xA79E, 0xA79E, 0xA79E, 0xA79E, 0xA79E, 0xA79E, 0xA79E,
  0xA79E, 0xA79E, 0xA79E, 0xA79E, 0xA79E, 0xA79E, 0xA79E, 0xA79E, 0xA79E, 0xA79E, 0xA79E, 0xA79E,
  0xA79E, 0xA79E, 0xA79E, 0xA79E, 0xA79E, 0xA79E, 0xA79E, 0xA79E, 0xA79E, 0xA79E, 0xA79E, 0xA79E,
  0xA79E, 0xA79E, 0xA79E, 0xA79E, 0xA79E, 0xA79E, 0xA79E, 0xA79E, 0xA79E, 0xA79E, 0xA79E, 0xA79E,
  0xA79E, 0xA79E, 0xA79E, 0xA79E, 0xA79E, 0xA79E, 0xA79E, 0xA79E, 0xA79E, 0xA79E, 0xA79E, 0xA79E,
  0xA79E, 0xA79E, 0xA79E, 0xA79E, 0xA79E, 0xA79E, 0xA79E, 0xA79E, 0xA79E, 0xA79E, 0xA79E, 0xA79E,
  0xA79E, 0xA79E, 0xA79E, 0xA79E, 0xA79E, 0xA79E, 0xA79E, 0xA79E, 0xA79E, 0xA79E, 0xA79E, 0xA79E,
  0xA79E, 0xA79E, 0xA79E, 0xA79E, 0xA79E, 0xA79E, 0xA79E, 0xA79E, 0xA79E, 0xA79E, 0xA79E, 0xA79E,
  0xA79E, 0xA79E, 0xA79E, 0xA79E, 0xA79E, 0xA79E, 0xA79E, 0xA79E, 0xA79E, 0xA79E, 0xA79E, 0xA79E,
  0xA79E, 0xA79E, 0xA79E, 0xA79E, 0xA79E, 0xA79E, 0xA79E, 0xA79E, 0xA79E, 0xA79E, 0xA79E, 0xA79E,
  0xA79E, 0xA79E, 0xA79E, 0xA79E, 0xA79E, 0xA79E, 0xA79E, 0xA79E, 0xA79E, 0xA79E, 0xA79E, 0xA79E,
  0xA79E, 0xA79E, 0xA79E, 0xA79E, 0xA79E, 0xA79E, 0xA79E, 0xA79E, 0xA79E, 0xA79E, 0xA79E, 0xA79E,
  0xA79E, 0xA79E, 0xA79E, 0xA79E, 0xA79E, 0xA79E, 0xA79E, 0xA79E, 0xA79E, 0xA79E, 0xA79E, 0xA79E,
  0xA79E, 0xA79E, 0xA79E, 0xA79E, 0xA79E, 0xA79E, 0xA79E, 0xA79E, 0xA79E, 0xA79E, 0xA79E, 0xA79E,
  0xA79E, 0xA79E, 0xA79E, 0xA79E, 0xA79E, 0xA79E, 0xA79E, 0xA79E, 0xA79E, 0xA79E, 0xA79E, 0xA79E,
  0xA79E, 0xA79E, 0xA79E, 0xA79E, 0xA79E, 0xA79E, 0xA79E, 0xA79E, 0xA79E, 0xA79E, 0xA79E, 0xA79E,
  0xA79E, 0xA79E, 0xA79E, 0xA79E, 0xA79E, 0xA79E, 0xA79E, 0xA79E, 0xA79E, 0xA79E, 0xA79E, 0xA79E,
  0xA79E, 0xA79E, 0xA79E, 0xA79E, 0xA79E, 0xA79E, 0xA79E, 0xA79E, 0xA79E, 0xA79E, 0xA79E, 0xA79E,
  0xA79E, 0xA79E, 0xA79E, 0xA79E, 0xA79E, 0xA79E, 0xA79E, 0xA79E, 0xA79E, 0xA79E, 0xA79E, 0xA79E,
  0xA79E, 0xA79E, 0xA79E, 0xA79E, 0xA79E, 0xA79E, 0xA79E, 0xA79E, 0xA79E, 0xA79E, 0xA79E, 0xA79E,
  0xA79E, 0xA79E, 0xA79E, 0xA79E, 0xA79E, 0xA79E, 0xA79E, 0xA79E, 0xA79E, 0xA79E, 0xA79E, 0xA79E,
  0xA79E, 0xA79E, 0xA79E, 0xA79E, 0xA79E, 0xA79E, 0xA79E, 0xA79E, 0xA79E, 0xA79E, 0xA79E, 0xA79E,
  0xA79E, 0xA79E, 0xA79E, 0xA79E, 0xA79E, 0xA79E, 0xA79E, 0xA79E, 0xA79E, 0xA79E, 0xA79E, 0xA79E,
  0xA79E, 0xA79E, 0xA79E, 0xA79E, 0xA79E, 0xA79E, 0xA79E, 0xA79E, 0xA79E, 0xA79E, 0xA79E, 0xA79E,
  0xA79E, 0xA79E, 0xA79E, 0xA79E, 0xA79E, 0xA79E, 0xA79E, 0xA79E, 0xA79E, 0xA79E, 0xA79E, 0xA79E,
  0xA79E, 0xA79E, 0xA79E, 0xA79E, 0xA79E, 0xA79E, 0xA79E, 0xA79E, 0xA79E, 0xA79E, 0xA79E, 0xA79E,
  0xA79E, 0xA79E, 0xA79E, 0xA79E, 0xA79E, 0xA79E, 0xA79E, 0xA79E, 0xA79E, 0xA79E, 0xA79E, 0xA79E,
  0xA79E, 0xA79E, 0xA79E, 0xA79E, 0xA79E, 0xA79E, 0xA79E, 0xA79E, 0xA79E, 0xA79E, 0xA79E, 0xA79E,
  0xA79E, 0xA79E, 0xA79E, 0xA79E, 0xA79E, 0xA79E, 0xA79E, 0xA79E, 0xA79E, 0xA79E, 0xA79E, 0xA79E,
  0xA79E, 0xA79E, 0xA79E, 0xA79E, 0xA79E, 0xA79E, 0xA79E, 0xA79E, 0xA79E, 0xA79E, 0xA79E, 0xA79E,
  0xA79E, 0xA79E, 0xA79E, 0xA79E, 0xA79E, 0xA79E, 0xA79E, 0xA79E, 0xA79E, 0xA79E, 0xA79E, 0xA79E,
  0xA79E, 0xA79E, 0xA79E, 0xA79E, 0xA79E, 0xA79E, 0xA79E, 0xA79E, 0xA79E, 0xA79E, 0xA79E, 0xA79E,
  0xA79E, 0xA79E, 0xA79E, 0xA79E, 0xA79E, 0xA79E, 0xA79E, 0xA79E, 0xA79E, 0xA79E, 0xA79E, 0xA79E,
  0xA79E, 0xA79E, 0xA79E, 0xA79E, 0xA79E, 0xA79E, 0xA79E, 0xA79E, 0xA79E, 0xA79E, 0xA79E, 0xA79E,
  0xA79E, 0xA79E, 0xA79E, 0xA79E, 0xA79E, 0xA79E, 0xA79E, 0xA79E, 0xA79E, 0xA79E, 0xA79E, 0xA79E,
  0xA79E, 0xA79E, 0xA79E, 0xA79E, 0xA79E, 0xA79E, 0xA79E, 0xA79E, 0xA79E, 0xA79E, 0xA79E, 0xA79E,
  0xA79E, 0xA79E, 0xA79E, 0xA79E, 0xA79E, 0xA79E, 0xA79E, 0xA79E, 0xA79E, 0xA79E, 0xA79E, 0xA79E,
  0xA79E, 0xA79E, 0xA79E, 0xA79E, 0xA79E, 0xA79E, 0xA79E, 0xA79E, 0xA79E, 0xA79E, 0xA79E, 0xA79E,
  0xA79E, 0xA79E, 0xA79E, 0xA79E, 0xA79E, 0xA79E, 0xA79E, 0xA79E, 0xA79E, 0xA79E, 0xA79E, 0xA79E,
  0xA79E, 0xA79E, 0xA79E, 0xA79E, 0xA79E, 0xA79E, 0xA79E, 0xA79E, 0xA79E, 0xA79E, 0xA79E, 0xA79E,
  0xA79E, 0xA79E, 0xA79E, 0xA79E, 0xA79E, 0xA79E, 0xA79E, 0xA79E, 0xA79E, 0xA79E, 0xA79E, 0xA79E,
  0xA79E, 0xA79E, 0xA79E, 0xA79E, 0xA79E, 0xA79E, 0xA79E, 0xA79E, 0xA79E, 0xA79E, 0xA79E, 0xA79E,
  0xA79E, 0xA79E, 0xA79E, 0xA79E, 0xA79E, 0xA79E, 0xA79E, 0xA79E, 0xA79E, 0xA79E, 0xA79E, 0xA79E,
  0xA79E, 0xA79E, 0xA79E, 0xA79E, 0xA79E, 0xA79E, 0xA79E, 0xA79E, 0xA79E, 0xA79E, 0xA79E, 0xA79E,
  0xA79E, 0xA79E, 0xA79E, 0xA79E, 0xA79E, 0xA79E, 0xA79E, 0xA79E, 0xA79E, 0xA79E, 0xA79E, 0xA79E,
  0xA79E, 0xA79E, 0xA79E, 0xA79E, 0xA79E, 0xA79E, 0xA79E, 0xA79E, 0xA79E, 0xA79E, 0xA79E, 0xA79E,
  0xA79E, 0xA79E, 0xA79E, 0xA79E, 0xA79E, 0xA79E, 0xA79E, 0xA79E, 0xA79E, 0xA79E, 0xA79E, 0xA79E,
  0xA79E, 0xA79E, 0xA79E, 0xA79E, 0xA79E, 0xA79E, 0xA79E, 0xA79E, 0xA79E, 0xA79E, 0xA79E, 0xA79E,
  0xA79E, 0xA79E, 0xA79E, 0xA79E, 0xA79E, 0xA79E, 0xA79E, 0xA79E, 0xA79E, 0xA79E, 0xA79E, 0xA79E,
  0xA79E, 0xA79E, 0xA79E, 0xA79E, 0xA79E, 0xA79E, 0xA79E, 0xA79E, 0xA79E, 0xA79E, 0xA79E, 0xA79E,
  0xA79E, 0xA79E, 0xA79E, 0xA79E, 0xA79E, 0xA79E, 0xA79E, 0xA79E, 0xA79E, 0xA79E, 0xA79E, 0xA79E,
  0xA79E, 0xA79E, 0xA79E, 0xA79E, 0xA79E, 0xA79E, 0xA79E, 0xA79E, 0xA79E, 0xA79E, 0xA79E, 0xA79E,
  0xA79E, 0xA79E, 0xA79E, 0xA79E, 0xA79E, 0xA79E, 0xA79E, 0xA79E, 0xA79E, 0xA79E, 0xA79E, 0xA79E,
  0xA79E, 0xA79E, 0xA79E, 0xA79E, 0xA79E, 0xA79E, 0xA79E, 0xA79E, 0xA79E, 0xA79E, 0xA79E, 0xA79E,
  0xA79E, 0xA79E, 0xA79E, 0xA79E, 0xA79E, 0xA79E, 0xA79E, 0xA79E, 0xA79E, 0xA79E, 0xA79E, 0xA79E,
  0xA79E, 0xA79E, 0xA79E, 0xA79E, 0xA79E, 0xA79E, 0xA79E, 0xA79E, 0xA79E, 0xA79E, 0xA79E, 0xA79E,
  0xA79E, 0xA79E, 0xA79E, 0xA79E, 0xA79E, 0xA79E, 0xA79E, 0xA79E, 0xA79E, 0xA79E, 0xA79E, 0xA79E,
  0xA79E, 0xA79E, 0xA79E, 0xA79E, 0xA79E, 0xA79E, 0xA79E, 0xA79E, 0xA79E, 0xA79E, 0xA79E, 0xA79E,
  0xA79E, 0xA79E, 0xA79E, 0xA79E, 0xA79E, 0xA79E, 0xA79E, 0xA79E, 0xA79E, 0xA79E, 0xA79E, 0xA79E,
  0xA79E, 0xA79E, 0xA79E, 0xA79E, 0xA79E, 0xA79E, 0xA79E, 0xA79E, 0xA79E, 0xA79E, 0xA79E, 0xA79E,
  0xA79E, 0xA79E, 0xA79E, 0xA79E, 0xA79E, 0xA79E, 0xA79E, 0xA79E, 0xA79E, 0xA79E, 0xA79E, 0xA79E,
  0xA79E, 0xA79E, 0xA79E, 0xA79E, 0xA79E, 0xA79E, 0xA79E, 0xA79E, 0xA79E, 0xA79E, 0xA79E, 0xA79E,
  0xA79E, 0xA79E, 0xA79E, 0xA79E, 0xA79E, 0xA79E, 0xA79E, 0xA79E, 0xA79E, 0xA79E, 0xA79E, 0xA79E,
  0xA79E, 0xA79E, 0xA79E, 0xA79E, 0xA79E, 0xA79E, 0xA79E, 0xA79E, 0xA79E, 0xA79E, 0xA79E, 0xA79E,
  0xA79E, 0xA79E, 0xA79E, 0xA79E, 0xA79E, 0xA79E, 0xA79E, 0xA79E, 0xA79E, 0xA79E, 0xA79E, 0xA79E,
  0xA79E, 0xA79E, 0xA79E, 0xA79E, 0xA79E, 0xA79E, 0xA79E, 0xA79E, 0xA79E, 0xA79E, 0xA79E, 0xA79E,
  0xA79E, 0xA79E, 0xA79E, 0xA79E, 0xA79E, 0xA79E, 0xA79E, 0xA79E, 0xA79E, 0xA79E, 0xA79E, 0xA79E,
  0xA79E, 0xA79E, 0xA79E, 0xA79E, 0xA79E, 0xA79E, 0xA79E, 0xA79E, 0xA79E, 0xA79E, 0xA79E, 0xA79E,
  0xA79E, 0xA79E, 0xA79E, 0xA79E, 0xA79E, 0xA79E, 0xA79E, 0xA79E, 0xA79E, 0xA79E, 0xA79E, 0xA79E,
  0xA79E, 0xA79E, 0xA79E, 0xA79E, 0xA79E, 0xA79E, 0xA79E, 0xA79E, 0xA79E, 0xA79E, 0xA79E, 0xA79E,
  0xA79E, 0xA79E, 0xA79E, 0xA79E, 0xA79E, 0xA79E, 0xA79E, 0xA79E, 0xA79E, 0xA79E, 0xA79E, 0xA79E,
  0xA79E, 0xA79E, 0xA79E, 0xA79E, 0xA79E, 0xA79E, 0xA79E, 0xA79E, 0xA79E, 0xA79E, 0xA79E, 0xA79E,
  0xA79E, 0xA79E, 0xA79E, 0xA79E, 0xA79E, 0xA79E, 0xA79E, 0xA79E, 0xA79E, 0xA79E, 0xA79E, 0xA79E,
  0xA79E, 0xA79E, 0xA79E, 0xA79E, 0xA79E, 0xA79E, 0xA79E, 0xA79E, 0xA79E, 0xA79E, 0xA79E, 0xA79E,
  0xA79E, 0xA79E, 0xA79E, 0xA79E, 0xA79E, 0xA79E, 0xA79E, 0xA79E, 0xA79E, 0xA79E, 0xA79E, 0xA79E,
  0xA79E, 0xA79E, 0xA79E, 0xA79E, 0xA79E, 0xA79E, 0xA79E, 0xA79E, 0xA79E, 0xA79E, 0xA79E, 0xA79E,
  0xA79E, 0xA79E, 0xA79E, 0xA79E, 0xA79E, 0xA79E, 0xA79E, 0xA79E, 0xA79E, 0xA79E, 0xA79E, 0xA79E,
  0xA79E, 0xA79E, 0xA79E, 0xA79E, 0xA79E, 0xA79E, 0xA79E, 0xA79E, 0xA79E, 0xA79E, 0xA79E, 0xA79E,
  0xA79E, 0xA79E, 0xA79E, 0xA79E, 0xA79E, 0xA79E, 0xA79E, 0xA79E, 0xA79E, 0xA79E, 0xA79E, 0xA79E,
  0xA79E, 0xA79E, 0xA79E, 0xA79E, 0xA79E, 0xA79E, 0xA79E, 0xA79E, 0xA79E, 0xA79E, 0xA79E, 0xA79E,
  0xA79E, 0xA79E, 0xA79E, 0xA79E, 0xA79E, 0xA79E, 0xA79E, 0xA79E, 0xA79E, 0xA79E, 0xA79E, 0xA79E,
  0xA79E, 0xA79E, 0xA79E, 0xA79E, 0xA79E, 0xA79E, 0xA79E, 0xA79E, 0xA79E, 0xA79E, 0xA79E, 0xA79E,
  0xA79E, 0xA79E, 0xA79E, 0xA79E, 0xA79E, 0xA79E, 0xA79E, 0xA79E, 0xA79E, 0xA79E, 0xA79E, 0xA79E,
  0xA79E, 0xA79E, 0xA79E, 0xA79E, 0xA79E, 0xA79E, 0xA79E, 0xA79E, 0xA79E, 0xA79E, 0xA79E, 0xA79E,
  0xA79E, 0xA79E, 0xA79E, 0xA79E, 0xA79E, 0xA79E, 0xA79E, 0xA79E, 0xA79E, 0xA79E, 0xA79E, 0xA79E,
  0xA79E, 0xA79E, 0xA79E, 0xA79E, 0xA79E, 0xA79E, 0xA79E, 0xA79E, 0xA79E, 0xA79E, 0xA79E, 0xA79E,
  0xA79E, 0xA79E, 0xA79E, 0xA79E, 0xA79E, 0xA79E, 0xA79E, 0xA79E, 0xA79E, 0xA79E, 0xA79E, 0xA79E,
  0xA79E, 0xA79E, 0xA79E, 0xA79E, 0xA79E, 0xA79E, 0xA79E, 0xA79E, 0xA79E, 0xA79E, 0xA79E, 0xA79E,
  0xA79E, 0xA79E, 0xA79E, 0xA79E, 0xA79E, 0xA79E, 0xA79E, 0xA79E, 0xA79E, 0xA79E, 0xA79E, 0xA79E,
  0xA79E, 0xA79E, 0xA79E, 0xA79E, 0xA79E, 0xA79E, 0xA79E, 0xA79E, 0xA79E, 0xA79E, 0xA79E, 0xA79E,
  0xA79E, 0xA79E, 0xA79E, 0xA79E, 0xA79E, 0xA79E, 0xA79E, 0xA79E, 0xA79E, 0xA79E, 0xA79E, 0xA79E,
  0xA79E, 0xA79E, 0xA79E, 0xA79E, 0xA79E, 0xA79E, 0xA79E, 0xA79E, 0xA79E, 0xA79E, 0xA79E, 0xA79E,
  0xA79E, 0xA79E, 0xA79E, 0xA79E, 0xA79E, 0xA79E, 0xA79E, 0xA79E, 0xA79E, 0xA79E, 0xA79E, 0xA79E,
  0xA79E, 0xA79E, 0xA79E, 0xA79E, 0xA79E, 0xA79E, 0xA79E, 0xA79E, 0xA79E, 0xA79E, 0xA79E, 0xA79E,
  0xA79E, 0xA79E, 0xA79E, 0xA79E, 0xA79E, 0xA79E, 0xA79E, 0xA79E, 0xA79E, 0xA79E, 0xA79E, 0xA79E,
  0xA79E, 0xA79E, 0xA79E, 0xA79E, 0xA79E, 0xA79E, 0xA79E, 0xA79E, 0xA79E, 0xA79E, 0xA79E, 0xA79E,
  0xA79E, 0xA79E, 0xA79E, 0xA79E, 0xA79E, 0xA79E, 0xA79E, 0xA79E, 0xA79E, 0xA79E, 0xA79E, 0xA79E,
  0xA79E, 0xA79E, 0xA79E, 0xA79E, 0xA79E, 0xA79E, 0xA79E, 0xA79E, 0xA79E, 0xA79E, 0xA79E, 0xA79E,
  0xA79E, 0xA79E, 0xA79E, 0xA79E, 0xA79E, 0xA79E, 0xA79E, 0xA79E, 0xA79E, 0xA79E, 0xA79E, 0xA79E,
  0xA79E, 0xA79E, 0xA79E, 0xA79E, 0xA79E, 0xA79E, 0xA79E, 0xA79E, 0xA79E, 0xA79E, 0xA79E, 0xA79E,
  0xA79E, 0xA79E, 0xA79E, 0xA79E, 0xA79E, 0xA79E, 0xA79E, 0xA79E, 0xA79E, 0xA79E, 0xA79E, 0xA79E,
  0xA79E, 0xA79E, 0xA79E, 0xA79E, 0xA79E, 0xA79E, 0xA79E, 0xA79E, 0xA79E, 0xA79E, 0xA79E, 0xA79E,
  0xA79E, 0xA79E, 0xA79E, 0xA79E, 0xA79E, 0xA79E, 0xA79E, 0xA79E, 0xA79E, 0xA79E, 0xA79E, 0xA79E,
  0xA79E, 0xA79E, 0xA79E, 0xA79E, 0xA79E, 0xA79E, 0xA79E, 0xA79E, 0xA79E, 0xA79E, 0xA79E, 0xA79E,
  0xA79E, 0xA79E, 0xA79E, 0xA79E, 0xA79E, 0xA79E, 0xA79E, 0xA79E, 0xA79E, 0xA79E, 0xA79E, 0xA79E,
  0xA79E, 0xA79E, 0xA79E, 0xA79E, 0xA79E, 0xA79E, 0xA79E, 0xA79E, 0xA79E, 0xA79E, 0xA79E, 0xA79E,
  0xA79E, 0xA79E, 0xA79E, 0xA79E, 0xA79E, 0xA79E, 0xA79E, 0xA79E, 0xA79E, 0xA79E, 0xA79E, 0xA79E,
  0xA79E, 0xA79E, 0xA79E, 0xA79E, 0xA79E, 0xA79E, 0xA79E, 0xA79E, 0xA79E, 0xA79E, 0xA79E, 0xA79E,
  0xA79E, 0xA79E, 0xA79E, 0xA79E, 0xA79E, 0xA79E, 0xA79E, 0xA79E, 0xA79E, 0xA79E, 0xA79E, 0xA79E,
  0xA79E, 0xA79E, 0xA79E, 0xA79E, 0xA79E, 0xA79E, 0xA79E, 0xA79E, 0xA79E, 0xA79E, 0xA79E, 0xA79E,
  0xA79E, 0xA79E, 0xA79E, 0xA79E, 0xA79E, 0xA79E, 0xA79E, 0xA79E, 0xA79E, 0xA79E, 0xA79E, 0xA79E,
  0xA79E, 0xA79E, 0xA79E, 0xA79E, 0xA79E, 0xA79E, 0xA79E, 0xA79E, 0xA79E, 0xA79E, 0xA79E, 0xA79E,
  0xA79E, 0xA79E, 0xA79E, 0xA79E, 0xA79E, 0xA79E, 0xA79E, 0xA79E, 0xA79E, 0xA79E, 0xA79E, 0xA79E,
  0xA79E, 0xA79E, 0xA79E, 0xA79E, 0xA79E, 0xA79E, 0xA79E, 0xA79E, 0xA79E, 0xA79E, 0xA79E, 0xA79E,
  0xA79E, 0xA79E, 0xA79E, 0xA79E, 0xA79E, 0xA79E, 0xA79E, 0xA79E, 0xA79E, 0xA79E, 0xA79E, 0xA79E,
  0xA79E, 0xA79E, 0xA79E, 0xA79E, 0xA79E, 0xA79E, 0xA79E, 0xA79E, 0xA79E, 0xA79E, 0xA79E, 0xA79E,
  0xA79E, 0xA79E, 0xA79E, 0xA79E, 0xA79E, 0xA79E, 0xA79E, 0xA79E, 0xA79E, 0xA79E, 0xA79E, 0xA79E,
  0xA79E, 0xA79E, 0xA79E, 0xA79E, 0xA79E, 0xA79E, 0xA79E, 0xA79E, 0xA79E, 0xA79E, 0xA79E, 0xA79E,
  0xA79E, 0xA79E, 0xA79E, 0xA79E, 0xA79E, 0xA79E, 0xA79E, 0xA79E, 0xA79E, 0xA79E, 0xA79E, 0xA79E,
  0xA79E, 0xA79E, 0xA79E, 0xA79E, 0xA79E, 0xA79E, 0xA79E, 0xA79E, 0xA79E, 0xA79E, 0xA79E, 0xA79E,
  0xA79E, 0xA79E, 0xA79E, 0xA79E, 0xA79E, 0xA79E, 0xA79E, 0xA79E, 0xA79E, 0xA79E, 0xA79E, 0xA79E,
  0xA79E, 0xA79E, 0xA79E, 0xA79E, 0xA79E, 0xA79E, 0xA79E, 0xA79E, 0xA79E, 0xA79E, 0xA79E, 0xA79E,
  0xA79E, 0xA79E, 0xA79E, 0xA79E, 0xA79E, 0xA79E, 0xA79E, 0xA79E, 0xA79E, 0xA79E, 0xA79E, 0xA79E,
  0xA79E, 0xA79E, 0xA79E, 0xA79E, 0xA79E, 0xA79E, 0xA79E, 0xA79E, 0xA79E, 0xA79E, 0xA79E, 0xA79E,
  0xA79E, 0xA79E, 0xA79E, 0xA79E, 0xA79E, 0xA79E, 0xA79E, 0xA79E, 0xA79E, 0xA79E, 0xA79E, 0xA79E,
  0xA79E, 0xA79E, 0xA79E, 0xA79E, 0xA79E, 0xA79E, 0xA79E, 0xA79E, 0xA79E, 0xA79E, 0xA79E, 0xA79E,
  0xA79E, 0xA79E, 0xA79E, 0xA79E, 0xA79E, 0xA79E, 0xA79E, 0xA79E, 0xA79E, 0xA79E, 0xA79E, 0xA79E,
  0xA79E, 0xA79E, 0xA79E, 0xA79E, 0xA79E, 0xA79E, 0xA79E, 0xA79E, 0xA79E, 0xA79E, 0xA79E, 0xA79E,
  0xA79E, 0xA79E, 0xA79E, 0xA79E, 0xA79E, 0xA79E, 0xA79E, 0xA79E, 0xA79E, 0xA79E, 0xA79E, 0xA79E,
  0xA79E, 0xA79E, 0xA79E, 0xA79E, 0xA79E, 0xA79E, 0xA79E, 0xA79E, 0xA79E, 0xA79E, 0xA79E, 0xA79E,
  0xA79E, 0xA79E, 0xA79E, 0xA79E, 0xA79E, 0xA79E, 0xA79E, 0xA79E, 0xA79E, 0xA79E, 0xA79E, 0xA79E,
  0xA79E, 0xA79E, 0xA79E, 0xA79E, 0xA79E, 0xA79E, 0xA79E, 0xA79E, 0xA79E, 0xA79E, 0xA79E, 0xA79E,
  0xA79E, 0xA79E, 0xA79E, 0xA79E, 0xA79E, 0xA79E, 0xA79E, 0xA79E, 0xA79E, 0xA79E, 0xA79E, 0xA79E,
  0xA79E, 0xA79E, 0xA79E, 0xA79E, 0xA79E, 0xA79E, 0xA79E, 0xA79E, 0xA79E, 0xA79E, 0xA79E, 0xA79E,
  0xA79E, 0xA79E, 0xA79E, 0xA79E, 0xA79E, 0xA79E, 0xA79E, 0xA79E, 0xA79E, 0xA79E, 0xA79E, 0xA79E,
  0xA79E, 0xA79E, 0xA79E, 0xA79E, 0xA79E, 0xA79E, 0xA79E, 0xA79E, 0xA79E, 0xA79E, 0xA79E, 0xA79E,
  0xA79E, 0xA79E, 0xA79E, 0xA79E, 0xA79E, 0xA79E, 0xA79E, 0xA79E, 0xA79E, 0xA79E, 0xA79E, 0xA79E,
  0xA79E, 0xA79E, 0xA79E, 0xA79E, 0xA79E, 0xA79E, 0xA79E, 0xA79E, 0xA79E, 0xA79E, 0xA79E, 0xA79E,
  0xA79E, 0xA79E, 0xA79E, 0xA79E, 0xA79E, 0xA79E, 0xA79E, 0xA79E, 0xA79E, 0xA79E, 0xA79E, 0xA79E,
  0xA79E, 0xA79E, 0xA79E, 0xA79E, 0xA79E, 0xA79E, 0xA79E, 0xA79E, 0xA79E, 0xA79E, 0xA79E, 0xA79E,
  0xA79E, 0xA79E, 0xA79E, 0xA79E, 0xA79E, 0xA79E, 0xA79E, 0xA79E, 0xA79E, 0xA79E, 0xA79E, 0xA79E,
  0xA79E, 0xA79E, 0xA79E, 0xA79E, 0xA79E, 0xA79E, 0xA79E, 0xA79E, 0xA79E, 0xA79E, 0xA79E, 0xA79E,
  0xA79E, 0xA79E, 0xA79E, 0xA79E, 0xA79E, 0xA79E, 0xA79E, 0xA79E, 0xA79E, 0xA79E, 0xA79E, 0xA79E,
  0xA79E, 0xA79E, 0xA79E, 0xA79E, 0xA79E, 0xA79E, 0xA79E, 0xA79E, 0xA79E, 0xA79E, 0xA79E, 0xA79E,
  0xA79E, 0xA79E, 0xA79E, 0xA79E, 0xA79E, 0xA79E, 0xA79E, 0xA79E, 0xA79E, 0xA79E, 0xA79E, 0xA79E,
  0xA79E, 0xA79E, 0xA79E, 0xA79E, 0xA79E, 0xA79E, 0xA79E, 0xA79E, 0xA79E, 0xA79E, 0xA79E, 0xA79E,
  0xA79E, 0xA79E, 0xA79E, 0xA79E, 0xA79E, 0xA79E, 0xA79E, 0xA79E, 0xA79E, 0xA79E, 0xA79E, 0xA79E,
  0xA79E, 0xA79E, 0xA79E, 0xA79E, 0xA79E, 0xA79E, 0xA79E, 0xA79E, 0xA79E, 0xA79E, 0xA79E, 0xA79E,
  0xA79E, 0xA79E, 0xA79E, 0xA79E, 0xA79E, 0xA79E, 0xA79E, 0xA79E, 0xA79E, 0xA79E, 0xA79E, 0xA79E,
  0xA79E, 0xA79E, 0xA79E, 0xA79E, 0xA79E, 0xA79E, 0xA79E, 0xA79E, 0xA79E, 0xA79E, 0xA79E, 0xA79E,
  0xA79E, 0xA79E, 0xA79E, 0xA79E, 0xA79E, 0xA79E, 0xA79E, 0xA79E, 0xA79E, 0xA79E, 0xA79E, 0xA79E,
  0xA79E, 0xA79E, 0xA79E, 0xA79E, 0xA79E, 0xA79E, 0xA79E, 0xA79E, 0xA79E, 0xA79E, 0xA79E, 0xA79E,
  0xA79E, 0xA79E, 0xA79E, 0xA79E, 0xA79E, 0xA79E, 0xA79E, 0xA79E, 0xA79E, 0xA79E, 0xA79E, 0xA79E,
  0xA79E, 0xA79E, 0xA79E, 0xA79E, 0xA79E, 0xA79E, 0xA79E, 0xA79E, 0xA79E, 0xA79E, 0xA79E, 0xA79E,
  0xA79E, 0xA79E, 0xA79E, 0xA79E, 0xA79E, 0xA79E, 0xA79E, 0xA79E, 0xA79E, 0xA79E, 0xA79E, 0xA79E,
  0xA79E, 0xA79E, 0xA79E, 0xA79E, 0xA79E, 0xA79E, 0xA79E, 0xA79E, 0xA79E, 0xA79E, 0xA79E, 0xA79E,
  0xA79E, 0xA79E, 0xA79E, 0xA79E, 0xA79E, 0xA79E, 0xA79E, 0xA79E, 0xA79E, 0xA79E, 0xA79E, 0xA79E,
  0xA79E, 0xA79E, 0xA79E, 0xA79E, 0xA79E, 0xA79E, 0xA79E, 0xA79E, 0xA79E, 0xA79E, 0xA79E, 0xA79E,
  0xA79E, 0xA79E, 0xA79E, 0xA79E, 0xA79E, 0xA79E, 0xA79E, 0xA79E, 0xA79E, 0xA79E, 0xA79E, 0xA79E,
  0xA79E, 0xA79E, 0xA79E, 0xA79E, 0xA79E, 0xA79E, 0xA79E, 0xA79E, 0xA79E, 0xA79E, 0xA79E, 0xA79E,
  0xA79E, 0xA79E, 0xA79E, 0xA79E, 0xA79E, 0xA79E, 0xA79E, 0xA79E, 0xA79E, 0xA79E, 0xA79E, 0xA79E,
  0xA79E, 0xA79E, 0xA79E, 0xA79E, 0xA79E, 0xA79E, 0xA79E, 0xA79E, 0xA79E, 0xA79E, 0xA79E, 0xA79E,
  0xA79E, 0xA79E, 0xA79E, 0xA79E, 0xA79E, 0xA79E, 0xA79E, 0xA79E, 0xA79E, 0xA79E, 0xA79E, 0xA79E,
  0xA79E, 0xA79E, 0xA79E, 0xA79E, 0xA79E, 0xA79E, 0xA79E, 0xA79E, 0xA79E, 0xA79E, 0xA79E, 0xA79E,
  0xA79E, 0xA79E, 0xA79E, 0xA79E, 0xA79E, 0xA79E, 0xA79E, 0xA79E, 0xA79E, 0xA79E, 0xA79E, 0xA79E,
  0xA79E, 0xA79E, 0xA79E, 0xA79E, 0xA79E, 0xA79E, 0xA79E, 0xA79E, 0xA79E, 0xA79E, 0xA79E, 0xA79E,
  0xA79E, 0xA79E, 0xA79E, 0xA79E, 0xA79E, 0xA79E, 0xA79E, 0xA79E, 0xA79E, 0xA79E, 0xA79E, 0xA79E,
  0xA79E, 0xA79E, 0xA79E, 0xA79E, 0xA79E, 0xA79E, 0xA79E, 0xA79E, 0xA79E, 0xA79E, 0xA79E, 0xA79E,
  0xA79E, 0xA79E, 0xA79E, 0xA79E, 0xA79E, 0xA79E, 0xA79E, 0xA79E, 0xA79E, 0xA79E, 0xA79E, 0xA79E,
  0xA79E, 0xA79E, 0xA79E, 0xA79E, 0xA79E, 0xA79E, 0xA79E, 0xA79E, 0xA79E, 0xA79E, 0xA79E, 0xA79E,
  0xA79E, 0xA79E, 0xA79E, 0xA79E, 0xA79E, 0xA79E, 0xA79E, 0xA79E, 0xA79E, 0xA79E, 0xA79E, 0xA79E,
  0xA79E, 0xA79E, 0xA79E, 0xA79E, 0xA79E, 0xA79E, 0xA79E, 0xA79E, 0xA79E, 0xA79E, 0xA79E, 0xA79E,
  0xA79E, 0xA79E, 0xA79E, 0xA79E, 0xA79E, 0xA79E, 0xA79E, 0xA79E, 0xA79E, 0xA79E, 0xA79E, 0xA79E,
  0xA79E, 0xA79E, 0xA79E, 0xA79E, 0xA79E, 0xA79E, 0xA79E, 0xA79E, 0xA79E, 0xA79E, 0xA79E, 0xA79E,
  0xA79E, 0xA79E, 0xA79E, 0xA79E, 0xA79E, 0xA79E, 0xA79E, 0xA79E, 0xA79E, 0xA79E, 0xA79E, 0xA79E,
  0xA79E, 0xA79E, 0xA79E, 0xA79E, 0xA79E, 0xA79E, 0xA79E, 0xA79E, 0xA79E, 0xA79E, 0xA79E, 0xA79E,
  0xA79E, 0xA79E, 0xA79E, 0xA79E, 0xA79E, 0xA79E, 0xA79E, 0xA79E, 0xA79E, 0xA79E, 0xA79E, 0xA79E,
  0xA79E, 0xA79E, 0xA79E, 0xA79E, 0xA79E, 0xA79E, 0xA79E, 0xA79E, 0xA79E, 0xA79E, 0xA79E, 0xA79E,
  0xA79E, 0xA79E, 0xA79E, 0xA79E, 0xA79E, 0xA79E, 0xA79E, 0xA79E, 0xA79E, 0xA79E, 0xA79E, 0xA79E,
  0xA79E, 0xA79E, 0xA79E, 0xA79E, 0xA79E, 0xA79E, 0xA79E, 0xA79E, 0xA79E, 0xA79E, 0xA79E, 0xA79E,
  0xA79E, 0xA79E, 0xA79E, 0xA79E, 0xA79E, 0xA79E, 0xA79E, 0xA79E, 0xA79E, 0xA79E, 0xA79E, 0xA79E,
  0xA79E, 0xA79E, 0xA79E, 0xA79E, 0xA79E, 0xA79E, 0xA79E, 0xA79E, 0xA79E, 0xA79E, 0xA79E, 0xA79E,
  0xA79E, 0xA79E, 0xA79E, 0xA79E, 0xA79E, 0xA79E, 0xA79E, 0xA79E, 0xA79E, 0xA79E, 0xA79E, 0xA79E,
  0xA79E, 0xA79E, 0xA79E, 0xA79E, 0xA79E, 0xA79E, 0xA79E, 0xA79E, 0xA79E, 0xA79E, 0xA79E, 0xA79E,
  0xA79E, 0xA79E, 0xA79E, 0xA79E, 0xA79E, 0xA79E, 0xA79E, 0xA79E, 0xA79E, 0xA79E, 0xA79E, 0xA79E,
  0xA79E, 0xA79E, 0xA79E, 0xA79E, 0xA79E, 0xA79E, 0xA79E, 0xA79E, 0xA79E, 0xA79E, 0xA79E, 0xA79E,
  0xA79E, 0xA79E, 0xA79E, 0xA79E, 0xA79E, 0xA79E, 0xA79E, 0xA79E, 0xA79E, 0xA79E, 0xA79E, 0xA79E,
  0xA79E, 0xA79E, 0xA79E, 0xA79E, 0xA79E, 0xA79E, 0xA79E, 0xA79E, 0xA79E, 0xA79E, 0xA79E, 0xA79E,
  0xA79E, 0xA79E, 0xA79E, 0xA79E, 0xA79E, 0xA79E, 0xA79E, 0xA79E, 0xA79E, 0xA79E, 0xA79E, 0xA79E,
  0xA79E, 0xA79E, 0xA79E, 0xA79E, 0xA79E, 0xA79E, 0xA79E, 0xA79E, 0xA79E, 0xA79E, 0xA79E, 0xA79E,
  0xA79E, 0xA79E, 0xA79E, 0xA79E, 0xA79E, 0xA79E, 0xA79E, 0xA79E, 0xA79E, 0xA79E, 0xA79E, 0xA79E,
  0xA79E, 0xA79E, 0xA79E, 0xA79E, 0xA79E, 0xA79E, 0xA79E, 0xA79E, 0xA79E, 0xA79E, 0xA79E, 0xA79E,
  0xA79E, 0xA79E, 0xA79E, 0xA79E, 0xA79E, 0xA79E, 0xA79E, 0xA79E, 0xA79E, 0xA79E, 0xA79E, 0xA79E,
  0xA79E, 0xA79E, 0xA79E, 0xA79E, 0xA79E, 0xA79E, 0xA79E, 0xA79E, 0xA79E, 0xA79E, 0xA79E, 0xA79E,
  0xA79E, 0xA79E, 0xA79E, 0xA79E, 0xA79E, 0xA79E, 0xA79E, 0xA79E, 0xA79E, 0xA79E, 0xA79E, 0xA79E,
  0xA79E, 0xA79E, 0xA79E, 0xA79E, 0xA79E, 0xA79E, 0xA79E, 0xA79E, 0xA79E, 0xA79E, 0xA79E, 0xA79E,
  0xA79E, 0xA79E, 0xA79E, 0xA79E, 0xA79E, 0xA79E, 0xA79E, 0xA79E, 0xA79E, 0xA79E, 0xA79E, 0xA79E,
  0xA79E, 0xA79E, 0xA79E, 0xA79E, 0xA79E, 0xA79E, 0xA79E, 0xA79E, 0xA79E, 0xA79E, 0xA79E, 0xA79E,
  0xA79E, 0xA79E, 0xA79E, 0xA79E, 0xA79E, 0xA79E, 0xA79E, 0xA79E, 0xA79E, 0xA79E, 0xA79E, 0xA79E,
  0xA79E, 0xA79E, 0xA79E, 0xA79E, 0xA79E, 0xA79E, 0xA79E, 0xA79E, 0xA79E, 0xA79E, 0xA79E, 0xA79E,
  0xA79E, 0xA79E, 0xA79E, 0xA79E, 0xA79E, 0xA79E, 0xA79E, 0xA79E, 0xA79E, 0xA79E, 0xA79E, 0xA79E,
  0xA79E, 0xA79E, 0xA79E, 0xA79E, 0xA79E, 0xA79E, 0xA79E, 0xA79E, 0xA79E, 0xA79E, 0xA79E, 0xA79E,
  0xA79E, 0xA79E, 0xA79E, 0xA79E, 0xA79E, 0xA79E, 0xA79E, 0xA79E, 0xA79E, 0xA79E, 0xA79E, 0xA79E,
  0xA79E, 0xA79E, 0xA79E, 0xA79E, 0xA79E, 0xA79E, 0xA79E, 0xA79E, 0xA79E, 0xA79E, 0xA79E, 0xA79E,
  0xA79E, 0xA79E, 0xA79E, 0xA79E, 0xA79E, 0xA79E, 0xA79E, 0xA79E, 0xA79E, 0xA79E, 0xA79E, 0xA79E,
  0xA79E, 0xA79E, 0xA79E, 0xA79E, 0xA79E, 0xA79E, 0xA79E, 0xA79E, 0xA79E, 0xA79E, 0xA79E, 0xA79E,
  0xA79E, 0xA79E, 0xA79E, 0xA79E, 0xA79E, 0xA79E, 0xA79E, 0xA79E, 0xA79E, 0xA79E, 0xA79E, 0xA79E,
  0xA79E, 0xA79E, 0xA79E, 0xA79E, 0xA79E, 0xA79E, 0xA79E, 0xA79E, 0xA79E, 0xA79E, 0xA79E, 0xA79E,
  0xA79E, 0xA79E, 0xA79E, 0xA79E, 0xA79E, 0xA79E, 0xA79E, 0xA79E, 0xA79E, 0xA79E, 0xA79E, 0xA79E,
  0xA79E, 0xA79E, 0xA79E, 0xA79E, 0xA79E, 0xA79E, 0xA79E, 0xA79E, 0xA79E, 0xA79E, 0xA79E, 0xA79E,
  0xA79E, 0xA79E, 0xA79E, 0xA79E, 0xA79E, 0xA79E, 0xA79E, 0xA79E, 0xA79E, 0xA79E, 0xA79E, 0xA79E,
  0xA79E, 0xA79E, 0xA79E, 0xA79E, 0xA79E, 0xA79E, 0xA79E, 0xA79E, 0xA79E, 0xA79E, 0xA79E, 0xA79E,
  0xA79E, 0xA79E, 0xA79E, 0xA79E, 0xA79E, 0xA79E, 0xA79E, 0xA79E, 0xA79E, 0xA79E, 0xA79E, 0xA79E,
  0xA79E, 0xA79E, 0xA79E, 0xA79E, 0xA79E, 0xA79E, 0xA79E, 0xA79E, 0xA79E, 0xA79E, 0xA79E, 0xA79E,
  0xA79E, 0xA79E, 0xA79E, 0xA79E, 0xA79E, 0xA79E, 0xA79E, 0xA79E, 0xA79E, 0xA79E, 0xA79E, 0xA79E,
  0xA79E, 0xA79E, 0xA79E, 0xA79E, 0xA79E, 0xA79E, 0xA79E, 0xA79E, 0xA79E, 0xA79E, 0xA79E, 0xA79E,
  0xA79E, 0xA79E, 0xA79E, 0xA79E, 0xA79E, 0xA79E, 0xA79E, 0xA79E, 0xA79E, 0xA79E, 0xA79E, 0xA79E,
  0xA79E, 0xA79E, 0xA79E, 0xA79E, 0xA79E, 0xA79E, 0xA79E, 0xA79E, 0xA79E, 0xA79E, 0xA79E, 0xA79E,
  0xA79E, 0xA79E, 0xA79E, 0xA79E, 0xA79E, 0xA79E, 0xA79E, 0xA79E, 0xA79E, 0xA79E, 0xA79E, 0xA79E,
  0xA79E, 0xA79E, 0xA79E, 0xA79E, 0xA79E, 0xA79E, 0xA79E, 0xA79E, 0xA79E, 0xA79E, 0xA79E, 0xA79E,
  0xA79E, 0xA79E, 0xA79E, 0xA79E, 0xA79E, 0xA79E, 0xA79E, 0xA79E, 0xA79E, 0xA79E, 0xA79E, 0xA79E,
  0xA79E, 0xA79E, 0xA79E, 0xA79E, 0xA79E, 0xA79E, 0xA79E, 0xA79E, 0xA79E, 0xA79E, 0xA79E, 0xA79E,
  0xA79E, 0xA79E, 0xA79E, 0xA79E, 0xA79E, 0xA79E, 0xA79E, 0xA79E, 0xA79E, 0xA79E, 0xA79E, 0xA79E,
  0xA79E, 0xA79E, 0xA79E, 0xA79E, 0xA79E, 0xA79E, 0xA79E, 0xA79E, 0xA79E, 0xA79E, 0xA79E, 0xA79E,
  0xA79E, 0xA79E, 0xA79E, 0xA79E, 0xA79E, 0xA79E, 0xA79E, 0xA79E, 0xA79E, 0xA79E, 0xA79E, 0xA79E,
  0xA79E, 0xA79E, 0xA79E, 0xA79E, 0xA79E, 0xA79E, 0xA79E, 0xA79E, 0xA79E, 0xA79E, 0xA79E, 0xA79E,
  0xA79E, 0xA79E, 0xA79E, 0xA79E, 0xA79E, 0xA79E, 0xA79E, 0xA79E, 0xA79E, 0xA79E, 0xA79E, 0xA79E,
  0xA79E, 0xA79E, 0xA79E, 0xA79E, 0xA79E, 0xA79E, 0xA79E, 0xA79E, 0xA79E, 0xA79E, 0xA79E, 0xA79E,
  0xA79E, 0xA79E, 0xA79E, 0xA79E, 0xA79E, 0xA79E, 0xA79E, 0xA79E, 0xA79E, 0xA79E, 0xA79E, 0xA79E,
  0xA79E, 0xA79E, 0xA79E, 0xA79E, 0xA79E, 0xA79E, 0xA79E, 0xA79E, 0xA79E, 0xA79E, 0xA79E, 0xA79E,
  0xA79E, 0xA79E, 0xA79E, 0xA79E, 0xA79E, 0xA79E, 0xA79E, 0xA79E, 0xA79E, 0xA79E, 0xA79E, 0xA79E,
  0xA79E, 0xA79E, 0xA79E, 0xA79E, 0xA79E, 0xA79E, 0xA79E, 0xA79E, 0xA79E, 0xA79E, 0xA79E, 0xA79E,
  0xA79E, 0xA79E, 0xA79E, 0xA79E, 0xA79E, 0xA79E, 0xA79E, 0xA79E, 0xA79E, 0xA79E, 0xA79E, 0xA79E,
  0xA79E, 0xA79E, 0xA79E, 0xA79E, 0xA79E, 0xA79E, 0xA79E, 0xA79E, 0xA79E, 0xA79E, 0xA79E, 0xA79E,
  0xA79E, 0xA79E, 0xA79E, 0xA79E, 0xA79E, 0xA79E, 0xA79E, 0xA79E, 0xA79E, 0xA79E, 0xA79E, 0xA79E,
  0xA79E, 0xA79E, 0xA79E, 0xA79E, 0xA79E, 0xA79E, 0xA79E, 0xA79E, 0xA79E, 0xA79E, 0xA79E, 0xA79E,
  0xA79E, 0xA79E, 0xA79E, 0xA79E, 0xA79E, 0xA79E, 0xA79E, 0xA79E, 0xA79E, 0xA79E, 0xA79E, 0xA79E,
  0xA79E, 0xA79E, 0xA79E, 0xA79E, 0xA79E, 0xA79E, 0xA79E, 0xA79E, 0xA79E, 0xA79E, 0xA79E, 0xA79E,
  0xA79E, 0xA79E, 0xA79E, 0xA79E, 0xA79E, 0xA79E, 0xA79E, 0xA79E, 0xA79E, 0xA79E, 0xA79E, 0xA79E,
  0xA79E, 0xA79E, 0xA79E, 0xA79E, 0xA79E, 0xA79E, 0xA79E, 0xA79E, 0xA79E, 0xA79E, 0xA79E, 0xA79E,
  0xA79E, 0xA79E, 0xA79E, 0xA79E, 0xA79E, 0xA79E, 0xA79E, 0xA79E, 0xA79E, 0xA79E, 0xA79E, 0xA79E,
  0xA79E, 0xA79E, 0xA79E, 0xA79E, 0xA79E, 0xA79E, 0xA79E, 0xA79E, 0xA79E, 0xA79E, 0xA79E, 0xA79E,
  0xA79E, 0xA79E, 0xA79E, 0xA79E, 0xA79E, 0xA79E, 0xA79E, 0xA79E, 0xA79E, 0xA79E, 0xA79E, 0xA79E,
  0xA79E, 0xA79E, 0xA79E, 0xA79E, 0xA79E, 0xA79E, 0xA79E, 0xA79E, 0xA79E, 0xA79E, 0xA79E, 0xA79E,
  0xA79E, 0xA79E, 0xA79E, 0xA79E, 0xA79E, 0xA79E, 0xA79E, 0xA79E, 0xA79E, 0xA79E, 0xA79E, 0xA79E,
  0xA79E, 0xA79E, 0xA79E, 0xA79E, 0xA79E, 0xA79E, 0xA79E, 0xA79E, 0xA79E, 0xA79E, 0xA79E, 0xA79E,
  0xA79E, 0xA79E, 0xA79E, 0xA79E, 0xA79E, 0xA79E, 0xA79E, 0xA79E, 0xA79E, 0xA79E, 0xA79E, 0xA79E,
  0xA79E, 0xA79E, 0xA79E, 0xA79E, 0xA79E, 0xA79E, 0xA79E, 0xA79E, 0xA79E, 0xA79E, 0xA79E, 0xA79E,
  0xA79E, 0xA79E, 0xA79E, 0xA79E, 0xA79E, 0xA79E, 0xA79E, 0xA79E, 0xA79E, 0xA79E, 0xA79E, 0xA79E,
  0xA79E, 0xA79E, 0xA79E, 0xA79E, 0xA79E, 0xA79E, 0xA79E, 0xA79E, 0xA79E, 0xA79E, 0xA79E, 0xA79E,
  0xA79E, 0xA79E, 0xA79E, 0xA79E, 0xA79E, 0xA79E, 0xA79E, 0xA79E, 0xA79E, 0xA79E, 0xA79E, 0xA79E,
  0xA79E, 0xA79E, 0xA79E, 0xA79E, 0xA79E, 0xA79E, 0xA79E, 0xA79E, 0xA79E, 0xA79E, 0xA79E, 0xA79E,
  0xA79E, 0xA79E, 0xA79E, 0xA79E, 0xA79E, 0xA79E, 0xA79E, 0xA79E, 0xA79E, 0xA79E, 0xA79E, 0xA79E,
  0xA79E, 0xA79E, 0xA79E, 0xA79E, 0xA79E, 0xA79E, 0xA79E, 0xA79E, 0xA79E, 0xA79E, 0xA79E, 0xA79E,
  0xA79E, 0xA79E, 0xA79E, 0xA79E, 0xA79E, 0xA79E, 0xA79E, 0xA79E, 0xA79E, 0xA79E, 0xA79E, 0xA79E,
  0xA79E, 0xA79E, 0xA79E, 0xA79E, 0xA79E, 0xA79E, 0xA79E, 0xA79E, 0xA79E, 0xA79E, 0xA79E, 0xA79E,
  0xA79E, 0xA79E, 0xA79E, 0xA79E, 0xA79E, 0xA79E, 0xA79E, 0xA79E, 0xA79E, 0xA79E, 0xA79E, 0xA79E,
  0xA79E, 0xA79E, 0xA79E, 0xA79E, 0xA79E, 0xA79E, 0xA79E, 0xA79E, 0xA79E, 0xA79E, 0xA79E, 0xA79E,
  0xA79E, 0xA79E, 0xA79E, 0xA79E, 0xA79E, 0xA79E, 0xA79E, 0xA79E, 0xA79E, 0xA79E, 0xA79E, 0xA79E,
  0xA79E, 0xA79E, 0xA79E, 0xA79E, 0xA79E, 0xA79E, 0xA79E, 0xA79E, 0xA79E, 0xA79E, 0xA79E, 0xA79E,
  0xA79E, 0xA79E, 0xA79E, 0xA79E, 0xA79E, 0xA79E, 0xA79E, 0xA79E, 0xA79E, 0xA79E, 0xA79E, 0xA79E,
  0xA79E, 0xA79E, 0xA79E, 0xA79E, 0xA79E, 0xA79E, 0xA79E, 0xA79E, 0xA79E, 0xA79E, 0xA79E, 0xA79E,
  0xA79E, 0xA79E, 0xA79E, 0xA79E, 0xA79E, 0xA79E, 0xA79E, 0xA79E, 0xA79E, 0xA79E, 0xA79E, 0xA79E,
  0xA79E, 0xA79E, 0xA79E, 0xA79E, 0xA79E, 0xA79E, 0xA79E, 0xA79E, 0xA79E, 0xA79E, 0xA79E, 0xA79E,
  0xA79E, 0xA79E, 0xA79E, 0xA79E, 0xA79E, 0xA79E, 0xA79E, 0xA79E, 0xA79E, 0xA79E, 0xA79E, 0xA79E,
  0xA79E, 0xA79E, 0xA79E, 0xA79E, 0xA79E, 0xA79E, 0xA79E, 0xA79E, 0xA79E, 0xA79E, 0xA79E, 0xA79E,
  0xA79E, 0xA79E, 0xA79E, 0xA79E, 0xA79E, 0xA79E, 0xA79E, 0xA79E, 0xA79E, 0xA79E, 0xA79E, 0xA79E,
  0xA79E, 0xA79E, 0xA79E, 0xA79E, 0xA79E, 0xA79E, 0xA79E, 0xA79E, 0xA79E, 0xA79E, 0xA79E, 0xA79E,
  0xA79E, 0xA79E, 0xA79E, 0xA79E, 0xA79E, 0xA79E, 0xA79E, 0xA79E, 0xA79E, 0xA79E, 0xA79E, 0xA79E,
  0xA79E, 0xA79E, 0xA79E, 0xA79E, 0xA79E, 0xA79E, 0xA79E, 0xA79E, 0xA79E, 0xA79E, 0xA79E, 0xA79E,
  0xA79E, 0xA79E, 0xA79E, 0xA79E, 0xA79E, 0xA79E, 0xA79E, 0xA79E, 0xA79E, 0xA79E, 0xA79E, 0xA79E,
  0xA79E, 0xA79E, 0xA79E, 0xA79E, 0xA79E, 0xA79E, 0xA79E, 0xA79E, 0xA79E, 0xA79E, 0xA79E, 0xA79E,
  0xA79E, 0xA79E, 0xA79E, 0xA79E, 0xA79E, 0xA79E, 0xA79E, 0xA79E, 0xA79E, 0xA79E, 0xA79E, 0xA79E,
  0xA79E, 0xA79E, 0xA79E, 0xA79E, 0xA79E, 0xA79E, 0xA79E, 0xA79E, 0xA79E, 0xA79E, 0xA79E, 0xA79E,
  0xA79E, 0xA79E, 0xA79E, 0xA79E, 0xA79E, 0xA79E, 0xA79E, 0xA79E, 0xA79E, 0xA79E, 0xA79E, 0xA79E,
  0xA79E, 0xA79E, 0xA79E, 0xA79E, 0xA79E, 0xA79E, 0xA79E, 0xA79E, 0xA79E, 0xA79E, 0xA79E, 0xA79E,
  0xA79E, 0xA79E, 0xA79E, 0xA79E, 0xA79E, 0xA79E, 0xA79E, 0xA79E, 0xA79E, 0xA79E, 0xA79E, 0xA79E,
  0xA79E, 0xA79E, 0xA79E, 0xA79E, 0xA79E, 0xA79E, 0xA79E, 0xA79E, 0xA79E, 0xA79E, 0xA79E, 0xA79E,
  0xA79E, 0xA79E, 0xA79E, 0xA79E, 0xA79E, 0xA79E, 0xA79E, 0xA79E, 0xA79E, 0xA79E, 0xA79E, 0xA79E,
  0xA79E, 0xA79E, 0xA79E, 0xA79E, 0xA79E, 0xA79E, 0xA79E, 0xA79E, 0xA79E, 0xA79E, 0xA79E, 0xA79E,
  0xA79E, 0xA79E, 0xA79E, 0xA79E, 0xA79E, 0xA79E, 0xA79E, 0xA79E, 0xA79E, 0xA79E, 0xA79E, 0xA79E,
  0xA79E, 0xA79E, 0xA79E, 0xA79E, 0xA79E, 0xA79E, 0xA79E, 0xA79E, 0xA79E, 0xA79E, 0xA79E, 0xA79E,
  0xA79E, 0xA79E, 0xA79E, 0xA79E, 0xA79E, 0xA79E, 0xA79E, 0xA79E, 0xA79E, 0xA79E, 0xA79E, 0xA79E,
  0xA79E, 0xA79E, 0xA79E, 0xA79E, 0xA79E, 0xA79E, 0xA79E, 0xA79E, 0xA79E, 0xA79E, 0xA79E, 0xA79E,
  0xA79E, 0xA79E, 0xA79E, 0xA79E, 0xA79E, 0xA79E, 0xA79E, 0xA79E, 0xA79E, 0xA79E, 0xA79E, 0xA79E,
  0xA79E, 0xA79E, 0xA79E, 0xA79E, 0xA79E, 0xA79E, 0xA79E, 0xA79E, 0xA79E, 0xA79E, 0xA79E, 0xA79E,
  0xA79E, 0xA79E, 0xA79E, 0xA79E, 0xA79E, 0xA79E, 0xA79E, 0xA79E, 0xA79E, 0xA79E, 0xA79E, 0xA79E,
  0xA79E, 0xA79E, 0xA79E, 0xA79E, 0xA79E, 0xA79E, 0xA79E, 0xA79E, 0xA79E, 0xA79E, 0xA79E, 0xA79E,
  0xA79E, 0xA79E, 0xA79E, 0xA79E, 0xA79E, 0xA79E, 0xA79E, 0xA79E, 0xA79E, 0xA79E, 0xA79E, 0xA79E,
  0xA79E, 0xA79E, 0xA79E, 0xA79E, 0xA79E, 0xA79E, 0xA79E, 0xA79E, 0xA79E, 0xA79E, 0xA79E, 0xA79E,
  0xA79E, 0xA79E, 0xA79E, 0xA79E, 0xA79E, 0xA79E, 0xA79E, 0xA79E, 0xA79E, 0xA79E, 0xA79E, 0xA79E,
  0xA79E, 0xA79E, 0xA79E, 0xA79E, 0xA79E, 0xA79E, 0xA79E, 0xA79E, 0xA79E, 0xA79E, 0xA79E, 0xA79E,
  0xA79E, 0xA79E, 0xA79E, 0xA79E, 0xA79E, 0xA79E, 0xA79E, 0xA79E, 0xA79E, 0xA79E, 0xA79E, 0xA79E,
  0xA79E, 0xA79E, 0xA79E, 0xA79E, 0xA79E, 0xA79E, 0xA79E, 0xA79E, 0xA79E, 0xA79E, 0xA79E, 0xA79E,
  0xA79E, 0xA79E, 0xA79E, 0xA79E, 0xA79E, 0xA79E, 0xA79E, 0xA79E, 0xA79E, 0xA79E, 0xA79E, 0xA79E,
  0xA79E, 0xA79E, 0xA79E, 0xA79E, 0xA79E, 0xA79E, 0xA79E, 0xA79E, 0xA79E, 0xA79E, 0xA79E, 0xA79E,
  0xA79E, 0xA79E, 0xA79E, 0xA79E, 0xA79E, 0xA79E, 0xA79E, 0xA79E, 0xA79E, 0xA79E, 0xA79E, 0xA79E,
  0xA79E, 0xA79E, 0xA79E, 0xA79E, 0xA79E, 0xA79E, 0xA79E, 0xA79E, 0xA79E, 0xA79E, 0xA79E, 0xA79E,
  0xA79E, 0xA79E, 0xA79E, 0xA79E, 0xA79E, 0xA79E, 0xA79E, 0xA79E, 0xA79E, 0xA79E, 0xA79E, 0xA79E,
  0xA79E, 0xA79E, 0xA79E, 0xA79E, 0xA79E, 0xA79E, 0xA79E, 0xA79E, 0xA79E, 0xA79E, 0xA79E, 0xA79E,
  0xA79E, 0xA79E, 0xA79E, 0xA79E, 0xA79E, 0xA79E, 0xA79E, 0xA79E, 0xA79E, 0xA79E, 0xA79E, 0xA79E,
  0xA79E, 0xA79E, 0xA79E, 0xA79E, 0xA79E, 0xA79E, 0xA79E, 0xA79E, 0xA79E, 0xA79E, 0xA79E, 0xA79E,
  0xA79E, 0xA79E, 0xA79E, 0xA79E, 0xA79E, 0xA79E, 0xA79E, 0xA79E, 0xA79E, 0xA79E, 0xA79E, 0xA79E,
  0xA79E, 0xA79E, 0xA79E, 0xA79E, 0xA79E, 0xA79E, 0xA79E, 0xA79E, 0xA79E, 0xA79E, 0xA79E, 0xA79E,
  0xA79E, 0xA79E, 0xA79E, 0xA79E, 0xA79E, 0xA79E, 0xA79E, 0xA79E, 0xA79E, 0xA79E, 0xA79E, 0xA79E,
  0xA79E, 0xA79E, 0xA79E, 0xA79E, 0xA79E, 0xA79E, 0xA79E, 0xA79E, 0xA79E, 0xA79E, 0xA79E, 0xA79E,
  0xA79E, 0xA79E, 0xA79E, 0xA79E, 0xA79E, 0xA79E, 0xA79E, 0xA79E, 0xA79E, 0xA79E, 0xA79E, 0xA79E,
  0xA79E, 0xA79E, 0xA79E, 0xA79E, 0xA79E, 0xA79E, 0xA79E, 0xA79E, 0xA79E, 0xA79E, 0xA79E, 0xA79E,
  0xA79E, 0xA79E, 0xA79E, 0xA79E, 0xA79E, 0xA79E, 0xA79E, 0xA79E, 0xA79E, 0xA79E, 0xA79E, 0xA79E,
  0xA79E, 0xA79E, 0xA79E, 0xA79E, 0xA79E, 0xA79E, 0xA79E, 0xA79E, 0xA79E, 0xA79E, 0xA79E, 0xA79E,
  0xA79E, 0xA79E, 0xA79E, 0xA79E, 0xA79E, 0xA79E, 0xA79E, 0xA79E, 0xA79E, 0xA79E, 0xA79E, 0xA79E,
  0xA79E, 0xA79E, 0xA79E, 0xA79E, 0xA79E, 0xA79E, 0xA79E, 0xA79E, 0xA79E, 0xA79E, 0xA79E, 0xA79E,
  0xA79E, 0xA79E, 0xA79E, 0xA79E, 0xA79E, 0xA79E, 0xA79E, 0xA79E, 0xA79E, 0xA79E, 0xA79E, 0xA79E,
  0xA79E, 0xA79E, 0xA79E, 0xA79E, 0xA79E, 0xA79E, 0xA79E, 0xA79E, 0xA79E, 0xA79E, 0xA79E, 0xA79E,
  0xA79E, 0xA79E, 0xA79E, 0xA79E, 0xA79E, 0xA79E, 0xA79E, 0xA79E, 0xA79E, 0xA79E, 0xA79E, 0xA79E,
  0xA79E, 0xA79E, 0xA79E, 0xA79E, 0xA79E, 0xA79E, 0xA79E, 0xA79E, 0xA79E, 0xA79E, 0xA79E, 0xA79E,
  0xA79E, 0xA79E, 0xA79E, 0xA79E, 0xA79E, 0xA79E, 0xA79E, 0xA79E, 0xA79E, 0xA79E, 0xA79E, 0xA79E,
  0xA79E, 0xA79E, 0xA79E, 0xA79E, 0xA79E, 0xA79E, 0xA79E, 0xA79E, 0xA79E, 0xA79E, 0xA79E, 0xA79E,
  0xA79E, 0xA79E, 0xA79E, 0xA79E, 0xA79E, 0xA79E, 0xA79E, 0xA79E, 0xA79E, 0xA79E, 0xA79E, 0xA79E,
  0xA79E, 0xA79E, 0xA79E, 0xA79E, 0xA79E, 0xA79E, 0xA79E, 0xA79E, 0xA79E, 0xA79E, 0xA79E, 0xA79E,
  0xA79E, 0xA79E, 0xA79E, 0xA79E, 0xA79E, 0xA79E, 0xA79E, 0xA79E, 0xA79E, 0xA79E, 0xA79E, 0xA79E,
  0xA79E, 0xA79E, 0xA79E, 0xA79E, 0xA79E, 0xA79E, 0xA79E, 0xA79E, 0xA79E, 0xA79E, 0xA79E, 0xA79E,
  0xA79E, 0xA79E, 0xA79E, 0xA79E, 0xA79E, 0xA79E, 0xA79E, 0xA79E, 0xA79E, 0xA79E, 0xA79E, 0xA79E,
  0xA79E, 0xA79E, 0xA79E, 0xA79E, 0xA79E, 0xA79E, 0xA79E, 0xA79E, 0xA79E, 0xA79E, 0xA79E, 0xA79E,
  0xA79E, 0xA79E, 0xA79E, 0xA79E, 0xA79E, 0xA79E, 0xA79E, 0xA79E, 0xA79E, 0xA79E, 0xA79E, 0xA79E,
  0xA79E, 0xA79E, 0xA79E, 0xA79E, 0xA79E, 0xA79E, 0xA79E, 0xA79E, 0xA79E, 0xA79E, 0xA79E, 0xA79E,
  0xA79E, 0xA79E, 0xA79E, 0xA79E, 0xA79E, 0xA79E, 0xA79E, 0xA79E, 0xA79E, 0xA79E, 0xA79E, 0xA79E,
  0xA79E, 0xA79E, 0xA79E, 0xA79E, 0xA79E, 0xA79E, 0xA79E, 0xA79E, 0xA79E, 0xA79E, 0xA79E, 0xA79E,
  0xA79E, 0xA79E, 0xA79E, 0xA79E, 0xA79E, 0xA79E, 0xA79E, 0xA79E, 0xA79E, 0xA79E, 0xA79E, 0xA79E,
  0xA79E, 0xA79E, 0xA79E, 0xA79E, 0xA79E, 0xA79E, 0xA79E, 0xA79E, 0xA79E, 0xA79E, 0xA79E, 0xA79E,
  0xA79E, 0xFFFF, 0xA79E, 0xA79E, 0xFFFF, 0xA79E, 0xA79E, 0xA79E, 0xA79E, 0xA79E, 0xA79E, 0xA79E,
  0xA79E, 0xA79E, 0xA79E, 0xA79E, 0xA79E, 0xA79E, 0xA79E, 0xA79E, 0xA79E, 0xA79E, 0xA79E, 0xA79E,
  0xA79E, 0xA79E, 0xA79E, 0xA79E, 0xA79E, 0xA79E, 0xA79E, 0xA79E, 0xA79E, 0xA79E, 0xA79E, 0xA79E,
  0xA79E, 0xA79E, 0xA79E, 0xA79E, 0xA79E, 0xA79E, 0xA79E, 0xA79E, 0xA79E, 0xA79E, 0xA79E, 0xA79E,
  0xA79E, 0xA79E, 0xA79E, 0xA79E, 0xA79E, 0xA79E, 0xA79E, 0xA79E, 0xA79E, 0xA79E, 0xA79E, 0xA79E,
  0xA79E, 0xA79E, 0xA79E, 0xA79E, 0xA79E, 0xA79E, 0xA79E, 0xA79E, 0xA79E, 0xA79E, 0xA79E, 0xA79E,
  0xA79E, 0xA79E, 0xA79E, 0xA79E, 0xA79E, 0xA79E, 0xA79E, 0xA79E, 0xA79E, 0xA79E, 0xA79E, 0xA79E,
  0xA79E, 0xA79E, 0xA79E, 0xA79E, 0xA79E, 0xA79E, 0xA79E, 0xA79E, 0xA79E, 0xA79E, 0xA79E, 0xA79E,
  0xA79E, 0xA79E, 0xA79E, 0xA79E, 0xA79E, 0xA79E, 0xA79E, 0xA79E, 0xA79E, 0xA79E, 0xA79E, 0xA79E,
  0xA79E, 0xA79E, 0xA79E, 0xA79E, 0xA79E, 0xA79E, 0xA79E, 0xA79E, 0xA79E, 0xA79E, 0xA79E, 0xA79E,
  0xA79E, 0xA79E, 0xA79E, 0xA79E, 0xA79E, 0xA79E, 0xA79E, 0xA79E, 0xA79E, 0xA79E, 0xA79E, 0xA79E,
  0xA79E, 0xA79E, 0xA79E, 0xA79E, 0xA79E, 0xA79E, 0xA79E, 0xA79E, 0xA79E, 0xA79E, 0xA79E, 0xA79E,
  0xA79E, 0xA79E, 0xA79E, 0xA79E, 0xA79E, 0xA79E, 0xA79E, 0xA79E, 0xA79E, 0xA79E, 0xA79E, 0xA79E,
  0xA79E, 0xA79E, 0xA79E, 0xA79E, 0xA79E, 0xA79E, 0xA79E, 0xA79E, 0xA79E, 0xA79E, 0xA79E, 0xA79E,
  0xA79E, 0xA79E, 0xA79E, 0xA79E, 0xA79E, 0xA79E, 0xA79E, 0xA79E, 0xA79E, 0xA79E, 0xA79E, 0xA79E,
  0xA79E, 0xA79E, 0xA79E, 0xA79E, 0xA79E, 0xA79E, 0xA79E, 0xA79E, 0xA79E, 0xA79E, 0xA79E, 0xA79E,
  0xA79E, 0xA79E, 0xA79E, 0xA79E, 0xA79E, 0xA79E, 0xA79E, 0xA79E, 0xA79E, 0xA79E, 0xA79E, 0xA79E,
  0xA79E, 0xA79E, 0xA79E, 0xA79E, 0xA79E, 0xA79E, 0xA79E, 0xA79E, 0xA79E, 0xA79E, 0xA79E, 0xA79E,
  0xA79E, 0xA79E, 0xA79E, 0xA79E, 0xA79E, 0xA79E, 0xA79E, 0xA79E, 0xA79E, 0xA79E, 0xA79E, 0xA79E,
  0xA79E, 0xA79E, 0xA79E, 0xA79E, 0xA79E, 0xA79E, 0xA79E, 0xA79E, 0xA79E, 0xA79E, 0xA79E, 0xA79E,
  0xA79E, 0xA79E, 0xA79E, 0xA79E, 0xA79E, 0xA79E, 0xA79E, 0xA79E, 0xA79E, 0xA79E, 0xA79E, 0xA79E,
  0xA79E, 0xA79E, 0xA79E, 0xA79E, 0xA79E, 0xA79E, 0xA79E, 0xA79E, 0xA79E, 0xA79E, 0xA79E, 0xA79E,
  0xA79E, 0xA79E, 0xA79E, 0xA79E, 0xA79E, 0xA79E, 0xA79E, 0xA79E, 0xA79E, 0xA79E, 0xA79E, 0xA79E,
  0x6DBD, 0x6DBD, 0x6DBD, 0x6DBD, 0x6DBD, 0x6DBD, 0x6DBD, 0x6DBD, 0x6DBD, 0x6DBD, 0xA79E, 0xFFFF,
  0xFFFF, 0xFFFF, 0xFFFF, 0xA79E, 0xA79E, 0xA79E, 0xA79E, 0xA79E, 0xA79E, 0xA79E, 0xA79E, 0xA79E,
  0xA79E, 0xA79E, 0xA79E, 0xA79E, 0xA79E, 0xA79E, 0xA79E, 0xA79E, 0xA79E, 0xA79E, 0xA79E, 0xA79E,
  0xA79E, 0xA79E, 0xA79E, 0xA79E, 0xA79E, 0xA79E, 0xA79E, 0xA79E, 0xA79E, 0xA79E, 0xA79E, 0xA79E,
  0xA79E, 0xA79E, 0xA79E, 0xA79E, 0xA79E, 0xA79E, 0xA79E, 0xA79E, 0xA79E, 0xA79E, 0xA79E, 0xA79E,
  0xA79E, 0xA79E, 0xA79E, 0xA79E, 0xA79E, 0xA79E, 0xA79E, 0xA79E, 0xA79E, 0xA79E, 0xA79E, 0xA79E,
  0xA79E, 0xA79E, 0xA79E, 0xA79E, 0xA79E, 0xA79E, 0xA79E, 0xA79E, 0xA79E, 0xA79E, 0xA79E, 0xA79E,
  0xA79E, 0xA79E, 0xA79E, 0xA79E, 0xA79E, 0xA79E, 0xA79E, 0xA79E, 0xA79E, 0xA79E, 0xA79E, 0xA79E,
  0xA79E, 0xA79E, 0xA79E, 0xA79E, 0xA79E, 0xA79E, 0xA79E, 0xA79E, 0xA79E, 0xA79E, 0xA79E, 0xA79E,
  0xA79E, 0xA79E, 0xA79E, 0xA79E, 0xA79E, 0xA79E, 0xA79E, 0xA79E, 0xA79E, 0xA79E, 0xA79E, 0xA79E,
  0xA79E, 0xA79E, 0xA79E, 0xA79E, 0xA79E, 0xA79E, 0xA79E, 0xA79E, 0xA79E, 0xA79E, 0xA79E, 0xA79E,
  0xA79E, 0xA79E, 0xA79E, 0xA79E, 0xA79E, 0xA79E, 0xA79E, 0xA79E, 0xA79E, 0xA79E, 0xA79E, 0xA79E,
  0xA79E, 0xA79E, 0xA79E, 0xA79E, 0xA79E, 0xA79E, 0xA79E, 0xA79E, 0xA79E, 0xA79E, 0xA79E, 0xA79E,
  0xA79E, 0xA79E, 0xA79E, 0xA79E, 0xA79E, 0xA79E, 0xA79E, 0xA79E, 0xA79E, 0xA79E, 0xA79E, 0xA79E,
  0xA79E, 0xA79E, 0xA79E, 0xA79E, 0xA79E, 0xA79E, 0xA79E, 0xA79E, 0xA79E, 0xA79E, 0xA79E, 0xA79E,
  0xA79E, 0xA79E, 0xA79E, 0xA79E, 0xA79E, 0xA79E, 0xA79E, 0xA79E, 0xA79E, 0xA79E, 0xA79E, 0xA79E,
  0xA79E, 0xA79E, 0xA79E, 0xA79E, 0xA79E, 0xA79E, 0xA79E, 0xA79E, 0xA79E, 0xA79E, 0xA79E, 0xA79E,
  0xA79E, 0xA79E, 0xA79E, 0xA79E, 0xA79E, 0xA79E, 0xA79E, 0xA79E, 0xA79E, 0xA79E, 0xA79E, 0xA79E,
  0xA79E, 0xA79E, 0xA79E, 0xA79E, 0xA79E, 0xA79E, 0xA79E, 0xA79E, 0xA79E, 0xA79E, 0xA79E, 0xA79E,
  0xA79E, 0xA79E, 0xA79E, 0xA79E, 0xA79E, 0xA79E, 0xA79E, 0xA79E, 0xA79E, 0xA79E, 0xA79E, 0xA79E,
  0xA79E, 0xA79E, 0xA79E, 0xA79E, 0xA79E, 0xA79E, 0xA79E, 0xA79E, 0xA79E, 0xA79E, 0xA79E, 0xA79E,
  0xA79E, 0xA79E, 0xA79E, 0xA79E, 0xA79E, 0xA79E, 0xA79E, 0xA79E, 0xA79E, 0xA79E, 0xA79E, 0xA79E,
  0xA79E, 0xA79E, 0xA79E, 0xA79E, 0xA79E, 0xA79E, 0xA79E, 0xA79E, 0xA79E, 0xA79E, 0xA79E, 0xA79E,
  0xA79E, 0xA79E, 0x6DBD, 0x6DBD, 0x6DBD, 0x6DBD, 0x6DBD, 0x6DBD, 0x6DBD, 0x6DBD, 0x6DBD, 0x6DBD,
  0x6DBD, 0x6DBD, 0x6DBD, 0x6DBD, 0x6DBD, 0x6DBD, 0x6DBD, 0x6DBD, 0xFFFF, 0xFFFF, 0xFFFF, 0xFFFF,
  0xFFFF, 0xFFFF, 0x6DBD, 0x6DBD, 0xA79E, 0xA79E, 0xA79E, 0xA79E, 0xA79E, 0xA79E, 0xA79E, 0xA79E,
  0xFFFF, 0xA79E, 0xA79E, 0xA79E, 0xA79E, 0xA79E, 0xA79E, 0xA79E, 0xA79E, 0xA79E, 0xA79E, 0xA79E,
  0xA79E, 0xA79E, 0xA79E, 0xA79E, 0xA79E, 0xA79E, 0xA79E, 0xA79E, 0xA79E, 0xA79E, 0xA79E, 0xA79E,
  0xA79E, 0xA79E, 0xA79E, 0xA79E, 0xA79E, 0xA79E, 0xA79E, 0xA79E, 0xA79E, 0xA79E, 0xA79E, 0xA79E,
  0xA79E, 0xA79E, 0xA79E, 0xA79E, 0xA79E, 0xA79E, 0xA79E, 0xA79E, 0xA79E, 0xA79E, 0xA79E, 0xA79E,
  0xA79E, 0xA79E, 0xA79E, 0xA79E, 0xA79E, 0xA79E, 0xA79E, 0xA79E, 0xA79E, 0xA79E, 0xA79E, 0xA79E,
  0xA79E, 0xA79E, 0xA79E, 0xA79E, 0xA79E, 0xA79E, 0xA79E, 0xA79E, 0xA79E, 0xA79E, 0xA79E, 0xA79E,
  0xA79E, 0xA79E, 0xA79E, 0xA79E, 0xA79E, 0xA79E, 0xA79E, 0xA79E, 0xA79E, 0xA79E, 0xA79E, 0xA79E,
  0xA79E, 0xA79E, 0xA79E, 0xA79E, 0xA79E, 0xA79E, 0xA79E, 0xA79E, 0xA79E, 0xA79E, 0xA79E, 0xA79E,
  0xA79E, 0xA79E, 0xA79E, 0xA79E, 0xA79E, 0xA79E, 0xA79E, 0xA79E, 0xA79E, 0xA79E, 0xA79E, 0xA79E,
  0xA79E, 0xA79E, 0xA79E, 0xA79E, 0xA79E, 0xA79E, 0xA79E, 0xA79E, 0xA79E, 0xA79E, 0xA79E, 0xA79E,
  0xA79E, 0xA79E, 0xA79E, 0xA79E, 0xA79E, 0xA79E, 0xA79E, 0xA79E, 0xA79E, 0xA79E, 0xA79E, 0xA79E,
  0xA79E, 0xA79E, 0xA79E, 0xA79E, 0xA79E, 0xA79E, 0xA79E, 0xA79E, 0xA79E, 0xA79E, 0xA79E, 0xA79E,
  0xA79E, 0xA79E, 0xA79E, 0xA79E, 0xA79E, 0xA79E, 0xA79E, 0xA79E, 0xA79E, 0xA79E, 0xA79E, 0xA79E,
  0xA79E, 0xA79E, 0xA79E, 0xA79E, 0xA79E, 0xA79E, 0xA79E, 0xA79E, 0xA79E, 0xA79E, 0xA79E, 0xA79E,
  0xA79E, 0xA79E, 0xA79E, 0xA79E, 0xA79E, 0xA79E, 0xA79E, 0xA79E, 0xA79E, 0xA79E, 0xA79E, 0xA79E,
  0xA79E, 0xA79E, 0xA79E, 0xA79E, 0xA79E, 0xA79E, 0xA79E, 0xA79E, 0xA79E, 0xA79E, 0xA79E, 0xA79E,
  0xA79E, 0xA79E, 0xA79E, 0xA79E, 0xA79E, 0xA79E, 0xA79E, 0xA79E, 0xA79E, 0xA79E, 0xA79E, 0xA79E,
  0xA79E, 0xA79E, 0xA79E, 0xA79E, 0xA79E, 0xA79E, 0xA79E, 0xA79E, 0xA79E, 0xA79E, 0xA79E, 0xA79E,
  0xA79E, 0xA79E, 0xA79E, 0xA79E, 0xA79E, 0xA79E, 0xA79E, 0xA79E, 0xA79E, 0xA79E, 0xA79E, 0xA79E,
  0xA79E, 0xA79E, 0xA79E, 0xA79E, 0xA79E, 0xA79E, 0xA79E, 0xA79E, 0xA79E, 0xA79E, 0xA79E, 0xA79E,
  0xA79E, 0xA79E, 0xA79E, 0xA79E, 0xA79E, 0xA79E, 0xA79E, 0xA79E, 0xA79E, 0xA79E, 0xA79E, 0x6DBD,
  0x6DBD, 0x975C, 0x975C, 0x975C, 0x975C, 0x975C, 0x975C, 0x55F7, 0x55F7, 0x55F7, 0x55F7, 0x55F7,
  0x55F7, 0x55F7, 0x55F7, 0x55F7, 0x55F7, 0x55F7, 0xFFFF, 0x0000, 0xFFFF, 0xFFFF, 0x0000, 0xFFFF,
  0xFFFF, 0xFFFF, 0xFFFF, 0xFFFF, 0x6DBD, 0x6DBD, 0x6DBD, 0x6DBD, 0x6DBD, 0xFFFF, 0xFFFF, 0x6DBD,
  0x6DBD, 0x6DBD, 0x6DBD, 0x6DBD, 0xA79E, 0xA79E, 0xA79E, 0xA79E, 0xA79E, 0xA79E, 0xA79E, 0xA79E,
  0xA79E, 0xA79E, 0xA79E, 0xA79E, 0xA79E, 0xA79E, 0xA79E, 0xA79E, 0xA79E, 0xA79E, 0xA79E, 0xA79E,
  0xA79E, 0xA79E, 0xA79E, 0xA79E, 0xA79E, 0xA79E, 0xA79E, 0xA79E, 0xA79E, 0xA79E, 0xA79E, 0xA79E,
  0xA79E, 0xA79E, 0xA79E, 0xA79E, 0xA79E, 0xA79E, 0xA79E, 0xA79E, 0xA79E, 0xA79E, 0xA79E, 0xA79E,
  0xA79E, 0xA79E, 0xA79E, 0xA79E, 0xA79E, 0xA79E, 0xA79E, 0xA79E, 0xA79E, 0xA79E, 0xA79E, 0xA79E,
  0xA79E, 0xA79E, 0xA79E, 0xA79E, 0xA79E, 0xA79E, 0xA79E, 0xA79E, 0xA79E, 0xA79E, 0xA79E, 0xA79E,
  0xA79E, 0xA79E, 0xA79E, 0xA79E, 0xA79E, 0xA79E, 0xA79E, 0xA79E, 0xA79E, 0xA79E, 0xA79E, 0xA79E,
  0xA79E, 0xA79E, 0xA79E, 0xA79E, 0xA79E, 0xA79E, 0xA79E, 0xA79E, 0xA79E, 0xA79E, 0xA79E, 0xA79E,
  0xA79E, 0xA79E, 0xA79E, 0xA79E, 0xA79E, 0xA79E, 0xA79E, 0xA79E, 0xA79E, 0xA79E, 0xA79E, 0xA79E,
  0xA79E, 0xA79E, 0xA79E, 0xA79E, 0xA79E, 0xA79E, 0xA79E, 0xA79E, 0xA79E, 0xA79E, 0xA79E, 0xA79E,
  0xA79E, 0xA79E, 0xA79E, 0xA79E, 0xA79E, 0xA79E, 0xA79E, 0xA79E, 0xA79E, 0xA79E, 0xA79E, 0xA79E,
  0xA79E, 0xA79E, 0xA79E, 0xA79E, 0xA79E, 0xA79E, 0xA79E, 0xA79E, 0xA79E, 0xA79E, 0xA79E, 0xA79E,
  0xA79E, 0xA79E, 0xA79E, 0xA79E, 0xA79E, 0xA79E, 0xA79E, 0xA79E, 0xA79E, 0xA79E, 0xA79E, 0xA79E,
  0xA79E, 0xA79E, 0xA79E, 0xA79E, 0xA79E, 0xA79E, 0xA79E, 0xA79E, 0xA79E, 0xA79E, 0xA79E, 0xA79E,
  0xA79E, 0xA79E, 0xA79E, 0xA79E, 0xA79E, 0xA79E, 0xA79E, 0xA79E, 0xA79E, 0xA79E, 0xA79E, 0xA79E,
  0xA79E, 0xA79E, 0xA79E, 0xA79E, 0xA79E, 0xA79E, 0xA79E, 0xA79E, 0xA79E, 0xA79E, 0xA79E, 0xA79E,
  0xA79E, 0xA79E, 0xA79E, 0xA79E, 0xA79E, 0xA79E, 0xA79E, 0xA79E, 0xA79E, 0xA79E, 0xA79E, 0xA79E,
  0xA79E, 0xA79E, 0xA79E, 0xA79E, 0xA79E, 0xA79E, 0xA79E, 0xA79E, 0xA79E, 0xA79E, 0xA79E, 0xA79E,
  0xA79E, 0xA79E, 0xA79E, 0xA79E, 0xA79E, 0xA79E, 0xA79E, 0xA79E, 0xA79E, 0xA79E, 0xA79E, 0xA79E,
  0xA79E, 0xA79E, 0xA79E, 0xA79E, 0xA79E, 0xA79E, 0xA79E, 0xA79E, 0xA79E, 0xA79E, 0xA79E, 0xA79E,
  0xA79E, 0xA79E, 0xA79E, 0xA79E, 0xA79E, 0xA79E, 0xA79E, 0xA79E, 0xA79E, 0x6DBD, 0x975C, 0x975C,
  0x975C, 0x975C, 0x975C, 0x55F7, 0x55F7, 0x55F7, 0x55F7, 0x55F7, 0x55F7, 0x55F7, 0x55F7, 0x55F7,
  0x55F7, 0x55F7, 0x55F7, 0x55F7, 0x55F7, 0xFFFF, 0xFFFF, 0xFFFF, 0xFFFF, 0xFFFF, 0xFFFF, 0xFFFF,
  0xFFFF, 0xFFFF, 0xFFFF, 0xFFFF, 0x55F7, 0x55F7, 0xFFFF, 0xFFFF, 0xFFFF, 0x55F7, 0x55F7, 0x55F7,
  0x55F7, 0x6DBD, 0x6DBD, 0x6DBD, 0x6DBD, 0x6DBD, 0x6DBD, 0x6DBD, 0x6DBD, 0x6DBD, 0x6DBD, 0xA79E,
  0xA79E, 0xA79E, 0xA79E, 0xA79E, 0xA79E, 0xA79E, 0xA79E, 0xA79E, 0xA79E, 0xA79E, 0xA79E, 0xA79E,
  0xA79E, 0xA79E, 0xA79E, 0xA79E, 0xA79E, 0xA79E, 0xA79E, 0xA79E, 0xA79E, 0xA79E, 0xA79E, 0xA79E,
  0xA79E, 0xA79E, 0xA79E, 0xA79E, 0xA79E, 0xA79E, 0xA79E, 0xA79E, 0xA79E, 0xA79E, 0xA79E, 0xA79E,
  0xA79E, 0xA79E, 0xA79E, 0xA79E, 0xA79E, 0xA79E, 0xA79E, 0xA79E, 0xA79E, 0xA79E, 0xA79E, 0xA79E,
  0xA79E, 0xA79E, 0xA79E, 0xA79E, 0xA79E, 0xA79E, 0xA79E, 0xA79E, 0xA79E, 0xA79E, 0xA79E, 0xA79E,
  0xA79E, 0xA79E, 0xA79E, 0xA79E, 0xA79E, 0xA79E, 0xA79E, 0xA79E, 0xA79E, 0xA79E, 0xA79E, 0xA79E,
  0xA79E, 0xA79E, 0xA79E, 0xA79E, 0xA79E, 0xA79E, 0xA79E, 0xA79E, 0xA79E, 0xA79E, 0xA79E, 0xA79E,
  0xA79E, 0xA79E, 0xA79E, 0xA79E, 0xA79E, 0xA79E, 0xA79E, 0xA79E, 0xA79E, 0xA79E, 0xA79E, 0xA79E,
  0xA79E, 0xA79E, 0xA79E, 0xA79E, 0xA79E, 0xA79E, 0xA79E, 0xA79E, 0xA79E, 0xA79E, 0xA79E, 0xA79E,
  0xA79E, 0xA79E, 0xA79E, 0xA79E, 0xA79E, 0xA79E, 0xA79E, 0xA79E, 0xA79E, 0xA79E, 0xA79E, 0xA79E,
  0xA79E, 0xA79E, 0xA79E, 0xA79E, 0xA79E, 0xA79E, 0xA79E, 0xA79E, 0xA79E, 0xA79E, 0xA79E, 0xA79E,
  0xA79E, 0xA79E, 0xA79E, 0xA79E, 0xA79E, 0xA79E, 0xA79E, 0xA79E, 0xA79E, 0xA79E, 0xA79E, 0xA79E,
  0xA79E, 0xA79E, 0xA79E, 0xA79E, 0xA79E, 0xA79E, 0xA79E, 0xA79E, 0xA79E, 0xA79E, 0xA79E, 0xA79E,
  0xA79E, 0xA79E, 0xA79E, 0xA79E, 0xA79E, 0xA79E, 0xA79E, 0xA79E, 0xA79E, 0xA79E, 0xA79E, 0xA79E,
  0xA79E, 0xA79E, 0xA79E, 0xA79E, 0xA79E, 0xA79E, 0xA79E, 0xA79E, 0xA79E, 0xA79E, 0xA79E, 0xA79E,
  0xA79E, 0xA79E, 0xA79E, 0xA79E, 0xA79E, 0xA79E, 0xA79E, 0xA79E, 0xA79E, 0xA79E, 0xA79E, 0xA79E,
  0xA79E, 0xA79E, 0xA79E, 0xA79E, 0xA79E, 0xA79E, 0xA79E, 0xA79E, 0xA79E, 0xA79E, 0xA79E, 0xA79E,
  0xA79E, 0xA79E, 0xA79E, 0xA79E, 0xA79E, 0xA79E, 0xA79E, 0xA79E, 0xA79E, 0xA79E, 0xA79E, 0xA79E,
  0xA79E, 0xA79E, 0xA79E, 0xA79E, 0xA79E, 0xA79E, 0xA79E, 0xA79E, 0xA79E, 0xA79E, 0xA79E, 0xA79E,
  0xA79E, 0xA79E, 0xA79E, 0xA79E, 0xA79E, 0xA79E, 0xA79E, 0x6DBD, 0x975C, 0x975C, 0x975C, 0xDFFF,
  0x55F7, 0x55F7, 0x55F7, 0x55F7, 0x55F7, 0x55F7, 0x55F7, 0x55F7, 0x55F7, 0x55F7, 0x55F7, 0x55F7,
  0x55F7, 0x55F7, 0x55F7, 0x55F7, 0xFFFF, 0xFFFF, 0x55F7, 0xFFFF, 0xFFFF, 0xFFFF, 0xFFFF, 0xFFFF,
  0xFFFF, 0xFFFF, 0xFFFF, 0xFFFF, 0xFFFF, 0xFFFF, 0x55F7, 0x55F7, 0x55F7, 0x55F7, 0x55F7, 0x55F7,
  0x55F7, 0x55F7, 0x55F7, 0x55F7, 0x55F7, 0x55F7, 0x55F7, 0x55F7, 0x6DBD, 0x6DBD, 0x6DBD, 0x6DBD,
  0xA79E, 0xA79E, 0xA79E, 0xA79E, 0xA79E, 0xA79E, 0xA79E, 0xA79E, 0xA79E, 0xA79E, 0xA79E, 0xA79E,
  0xA79E, 0xA79E, 0xA79E, 0xA79E, 0xA79E, 0xA79E, 0xA79E, 0xA79E, 0xA79E, 0xA79E, 0xA79E, 0xA79E,
  0xA79E, 0xA79E, 0xA79E, 0xA79E, 0xA79E, 0xA79E, 0xA79E, 0xA79E, 0xA79E, 0xA79E, 0xA79E, 0xA79E,
  0xA79E, 0xA79E, 0xA79E, 0xA79E, 0xA79E, 0xA79E, 0xA79E, 0xA79E, 0xA79E, 0xA79E, 0xA79E, 0xA79E,
  0xA79E, 0xA79E, 0xA79E, 0xA79E, 0xA79E, 0xA79E, 0xA79E, 0xA79E, 0xA79E, 0xA79E, 0xA79E, 0xA79E,
  0xA79E, 0xA79E, 0xA79E, 0xA79E, 0xA79E, 0xA79E, 0xA79E, 0xA79E, 0xA79E, 0xA79E, 0xA79E, 0xA79E,
  0xA79E, 0xA79E, 0xA79E, 0xA79E, 0xA79E, 0xA79E, 0xA79E, 0xA79E, 0xA79E, 0xA79E, 0xA79E, 0xA79E,
  0xA79E, 0xA79E, 0xA79E, 0xA79E, 0xA79E, 0xA79E, 0xA79E, 0xA79E, 0xA79E, 0xA79E, 0xA79E, 0xA79E,
  0xA79E, 0xA79E, 0xA79E, 0xA79E, 0xA79E, 0xA79E, 0xA79E, 0xA79E, 0xA79E, 0xA79E, 0xA79E, 0xA79E,
  0xA79E, 0xA79E, 0xA79E, 0xA79E, 0xA79E, 0xA79E, 0xA79E, 0xA79E, 0xA79E, 0xA79E, 0xA79E, 0xA79E,
  0xA79E, 0xA79E, 0xA79E, 0xA79E, 0xA79E, 0xA79E, 0xA79E, 0xA79E, 0xA79E, 0xA79E, 0xA79E, 0xA79E,
  0xA79E, 0xA79E, 0xA79E, 0xA79E, 0xA79E, 0xA79E, 0xA79E, 0xA79E, 0xA79E, 0xA79E, 0xA79E, 0xA79E,
  0xA79E, 0xA79E, 0xA79E, 0xA79E, 0xA79E, 0xA79E, 0xA79E, 0xA79E, 0xA79E, 0xA79E, 0xA79E, 0xA79E,
  0xA79E, 0xA79E, 0xA79E, 0xA79E, 0xA79E, 0xA79E, 0xA79E, 0xA79E, 0xA79E, 0xA79E, 0xA79E, 0xA79E,
  0xA79E, 0xA79E, 0xA79E, 0xA79E, 0xA79E, 0xA79E, 0xA79E, 0xA79E, 0xA79E, 0xA79E, 0xA79E, 0xA79E,
  0xA79E, 0xA79E, 0xA79E, 0xA79E, 0xA79E, 0xA79E, 0xA79E, 0xA79E, 0xA79E, 0xA79E, 0xA79E, 0xA79E,
  0xA79E, 0xA79E, 0xA79E, 0xA79E, 0xA79E, 0xA79E, 0xA79E, 0xA79E, 0xA79E, 0xA79E, 0xA79E, 0xA79E,
  0xA79E, 0xA79E, 0xA79E, 0xA79E, 0xA79E, 0xA79E, 0xA79E, 0xA79E, 0xA79E, 0xA79E, 0xA79E, 0xA79E,
  0xA79E, 0xA79E, 0xA79E, 0xA79E, 0xA79E, 0xA79E, 0xA79E, 0xA79E, 0xA79E, 0xA79E, 0xA79E, 0xA79E,
  0xA79E, 0xA79E, 0xA79E, 0xA79E, 0xA79E, 0x6DBD, 0x975C, 0x975C, 0x55F7, 0xDFFF, 0xDFFF, 0x55F7,
  0x55F7, 0x55F7, 0x55F7, 0x55F7, 0x55F7, 0x55F7, 0x55F7, 0x55F7, 0x55F7, 0x55F7, 0x55F7, 0x55F7,
  0x55F7, 0x55F7, 0x55F7, 0x55F7, 0x55F7, 0xFFFF, 0xFFFF, 0xFFFF, 0xFFFF, 0xFFFF, 0xFFFF, 0xFFFF,
  0xFFFF, 0x55F7, 0x55F7, 0x55F7, 0x55F7, 0x55F7, 0x55F7, 0x55F7, 0x55F7, 0x55F7, 0x55F7, 0x55F7,
  0x55F7, 0x55F7, 0x55F7, 0x55F7, 0x55F7, 0x55F7, 0x55F7, 0x55F7, 0x55F7, 0x55F7, 0xA79E, 0xA79E,
  0xA79E, 0xA79E, 0xA79E, 0xA79E, 0xA79E, 0xA79E, 0xA79E, 0xA79E, 0xA79E, 0xA79E, 0xA79E, 0xA79E,
  0xA79E, 0xA79E, 0xA79E, 0xA79E, 0xA79E, 0xA79E, 0xA79E, 0xA79E, 0xA79E, 0xA79E, 0xA79E, 0xA79E,
  0xA79E, 0xA79E, 0xA79E, 0xA79E, 0xA79E, 0xA79E, 0xA79E, 0xA79E, 0xA79E, 0xA79E, 0xA79E, 0xA79E,
  0xA79E, 0xA79E, 0xA79E, 0xA79E, 0xA79E, 0xA79E, 0xA79E, 0xA79E, 0xA79E, 0xA79E, 0xA79E, 0xA79E,
  0xA79E, 0xA79E, 0xA79E, 0xA79E, 0xA79E, 0xA79E, 0xA79E, 0xA79E, 0xA79E, 0xA79E, 0xA79E, 0xA79E,
  0xA79E, 0xA79E, 0xA79E, 0xA79E, 0xA79E, 0xA79E, 0xA79E, 0xA79E, 0xA79E, 0xA79E, 0xA79E, 0xA79E,
  0xA79E, 0xA79E, 0xA79E, 0xA79E, 0xA79E, 0xA79E, 0xA79E, 0xA79E, 0xA79E, 0xA79E, 0xA79E, 0xA79E,
  0xA79E, 0xA79E, 0xA79E, 0xA79E, 0xA79E, 0xA79E, 0xA79E, 0xA79E, 0xA79E, 0xA79E, 0xA79E, 0xA79E,
  0xA79E, 0xA79E, 0xA79E, 0xA79E, 0xA79E, 0xA79E, 0xA79E, 0xA79E, 0xA79E, 0xA79E, 0xA79E, 0xA79E,
  0xA79E, 0xA79E, 0xA79E, 0xA79E, 0xA79E, 0xA79E, 0xA79E, 0xA79E, 0xA79E, 0xA79E, 0xA79E, 0xA79E,
  0xA79E, 0xA79E, 0xA79E, 0xA79E, 0xA79E, 0xA79E, 0xA79E, 0xA79E, 0xA79E, 0xA79E, 0xA79E, 0xA79E,
  0xA79E, 0xA79E, 0xA79E, 0xA79E, 0xA79E, 0xA79E, 0xA79E, 0xA79E, 0xA79E, 0xA79E, 0xA79E, 0xA79E,
  0xA79E, 0xA79E, 0xA79E, 0xA79E, 0xA79E, 0xA79E, 0xA79E, 0xA79E, 0xA79E, 0xA79E, 0xA79E, 0xA79E,
  0xA79E, 0xA79E, 0xA79E, 0xA79E, 0xA79E, 0xA79E, 0xA79E, 0xA79E, 0xA79E, 0xA79E, 0xA79E, 0xA79E,
  0xA79E, 0xA79E, 0xA79E, 0xA79E, 0xA79E, 0xA79E, 0xA79E, 0xA79E, 0xA79E, 0xA79E, 0xA79E, 0xA79E,
  0xA79E, 0xA79E, 0xA79E, 0xA79E, 0xA79E, 0xA79E, 0xA79E, 0xA79E, 0xA79E, 0xA79E, 0xA79E, 0xA79E,
  0xA79E, 0xA79E, 0xA79E, 0xA79E, 0xA79E, 0xA79E, 0xA79E, 0xA79E, 0xA79E, 0xA79E, 0xA79E, 0xA79E,
  0xA79E, 0xA79E, 0xA79E, 0xA79E, 0xA79E, 0xA79E, 0xA79E, 0xA79E, 0xA79E, 0xA79E, 0xA79E, 0xA79E,
  0xA79E, 0xA79E, 0xA79E, 0xA79E, 0xA79E, 0xA79E, 0xA79E, 0xA79E, 0xA79E, 0xA79E, 0xA79E, 0xA79E,
  0xA79E, 0xA79E, 0xA79E, 0x6DBD, 0x975C, 0x975C, 0x55F7, 0x55F7, 0x55F7, 0xDFFF, 0xDFFF, 0xDFFF,
  0xDFFF, 0x55F7, 0x55F7, 0x55F7, 0x55F7, 0x55F7, 0x55F7, 0x55F7, 0x55F7, 0x55F7, 0x55F7, 0x55F7,
  0x55F7, 0x55F7, 0x55F7, 0xFFFF, 0xFFFF, 0x55F7, 0x55F7, 0x55F7, 0x55F7, 0xFFFF, 0xFFFF, 0x55F7,
  0x55F7, 0x55F7, 0x55F7, 0x55F7, 0x55F7, 0x55F7, 0x55F7, 0x55F7, 0x55F7, 0x55F7, 0x55F7, 0x55F7,
  0x55F7, 0x55F7, 0x55F7, 0x55F7, 0x55F7, 0x55F7, 0x55F7, 0x55F7, 0xA79E, 0xA79E, 0xA79E, 0xA79E,
  0xA79E, 0xA79E, 0xA79E, 0xA79E, 0xA79E, 0xA79E, 0xA79E, 0xA79E, 0xA79E, 0xA79E, 0xA79E, 0xA79E,
  0xA79E, 0xA79E, 0xA79E, 0xA79E, 0xA79E, 0xA79E, 0xA79E, 0xA79E, 0xA79E, 0xA79E, 0xA79E, 0xA79E,
  0xA79E, 0xA79E, 0xA79E, 0xA79E, 0xA79E, 0xA79E, 0xA79E, 0xA79E, 0xA79E, 0xA79E, 0xA79E, 0xA79E,
  0xA79E, 0xA79E, 0xA79E, 0xA79E, 0xA79E, 0xA79E, 0xA79E, 0xA79E, 0xA79E, 0xA79E, 0xA79E, 0xA79E,
  0xA79E, 0xA79E, 0xA79E, 0xA79E, 0xA79E, 0xA79E, 0xA79E, 0xA79E, 0xA79E, 0xA79E, 0xA79E, 0xA79E,
  0xA79E, 0xA79E, 0xA79E, 0xA79E, 0xA79E, 0xA79E, 0xA79E, 0xA79E, 0xA79E, 0xA79E, 0xA79E, 0xA79E,
  0xA79E, 0xA79E, 0xA79E, 0xA79E, 0xA79E, 0xA79E, 0xA79E, 0xA79E, 0xA79E, 0xA79E, 0xA79E, 0xA79E,
  0xA79E, 0xA79E, 0xA79E, 0xA79E, 0xA79E, 0xA79E, 0xA79E, 0xA79E, 0xA79E, 0xA79E, 0xA79E, 0xA79E,
  0xA79E, 0xA79E, 0xA79E, 0xA79E, 0xA79E, 0xA79E, 0xA79E, 0xA79E, 0xA79E, 0xA79E, 0xA79E, 0xA79E,
  0xA79E, 0xA79E, 0xA79E, 0xA79E, 0xA79E, 0xA79E, 0xA79E, 0xA79E, 0xA79E, 0xA79E, 0xA79E, 0xA79E,
  0xA79E, 0xA79E, 0xA79E, 0xA79E, 0xA79E, 0xA79E, 0xA79E, 0xA79E, 0xA79E, 0xA79E, 0xA79E, 0xA79E,
  0xA79E, 0xA79E, 0xA79E, 0xA79E, 0xA79E, 0xA79E, 0xA79E, 0xA79E, 0xA79E, 0xA79E, 0xA79E, 0xA79E,
  0xA79E, 0xA79E, 0xA79E, 0xA79E, 0xA79E, 0xA79E, 0xA79E, 0xA79E, 0xA79E, 0xA79E, 0xA79E, 0xA79E,
  0xA79E, 0xA79E, 0xA79E, 0xA79E, 0xA79E, 0xA79E, 0xA79E, 0xA79E, 0xA79E, 0xA79E, 0xA79E, 0xA79E,
  0xA79E, 0xA79E, 0xA79E, 0xA79E, 0xA79E, 0xA79E, 0xA79E, 0xA79E, 0xA79E, 0xA79E, 0xA79E, 0xA79E,
  0xA79E, 0xA79E, 0xA79E, 0xA79E, 0xA79E, 0xA79E, 0xA79E, 0xA79E, 0xA79E, 0xA79E, 0xA79E, 0xA79E,
  0xA79E, 0xA79E, 0xA79E, 0xA79E, 0xA79E, 0xA79E, 0xA79E, 0xA79E, 0xA79E, 0xA79E, 0xA79E, 0xA79E,
  0xA79E, 0xA79E, 0xA79E, 0xA79E, 0xA79E, 0xA79E, 0xA79E, 0xA79E, 0xA79E, 0xA79E, 0xA79E, 0xA79E,
  0xA79E, 0xA79E, 0xA79E, 0xA79E, 0xA79E, 0xA79E, 0xA79E, 0xA79E, 0xA79E, 0xA79E, 0xA79E, 0xA79E,
  0xA79E, 0x6DBD, 0x975C, 0x55F7, 0x55F7, 0x55F7, 0x55F7, 0x55F7, 0x55F7, 0x55F7, 0xDFFF, 0xDFFF,
  0x55F7, 0x55F7, 0x55F7, 0x55F7, 0x55F7, 0x55F7, 0x55F7, 0x55F7, 0x55F7, 0x55F7, 0x55F7, 0x55F7,
  0x55F7, 0x55F7, 0x55F7, 0x55F7, 0x55F7, 0x55F7, 0x55F7, 0x55F7, 0x55F7, 0x55F7, 0x55F7, 0x55F7,
  0x55F7, 0x55F7, 0x55F7, 0x55F7, 0x55F7, 0x55F7, 0x55F7, 0x55F7, 0x55F7, 0x55F7, 0x55F7, 0x55F7,
  0x55F7, 0x55F7, 0x55F7, 0x55F7, 0x55F7, 0x55F7, 0xA79E, 0xA79E, 0xA79E, 0xA79E, 0xA79E, 0xA79E,
  0xA79E, 0xA79E, 0xA79E, 0xA79E, 0xA79E, 0xA79E, 0xA79E, 0xA79E, 0xA79E, 0xA79E, 0xA79E, 0xA79E,
  0xA79E, 0xA79E, 0xA79E, 0xA79E, 0xA79E, 0xA79E, 0xA79E, 0xA79E, 0xA79E, 0xA79E, 0xA79E, 0xA79E,
  0xA79E, 0xA79E, 0xA79E, 0xA79E, 0xA79E, 0xA79E, 0xA79E, 0xA79E, 0xA79E, 0xA79E, 0xA79E, 0xA79E,
  0xA79E, 0xA79E, 0xA79E, 0xA79E, 0xA79E, 0xA79E, 0xA79E, 0xA79E, 0xA79E, 0xA79E, 0xA79E, 0xA79E,
  0xA79E, 0xA79E, 0xA79E, 0xA79E, 0xA79E, 0xA79E, 0xA79E, 0xA79E, 0xA79E, 0xA79E, 0xA79E, 0xA79E,
  0xA79E, 0xA79E, 0xA79E, 0xA79E, 0xA79E, 0xA79E, 0xA79E, 0xA79E, 0xA79E, 0xA79E, 0xA79E, 0xA79E,
  0xA79E, 0xA79E, 0xA79E, 0xA79E, 0xA79E, 0xA79E, 0xA79E, 0xA79E, 0xA79E, 0xA79E, 0xA79E, 0xA79E,
  0xA79E, 0xA79E, 0xA79E, 0xA79E, 0xA79E, 0xA79E, 0xA79E, 0xA79E, 0xA79E, 0xA79E, 0xA79E, 0xA79E,
  0xA79E, 0xA79E, 0xA79E, 0xA79E, 0xA79E, 0xA79E, 0xA79E, 0xA79E, 0xA79E, 0xA79E, 0xA79E, 0xA79E,
  0xA79E, 0xA79E, 0xA79E, 0xA79E, 0xA79E, 0xA79E, 0xA79E, 0xA79E, 0xA79E, 0xA79E, 0xA79E, 0xA79E,
  0xA79E, 0xA79E, 0xA79E, 0xA79E, 0xA79E, 0xA79E, 0xA79E, 0xA79E, 0xA79E, 0xA79E, 0xA79E, 0xA79E,
  0xA79E, 0xA79E, 0xA79E, 0xA79E, 0xA79E, 0xA79E, 0xA79E, 0xA79E, 0xA79E, 0xA79E, 0xA79E, 0xA79E,
  0xA79E, 0xA79E, 0xA79E, 0xA79E, 0xA79E, 0xA79E, 0xA79E, 0xA79E, 0xA79E, 0xA79E, 0xA79E, 0xA79E,
  0xA79E, 0xA79E, 0xA79E, 0xA79E, 0xA79E, 0xA79E, 0xA79E, 0xA79E, 0xA79E, 0xA79E, 0xA79E, 0xA79E,
  0xA79E, 0xA79E, 0xA79E, 0xA79E, 0xA79E, 0xA79E, 0xA79E, 0xA79E, 0xA79E, 0xA79E, 0xA79E, 0xA79E,
  0xA79E, 0xA79E, 0xA79E, 0xA79E, 0xA79E, 0xA79E, 0xA79E, 0xA79E, 0xA79E, 0xA79E, 0xA79E, 0xA79E,
  0xA79E, 0xA79E, 0xA79E, 0xA79E, 0xA79E, 0xA79E, 0xA79E, 0xA79E, 0xA79E, 0xA79E, 0xA79E, 0xA79E,
  0xA79E, 0xA79E, 0xA79E, 0xA79E, 0xA79E, 0xA79E, 0xA79E, 0xA79E, 0xA79E, 0xA79E, 0xA79E, 0xA79E,
  0xA79E, 0xA79E, 0xA79E, 0xA79E, 0xA79E, 0xA79E, 0xA79E, 0xA79E, 0xA79E, 0xA79E, 0xA79E, 0x6DBD,
  0x975C, 0x55F7, 0x55F7, 0x55F7, 0x55F7, 0x55F7, 0x55F7, 0x55F7, 0xDFFF, 0xDFFF, 0xDFFF, 0xDFFF,
  0xDFFF, 0xDFFF, 0xDFFF, 0xDFFF, 0xDFFF, 0xDFFF, 0x55F7, 0x55F7, 0x55F7, 0x55F7, 0x55F7, 0x55F7,
  0x55F7, 0x55F7, 0x55F7, 0x55F7, 0x55F7, 0x55F7, 0x55F7, 0x55F7, 0x55F7, 0x55F7, 0x55F7, 0x55F7,
  0x55F7, 0x55F7, 0x55F7, 0x55F7, 0x55F7, 0x55F7, 0x55F7, 0x55F7, 0x55F7, 0x55F7, 0x55F7, 0x55F7,
  0x55F7, 0x55F7, 0x55F7, 0x55F7, 0xA79E, 0xA79E, 0xA79E, 0xA79E, 0xA79E, 0xA79E, 0xA79E, 0xA79E,
  0xA79E, 0xA79E, 0xA79E, 0xA79E, 0xA79E, 0xA79E, 0xA79E, 0xA79E, 0xA79E, 0xA79E, 0xA79E, 0xA79E,
  0xA79E, 0xA79E, 0xA79E, 0xA79E, 0xA79E, 0xA79E, 0xA79E, 0xA79E, 0xA79E, 0xA79E, 0xA79E, 0xA79E,
  0xA79E, 0xA79E, 0xA79E, 0xA79E, 0xA79E, 0xA79E, 0xA79E, 0xA79E, 0xA79E, 0xA79E, 0xA79E, 0xA79E,
  0xA79E, 0xA79E, 0xA79E, 0xA79E, 0xA79E, 0xA79E, 0xA79E, 0xA79E, 0xA79E, 0xA79E, 0xA79E, 0xA79E,
  0xA79E, 0xA79E, 0xA79E, 0xA79E, 0xA79E, 0xA79E, 0xA79E, 0xA79E, 0xA79E, 0xA79E, 0xA79E, 0xA79E,
  0xA79E, 0xA79E, 0xA79E, 0xA79E, 0xA79E, 0xA79E, 0xA79E, 0xA79E, 0xA79E, 0xA79E, 0xA79E, 0xA79E,
  0xA79E, 0xA79E, 0xA79E, 0xA79E, 0xA79E, 0xA79E, 0xA79E, 0xA79E, 0xA79E, 0xA79E, 0xA79E, 0xA79E,
  0xA79E, 0xA79E, 0xA79E, 0xA79E, 0xA79E, 0xA79E, 0xA79E, 0xA79E, 0xA79E, 0xA79E, 0xA79E, 0xA79E,
  0xA79E, 0xA79E, 0xA79E, 0xA79E, 0xA79E, 0xA79E, 0xA79E, 0xA79E, 0xA79E, 0xA79E, 0xA79E, 0xA79E,
  0xA79E, 0xA79E, 0xA79E, 0xA79E, 0xA79E, 0xA79E, 0xA79E, 0xA79E, 0xA79E, 0xA79E, 0xA79E, 0xA79E,
  0xA79E, 0xA79E, 0xA79E, 0xA79E, 0xA79E, 0xA79E, 0xA79E, 0xA79E, 0xA79E, 0xA79E, 0xA79E, 0xA79E,
  0xA79E, 0xA79E, 0xA79E, 0xA79E, 0xA79E, 0xA79E, 0xA79E, 0xA79E, 0xA79E, 0xA79E, 0xA79E, 0xA79E,
  0xA79E, 0xA79E, 0xA79E, 0xA79E, 0xA79E, 0xA79E, 0xA79E, 0xA79E, 0xA79E, 0xA79E, 0xA79E, 0xA79E,
  0xA79E, 0xA79E, 0xA79E, 0xA79E, 0xA79E, 0xA79E, 0xA79E, 0xA79E, 0xA79E, 0xA79E, 0xA79E, 0xA79E,
  0xA79E, 0xA79E, 0xA79E, 0xA79E, 0xA79E, 0xA79E, 0xA79E, 0xA79E, 0xA79E, 0xA79E, 0xA79E, 0xA79E,
  0xA79E, 0xA79E, 0xA79E, 0xA79E, 0xA79E, 0xA79E, 0xA79E, 0xA79E, 0xA79E, 0xA79E, 0xA79E, 0xA79E,
  0xA79E, 0xA79E, 0xA79E, 0xA79E, 0xA79E, 0xA79E, 0xA79E, 0xA79E, 0xA79E, 0xA79E, 0xA79E, 0xA79E,
  0xA79E, 0xA79E, 0xA79E, 0xA79E, 0xA79E, 0xA79E, 0xA79E, 0xA79E, 0xA79E, 0xA79E, 0xA79E, 0xA79E,
  0xA79E, 0xA79E, 0xA79E, 0xA79E, 0xA79E, 0xA79E, 0xA79E, 0xA79E, 0xA79E, 0x6DBD, 0x55F7, 0x55F7,
  0x55F7, 0x55F7, 0x55F7, 0x55F7, 0x55F7, 0x55F7, 0xDFFF, 0x55F7, 0x55F7, 0x55F7, 0x55F7, 0x55F7,
  0x55F7, 0x55F7, 0x55F7, 0x55F7, 0xDFFF, 0xDFFF, 0xDFFF, 0xDFFF, 0xDFFF, 0xDFFF, 0x55F7, 0x55F7,
  0x55F7, 0x55F7, 0x55F7, 0x55F7, 0x55F7, 0x55F7, 0x55F7, 0x55F7, 0x55F7, 0x55F7, 0x55F7, 0x55F7,
  0x55F7, 0x55F7, 0x55F7, 0x55F7, 0x55F7, 0x55F7, 0x55F7, 0x55F7, 0x55F7, 0x55F7, 0x55F7, 0xDFFF,
  0xDFFF, 0xDFFF, 0xA79E, 0xA79E, 0xA79E, 0xA79E, 0xA79E, 0xA79E, 0xA79E, 0xA79E, 0xA79E, 0xA79E,
  0xA79E, 0xA79E, 0xA79E, 0xA79E, 0xA79E, 0xA79E, 0xA79E, 0xA79E, 0xA79E, 0xA79E, 0xA79E, 0xA79E,
  0xA79E, 0xA79E, 0xA79E, 0xA79E, 0xA79E, 0xA79E, 0xA79E, 0xA79E, 0xA79E, 0xA79E, 0xA79E, 0xA79E,
  0xA79E, 0xA79E, 0xA79E, 0xA79E, 0xA79E, 0xA79E, 0xA79E, 0xA79E, 0xA79E, 0xA79E, 0xA79E, 0xA79E,
  0xA79E, 0xA79E, 0xA79E, 0xA79E, 0xA79E, 0xA79E, 0xA79E, 0xA79E, 0xA79E, 0xA79E, 0xA79E, 0xA79E,
  0xA79E, 0xA79E, 0xA79E, 0xA79E, 0xA79E, 0xA79E, 0xA79E, 0xA79E, 0xA79E, 0xA79E, 0xA79E, 0xA79E,
  0xA79E, 0xA79E, 0xA79E, 0xA79E, 0xA79E, 0xA79E, 0xA79E, 0xA79E, 0xA79E, 0xA79E, 0xA79E, 0xA79E,
  0xA79E, 0xA79E, 0xA79E, 0xA79E, 0xA79E, 0xA79E, 0xA79E, 0xA79E, 0xA79E, 0xA79E, 0xA79E, 0xA79E,
  0xA79E, 0xA79E, 0xA79E, 0xA79E, 0xA79E, 0xA79E, 0xA79E, 0xA79E, 0xA79E, 0xA79E, 0xA79E, 0xA79E,
  0xA79E, 0xA79E, 0xA79E, 0xA79E, 0xA79E, 0xA79E, 0xA79E, 0xA79E, 0xA79E, 0xA79E, 0xA79E, 0xA79E,
  0xA79E, 0xA79E, 0xA79E, 0xA79E, 0xA79E, 0xA79E, 0xA79E, 0xA79E, 0xA79E, 0xA79E, 0xA79E, 0xA79E,
  0xA79E, 0xA79E, 0xA79E, 0xA79E, 0xA79E, 0xA79E, 0xA79E, 0xA79E, 0xA79E, 0xA79E, 0xA79E, 0xA79E,
  0xA79E, 0xA79E, 0xA79E, 0xA79E, 0xA79E, 0xA79E, 0xA79E, 0xA79E, 0xA79E, 0xA79E, 0xA79E, 0xA79E,
  0xA79E, 0xA79E, 0xA79E, 0xA79E, 0xA79E, 0xA79E, 0xA79E, 0xA79E, 0xA79E, 0xA79E, 0xA79E, 0xA79E,
  0xA79E, 0xA79E, 0xA79E, 0xA79E, 0xA79E, 0xA79E, 0xA79E, 0xA79E, 0xA79E, 0xA79E, 0xA79E, 0xA79E,
  0xA79E, 0xA79E, 0xA79E, 0xA79E, 0xA79E, 0xA79E, 0xA79E, 0xA79E, 0xA79E, 0xA79E, 0xA79E, 0xA79E,
  0xA79E, 0xA79E, 0xA79E, 0xA79E, 0xA79E, 0xA79E, 0xA79E, 0xA79E, 0xA79E, 0xA79E, 0xA79E, 0xA79E,
  0xA79E, 0xA79E, 0xA79E, 0xA79E, 0xA79E, 0xA79E, 0xA79E, 0xA79E, 0xA79E, 0xA79E, 0xA79E, 0xA79E,
  0xA79E, 0xA79E, 0xA79E, 0xA79E, 0xA79E, 0xA79E, 0xA79E, 0xA79E, 0xA79E, 0xA79E, 0xA79E, 0xA79E,
  0xA79E, 0xA79E, 0xA79E, 0xA79E, 0xA79E, 0xA79E, 0xA79E, 0x6DBD, 0x55F7, 0x55F7, 0x55F7, 0x55F7,
  0x55F7, 0x55F7, 0x55F7, 0x55F7, 0x55F7, 0xDFFF, 0x55F7, 0x55F7, 0x55F7, 0x55F7, 0x55F7, 0x55F7,
  0x55F7, 0x55F7, 0x55F7, 0x55F7, 0x55F7, 0x55F7, 0x55F7, 0x55F7, 0xDFFF, 0xDFFF, 0xDFFF, 0xDFFF,
  0xDFFF, 0xDFFF, 0xDFFF, 0xDFFF, 0x55F7, 0x55F7, 0x55F7, 0x55F7, 0x55F7, 0x55F7, 0x55F7, 0xDFFF,
  0xDFFF, 0xDFFF, 0xDFFF, 0xDFFF, 0xDFFF, 0xDFFF, 0xDFFF, 0xDFFF, 0xDFFF, 0xDFFF, 0x55F7, 0x55F7,
  0xA79E, 0xA79E, 0xA79E, 0xA79E, 0xA79E, 0xA79E, 0xA79E, 0xA79E, 0xA79E, 0xA79E, 0xA79E, 0xA79E,
  0xA79E, 0xA79E, 0xA79E, 0xA79E, 0xA79E, 0xA79E, 0xA79E, 0xA79E, 0xA79E, 0xA79E, 0xA79E, 0xA79E,
  0xA79E, 0xA79E, 0xA79E, 0xA79E, 0xA79E, 0xA79E, 0xA79E, 0xA79E, 0xA79E, 0xA79E, 0xA79E, 0xA79E,
  0xA79E, 0xA79E, 0xA79E, 0xA79E, 0xA79E, 0xA79E, 0xA79E, 0xA79E, 0xA79E, 0xA79E, 0xA79E, 0xA79E,
  0xA79E, 0xA79E, 0xA79E, 0xA79E, 0xA79E, 0xA79E, 0xA79E, 0xA79E, 0xA79E, 0xA79E, 0xA79E, 0xA79E,
  0xA79E, 0xA79E, 0xA79E, 0xA79E, 0xA79E, 0xA79E, 0xA79E, 0xA79E, 0xA79E, 0xA79E, 0xA79E, 0xA79E,
  0xA79E, 0xA79E, 0xA79E, 0xA79E, 0xA79E, 0xA79E, 0xA79E, 0xA79E, 0xA79E, 0xA79E, 0xA79E, 0xA79E,
  0xA79E, 0xA79E, 0xA79E, 0xA79E, 0xA79E, 0xA79E, 0xA79E, 0xA79E, 0xA79E, 0xA79E, 0xA79E, 0xA79E,
  0xA79E, 0xA79E, 0xA79E, 0xA79E, 0xA79E, 0xA79E, 0xA79E, 0xA79E, 0xA79E, 0xA79E, 0xA79E, 0xA79E,
  0xA79E, 0xA79E, 0xA79E, 0xA79E, 0xA79E, 0xA79E, 0xA79E, 0xA79E, 0xA79E, 0xA79E, 0xA79E, 0xA79E,
  0xA79E, 0xA79E, 0xA79E, 0xA79E, 0xA79E, 0xA79E, 0xA79E, 0xA79E, 0xA79E, 0xA79E, 0xA79E, 0xA79E,
  0xA79E, 0xA79E, 0xA79E, 0xA79E, 0xA79E, 0xA79E, 0xA79E, 0xA79E, 0xA79E, 0xA79E, 0xA79E, 0xA79E,
  0xA79E, 0xA79E, 0xA79E, 0xA79E, 0xA79E, 0xA79E, 0xA79E, 0xA79E, 0xA79E, 0xA79E, 0xA79E, 0xA79E,
  0xA79E, 0xA79E, 0xA79E, 0xA79E, 0xA79E, 0xA79E, 0xA79E, 0xA79E, 0xA79E, 0xA79E, 0xA79E, 0xA79E,
  0xA79E, 0xA79E, 0xA79E, 0xA79E, 0xA79E, 0xA79E, 0xA79E, 0xA79E, 0xA79E, 0xA79E, 0xA79E, 0xA79E,
  0xA79E, 0xA79E, 0xA79E, 0xA79E, 0xA79E, 0xA79E, 0xA79E, 0xA79E, 0xA79E, 0xA79E, 0xA79E, 0xA79E,
  0xA79E, 0xA79E, 0xA79E, 0xA79E, 0xA79E, 0xA79E, 0xA79E, 0xA79E, 0xA79E, 0xA79E, 0xA79E, 0xA79E,
  0xA79E, 0xA79E, 0xA79E, 0xA79E, 0xA79E, 0xA79E, 0xA79E, 0xA79E, 0xA79E, 0xA79E, 0xA79E, 0xA79E,
  0xA79E, 0xA79E, 0xA79E, 0xA79E, 0xA79E, 0xA79E, 0xA79E, 0xA79E, 0xA79E, 0xA79E, 0xA79E, 0xA79E,
  0xA79E, 0xA79E, 0xA79E, 0xA79E, 0xA79E, 0x6DBD, 0x55F7, 0x55F7, 0x55F7, 0x55F7, 0x55F7, 0x55F7,
  0x55F7, 0x55F7, 0x55F7, 0xDFFF, 0x55F7, 0x55F7, 0x55F7, 0x55F7, 0x55F7, 0x55F7, 0x55F7, 0x55F7,
  0x55F7, 0x55F7, 0x55F7, 0x55F7, 0x55F7, 0x55F7, 0x55F7, 0x55F7, 0x55F7, 0x55F7, 0x55F7, 0x55F7,
  0x55F7, 0x55F7, 0xDFFF, 0xDFFF, 0xDFFF, 0xDFFF, 0xDFFF, 0xDFFF, 0xDFFF, 0xDFFF, 0x55F7, 0x55F7,
  0x55F7, 0x55F7, 0x55F7, 0x55F7, 0x55F7, 0x55F7, 0x55F7, 0x55F7, 0x55F7, 0x55F7, 0x6DBD, 0x6DBD,
  0x6DBD, 0x6DBD, 0xA79E, 0xA79E, 0xA79E, 0xA79E, 0xA79E, 0xA79E, 0xA79E, 0xA79E, 0xA79E, 0xA79E,
  0xA79E, 0xA79E, 0xA79E, 0xA79E, 0xA79E, 0xA79E, 0xA79E, 0xA79E, 0xA79E, 0xA79E, 0xA79E, 0xA79E,
  0xA79E, 0xA79E, 0xA79E, 0xA79E, 0xA79E, 0xA79E, 0xA79E, 0xA79E, 0xA79E, 0xA79E, 0xA79E, 0xA79E,
  0xA79E, 0xA79E, 0xA79E, 0xA79E, 0xA79E, 0xA79E, 0xA79E, 0xA79E, 0xA79E, 0xA79E, 0xA79E, 0xA79E,
  0xA79E, 0xA79E, 0xA79E, 0xA79E, 0xA79E, 0xA79E, 0xA79E, 0xA79E, 0xA79E, 0xA79E, 0xA79E, 0xA79E,
  0xA79E, 0xA79E, 0xA79E, 0xA79E, 0xA79E, 0xA79E, 0xA79E, 0xA79E, 0xA79E, 0xA79E, 0xA79E, 0xA79E,
  0xA79E, 0xA79E, 0xA79E, 0xA79E, 0xA79E, 0xA79E, 0xA79E, 0xA79E, 0xA79E, 0xA79E, 0xA79E, 0xA79E,
  0xA79E, 0xA79E, 0xA79E, 0xA79E, 0xA79E, 0xA79E, 0xA79E, 0xA79E, 0xA79E, 0xA79E, 0xA79E, 0xA79E,
  0xA79E, 0xA79E, 0xA79E, 0xA79E, 0xA79E, 0xA79E, 0xA79E, 0xA79E, 0xA79E, 0xA79E, 0xA79E, 0xA79E,
  0xA79E, 0xA79E, 0xA79E, 0xA79E, 0xA79E, 0xA79E, 0xA79E, 0xA79E, 0xA79E, 0xA79E, 0xA79E, 0xA79E,
  0xA79E, 0xA79E, 0xA79E, 0xA79E, 0xA79E, 0xA79E, 0xA79E, 0xA79E, 0xA79E, 0xA79E, 0xA79E, 0xA79E,
  0xA79E, 0xA79E, 0xA79E, 0xA79E, 0xA79E, 0xA79E, 0xA79E, 0xA79E, 0xA79E, 0xA79E, 0xA79E, 0xA79E,
  0xA79E, 0xA79E, 0xA79E, 0xA79E, 0xA79E, 0xA79E, 0xA79E, 0xA79E, 0xA79E, 0xA79E, 0xA79E, 0xA79E,
  0xA79E, 0xA79E, 0xA79E, 0xA79E, 0xA79E, 0xA79E, 0xA79E, 0xA79E, 0xA79E, 0xA79E, 0xA79E, 0xA79E,
  0xA79E, 0xA79E, 0xA79E, 0xA79E, 0xA79E, 0xA79E, 0xA79E, 0xA79E, 0xA79E, 0xA79E, 0xA79E, 0xA79E,
  0xA79E, 0xA79E, 0xA79E, 0xA79E, 0xA79E, 0xA79E, 0xA79E, 0xA79E, 0xA79E, 0xA79E, 0xA79E, 0xA79E,
  0xA79E, 0xA79E, 0xA79E, 0xA79E, 0xA79E, 0xA79E, 0xA79E, 0xA79E, 0xA79E, 0xA79E, 0xA79E, 0xA79E,
  0xA79E, 0xA79E, 0xA79E, 0xA79E, 0xA79E, 0xA79E, 0xA79E, 0xA79E, 0xA79E, 0xA79E, 0xA79E, 0xA79E,
  0xA79E, 0xA79E, 0xA79E, 0xA79E, 0xA79E, 0xA79E, 0xA79E, 0xA79E, 0xA79E, 0xA79E, 0xA79E, 0xA79E,
  0xA79E, 0xA79E, 0xA79E, 0x6DBD, 0x55F7, 0x55F7, 0x55F7, 0x55F7, 0x55F7, 0x55F7, 0x55F7, 0x55F7,
  0x55F7, 0xDFFF, 0x55F7, 0x55F7, 0x55F7, 0x55F7, 0x55F7, 0x55F7, 0x55F7, 0x55F7, 0x55F7, 0x55F7,
  0x55F7, 0x55F7, 0x55F7, 0x55F7, 0x55F7, 0x55F7, 0x55F7, 0x55F7, 0x55F7, 0x55F7, 0x55F7, 0x55F7,
  0x55F7, 0x55F7, 0x55F7, 0x55F7, 0x55F7, 0x55F7, 0x55F7, 0x55F7, 0x55F7, 0x55F7, 0x55F7, 0x55F7,
  0x55F7, 0x55F7, 0x55F7, 0x55F7, 0x55F7, 0x55F7, 0x55F7, 0x55F7, 0x55F7, 0x55F7, 0x55F7, 0x6DBD,
  0x6DBD, 0x6DBD, 0x6DBD, 0x6DBD, 0x6DBD, 0xA79E, 0xA79E, 0xA79E, 0xA79E, 0xA79E, 0xA79E, 0xA79E,
  0xA79E, 0xA79E, 0xA79E, 0xA79E, 0xA79E, 0x6DBD, 0x6DBD, 0x6DBD, 0x6DBD, 0x6DBD, 0x6DBD, 0xA79E,
  0xA79E, 0xA79E, 0xA79E, 0xA79E, 0xA79E, 0xA79E, 0xA79E, 0xA79E, 0xA79E, 0xA79E, 0xA79E, 0xA79E,
  0xA79E, 0xA79E, 0xA79E, 0xA79E, 0xA79E, 0xA79E, 0xA79E, 0xA79E, 0xA79E, 0xA79E, 0xA79E, 0xA79E,
  0xA79E, 0xA79E, 0xA79E, 0xA79E, 0xA79E, 0xA79E, 0xA79E, 0xA79E, 0xA79E, 0xA79E, 0xA79E, 0xA79E,
  0xA79E, 0xA79E, 0xA79E, 0xA79E, 0xA79E, 0xA79E, 0xA79E, 0xA79E, 0xA79E, 0xA79E, 0xA79E, 0xA79E,
  0xA79E, 0xA79E, 0xA79E, 0xA79E, 0xA79E, 0xA79E, 0xA79E, 0xA79E, 0xA79E, 0xA79E, 0xA79E, 0xA79E,
  0xA79E, 0xA79E, 0xA79E, 0xA79E, 0xA79E, 0xA79E, 0xA79E, 0xA79E, 0xA79E, 0xA79E, 0xA79E, 0xA79E,
  0xA79E, 0xA79E, 0xA79E, 0xA79E, 0xA79E, 0xA79E, 0xA79E, 0xA79E, 0xA79E, 0xA79E, 0xA79E, 0xA79E,
  0xA79E, 0xA79E, 0xA79E, 0xA79E, 0xA79E, 0xA79E, 0xA79E, 0xA79E, 0xA79E, 0xA79E, 0xA79E, 0xA79E,
  0xA79E, 0xA79E, 0xA79E, 0xA79E, 0xA79E, 0xA79E, 0xA79E, 0xA79E, 0xA79E, 0xA79E, 0xA79E, 0xA79E,
  0xA79E, 0xA79E, 0xA79E, 0xA79E, 0xA79E, 0xA79E, 0xA79E, 0xA79E, 0xA79E, 0xA79E, 0xA79E, 0xA79E,
  0xA79E, 0xA79E, 0xA79E, 0xA79E, 0xA79E, 0xA79E, 0xA79E, 0xA79E, 0xA79E, 0xA79E, 0xA79E, 0xA79E,
  0xA79E, 0xA79E, 0xA79E, 0xA79E, 0xA79E, 0xA79E, 0xA79E, 0xA79E, 0xA79E, 0xA79E, 0xA79E, 0xA79E,
  0xA79E, 0xA79E, 0xA79E, 0xA79E, 0xA79E, 0xA79E, 0xA79E, 0xA79E, 0xA79E, 0xA79E, 0xA79E, 0xA79E,
  0xA79E, 0xA79E, 0xA79E, 0xA79E, 0xA79E, 0xA79E, 0xA79E, 0xA79E, 0xA79E, 0xA79E, 0xA79E, 0xA79E,
  0xA79E, 0xA79E, 0xA79E, 0xA79E, 0xA79E, 0xA79E, 0xA79E, 0xA79E, 0xA79E, 0xA79E, 0xA79E, 0xA79E,
  0xA79E, 0xA79E, 0xA79E, 0xA79E, 0xA79E, 0xA79E, 0xA79E, 0xA79E, 0xA79E, 0xA79E, 0xA79E, 0xA79E,
  0xA79E, 0xA79E, 0xA79E, 0xA79E, 0xA79E, 0xA79E, 0xA79E, 0xA79E, 0xA79E, 0xA79E, 0xA79E, 0xA79E,
  0xA79E, 0x6DBD, 0x55F7, 0x55F7, 0x55F7, 0x55F7, 0x55F7, 0x55F7, 0x55F7, 0x55F7, 0xDFFF, 0x55F7,
  0x55F7, 0x55F7, 0x55F7, 0x55F7, 0x55F7, 0x55F7, 0x55F7, 0x55F7, 0x55F7, 0x55F7, 0x55F7, 0x55F7,
  0x55F7, 0x55F7, 0x55F7, 0x55F7, 0x55F7, 0x55F7, 0x55F7, 0x55F7, 0x55F7, 0x55F7, 0x55F7, 0x55F7,
  0x55F7, 0x55F7, 0x55F7, 0x55F7, 0x55F7, 0x55F7, 0x55F7, 0x55F7, 0x55F7, 0x55F7, 0x55F7, 0x55F7,
  0x55F7, 0x55F7, 0x55F7, 0x55F7, 0x55F7, 0x55F7, 0x55F7, 0x55F7, 0x55F7, 0x55F7, 0x55F7, 0x55F7,
  0x55F7, 0x55F7, 0x6DBD, 0x6DBD, 0x6DBD, 0x6DBD, 0x6DBD, 0x6DBD, 0x6DBD, 0x6DBD, 0x6DBD, 0x6DBD,
  0x6DBD, 0x6DBD, 0x6DBD, 0x6DBD, 0x6DBD, 0x6DBD, 0x6DBD, 0x6DBD, 0x6DBD, 0xA79E, 0xA79E, 0xA79E,
  0xA79E, 0xA79E, 0xA79E, 0xA79E, 0xA79E, 0xA79E, 0xA79E, 0xA79E, 0xA79E, 0xA79E, 0xA79E, 0xA79E,
  0xA79E, 0xA79E, 0xA79E, 0xA79E, 0xA79E, 0xA79E, 0xA79E, 0xA79E, 0xA79E, 0xA79E, 0xA79E, 0xA79E,
  0xA79E, 0xA79E, 0xA79E, 0xA79E, 0xA79E, 0xA79E, 0xA79E, 0xA79E, 0xA79E, 0xA79E, 0xA79E, 0xA79E,
  0xA79E, 0xA79E, 0xA79E, 0xA79E, 0xA79E, 0xA79E, 0xA79E, 0xA79E, 0xA79E, 0xA79E, 0xA79E, 0xA79E,
  0xA79E, 0xA79E, 0xA79E, 0xA79E, 0xA79E, 0xA79E, 0xA79E, 0xA79E, 0xA79E, 0xA79E, 0xA79E, 0xA79E,
  0xA79E, 0xA79E, 0xA79E, 0xA79E, 0xA79E, 0xA79E, 0xA79E, 0xA79E, 0xA79E, 0xA79E, 0xA79E, 0xA79E,
  0xA79E, 0xA79E, 0xA79E, 0xA79E, 0xA79E, 0xA79E, 0xA79E, 0xA79E, 0xA79E, 0xA79E, 0xA79E, 0xA79E,
  0xA79E, 0xA79E, 0xA79E, 0xA79E, 0xA79E, 0xA79E, 0xA79E, 0xA79E, 0xA79E, 0xA79E, 0xA79E, 0xA79E,
  0xA79E, 0xA79E, 0xA79E, 0xA79E, 0xA79E, 0xA79E, 0xA79E, 0xA79E, 0xA79E, 0xA79E, 0xA79E, 0xA79E,
  0xA79E, 0xA79E, 0xA79E, 0xA79E, 0xA79E, 0xA79E, 0xA79E, 0xA79E, 0xA79E, 0xA79E, 0xA79E, 0xA79E,
  0xA79E, 0xA79E, 0xA79E, 0xA79E, 0xA79E, 0xA79E, 0xA79E, 0xA79E, 0xA79E, 0xA79E, 0xA79E, 0xA79E,
  0xA79E, 0xA79E, 0xA79E, 0xA79E, 0xA79E, 0xA79E, 0xA79E, 0xA79E, 0xA79E, 0xA79E, 0xA79E, 0xA79E,
  0xA79E, 0xA79E, 0xA79E, 0xA79E, 0xA79E, 0xA79E, 0xA79E, 0xA79E, 0xA79E, 0xA79E, 0xA79E, 0xA79E,
  0xA79E, 0xA79E, 0xA79E, 0xA79E, 0xA79E, 0xA79E, 0xA79E, 0xA79E, 0xA79E, 0xA79E, 0xA79E, 0xA79E,
  0xA79E, 0xA79E, 0xA79E, 0xA79E, 0xA79E, 0xA79E, 0xA79E, 0xA79E, 0xA79E, 0xA79E, 0xA79E, 0xA79E,
  0xA79E, 0xA79E, 0xA79E, 0xA79E, 0xA79E, 0xA79E, 0xA79E, 0xA79E, 0xA79E, 0xA79E, 0xA79E, 0xA79E,
  0xA79E, 0xA79E, 0xA79E, 0xA79E, 0xA79E, 0xA79E, 0xA79E, 0xA79E, 0xA79E, 0xA79E, 0xA79E, 0x6DBD,
  0x55F7, 0x55F7, 0x55F7, 0x55F7, 0x55F7, 0x55F7, 0x55F7, 0x55F7, 0xDFFF, 0x55F7, 0x55F7, 0x55F7,
  0x55F7, 0x55F7, 0x55F7, 0x55F7, 0x55F7, 0x55F7, 0x55F7, 0x55F7, 0x55F7, 0x55F7, 0x55F7, 0x55F7,
  0x55F7, 0x55F7, 0x55F7, 0x55F7, 0x55F7, 0x55F7, 0x55F7, 0x55F7, 0x55F7, 0x55F7, 0x55F7, 0x55F7,
  0x55F7, 0x55F7, 0x55F7, 0x55F7, 0x55F7, 0x55F7, 0x55F7, 0x55F7, 0x55F7, 0x55F7, 0x55F7, 0x55F7,
  0x55F7, 0x55F7, 0x55F7, 0x64D3, 0x55F7, 0x55F7, 0x55F7, 0x55F7, 0x55F7, 0x55F7, 0x55F7, 0x55F7,
  0x55F7, 0x55F7, 0x55F7, 0x55F7, 0x55F7, 0x55F7, 0x55F7, 0x55F7, 0x55F7, 0x55F7, 0x55F7, 0x55F7,
  0x975C, 0x975C, 0x975C, 0x975C, 0x975C, 0x975C, 0x6DBD, 0x6DBD, 0x6DBD, 0xA79E, 0xA79E, 0xA79E,
  0xA79E, 0xA79E, 0xA79E, 0xA79E, 0xA79E, 0xA79E, 0xA79E, 0xA79E, 0xA79E, 0xA79E, 0xA79E, 0xA79E,
  0xA79E, 0xA79E, 0xA79E, 0xA79E, 0xA79E, 0xA79E, 0xA79E, 0xA79E, 0xA79E, 0xA79E, 0xA79E, 0xA79E,
  0xA79E, 0xA79E, 0xA79E, 0xA79E, 0xA79E, 0xA79E, 0xA79E, 0xA79E, 0xA79E, 0xA79E, 0xA79E, 0xA79E,
  0xA79E, 0xA79E, 0xA79E, 0xA79E, 0xA79E, 0xA79E, 0xA79E, 0xA79E, 0xA79E, 0xA79E, 0xA79E, 0xA79E,
  0xA79E, 0xA79E, 0xA79E, 0xA79E, 0xA79E, 0xA79E, 0xA79E, 0xA79E, 0xA79E, 0xA79E, 0xA79E, 0xA79E,
  0xA79E, 0xA79E, 0xA79E, 0xA79E, 0xA79E, 0xA79E, 0xA79E, 0xA79E, 0xA79E, 0xA79E, 0xA79E, 0xA79E,
  0xA79E, 0xA79E, 0xA79E, 0xA79E, 0xA79E, 0xA79E, 0xA79E, 0xA79E, 0xA79E, 0xA79E, 0xA79E, 0xA79E,
  0xA79E, 0xA79E, 0xA79E, 0xA79E, 0xA79E, 0xA79E, 0xA79E, 0xA79E, 0xA79E, 0xA79E, 0xA79E, 0xA79E,
  0xA79E, 0xA79E, 0xA79E, 0xA79E, 0xA79E, 0xA79E, 0xA79E, 0xA79E, 0xA79E, 0xA79E, 0xA79E, 0xA79E,
  0xA79E, 0xA79E, 0xA79E, 0xA79E, 0xA79E, 0xA79E, 0xA79E, 0xA79E, 0xA79E, 0xA79E, 0xA79E, 0xA79E,
  0xA79E, 0xA79E, 0xA79E, 0xA79E, 0xA79E, 0xA79E, 0xA79E, 0xA79E, 0xA79E, 0xA79E, 0xA79E, 0xA79E,
  0xA79E, 0xA79E, 0xA79E, 0xA79E, 0xA79E, 0xA79E, 0xA79E, 0xA79E, 0xA79E, 0xA79E, 0xA79E, 0xA79E,
  0xA79E, 0xA79E, 0xA79E, 0xA79E, 0xA79E, 0xA79E, 0xA79E, 0xA79E, 0xA79E, 0xA79E, 0xA79E, 0xA79E,
  0xA79E, 0xA79E, 0xA79E, 0xA79E, 0xA79E, 0xA79E, 0xA79E, 0xA79E, 0xA79E, 0xA79E, 0xA79E, 0xA79E,
  0xA79E, 0xA79E, 0xA79E, 0xA79E, 0xA79E, 0xA79E, 0xA79E, 0xA79E, 0xA79E, 0xA79E, 0xA79E, 0xA79E,
  0xA79E, 0xA79E, 0xA79E, 0xA79E, 0xA79E, 0xA79E, 0xA79E, 0xA79E, 0xA79E, 0xA79E, 0xA79E, 0xA79E,
  0xA79E, 0xA79E, 0xA79E, 0xA79E, 0xA79E, 0xA79E, 0xA79E, 0xA79E, 0x6DBD, 0x6DBD, 0x55F7, 0x55F7,
  0x55F7, 0x55F7, 0x55F7, 0x55F7, 0x55F7, 0x55F7, 0xDFFF, 0x55F7, 0x55F7, 0x55F7, 0x55F7, 0x55F7,
  0x55F7, 0x55F7, 0x55F7, 0x55F7, 0x55F7, 0x55F7, 0x55F7, 0x55F7, 0x55F7, 0x55F7, 0x55F7, 0x55F7,
  0x55F7, 0x55F7, 0x55F7, 0x55F7, 0x55F7, 0x55F7, 0x55F7, 0x55F7, 0x55F7, 0x55F7, 0x55F7, 0x55F7,
  0x55F7, 0x55F7, 0x55F7, 0x55F7, 0x55F7, 0x55F7, 0x55F7, 0x55F7, 0x55F7, 0x55F7, 0x55F7, 0x55F7,
  0x55F7, 0x64D3, 0x55F7, 0x55F7, 0x55F7, 0x55F7, 0x55F7, 0x55F7, 0x55F7, 0x55F7, 0x55F7, 0x55F7,
  0x55F7, 0x55F7, 0x55F7, 0x55F7, 0x55F7, 0x55F7, 0x55F7, 0x55F7, 0x55F7, 0x55F7, 0x55F7, 0x55F7,
  0x55F7, 0x975C, 0x975C, 0x975C, 0x975C, 0x975C, 0x6DBD, 0x6DBD, 0xA79E, 0xA79E, 0xA79E, 0xA79E,
  0xA79E, 0xA79E, 0xA79E, 0xA79E, 0xA79E, 0xA79E, 0xA79E, 0xA79E, 0xA79E, 0xA79E, 0xA79E, 0xA79E,
  0xA79E, 0xA79E, 0xA79E, 0xA79E, 0xA79E, 0xA79E, 0xA79E, 0xA79E, 0xA79E, 0xA79E, 0xA79E, 0xA79E,
  0xA79E, 0xA79E, 0xA79E, 0xA79E, 0xA79E, 0xA79E, 0xA79E, 0xA79E, 0xA79E, 0xA79E, 0xA79E, 0xA79E,
  0xA79E, 0xA79E, 0xA79E, 0xA79E, 0xA79E, 0xA79E, 0xA79E, 0xA79E, 0xA79E, 0xA79E, 0xA79E, 0xA79E,
  0xA79E, 0xA79E, 0xA79E, 0xA79E, 0xA79E, 0xA79E, 0xA79E, 0xA79E, 0xA79E, 0xA79E, 0xA79E, 0xA79E,
  0xA79E, 0xA79E, 0xA79E, 0xA79E, 0xA79E, 0xA79E, 0xA79E, 0xA79E, 0xA79E, 0xA79E, 0xA79E, 0xA79E,
  0xA79E, 0xA79E, 0xA79E, 0xA79E, 0xA79E, 0xA79E, 0xA79E, 0xA79E, 0xA79E, 0xA79E, 0xA79E, 0xA79E,
  0xA79E, 0xA79E, 0xA79E, 0xA79E, 0xA79E, 0xA79E, 0xA79E, 0xA79E, 0xA79E, 0xA79E, 0xA79E, 0xA79E,
  0xA79E, 0xA79E, 0xA79E, 0xA79E, 0xA79E, 0xA79E, 0xA79E, 0xA79E, 0xA79E, 0xA79E, 0xA79E, 0xA79E,
  0xA79E, 0xA79E, 0xA79E, 0xA79E, 0xA79E, 0xA79E, 0xA79E, 0xA79E, 0xA79E, 0xA79E, 0xA79E, 0xA79E,
  0xA79E, 0xA79E, 0xA79E, 0xA79E, 0xA79E, 0xA79E, 0xA79E, 0xA79E, 0xA79E, 0xA79E, 0xA79E, 0xA79E,
  0xA79E, 0xA79E, 0xA79E, 0xA79E, 0xA79E, 0xA79E, 0xA79E, 0xA79E, 0xA79E, 0xA79E, 0xA79E, 0xA79E,
  0xA79E, 0xA79E, 0xA79E, 0xA79E, 0xA79E, 0xA79E, 0xA79E, 0xA79E, 0xA79E, 0xA79E, 0xA79E, 0xA79E,
  0xA79E, 0xA79E, 0xA79E, 0xA79E, 0xA79E, 0xA79E, 0xA79E, 0xA79E, 0xA79E, 0xA79E, 0xA79E, 0xA79E,
  0xA79E, 0xA79E, 0xA79E, 0xA79E, 0xA79E, 0xA79E, 0xA79E, 0xA79E, 0xA79E, 0xA79E, 0xA79E, 0xA79E,
  0xA79E, 0xA79E, 0xA79E, 0xA79E, 0xA79E, 0xA79E, 0xA79E, 0xA79E, 0xA79E, 0xA79E, 0xA79E, 0xA79E,
  0xA79E, 0xA79E, 0xA79E, 0xA79E, 0xA79E, 0xA79E, 0x6DBD, 0x55F7, 0x55F7, 0x55F7, 0x55F7, 0x55F7,
  0x55F7, 0x55F7, 0x55F7, 0x55F7, 0xDFFF, 0x55F7, 0x55F7, 0x55F7, 0x55F7, 0x55F7, 0x55F7, 0x55F7,
  0x55F7, 0x55F7, 0x55F7, 0x55F7, 0x55F7, 0x55F7, 0x55F7, 0x55F7, 0x55F7, 0x55F7, 0x55F7, 0x55F7,
  0x55F7, 0x55F7, 0x55F7, 0x55F7, 0x55F7, 0x55F7, 0x55F7, 0x55F7, 0x55F7, 0x55F7, 0x55F7, 0x55F7,
  0x55F7, 0x55F7, 0x55F7, 0x55F7, 0x55F7, 0x55F7, 0x55F7, 0x55F7, 0x55F7, 0x55F7, 0x55F7, 0x64D3,
  0xDFFF, 0xDFFF, 0xDFFF, 0xDFFF, 0x55F7, 0x55F7, 0x55F7, 0x55F7, 0x55F7, 0x55F7, 0x55F7, 0x55F7,
  0x55F7, 0x55F7, 0x55F7, 0x55F7, 0x55F7, 0x55F7, 0x55F7, 0x55F7, 0x55F7, 0x55F7, 0x55F7, 0x55F7,
  0x55F7, 0x55F7, 0x975C, 0x975C, 0x975C, 0x6DBD, 0x6DBD, 0xA79E, 0xA79E, 0xA79E, 0xA79E, 0xA79E,
  0xA79E, 0xA79E, 0xA79E, 0xA79E, 0xA79E, 0xA79E, 0xA79E, 0xA79E, 0xA79E, 0xA79E, 0xA79E, 0xA79E,
  0xA79E, 0xA79E, 0xA79E, 0xA79E, 0xA79E, 0xA79E, 0xA79E, 0xA79E, 0xA79E, 0xA79E, 0xA79E, 0xA79E,
  0xA79E, 0xA79E, 0xA79E, 0xA79E, 0xA79E, 0xA79E, 0xA79E, 0xA79E, 0xA79E, 0xA79E, 0xA79E, 0xA79E,
  0xA79E, 0xA79E, 0xA79E, 0xA79E, 0xA79E, 0xA79E, 0xA79E, 0xA79E, 0xA79E, 0xA79E, 0xA79E, 0xA79E,
  0xA79E, 0xA79E, 0xA79E, 0xA79E, 0xA79E, 0xA79E, 0xA79E, 0xA79E, 0xA79E, 0xA79E, 0xA79E, 0xA79E,
  0xA79E, 0xA79E, 0xA79E, 0xA79E, 0xA79E, 0xA79E, 0xA79E, 0xA79E, 0xA79E, 0xA79E, 0xA79E, 0xA79E,
  0xA79E, 0xA79E, 0xA79E, 0xA79E, 0xA79E, 0xA79E, 0xA79E, 0xA79E, 0xA79E, 0xA79E, 0xA79E, 0xA79E,
  0xA79E, 0xA79E, 0xA79E, 0xA79E, 0xA79E, 0xA79E, 0xA79E, 0xA79E, 0xA79E, 0xA79E, 0xA79E, 0xA79E,
  0xA79E, 0xA79E, 0xA79E, 0xA79E, 0xA79E, 0xA79E, 0xA79E, 0xA79E, 0xA79E, 0xA79E, 0xA79E, 0xA79E,
  0xA79E, 0xA79E, 0xA79E, 0xA79E, 0xA79E, 0xA79E, 0xA79E, 0xA79E, 0xA79E, 0xA79E, 0xA79E, 0xA79E,
  0xA79E, 0xA79E, 0xA79E, 0xA79E, 0xA79E, 0xA79E, 0xA79E, 0xA79E, 0xA79E, 0xA79E, 0xA79E, 0xA79E,
  0xA79E, 0xA79E, 0xA79E, 0xA79E, 0xA79E, 0xA79E, 0xA79E, 0xA79E, 0xA79E, 0xA79E, 0xA79E, 0xA79E,
  0xA79E, 0xA79E, 0xA79E, 0xA79E, 0xA79E, 0xA79E, 0xA79E, 0xA79E, 0xA79E, 0xA79E, 0xA79E, 0xA79E,
  0xA79E, 0xA79E, 0xA79E, 0xA79E, 0xA79E, 0xA79E, 0xA79E, 0xA79E, 0xA79E, 0xA79E, 0xA79E, 0xA79E,
  0xA79E, 0xA79E, 0xA79E, 0xA79E, 0xA79E, 0xA79E, 0xA79E, 0xA79E, 0xA79E, 0xA79E, 0xA79E, 0xA79E,
  0xA79E, 0xA79E, 0xA79E, 0xA79E, 0xA79E, 0xA79E, 0xA79E, 0xA79E, 0xA79E, 0xA79E, 0xA79E, 0xA79E,
  0xA79E, 0xA79E, 0xA79E, 0xA79E, 0x6DBD, 0x55F7, 0x55F7, 0x55F7, 0x55F7, 0x55F7, 0x55F7, 0x55F7,
  0x55F7, 0x55F7, 0xDFFF, 0x55F7, 0x55F7, 0x55F7, 0x55F7, 0x55F7, 0x55F7, 0x55F7, 0x55F7, 0x55F7,
  0x55F7, 0x55F7, 0x55F7, 0x55F7, 0x55F7, 0x55F7, 0x55F7, 0x55F7, 0x55F7, 0x55F7, 0x55F7, 0x55F7,
  0x55F7, 0x55F7, 0x55F7, 0x55F7, 0x55F7, 0x55F7, 0x55F7, 0x55F7, 0x55F7, 0x55F7, 0x55F7, 0x55F7,
  0x55F7, 0x55F7, 0x55F7, 0x55F7, 0x55F7, 0x55F7, 0x55F7, 0x55F7, 0x55F7, 0x64D3, 0x55F7, 0x55F7,
  0x55F7, 0x55F7, 0xDFFF, 0xDFFF, 0xDFFF, 0xDFFF, 0xDFFF, 0xDFFF, 0x55F7, 0x55F7, 0x55F7, 0x55F7,
  0x55F7, 0x55F7, 0x55F7, 0x55F7, 0x55F7, 0x55F7, 0x55F7, 0x55F7, 0x55F7, 0x55F7, 0x55F7, 0x55F7,
  0x55F7, 0x975C, 0x975C, 0x975C, 0x6DBD, 0x6DBD, 0xA79E, 0xA79E, 0xA79E, 0xA79E, 0xA79E, 0xA79E,
  0xA79E, 0xA79E, 0xA79E, 0xA79E, 0xA79E, 0xA79E, 0xA79E, 0xA79E, 0xA79E, 0xA79E, 0xA79E, 0xA79E,
  0xA79E, 0xA79E, 0xA79E, 0xA79E, 0xA79E, 0xA79E, 0xA79E, 0xA79E, 0xA79E, 0xA79E, 0xA79E, 0xA79E,
  0xA79E, 0xA79E, 0xA79E, 0xA79E, 0xA79E, 0xA79E, 0xA79E, 0xA79E, 0xA79E, 0xA79E, 0xA79E, 0xA79E,
  0xA79E, 0xA79E, 0xA79E, 0xA79E, 0xA79E, 0xA79E, 0xA79E, 0xA79E, 0xA79E, 0xA79E, 0xA79E, 0xA79E,
  0xA79E, 0xA79E, 0xA79E, 0xA79E, 0xA79E, 0xA79E, 0xA79E, 0xA79E, 0xA79E, 0xA79E, 0xA79E, 0xA79E,
  0xA79E, 0xA79E, 0xA79E, 0xA79E, 0xA79E, 0xA79E, 0xA79E, 0xA79E, 0xA79E, 0xA79E, 0xA79E, 0xA79E,
  0xA79E, 0xA79E, 0xA79E, 0xA79E, 0xA79E, 0xA79E, 0xA79E, 0xA79E, 0xA79E, 0xA79E, 0xA79E, 0xA79E,
  0xA79E, 0xA79E, 0xA79E, 0xA79E, 0xA79E, 0xA79E, 0xA79E, 0xA79E, 0xA79E, 0xA79E, 0xA79E, 0xA79E,
  0xA79E, 0xA79E, 0xA79E, 0xA79E, 0xA79E, 0xA79E, 0xA79E, 0xA79E, 0xA79E, 0xA79E, 0xA79E, 0xA79E,
  0xA79E, 0xA79E, 0xA79E, 0xA79E, 0xA79E, 0xA79E, 0xA79E, 0xA79E, 0xA79E, 0xA79E, 0xA79E, 0xA79E,
  0xA79E, 0xA79E, 0xA79E, 0xA79E, 0xA79E, 0xA79E, 0xA79E, 0xA79E, 0xA79E, 0xA79E, 0xA79E, 0xA79E,
  0xA79E, 0xA79E, 0xA79E, 0xA79E, 0xA79E, 0xA79E, 0xA79E, 0xA79E, 0xA79E, 0xA79E, 0xA79E, 0xA79E,
  0xA79E, 0xA79E, 0xA79E, 0xA79E, 0xA79E, 0xA79E, 0xA79E, 0xA79E, 0xA79E, 0xA79E, 0xA79E, 0xA79E,
  0xA79E, 0xA79E, 0xA79E, 0xA79E, 0xA79E, 0xA79E, 0xA79E, 0xA79E, 0xA79E, 0xA79E, 0xA79E, 0xA79E,
  0xA79E, 0xA79E, 0xA79E, 0xA79E, 0xA79E, 0xA79E, 0xA79E, 0xA79E, 0xA79E, 0xA79E, 0xA79E, 0xA79E,
  0xA79E, 0xA79E, 0xA79E, 0xA79E, 0xA79E, 0xA79E, 0xA79E, 0xA79E, 0xA79E, 0xA79E, 0xA79E, 0xA79E,
  0xA79E, 0xA79E, 0x6DBD, 0x55F7, 0x55F7, 0x55F7, 0x55F7, 0x55F7, 0x55F7, 0x55F7, 0x55F7, 0x55F7,
  0xDFFF, 0x55F7, 0x55F7, 0x55F7, 0x55F7, 0x55F7, 0x55F7, 0x55F7, 0x55F7, 0x55F7, 0x55F7, 0x55F7,
  0x55F7, 0x55F7, 0x55F7, 0x55F7, 0x55F7, 0x55F7, 0x55F7, 0x55F7, 0x55F7, 0x55F7, 0x55F7, 0x55F7,
  0x55F7, 0x55F7, 0x55F7, 0x55F7, 0x55F7, 0x55F7, 0x55F7, 0x55F7, 0x55F7, 0x55F7, 0x55F7, 0x55F7,
  0x55F7, 0x55F7, 0x55F7, 0x55F7, 0x55F7, 0x55F7, 0x55F7, 0x64D3, 0x64D3, 0x55F7, 0x55F7, 0x55F7,
  0x55F7, 0x55F7, 0x55F7, 0x55F7, 0x55F7, 0x55F7, 0xDFFF, 0xDFFF, 0xDFFF, 0xDFFF, 0xDFFF, 0xDFFF,
  0xDFFF, 0xDFFF, 0xDFFF, 0xDFFF, 0xDFFF, 0xDFFF, 0xDFFF, 0xDFFF, 0xDFFF, 0xDFFF, 0xDFFF, 0xDFFF,
  0x975C, 0x975C, 0x975C, 0x6DBD, 0xA79E, 0xA79E, 0xA79E, 0xA79E, 0xA79E, 0xA79E, 0xA79E, 0xA79E,
  0xA79E, 0xA79E, 0xA79E, 0xA79E, 0xA79E, 0xA79E, 0xA79E, 0xA79E, 0xA79E, 0xA79E, 0xA79E, 0xA79E,
  0xA79E, 0xA79E, 0xA79E, 0xA79E, 0xA79E, 0xA79E, 0xA79E, 0xA79E, 0xA79E, 0xA79E, 0xA79E, 0xA79E,
  0xA79E, 0xA79E, 0xA79E, 0xA79E, 0xA79E, 0xA79E, 0xA79E, 0xA79E, 0xA79E, 0xA79E, 0xA79E, 0xA79E,
  0xA79E, 0xA79E, 0xA79E, 0xA79E, 0xA79E, 0xA79E, 0xA79E, 0xA79E, 0xA79E, 0xA79E, 0xA79E, 0xA79E,
  0xA79E, 0xA79E, 0xA79E, 0xA79E, 0xA79E, 0xA79E, 0xA79E, 0xA79E, 0xA79E, 0xA79E, 0xA79E, 0xA79E,
  0xA79E, 0xA79E, 0xA79E, 0xA79E, 0xA79E, 0xA79E, 0xA79E, 0xA79E, 0xA79E, 0xA79E, 0xA79E, 0xA79E,
  0xA79E, 0xA79E, 0xA79E, 0xA79E, 0xA79E, 0xA79E, 0xA79E, 0xA79E, 0xA79E, 0xA79E, 0xA79E, 0xA79E,
  0xA79E, 0xA79E, 0xA79E, 0xA79E, 0xA79E, 0xA79E, 0xA79E, 0xA79E, 0xA79E, 0xA79E, 0xA79E, 0xA79E,
  0xA79E, 0xA79E, 0xA79E, 0xA79E, 0xA79E, 0xA79E, 0xA79E, 0xA79E, 0xA79E, 0xA79E, 0xA79E, 0xA79E,
  0xA79E, 0xA79E, 0xA79E, 0xA79E, 0xA79E, 0xA79E, 0xA79E, 0xA79E, 0xA79E, 0xA79E, 0xA79E, 0xA79E,
  0xA79E, 0xA79E, 0xA79E, 0xA79E, 0xA79E, 0xA79E, 0xA79E, 0xA79E, 0xA79E, 0xA79E, 0xA79E, 0xA79E,
  0xA79E, 0xA79E, 0xA79E, 0xA79E, 0xA79E, 0xA79E, 0xA79E, 0xA79E, 0xA79E, 0xA79E, 0xA79E, 0xA79E,
  0xA79E, 0xA79E, 0xA79E, 0xA79E, 0xA79E, 0xA79E, 0xA79E, 0xA79E, 0xA79E, 0xA79E, 0xA79E, 0xA79E,
  0xA79E, 0xA79E, 0xA79E, 0xA79E, 0xA79E, 0xA79E, 0xA79E, 0xA79E, 0xA79E, 0xA79E, 0xA79E, 0xA79E,
  0xA79E, 0xA79E, 0xA79E, 0xA79E, 0xA79E, 0xA79E, 0xA79E, 0xA79E, 0xA79E, 0xA79E, 0xA79E, 0xA79E,
  0xA79E, 0xA79E, 0xA79E, 0xA79E, 0xA79E, 0xA79E, 0xA79E, 0xA79E, 0xA79E, 0xA79E, 0xA79E, 0xA79E,
  0x6DBD, 0x55F7, 0x55F7, 0x55F7, 0x55F7, 0x55F7, 0x55F7, 0x55F7, 0x55F7, 0x55F7, 0xDFFF, 0x55F7,
  0x55F7, 0x55F7, 0x55F7, 0x55F7, 0x55F7, 0x55F7, 0x55F7, 0x55F7, 0x55F7, 0x55F7, 0x55F7, 0x55F7,
  0x55F7, 0x55F7, 0x55F7, 0x55F7, 0x55F7, 0x55F7, 0x55F7, 0x55F7, 0x55F7, 0x55F7, 0x55F7, 0x55F7,
  0x55F7, 0x55F7, 0x55F7, 0x55F7, 0x55F7, 0x55F7, 0x55F7, 0x55F7, 0x55F7, 0x55F7, 0x55F7, 0x55F7,
  0x55F7, 0x55F7, 0x55F7, 0x55F7, 0x64D3, 0x64D3, 0x64D3, 0x55F7, 0x55F7, 0x55F7, 0x55F7, 0x55F7,
  0x55F7, 0x55F7, 0x55F7, 0x55F7, 0x55F7, 0x55F7, 0x55F7, 0x55F7, 0x55F7, 0x55F7, 0x55F7, 0x55F7,
  0x55F7, 0x55F7, 0x55F7, 0x55F7, 0x55F7, 0xDFFF, 0xDFFF, 0x55F7, 0x55F7, 0x55F7, 0x55F7, 0x55F7,
  0x55F7, 0x6DBD, 0xA79E, 0xA79E, 0xA79E, 0xA79E, 0xA79E, 0xA79E, 0xA79E, 0xA79E, 0xA79E, 0xA79E,
  0xA79E, 0xA79E, 0xA79E, 0xA79E, 0xA79E, 0xA79E, 0xA79E, 0xA79E, 0xA79E, 0xA79E, 0xA79E, 0xA79E,
  0xA79E, 0xA79E, 0xA79E, 0xA79E, 0xA79E, 0xA79E, 0xA79E, 0xA79E, 0xA79E, 0xA79E, 0xA79E, 0xA79E,
  0xA79E, 0xA79E, 0xA79E, 0xA79E, 0xA79E, 0xA79E, 0xA79E, 0xA79E, 0xA79E, 0xA79E, 0xA79E, 0xA79E,
  0xA79E, 0xA79E, 0xA79E, 0xA79E, 0xA79E, 0xA79E, 0xA79E, 0xA79E, 0xA79E, 0xA79E, 0xA79E, 0xA79E,
  0xA79E, 0xA79E, 0xA79E, 0xA79E, 0xA79E, 0xA79E, 0xA79E, 0xA79E, 0xA79E, 0xA79E, 0xA79E, 0xA79E,
  0xA79E, 0xA79E, 0xA79E, 0xA79E, 0xA79E, 0xA79E, 0xA79E, 0xA79E, 0xA79E, 0xA79E, 0xA79E, 0xA79E,
  0xA79E, 0xA79E, 0xA79E, 0xA79E, 0xA79E, 0xA79E, 0xA79E, 0xA79E, 0xA79E, 0xA79E, 0xA79E, 0xA79E,
  0xA79E, 0xA79E, 0xA79E, 0xA79E, 0xA79E, 0xA79E, 0xA79E, 0xA79E, 0xA79E, 0xA79E, 0xA79E, 0xA79E,
  0xA79E, 0xA79E, 0xA79E, 0xA79E, 0xA79E, 0xA79E, 0xA79E, 0xA79E, 0xA79E, 0xA79E, 0xA79E, 0xA79E,
  0xA79E, 0xA79E, 0xA79E, 0xA79E, 0xA79E, 0xA79E, 0xA79E, 0xA79E, 0xA79E, 0xA79E, 0xA79E, 0xA79E,
  0xA79E, 0xA79E, 0xA79E, 0xA79E, 0xA79E, 0xA79E, 0xA79E, 0xA79E, 0xA79E, 0xA79E, 0xA79E, 0xA79E,
  0xA79E, 0xA79E, 0xA79E, 0xA79E, 0xA79E, 0xA79E, 0xA79E, 0xA79E, 0xA79E, 0xA79E, 0xA79E, 0xA79E,
  0xA79E, 0xA79E, 0xA79E, 0xA79E, 0xA79E, 0xA79E, 0xA79E, 0xA79E, 0xA79E, 0xA79E, 0xA79E, 0xA79E,
  0xA79E, 0xA79E, 0xA79E, 0xA79E, 0xA79E, 0xA79E, 0xA79E, 0xA79E, 0xA79E, 0xA79E, 0xA79E, 0xA79E,
  0xA79E, 0xA79E, 0xA79E, 0xA79E, 0xA79E, 0xA79E, 0xA79E, 0xA79E, 0xA79E, 0xA79E, 0xA79E, 0xA79E,
  0xA79E, 0xA79E, 0xA79E, 0xA79E, 0xA79E, 0xA79E, 0xA79E, 0xA79E, 0xA79E, 0x6DBD, 0x6DBD, 0x55F7,
  0x55F7, 0x55F7, 0x55F7, 0x55F7, 0x55F7, 0x55F7, 0x55F7, 0x55F7, 0xDFFF, 0x55F7, 0x55F7, 0x55F7,
  0x55F7, 0x55F7, 0x55F7, 0x55F7, 0x55F7, 0x55F7, 0x55F7, 0x55F7, 0x55F7, 0x55F7, 0x55F7, 0x55F7,
  0x55F7, 0x55F7, 0x55F7, 0x55F7, 0x55F7, 0x55F7, 0x55F7, 0x55F7, 0x55F7, 0x55F7, 0x55F7, 0x55F7,
  0x55F7, 0x55F7, 0x55F7, 0x55F7, 0x55F7, 0x55F7, 0x55F7, 0x55F7, 0x55F7, 0x55F7, 0x55F7, 0x55F7,
  0x55F7, 0x55F7, 0x64D3, 0x64D3, 0x64D3, 0x55F7, 0x55F7, 0x55F7, 0x55F7, 0x55F7, 0x55F7, 0x55F7,
  0x55F7, 0x55F7, 0x55F7, 0x55F7, 0x55F7, 0x55F7, 0x55F7, 0x55F7, 0x55F7, 0x55F7, 0x55F7, 0x55F7,
  0x55F7, 0x55F7, 0x55F7, 0x55F7, 0xDFFF, 0xDFFF, 0x55F7, 0x55F7, 0x55F7, 0x55F7, 0x55F7, 0x6DBD,
  0xA79E, 0xA79E, 0xA79E, 0xA79E, 0xA79E, 0xA79E, 0xA79E, 0xA79E, 0xA79E, 0xA79E, 0xA79E, 0xA79E,
  0xA79E, 0xA79E, 0xA79E, 0xA79E, 0xA79E, 0xA79E, 0xA79E, 0xA79E, 0xA79E, 0xA79E, 0xA79E, 0xA79E,
  0xA79E, 0xA79E, 0xA79E, 0xA79E, 0xA79E, 0x0000, 0x0000, 0x0000, 0x0000, 0x0000, 0x0000, 0x0000,
  0x0000, 0x0000, 0x0000, 0xA79E, 0xA79E, 0xA79E, 0xA79E, 0xA79E, 0xA79E, 0xA79E, 0xA79E, 0xA79E,
  0xA79E, 0xA79E, 0xA79E, 0xA79E, 0xA79E, 0xA79E, 0xA79E, 0xA79E, 0xA79E, 0xA79E, 0xA79E, 0xA79E,
  0xA79E, 0xA79E, 0xA79E, 0xA79E, 0xA79E, 0xA79E, 0xA79E, 0xA79E, 0xA79E, 0xA79E, 0xA79E, 0xA79E,
  0xA79E, 0xA79E, 0xA79E, 0xA79E, 0xA79E, 0xA79E, 0xA79E, 0xA79E, 0xA79E, 0xA79E, 0xA79E, 0xA79E,
  0xA79E, 0xA79E, 0xA79E, 0xA79E, 0xA79E, 0xA79E, 0xA79E, 0xA79E, 0xA79E, 0xA79E, 0xA79E, 0xA79E,
  0xA79E, 0xA79E, 0xA79E, 0xA79E, 0xA79E, 0xA79E, 0xA79E, 0xA79E, 0xA79E, 0xA79E, 0xA79E, 0xA79E,
  0xA79E, 0xA79E, 0xA79E, 0xA79E, 0xA79E, 0xA79E, 0xA79E, 0xA79E, 0xA79E, 0xA79E, 0xA79E, 0xA79E,
  0xA79E, 0xA79E, 0xA79E, 0xA79E, 0xA79E, 0xA79E, 0xA79E, 0xA79E, 0xA79E, 0xA79E, 0xA79E, 0xA79E,
  0xA79E, 0xA79E, 0xA79E, 0xA79E, 0xA79E, 0xA79E, 0xA79E, 0xA79E, 0xA79E, 0xA79E, 0xA79E, 0xA79E,
  0xA79E, 0xA79E, 0xA79E, 0xA79E, 0xA79E, 0xA79E, 0xA79E, 0xA79E, 0xA79E, 0xA79E, 0xA79E, 0xA79E,
  0xA79E, 0xA79E, 0xA79E, 0xA79E, 0xA79E, 0xA79E, 0xA79E, 0xA79E, 0xA79E, 0xA79E, 0xA79E, 0xA79E,
  0xA79E, 0xA79E, 0xA79E, 0xA79E, 0xA79E, 0xA79E, 0xA79E, 0xA79E, 0xA79E, 0xA79E, 0xA79E, 0xA79E,
  0xA79E, 0xA79E, 0xA79E, 0xA79E, 0xA79E, 0xA79E, 0xA79E, 0x8DDB, 0x8DDB, 0x8DDB, 0x8DDB, 0x8DDB,
  0x8DDB, 0x8DDB, 0x8DDB, 0x8DDB, 0x8DDB, 0xA79E, 0xA79E, 0x6DBD, 0x55F7, 0x55F7, 0x55F7, 0x55F7,
  0x55F7, 0x55F7, 0x55F7, 0x55F7, 0x55F7, 0x55F7, 0xDFFF, 0x55F7, 0x55F7, 0x55F7, 0x55F7, 0x55F7,
  0x55F7, 0x55F7, 0x55F7, 0x55F7, 0x55F7, 0x55F7, 0x55F7, 0x55F7, 0x55F7, 0x55F7, 0x55F7, 0x55F7,
  0x55F7, 0x55F7, 0x55F7, 0x55F7, 0x55F7, 0x55F7, 0x55F7, 0x55F7, 0x55F7, 0x55F7, 0x55F7, 0x55F7,
  0x55F7, 0x55F7, 0x55F7, 0x55F7, 0x55F7, 0x55F7, 0x55F7, 0x55F7, 0x55F7, 0x55F7, 0x55F7, 0x64D3,
  0x64D3, 0x64D3, 0x64D3, 0x55F7, 0x55F7, 0x55F7, 0x55F7, 0x55F7, 0x55F7, 0x55F7, 0x55F7, 0x55F7,
  0x55F7, 0x55F7, 0x55F7, 0x55F7, 0x55F7, 0x55F7, 0x55F7, 0x55F7, 0x55F7, 0x55F7, 0x55F7, 0x55F7,
  0x55F7, 0x55F7, 0x55F7, 0xDFFF, 0x55F7, 0x55F7, 0x55F7, 0x55F7, 0x55F7, 0x6DBD, 0x6DBD, 0xA79E,
  0xA79E, 0xA79E, 0xA79E, 0xA79E, 0xA79E, 0xA79E, 0xA79E, 0xA79E, 0xA79E, 0xA79E, 0xA79E, 0xA79E,
  0xA79E, 0xA79E, 0xA79E, 0xA79E, 0xA79E, 0xA79E, 0xA79E, 0xA79E, 0xA79E, 0xA79E, 0xA79E, 0xA79E,
  0xA79E, 0xA79E, 0x0000, 0x0000, 0x0000, 0x0000, 0x0000, 0x0000, 0x0000, 0x0000, 0x0000, 0x0000,
  0x0000, 0xA79E, 0x0000, 0x0000, 0x0000, 0x0000, 0xA79E, 0xA79E, 0xA79E, 0xA79E, 0xA79E, 0xA79E,
  0xA79E, 0xA79E, 0xA79E, 0xA79E, 0xA79E, 0xA79E, 0xA79E, 0xA79E, 0xA79E, 0xA79E, 0xA79E, 0xA79E,
  0xA79E, 0xA79E, 0xA79E, 0xA79E, 0xA79E, 0xA79E, 0xA79E, 0xA79E, 0xA79E, 0xA79E, 0xA79E, 0xA79E,
  0xA79E, 0xA79E, 0xA79E, 0xA79E, 0xA79E, 0xA79E, 0xA79E, 0xA79E, 0xA79E, 0xA79E, 0xA79E, 0xA79E,
  0xA79E, 0xA79E, 0xA79E, 0xA79E, 0xA79E, 0xA79E, 0xA79E, 0xA79E, 0xA79E, 0xA79E, 0xA79E, 0xA79E,
  0xA79E, 0xA79E, 0xA79E, 0xA79E, 0xA79E, 0xA79E, 0xA79E, 0xA79E, 0xA79E, 0xA79E, 0xA79E, 0xA79E,
  0xA79E, 0xA79E, 0xA79E, 0xA79E, 0xA79E, 0xA79E, 0xA79E, 0xA79E, 0xA79E, 0xA79E, 0xA79E, 0xA79E,
  0xA79E, 0xA79E, 0xA79E, 0xA79E, 0xA79E, 0xA79E, 0xA79E, 0xA79E, 0xA79E, 0xA79E, 0xA79E, 0xA79E,
  0xA79E, 0xA79E, 0xA79E, 0xA79E, 0xA79E, 0xA79E, 0xA79E, 0xA79E, 0xA79E, 0xA79E, 0xA79E, 0xA79E,
  0xA79E, 0xA79E, 0xA79E, 0xA79E, 0xA79E, 0xA79E, 0xA79E, 0xA79E, 0xA79E, 0xA79E, 0xA79E, 0xA79E,
  0xA79E, 0xA79E, 0xA79E, 0xA79E, 0xA79E, 0xA79E, 0xA79E, 0xA79E, 0xA79E, 0xA79E, 0xA79E, 0xA79E,
  0xA79E, 0xA79E, 0xA79E, 0xA79E, 0xA79E, 0xA79E, 0xA79E, 0xA79E, 0x8DDB, 0x8DDB, 0x8DDB, 0x8DDB,
  0x8DDB, 0x8DDB, 0x8DDB, 0x8DDB, 0x8DDB, 0x8DDB, 0x8DDB, 0x8DDB, 0x8DDB, 0x8DDB, 0x8DDB, 0x8DDB,
  0x8DDB, 0x8DDB, 0x8DDB, 0x8DDB, 0x8DDB, 0x8DDB, 0x55F7, 0x55F7, 0x55F7, 0x55F7, 0x55F7, 0x55F7,
  0x55F7, 0x55F7, 0x55F7, 0x55F7, 0xDFFF, 0x55F7, 0x55F7, 0x55F7, 0x55F7, 0x55F7, 0x55F7, 0x55F7,
  0x55F7, 0x55F7, 0x55F7, 0x55F7, 0x55F7, 0x55F7, 0x55F7, 0x55F7, 0x55F7, 0x55F7, 0x55F7, 0x55F7,
  0x55F7, 0x55F7, 0x55F7, 0x55F7, 0x55F7, 0x55F7, 0x55F7, 0x55F7, 0x55F7, 0x55F7, 0x55F7, 0x55F7,
  0x55F7, 0x55F7, 0x55F7, 0x55F7, 0x55F7, 0x55F7, 0x64D3, 0x64D3, 0x64D3, 0x64D3, 0x64D3, 0x64D3,
  0x64D3, 0x55F7, 0x55F7, 0x55F7, 0x55F7, 0x55F7, 0x55F7, 0x55F7, 0x55F7, 0x55F7, 0x55F7, 0x55F7,
  0x55F7, 0x55F7, 0x55F7, 0x55F7, 0x55F7, 0x55F7, 0x55F7, 0x55F7, 0x55F7, 0x55F7, 0x55F7, 0x55F7,
  0x55F7, 0xDFFF, 0x55F7, 0x55F7, 0x55F7, 0x55F7, 0x55F7, 0x6DBD, 0x6DBD, 0xA79E, 0xA79E, 0xA79E,
  0xA79E, 0xA79E, 0xA79E, 0xA79E, 0xA79E, 0xA79E, 0xA79E, 0xA79E, 0xA79E, 0xA79E, 0xA79E, 0xA79E,
  0xA79E, 0xA79E, 0xA79E, 0xA79E, 0xA79E, 0xA79E, 0xA79E, 0xA79E, 0xA79E, 0xA79E, 0xA79E, 0xA79E,
  0x0000, 0x0000, 0xFFFF, 0x0000, 0x0000, 0x0000, 0xFFFF, 0xFFFF, 0xFFFF, 0xFFFF, 0x0000, 0x0000,
  0xFDC0, 0xFDC0, 0x0000, 0x0000, 0x0000, 0xA79E, 0xA79E, 0xA79E, 0xA79E, 0xA79E, 0xA79E, 0xA79E,
  0xA79E, 0xA79E, 0xA79E, 0xA79E, 0xA79E, 0xA79E, 0xA79E, 0xA79E, 0xA79E, 0xA79E, 0xA79E, 0xA79E,
  0xA79E, 0xA79E, 0xA79E, 0xA79E, 0xA79E, 0xA79E, 0xA79E, 0xA79E, 0xA79E, 0xA79E, 0xA79E, 0xA79E,
  0xA79E, 0xA79E, 0xA79E, 0xA79E, 0xA79E, 0xA79E, 0xA79E, 0xA79E, 0xA79E, 0xA79E, 0xA79E, 0xA79E,
  0xA79E, 0xA79E, 0xA79E, 0xA79E, 0xA79E, 0xA79E, 0xA79E, 0xA79E, 0xA79E, 0xA79E, 0xA79E, 0xA79E,
  0xA79E, 0xA79E, 0xA79E, 0xA79E, 0xA79E, 0xA79E, 0xA79E, 0xA79E, 0xA79E, 0xA79E, 0xA79E, 0xA79E,
  0x8DDB, 0x8DDB, 0x8DDB, 0x8DDB, 0x8DDB, 0x8DDB, 0x8DDB, 0xA79E, 0xA79E, 0xA79E, 0xA79E, 0xA79E,
  0xA79E, 0xA79E, 0xA79E, 0xA79E, 0xA79E, 0xA79E, 0xA79E, 0xA79E, 0xA79E, 0xA79E, 0xA79E, 0xA79E,
  0xA79E, 0xA79E, 0xA79E, 0xA79E, 0xA79E, 0xA79E, 0xA79E, 0xA79E, 0xA79E, 0xA79E, 0xA79E, 0xA79E,
  0xA79E, 0xA79E, 0xA79E, 0xA79E, 0xA79E, 0xA79E, 0xA79E, 0xA79E, 0xA79E, 0xA79E, 0xA79E, 0xA79E,
  0xA79E, 0xA79E, 0xA79E, 0xA79E, 0xA79E, 0xA79E, 0xA79E, 0xA79E, 0xA79E, 0xA79E, 0xA79E, 0xA79E,
  0xA79E, 0xA79E, 0xA79E, 0xA79E, 0xA79E, 0xA79E, 0x8DDB, 0x8DDB, 0x8DDB, 0x8DDB, 0x8DDB, 0x8DDB,
  0x8DDB, 0x8DDB, 0x8DDB, 0x8DDB, 0x8DDB, 0x8DDB, 0x8DDB, 0x8DDB, 0x8DDB, 0x8DDB, 0x8DDB, 0x8DDB,
  0x8DDB, 0x8DDB, 0x8DDB, 0x8DDB, 0x8DDB, 0x8DDB, 0x8DDB, 0x8DDB, 0x55F7, 0x55F7, 0x55F7, 0x55F7,
  0x55F7, 0x55F7, 0xDFFF, 0x55F7, 0x55F7, 0x55F7, 0x55F7, 0x55F7, 0x55F7, 0x55F7, 0x55F7, 0x55F7,
  0x55F7, 0x55F7, 0x55F7, 0x55F7, 0x55F7, 0x55F7, 0x55F7, 0x55F7, 0x55F7, 0x55F7, 0x55F7, 0x55F7,
  0x55F7, 0x55F7, 0x55F7, 0x55F7, 0x55F7, 0x55F7, 0x55F7, 0x55F7, 0x55F7, 0x55F7, 0x55F7, 0x55F7,
  0x55F7, 0x55F7, 0x55F7, 0x64D3, 0x64D3, 0x64D3, 0x64D3, 0x64D3, 0x64D3, 0x64D3, 0x64D3, 0x55F7,
  0x55F7, 0x55F7, 0x55F7, 0x55F7, 0x55F7, 0x55F7, 0x55F7, 0x55F7, 0x55F7, 0x55F7, 0x55F7, 0x55F7,
  0x55F7, 0x55F7, 0x55F7, 0x55F7, 0x55F7, 0x55F7, 0x55F7, 0x55F7, 0x55F7, 0x55F7, 0x55F7, 0xDFFF,
  0xDFFF, 0x55F7, 0x55F7, 0x55F7, 0x55F7, 0x6DBD, 0x6DBD, 0xA79E, 0xA79E, 0xA79E, 0xA79E, 0xA79E,
  0xA79E, 0xA79E, 0xA79E, 0xA79E, 0xA79E, 0xA79E, 0xB69C, 0xB69C, 0x8DDB, 0x8DDB, 0x8DDB, 0x8DDB,
  0x8DDB, 0x8DDB, 0x8DDB, 0x8DDB, 0x8DDB, 0xA79E, 0xA79E, 0xA79E, 0xA79E, 0xA79E, 0x0000, 0xFFFF,
  0xFFFF, 0x0000, 0x0000, 0x0000, 0xFFFF, 0xFFFF, 0xFFFF, 0xFFFF, 0xEF06, 0x0000, 0xFDC0, 0xFFFF,
  0x0000, 0x0000, 0x0000, 0x0000, 0x0000, 0x0000, 0xA79E, 0xA79E, 0xA79E, 0xA79E, 0xA79E, 0xA79E,
  0xA79E, 0xA79E, 0xA79E, 0xA79E, 0xA79E, 0xA79E, 0x8DDB, 0x8DDB, 0x8DDB, 0x8DDB, 0x8DDB, 0x8DDB,
  0x8DDB, 0x8DDB, 0x8DDB, 0x8DDB, 0x8DDB, 0x8DDB, 0x8DDB, 0x8DDB, 0x8DDB, 0x8DDB, 0x8DDB, 0x8DDB,
  0x8DDB, 0x8DDB, 0xA79E, 0xA79E, 0xA79E, 0xA79E, 0xA79E, 0xA79E, 0xA79E, 0xA79E, 0xA79E, 0xA79E,
  0xA79E, 0xA79E, 0xA79E, 0xA79E, 0xA79E, 0xA79E, 0xA79E, 0xA79E, 0xA79E, 0xA79E, 0xA79E, 0xA79E,
  0xA79E, 0xA79E, 0xA79E, 0xA79E, 0xA79E, 0xA79E, 0xA79E, 0x8DDB, 0x8DDB, 0x8DDB, 0x8DDB, 0x8DDB,
  0x8DDB, 0x8DDB, 0x8DDB, 0x8DDB, 0x8DDB, 0x8DDB, 0x8DDB, 0x8DDB, 0x8DDB, 0x8DDB, 0x8DDB, 0x8DDB,
  0x8DDB, 0x8DDB, 0xA79E, 0xA79E, 0xA79E, 0xA79E, 0xA79E, 0xA79E, 0xA79E, 0xA79E, 0xA79E, 0xA79E,
  0xA79E, 0xA79E, 0xA79E, 0xA79E, 0xA79E, 0xA79E, 0xA79E, 0xA79E, 0xA79E, 0xA79E, 0xA79E, 0xA79E,
  0xA79E, 0xA79E, 0xA79E, 0xA79E, 0xA79E, 0xA79E, 0xA79E, 0xA79E, 0xA79E, 0xA79E, 0xA79E, 0xA79E,
  0xA79E, 0xA79E, 0xA79E, 0xA79E, 0xA79E, 0xA79E, 0xA79E, 0xA79E, 0xA79E, 0xA79E, 0xA79E, 0xA79E,
  0xA79E, 0x8DDB, 0x8DDB, 0x8DDB, 0x8DDB, 0x8DDB, 0x8DDB, 0x8DDB, 0x8DDB, 0x8DDB, 0x8DDB, 0x8DDB,
  0x8DDB, 0x8DDB, 0x8DDB, 0x8DDB, 0x8DDB, 0x8DDB, 0x8DDB, 0x8DDB, 0x8DDB, 0x8DDB, 0x8DDB, 0x8DDB,
  0x8DDB, 0x8DDB, 0x8DDB, 0x8DDB, 0x8DDB, 0x8DDB, 0x8DDB, 0x8DDB, 0x8DDB, 0x55F7, 0x55F7, 0x55F7,
  0xDFFF, 0x55F7, 0x55F7, 0x55F7, 0x55F7, 0x55F7, 0x55F7, 0x55F7, 0x55F7, 0x55F7, 0x55F7, 0x55F7,
  0x55F7, 0x55F7, 0x55F7, 0x55F7, 0x55F7, 0x55F7, 0x55F7, 0x55F7, 0x55F7, 0x55F7, 0x55F7, 0x55F7,
  0x55F7, 0x55F7, 0x55F7, 0x55F7, 0x55F7, 0x55F7, 0x55F7, 0x55F7, 0x55F7, 0x55F7, 0x64D3, 0x64D3,
  0x64D3, 0x64D3, 0x64D3, 0x64D3, 0x64D3, 0x64D3, 0x64D3, 0x64D3, 0x64D3, 0x55F7, 0x55F7, 0x55F7,
  0x55F7, 0x55F7, 0x55F7, 0x55F7, 0x55F7, 0x55F7, 0x55F7, 0x55F7, 0x55F7, 0x55F7, 0x55F7, 0x55F7,
  0x55F7, 0x55F7, 0x55F7, 0x55F7, 0x55F7, 0x55F7, 0x55F7, 0x55F7, 0x55F7, 0x55F7, 0xDFFF, 0x55F7,
  0x55F7, 0x55F7, 0x55F7, 0x6DBD, 0x6DBD, 0xA79E, 0xA79E, 0xA79E, 0xB69C, 0xB69C, 0xB69C, 0xB69C,
  0xB69C, 0xB69C, 0xB69C, 0xB69C, 0xB69C, 0x8DDB, 0x8DDB, 0x8DDB, 0x8DDB, 0x8DDB, 0x8DDB, 0x8DDB,
  0x8DDB, 0x8DDB, 0x8DDB, 0x8DDB, 0x8DDB, 0x8DDB, 0x8DDB, 0x8DDB, 0x0000, 0xFFFF, 0x0000, 0x0000,
  0x0000, 0x0000, 0xFFFF, 0xFFFF, 0xFFFF, 0xFFFF, 0xEF06, 0x0000, 0x0000, 0x0000, 0x0000, 0x0000,
  0x0000, 0xFDC0, 0xFDC0, 0xA79E, 0xA79E, 0xA79E, 0xA79E, 0xA79E, 0xA79E, 0xA79E, 0x8DDB, 0x8DDB,
  0x8DDB, 0x8DDB, 0x8DDB, 0x8DDB, 0x8DDB, 0x8DDB, 0x8DDB, 0x8DDB, 0x8DDB, 0x8DDB, 0x8DDB, 0x8DDB,
  0x8DDB, 0x8DDB, 0x8DDB, 0x8DDB, 0x8DDB, 0x8DDB, 0x8DDB, 0x8DDB, 0x8DDB, 0x8DDB, 0x8DDB, 0x8DDB,
  0x8DDB, 0x8DDB, 0x8DDB, 0x8DDB, 0x8DDB, 0x8DDB, 0x8DDB, 0x8DDB, 0x8DDB, 0x8DDB, 0xA79E, 0xA79E,
  0xA79E, 0xA79E, 0xA79E, 0xA79E, 0xA79E, 0xA79E, 0xA79E, 0xA79E, 0xA79E, 0xA79E, 0xA79E, 0xA79E,
  0xA79E, 0xA79E, 0x8DDB, 0x8DDB, 0x8DDB, 0x8DDB, 0x8DDB, 0x8DDB, 0x8DDB, 0x8DDB, 0x8DDB, 0x8DDB,
  0x8DDB, 0x8DDB, 0x8DDB, 0x8DDB, 0x8DDB, 0x8DDB, 0x8DDB, 0x8DDB, 0x8DDB, 0x8DDB, 0x8DDB, 0x8DDB,
  0x8DDB, 0x8DDB, 0x8DDB, 0x8DDB, 0x8DDB, 0x8DDB, 0x8DDB, 0xA79E, 0xA79E, 0xA79E, 0xA79E, 0xA79E,
  0xA79E, 0xA79E, 0xA79E, 0xA79E, 0xA79E, 0xA79E, 0xA79E, 0xA79E, 0xA79E, 0xA79E, 0xA79E, 0xA79E,
  0xA79E, 0xA79E, 0xA79E, 0xA79E, 0xA79E, 0xA79E, 0xA79E, 0xA79E, 0xA79E, 0xA79E, 0xA79E, 0xA79E,
  0xA79E, 0xA79E, 0xA79E, 0xA79E, 0xA79E, 0xA79E, 0xA79E, 0x8DDB, 0x8DDB, 0x8DDB, 0x8DDB, 0x8DDB,
  0x8DDB, 0x8DDB, 0x8DDB, 0x8DDB, 0x8DDB, 0x8DDB, 0x8DDB, 0x8DDB, 0x8DDB, 0x8DDB, 0x8DDB, 0x8DDB,
  0x8DDB, 0x8DDB, 0x8DDB, 0x8DDB, 0x8DDB, 0x8DDB, 0x8DDB, 0x8DDB, 0x8DDB, 0x8DDB, 0x8DDB, 0x8DDB,
  0x8DDB, 0x8DDB, 0x8DDB, 0x8DDB, 0x8DDB, 0x8DDB, 0x8DDB, 0x8DDB, 0x8DDB, 0x8DDB, 0x8DDB, 0x55F7,
  0x55F7, 0x55F7, 0x55F7, 0x55F7, 0x55F7, 0x55F7, 0x55F7, 0x55F7, 0x55F7, 0x55F7, 0x55F7, 0x55F7,
  0x55F7, 0x55F7, 0x55F7, 0x55F7, 0x55F7, 0x55F7, 0x55F7, 0x55F7, 0x55F7, 0x55F7, 0x55F7, 0x55F7,
  0x55F7, 0x55F7, 0x55F7, 0x55F7, 0x55F7, 0x64D3, 0x64D3, 0x64D3, 0x64D3, 0x8DDB, 0x8DDB, 0x8DDB,
  0x8DDB, 0x8DDB, 0x8DDB, 0x8DDB, 0x8DDB, 0x8DDB, 0x64D3, 0x64D3, 0x55F7, 0x55F7, 0x55F7, 0x55F7,
  0x55F7, 0x55F7, 0x55F7, 0x55F7, 0x55F7, 0x55F7, 0x55F7, 0x55F7, 0x55F7, 0x55F7, 0x55F7, 0x55F7,
  0x55F7, 0x55F7, 0x55F7, 0x55F7, 0x55F7, 0x55F7, 0x55F7, 0x55F7, 0xDFFF, 0x55F7, 0x55F7, 0x55F7,
  0x55F7, 0x55F7, 0x55F7, 0x6DBD, 0xB69C, 0xB69C, 0xB69C, 0xB69C, 0xB69C, 0xB69C, 0xB69C, 0xB69C,
  0x8DDB, 0x8DDB, 0x8DDB, 0x8DDB, 0x8DDB, 0x8DDB, 0x8DDB, 0x8DDB, 0x8DDB, 0x8DDB, 0x8DDB, 0x8DDB,
  0x8DDB, 0x8DDB, 0x8DDB, 0x8DDB, 0x8DDB, 0x8DDB, 0x0000, 0xFFFF, 0x0000, 0x0000, 0x0000, 0x0000,
  0xFFFF, 0xFFFF, 0xFFFF, 0xFFFF, 0xEF06, 0x0000, 0x0000, 0x0000, 0x0000, 0x0000, 0x8DDB, 0x8DDB,
  0x8DDB, 0x8DDB, 0x8DDB, 0x8DDB, 0x8DDB, 0x8DDB, 0x8DDB, 0x8DDB, 0x8DDB, 0x8DDB, 0x8DDB, 0x8DDB,
  0x8DDB, 0x8DDB, 0x8DDB, 0x8DDB, 0x8DDB, 0x8DDB, 0x8DDB, 0x8DDB, 0x8DDB, 0x8DDB, 0x8DDB, 0x8DDB,
  0x8DDB, 0x8DDB, 0x8DDB, 0x8DDB, 0x8DDB, 0x8DDB, 0x8DDB, 0x8DDB, 0x8DDB, 0x8DDB, 0x8DDB, 0x8DDB,
  0x8DDB, 0x8DDB, 0x8DDB, 0x8DDB, 0x8DDB, 0x8DDB, 0x8DDB, 0x8DDB, 0x8DDB, 0x8DDB, 0x8DDB, 0x8DDB,
  0x8DDB, 0x8DDB, 0x8DDB, 0x8DDB, 0x8DDB, 0x8DDB, 0x8DDB, 0x8DDB, 0x8DDB, 0x8DDB, 0x8DDB, 0x8DDB,
  0x8DDB, 0x8DDB, 0x8DDB, 0x8DDB, 0x8DDB, 0x8DDB, 0x8DDB, 0x8DDB, 0x8DDB, 0x8DDB, 0x8DDB, 0x8DDB,
  0x8DDB, 0x8DDB, 0x8DDB, 0x8DDB, 0x8DDB, 0x8DDB, 0x8DDB, 0x8DDB, 0x8DDB, 0x8DDB, 0x8DDB, 0x8DDB,
  0x8DDB, 0x8DDB, 0x8DDB, 0x8DDB, 0x8DDB, 0x8DDB, 0x8DDB, 0x8DDB, 0x8DDB, 0x8DDB, 0x8DDB, 0x8DDB,
  0x8DDB, 0xA79E, 0xA79E, 0xA79E, 0xA79E, 0xA79E, 0xA79E, 0xA79E, 0xA79E, 0xA79E, 0xA79E, 0xA79E,
  0xA79E, 0xA79E, 0xA79E, 0xA79E, 0xA79E, 0xA79E, 0xA79E, 0xA79E, 0xA79E, 0xA79E, 0xA79E, 0xA79E,
  0xA79E, 0x8DDB, 0x8DDB, 0x8DDB, 0x8DDB, 0x8DDB, 0x8DDB, 0x8DDB, 0x8DDB, 0x8DDB, 0x8DDB, 0x8DDB,
  0x8DDB, 0x8DDB, 0x8DDB, 0x8DDB, 0x8DDB, 0xA63C, 0xA63C, 0xA63C, 0x8DDB, 0x8DDB, 0xF507, 0xF507,
  0xEC20, 0xEC20, 0xEC20, 0xEC20, 0x8DDB, 0x8DDB, 0x8DDB, 0xEC20, 0xEC20, 0x8DDB, 0x8DDB, 0x8DDB,
  0x8DDB, 0x8DDB, 0x8DDB, 0x8DDB, 0x8DDB, 0x8DDB, 0x8DDB, 0x8DDB, 0x8DDB, 0x8DDB, 0x8DDB, 0x8DDB,
  0x8DDB, 0x55F7, 0x55F7, 0x55F7, 0x55F7, 0x55F7, 0x55F7, 0x55F7, 0x55F7, 0x55F7, 0x55F7, 0x55F7,
  0x55F7, 0x55F7, 0x55F7, 0x55F7, 0x55F7, 0x55F7, 0x55F7, 0x55F7, 0x55F7, 0x55F7, 0x55F7, 0x55F7,
  0x55F7, 0x55F7, 0x8DDB, 0x8DDB, 0x8DDB, 0x8DDB, 0x8DDB, 0x8DDB, 0x8DDB, 0x8DDB, 0x8DDB, 0x8DDB,
  0x8DDB, 0x8DDB, 0x8DDB, 0x6496, 0x64D3, 0x64D3, 0x64D3, 0x55F7, 0x55F7, 0x55F7, 0x55F7, 0x55F7,
  0x55F7, 0x55F7, 0x55F7, 0x55F7, 0x55F7, 0x55F7, 0x55F7, 0x55F7, 0x55F7, 0x55F7, 0x55F7, 0x55F7,
  0x55F7, 0x55F7, 0x55F7, 0x55F7, 0x55F7, 0x55F7, 0xDFFF, 0x55F7, 0x55F7, 0x55F7, 0x55F7, 0x55F7,
  0x55F7, 0x6DBD, 0xB69C, 0xB69C, 0xB69C, 0xB69C, 0xB69C, 0x8DDB, 0x8DDB, 0x8DDB, 0xA63C, 0xA63C,
  0xA63C, 0xA63C, 0xA63C, 0xA63C, 0xA63C, 0x8DDB, 0x8DDB, 0x8DDB, 0x8DDB, 0x8DDB, 0x8DDB, 0x8DDB,
  0x8DDB, 0x8DDB, 0x8DDB, 0x8DDB, 0x8DDB, 0x0000, 0x0000, 0x0000, 0x0000, 0x0000, 0x0000, 0x0000,
  0x0000, 0x0000, 0x0000, 0x8DDB, 0x8DDB, 0x8DDB, 0x8DDB, 0x8DDB, 0x8DDB, 0x8DDB, 0x8DDB, 0x8DDB,
  0x8DDB, 0x8DDB, 0x8DDB, 0x8DDB, 0x8DDB, 0x8DDB, 0x8DDB, 0x8DDB, 0x8DDB, 0x8DDB, 0x8DDB, 0x8DDB,
  0x8DDB, 0x8DDB, 0x8DDB, 0x8DDB, 0x8DDB, 0x8DDB, 0x8DDB, 0x8DDB, 0x8DDB, 0x8DDB, 0x8DDB, 0x8DDB,
  0x8DDB, 0x8DDB, 0x8DDB, 0x8DDB, 0x8DDB, 0x8DDB, 0x8DDB, 0x8DDB, 0x8DDB, 0x8DDB, 0x8DDB, 0x8DDB,
  0x8DDB, 0x8DDB, 0x8DDB, 0x8DDB, 0x8DDB, 0x8DDB, 0x8DDB, 0x8DDB, 0x8DDB, 0x8DDB, 0x8DDB, 0x8DDB,
  0x8DDB, 0x8DDB, 0x8DDB, 0x8DDB, 0x8DDB, 0x8DDB, 0x8DDB, 0x8DDB, 0x8DDB, 0x8DDB, 0x8DDB, 0x8DDB,
  0x8DDB, 0x8DDB, 0x8DDB, 0x8DDB, 0x8DDB, 0x8DDB, 0x8DDB, 0x8DDB, 0x8DDB, 0x8DDB, 0x8DDB, 0x8DDB,
  0x8DDB, 0x8DDB, 0x8DDB, 0x8DDB, 0x8DDB, 0x8DDB, 0x8DDB, 0x8DDB, 0x8DDB, 0x8DDB, 0x8DDB, 0x8DDB,
  0x8DDB, 0x8DDB, 0x8DDB, 0x8DDB, 0x8DDB, 0x8DDB, 0x8DDB, 0x8DDB, 0x8DDB, 0x8DDB, 0x8DDB, 0x8DDB,
  0x8DDB, 0x8DDB, 0x8DDB, 0x8DDB, 0x8DDB, 0x8DDB, 0x8DDB, 0x8DDB, 0xA79E, 0xA79E, 0xA79E, 0xA79E,
  0xA79E, 0xA79E, 0x8DDB, 0x8DDB, 0x8DDB, 0x8DDB, 0x8DDB, 0x8DDB, 0x8DDB, 0x8DDB, 0x8DDB, 0x8DDB,
  0x8DDB, 0x8DDB, 0x8DDB, 0x8DDB, 0x8DDB, 0x8DDB, 0x8DDB, 0x8DDB, 0x8DDB, 0x8DDB, 0x8DDB, 0xA63C,
  0xA63C, 0xA63C, 0xA63C, 0xA63C, 0x8DDB, 0x8DDB, 0x8DDB, 0xF507, 0xF507, 0xEC20, 0xEC20, 0xEC20,
  0xEC20, 0xEC20, 0xEC20, 0xA63C, 0xEC20, 0xEC20, 0x8DDB, 0x8DDB, 0x8DDB, 0x8DDB, 0x8DDB, 0x8DDB,
  0x8DDB, 0x8DDB, 0x8DDB, 0x8DDB, 0x8DDB, 0x8DDB, 0x8DDB, 0x8DDB, 0x8DDB, 0x8DDB, 0x8DDB, 0x8DDB,
  0x8DDB, 0x8DDB, 0x8DDB, 0x55F7, 0x55F7, 0x55F7, 0x55F7, 0x55F7, 0x55F7, 0x55F7, 0x55F7, 0x55F7,
  0x55F7, 0x55F7, 0x55F7, 0x55F7, 0x55F7, 0x55F7, 0x55F7, 0x55F7, 0x55F7, 0x8DDB, 0x8DDB, 0x8DDB,
  0x8DDB, 0x8DDB, 0x8DDB, 0x8DDB, 0x8DDB, 0x8DDB, 0x8DDB, 0x8DDB, 0x8DDB, 0x8DDB, 0x8DDB, 0x8DDB,
  0x8DDB, 0x6496, 0x64D3, 0x64D3, 0x64D3, 0x55F7, 0x55F7, 0x55F7, 0x55F7, 0x55F7, 0x55F7, 0x55F7,
  0x55F7, 0x55F7, 0x55F7, 0x55F7, 0x55F7, 0x55F7, 0x55F7, 0x55F7, 0x55F7, 0x55F7, 0x55F7, 0x55F7,
  0x55F7, 0x55F7, 0x55F7, 0x55F7, 0xDFFF, 0x55F7, 0x55F7, 0x55F7, 0x55F7, 0x55F7, 0x55F7, 0x6DBD,
  0xB69C, 0xB69C, 0x8DDB, 0x8DDB, 0xA63C, 0xA63C, 0xA63C, 0xA63C, 0x8DDB, 0x8DDB, 0x8DDB, 0x8DDB,
  0x8DDB, 0x8DDB, 0xA63C, 0xA63C, 0xA63C, 0xA63C, 0xA63C, 0x8DDB, 0x8DDB, 0x8DDB, 0x8DDB, 0x8DDB,
  0x8DDB, 0x8DDB, 0x0000, 0x0000, 0x0000, 0x0000, 0x8DDB, 0x8DDB, 0x8DDB, 0x8DDB, 0x8DDB, 0x8DDB,
  0x8DDB, 0x8DDB, 0x8DDB, 0x8DDB, 0x8DDB, 0x8DDB, 0x8DDB, 0x8DDB, 0x8DDB, 0x8DDB, 0x8DDB, 0x8DDB,
  0x8DDB, 0x8DDB, 0x8DDB, 0x8DDB, 0x8DDB, 0x8DDB, 0x8DDB, 0x8DDB, 0x8DDB, 0x8DDB, 0x8DDB, 0x8DDB,
  0x8DDB, 0x8DDB, 0x8DDB, 0x8DDB, 0x8DDB, 0x8DDB, 0x8DDB, 0x8DDB, 0x8DDB, 0x8DDB, 0x8DDB, 0x8DDB,
  0x8DDB, 0x8DDB, 0x8DDB, 0x8DDB, 0x8DDB, 0x8DDB, 0x8DDB, 0x8DDB, 0x8DDB, 0x8DDB, 0x8DDB, 0x8DDB,
  0x8DDB, 0x8DDB, 0x8DDB, 0x8DDB, 0x8DDB, 0x8DDB, 0x8DDB, 0x8DDB, 0x8DDB, 0x8DDB, 0x8DDB, 0x8DDB,
  0x8DDB, 0x8DDB, 0x8DDB, 0x8DDB, 0x8DDB, 0x8DDB, 0x8DDB, 0x8DDB, 0x8DDB, 0x8DDB, 0x8DDB, 0xA63C,
  0xA63C, 0xA63C, 0xA63C, 0xA63C, 0xA63C, 0xA63C, 0x8DDB, 0x8DDB, 0x8DDB, 0x8DDB, 0x8DDB, 0x8DDB,
  0x8DDB, 0x8DDB, 0x8DDB, 0x8DDB, 0x8DDB, 0x8DDB, 0x8DDB, 0x8DDB, 0x8DDB, 0x8DDB, 0x8DDB, 0x8DDB,
  0x8DDB, 0x8DDB, 0x8DDB, 0x8DDB, 0x8DDB, 0x8DDB, 0x8DDB, 0x8DDB, 0x8DDB, 0x8DDB, 0x8DDB, 0x8DDB,
  0x8DDB, 0x8DDB, 0x8DDB, 0x8DDB, 0x8DDB, 0x8DDB, 0x8DDB, 0x8DDB, 0x8DDB, 0x8DDB, 0x8DDB, 0x8DDB,
  0x8DDB, 0x8DDB, 0x8DDB, 0x8DDB, 0x8DDB, 0x8DDB, 0x8DDB, 0x8DDB, 0x8DDB, 0x8DDB, 0x8DDB, 0x8DDB,
  0x8DDB, 0x8DDB, 0x8DDB, 0x8DDB, 0xA63C, 0xA63C, 0xA63C, 0xA63C, 0xA63C, 0x8DDB, 0x8DDB, 0x8DDB,
  0x8DDB, 0x8DDB, 0x8DDB, 0x8DDB, 0xF507, 0xF507, 0x0000, 0x0000, 0xEC20, 0xEC20, 0xEC20, 0xEC20,
  0xCBC3, 0xEC20, 0xEC20, 0x8DDB, 0xA63C, 0xA63C, 0xA63C, 0x8DDB, 0x8DDB, 0x8DDB, 0x8DDB, 0x8DDB,
  0x8DDB, 0x8DDB, 0x8DDB, 0x8DDB, 0x8DDB, 0x8DDB, 0x8DDB, 0x8DDB, 0x8DDB, 0x8DDB, 0x8DDB, 0x8DDB,
  0x8DDB, 0x8DDB, 0x8DDB, 0x8DDB, 0x8DDB, 0x8DDB, 0x8DDB, 0x8DDB, 0x8DDB, 0x55F7, 0x55F7, 0x55F7,
  0x55F7, 0x55F7, 0x8DDB, 0x55F7, 0x55F7, 0x8DDB, 0x8DDB, 0x8DDB, 0x8DDB, 0x8DDB, 0x8DDB, 0x8DDB,
  0x8DDB, 0x8DDB, 0x8DDB, 0x8DDB, 0x8DDB, 0x8DDB, 0x8DDB, 0x8DDB, 0x8DDB, 0x8DDB, 0x8DDB, 0x6496,
  0x64D3, 0x64D3, 0x64D3, 0x64D3, 0x55F7, 0x55F7, 0x55F7, 0x55F7, 0x55F7, 0x55F7, 0x55F7, 0x55F7,
  0x55F7, 0x55F7, 0x55F7, 0x55F7, 0x55F7, 0x55F7, 0x55F7, 0x55F7, 0x55F7, 0x55F7, 0x55F7, 0x55F7,
  0x55F7, 0x55F7, 0xDFFF, 0x55F7, 0x55F7, 0x55F7, 0x55F7, 0x55F7, 0x55F7, 0x6DBD, 0xB69C, 0xB69C,
  0x8DDB, 0xA63C, 0xA63C, 0x8DDB, 0x8DDB, 0x8DDB, 0x8DDB, 0x8DDB, 0x8DDB, 0x8DDB, 0x8DDB, 0x8DDB,
  0x8DDB, 0x8DDB, 0x8DDB, 0x8DDB, 0x8DDB, 0x8DDB, 0x8DDB, 0x8DDB, 0x8DDB, 0x8DDB, 0x8DDB, 0x8DDB,
  0x0000, 0x0000, 0x0000, 0x8DDB, 0x8DDB, 0x8DDB, 0x8DDB, 0x8DDB, 0x8DDB, 0x8DDB, 0x8DDB, 0x8DDB,
  0x8DDB, 0x8DDB, 0x8DDB, 0x8DDB, 0x8DDB, 0x8DDB, 0x8DDB, 0x8DDB, 0x8DDB, 0x8DDB, 0x8DDB, 0x8DDB,
  0x8DDB, 0x8DDB, 0x8DDB, 0x8DDB, 0x8DDB, 0x8DDB, 0x8DDB, 0x8DDB, 0x8DDB, 0x8DDB, 0x8DDB, 0x8DDB,
  0x8DDB, 0x8DDB, 0x8DDB, 0x8DDB, 0x8DDB, 0x8DDB, 0xA63C, 0xA63C, 0xA63C, 0xA63C, 0xA63C, 0xA63C,
  0xA63C, 0xA63C, 0xA63C, 0xA63C, 0xA63C, 0xA63C, 0xA63C, 0x8DDB, 0x8DDB, 0x8DDB, 0x8DDB, 0x8DDB,
  0x8DDB, 0x8DDB, 0x8DDB, 0x8DDB, 0x8DDB, 0x8DDB, 0x8DDB, 0x8DDB, 0xF507, 0x8DDB, 0xEC20, 0xEC20,
  0xEC20, 0x8DDB, 0x8DDB, 0x8DDB, 0x8DDB, 0x8DDB, 0x8DDB, 0x8DDB, 0x8DDB, 0x8DDB, 0x8DDB, 0x8DDB,
  0x8DDB, 0x8DDB, 0x8DDB, 0x8DDB, 0xA63C, 0xA63C, 0x8DDB, 0x8DDB, 0x8DDB, 0x8DDB, 0x8DDB, 0x8DDB,
  0x8DDB, 0x8DDB, 0x8DDB, 0x8DDB, 0x8DDB, 0x8DDB, 0x8DDB, 0x8DDB, 0x8DDB, 0x8DDB, 0x8DDB, 0x8DDB,
  0x8DDB, 0x8DDB, 0x8DDB, 0x8DDB, 0x8DDB, 0x8DDB, 0x8DDB, 0x8DDB, 0x8DDB, 0x8DDB, 0x8DDB, 0x8DDB,
  0x8DDB, 0x8DDB, 0x8DDB, 0x8DDB, 0x8DDB, 0x8DDB, 0x8DDB, 0x8DDB, 0x8DDB, 0x8DDB, 0x8DDB, 0x8DDB,
  0x8DDB, 0x8DDB, 0x8DDB, 0x8DDB, 0x8DDB, 0x8DDB, 0x8DDB, 0x8DDB, 0x8DDB, 0x8DDB, 0x8DDB, 0xA63C,
  0xA63C, 0xA63C, 0x8DDB, 0x8DDB, 0x8DDB, 0x8DDB, 0x8DDB, 0x8DDB, 0x8DDB, 0x8DDB, 0x8DDB, 0x8DDB,
  0x8DDB, 0x8DDB, 0x8DDB, 0xEC20, 0xEC20, 0xEC20, 0xEC20, 0xEC20, 0xEC20, 0xCBC3, 0xCBC3, 0x8DDB,
  0xEC20, 0xCBC3, 0x8DDB, 0x8DDB, 0x8DDB, 0xA63C, 0xA63C, 0xA63C, 0xA63C, 0xA63C, 0xA63C, 0x8DDB,
  0x8DDB, 0x8DDB, 0x8DDB, 0x8DDB, 0x8DDB, 0x8DDB, 0x8DDB, 0x8DDB, 0x8DDB, 0x8DDB, 0x8DDB, 0x8DDB,
  0x8DDB, 0x8DDB, 0x8DDB, 0x8DDB, 0x8DDB, 0x8DDB, 0x8DDB, 0x8DDB, 0x8DDB, 0x8DDB, 0x8DDB, 0x8DDB,
  0x8DDB, 0x8DDB, 0x8DDB, 0x8DDB, 0x8DDB, 0x8DDB, 0x8DDB, 0x8DDB, 0x8DDB, 0x8DDB, 0x8DDB, 0x8DDB,
  0x8DDB, 0x8DDB, 0x8DDB, 0x8DDB, 0x8DDB, 0x8DDB, 0x8DDB, 0x8DDB, 0x6496, 0x6496, 0x64D3, 0x64D3,
  0x64D3, 0x64D3, 0x64D3, 0x64D3, 0x64D3, 0x55F7, 0x55F7, 0x55F7, 0x55F7, 0x55F7, 0x55F7, 0x55F7,
  0x55F7, 0x55F7, 0x55F7, 0x55F7, 0x55F7, 0x55F7, 0x55F7, 0x55F7, 0x55F7, 0x55F7, 0x55F7, 0x55F7,
  0xDFFF, 0x55F7, 0x55F7, 0x55F7, 0x55F7, 0x55F7, 0x55F7, 0x6DBD, 0xB69C, 0x8DDB, 0x8DDB, 0x8DDB,
  0x8DDB, 0x8DDB, 0x8DDB, 0x8DDB, 0x8DDB, 0x8DDB, 0x8DDB, 0x8DDB, 0x8DDB, 0x8DDB, 0x8DDB, 0x8DDB,
  0x8DDB, 0x8DDB, 0x8DDB, 0x8DDB, 0x8DDB, 0x8DDB, 0x8DDB, 0x8DDB, 0x8DDB, 0x8DDB, 0x8DDB, 0x8DDB,
  0x8DDB, 0x8DDB, 0x8DDB, 0x8DDB, 0x8DDB, 0x8DDB, 0x8DDB, 0x8DDB, 0x8DDB, 0x8DDB, 0x8DDB, 0xA63C,
  0xA63C, 0xA63C, 0xA63C, 0xA63C, 0xA63C, 0xA63C, 0xA63C, 0xA63C, 0x8DDB, 0x8DDB, 0x8DDB, 0x8DDB,
  0x8DDB, 0x8DDB, 0x8DDB, 0x8DDB, 0x8DDB, 0x8DDB, 0x8DDB, 0x8DDB, 0x8DDB, 0x8DDB, 0x8DDB, 0x8DDB,
  0x8DDB, 0xA63C, 0xA63C, 0xA63C, 0x8DDB, 0x8DDB, 0x8DDB, 0x8DDB, 0x8DDB, 0x8DDB, 0x8DDB, 0x8DDB,
  0x8DDB, 0x8DDB, 0x8DDB, 0x8DDB, 0x8DDB, 0x8DDB, 0x8DDB, 0x8DDB, 0x8DDB, 0x8DDB, 0x8DDB, 0x8DDB,
  0x8DDB, 0x8DDB, 0x8DDB, 0x8DDB, 0x8DDB, 0x8DDB, 0x8DDB, 0xF507, 0xEC20, 0x0000, 0xCBC3, 0xCBC3,
  0x8DDB, 0x8DDB, 0x8DDB, 0x8DDB, 0x8DDB, 0x8DDB, 0x8DDB, 0x8DDB, 0x8DDB, 0x8DDB, 0x8DDB, 0x8DDB,
  0x8DDB, 0x8DDB, 0x8DDB, 0x8DDB, 0xA63C, 0xA63C, 0xA63C, 0xA63C, 0x8DDB, 0x8DDB, 0x8DDB, 0x8DDB,
  0x8DDB, 0x8DDB, 0x8DDB, 0x8DDB, 0x8DDB, 0x8DDB, 0x8DDB, 0x8DDB, 0x8DDB, 0x8DDB, 0x8DDB, 0x8DDB,
  0x8DDB, 0x8DDB, 0x8DDB, 0x8DDB, 0x8DDB, 0x8DDB, 0x8DDB, 0x8DDB, 0x8DDB, 0x8DDB, 0x8DDB, 0x8DDB,
  0x8DDB, 0x8DDB, 0x8DDB, 0x8DDB, 0x8DDB, 0x8DDB, 0x8DDB, 0x8DDB, 0x8DDB, 0x8DDB, 0x8DDB, 0x8DDB,
  0xA63C, 0xA63C, 0xA63C, 0xA63C, 0xA63C, 0xA63C, 0xA63C, 0xA63C, 0xA63C, 0x8DDB, 0x8DDB, 0x8DDB,
  0x8DDB, 0x8DDB, 0x8DDB, 0x8DDB, 0x8DDB, 0x8DDB, 0x8DDB, 0x8DDB, 0x8DDB, 0x8DDB, 0x8DDB, 0x8DDB,
  0x8DDB, 0x8DDB, 0xEC20, 0xEC20, 0xEC20, 0xCBC3, 0xCBC3, 0xCBC3, 0x8DDB, 0x8DDB, 0x8DDB, 0xCBC3,
  0xCBC3, 0x8DDB, 0x8DDB, 0x8DDB, 0x8DDB, 0x8DDB, 0x8DDB, 0x8DDB, 0x8DDB, 0xA63C, 0xA63C, 0xA63C,
  0x8DDB, 0x8DDB, 0x8DDB, 0x8DDB, 0x8DDB, 0x8DDB, 0x8DDB, 0x8DDB, 0x8DDB, 0x8DDB, 0x8DDB, 0x8DDB,
  0x8DDB, 0x8DDB, 0x8DDB, 0x8DDB, 0x8DDB, 0x8DDB, 0x8DDB, 0x8DDB, 0x8DDB, 0x8DDB, 0x8DDB, 0x8DDB,
  0x8DDB, 0x8DDB, 0x8DDB, 0x8DDB, 0x8DDB, 0x8DDB, 0x8DDB, 0xA63C, 0xA63C, 0x8DDB, 0x8DDB, 0x8DDB,
  0x8DDB, 0x8DDB, 0x8DDB, 0x8DDB, 0x8DDB, 0x8DDB, 0x6496, 0x6496, 0x64D3, 0x64D3, 0x64D3, 0x64D3,
  0x64D3, 0x64D3, 0x64D3, 0x64D3, 0x64D3, 0x55F7, 0x55F7, 0x55F7, 0x55F7, 0x55F7, 0x55F7, 0x55F7,
  0x55F7, 0x55F7, 0x55F7, 0x55F7, 0x55F7, 0x55F7, 0x55F7, 0x55F7, 0x55F7, 0x55F7, 0xDFFF, 0x55F7,
  0x55F7, 0x55F7, 0x55F7, 0x55F7, 0x55F7, 0x6DBD, 0x8DDB, 0x8DDB, 0x8DDB, 0x8DDB, 0x8DDB, 0x8DDB,
  0x8DDB, 0x8DDB, 0x8DDB, 0x8DDB, 0x8DDB, 0x8DDB, 0x8DDB, 0x8DDB, 0x8DDB, 0x8DDB, 0x8DDB, 0x8DDB,
  0x8DDB, 0x8DDB, 0x8DDB, 0x8DDB, 0x8DDB, 0x8DDB, 0x8DDB, 0x8DDB, 0x8DDB, 0x8DDB, 0x8DDB, 0x8DDB,
  0x8DDB, 0x8DDB, 0x8DDB, 0x8DDB, 0x8DDB, 0x8DDB, 0x8DDB, 0x8DDB, 0xA63C, 0xA63C, 0x8DDB, 0x8DDB,
  0x8DDB, 0x8DDB, 0x8DDB, 0x8DDB, 0x8DDB, 0x8DDB, 0x8DDB, 0x8DDB, 0x8DDB, 0x8DDB, 0x8DDB, 0x8DDB,
  0x8DDB, 0x8DDB, 0x8DDB, 0x8DDB, 0x8DDB, 0x8DDB, 0x8DDB, 0x8DDB, 0x8DDB, 0x8DDB, 0x8DDB, 0xA63C,
  0x8DDB, 0x8DDB, 0x8DDB, 0x8DDB, 0x8DDB, 0x8DDB, 0x8DDB, 0x8DDB, 0x8DDB, 0x8DDB, 0x8DDB, 0x8DDB,
  0x8DDB, 0x8DDB, 0x8DDB, 0x8DDB, 0x8DDB, 0x8DDB, 0x8DDB, 0x8DDB, 0x8DDB, 0x8DDB, 0x8DDB, 0x8DDB,
  0x8DDB, 0x8DDB, 0x8DDB, 0x8DDB, 0xEC20, 0x8DDB, 0xEC20, 0xCBC3, 0xCBC3, 0x8DDB, 0x8DDB, 0x8DDB,
  0x8DDB, 0x8DDB, 0x8DDB, 0x8DDB, 0x8DDB, 0x8DDB, 0x8DDB, 0x8DDB, 0x8DDB, 0x8DDB, 0x8DDB, 0x8DDB,
  0x8DDB, 0x8DDB, 0x8DDB, 0x8DDB, 0x8DDB, 0x8DDB, 0xA63C, 0xA63C, 0xA63C, 0xA63C, 0xA63C, 0x8DDB,
  0x8DDB, 0x8DDB, 0x8DDB, 0x8DDB, 0x8DDB, 0x8DDB, 0x8DDB, 0x8DDB, 0x8DDB, 0x8DDB, 0x8DDB, 0x8DDB,
  0x8DDB, 0x8DDB, 0x8DDB, 0x8DDB, 0x8DDB, 0x8DDB, 0x8DDB, 0x8DDB, 0x8DDB, 0x8DDB, 0x8DDB, 0x8DDB,
  0x8DDB, 0x8DDB, 0x8DDB, 0x8DDB, 0x8DDB, 0x8DDB, 0x8DDB, 0x8DDB, 0x8DDB, 0x8DDB, 0x8DDB, 0x8DDB,
  0x8DDB, 0x8DDB, 0x8DDB, 0x8DDB, 0x8DDB, 0x8DDB, 0x8DDB, 0x8DDB, 0x8DDB, 0x8DDB, 0x8DDB, 0x8DDB,
  0x8DDB, 0x8DDB, 0x8DDB, 0x8DDB, 0x8DDB, 0x8DDB, 0x8DDB, 0x8DDB, 0x8DDB, 0x8DDB, 0x8DDB, 0x8DDB,
  0x8DDB, 0x8DDB, 0x8DDB, 0x8DDB, 0x8DDB, 0x8DDB, 0x8DDB, 0x8DDB, 0x8DDB, 0x8DDB, 0x8DDB, 0x8DDB,
  0x8DDB, 0x8DDB, 0x8DDB, 0x8DDB, 0x8DDB, 0x8DDB, 0x8DDB, 0x8DDB, 0x8DDB, 0x8DDB, 0x8DDB, 0x8DDB,
  0x8DDB, 0x8DDB, 0x8DDB, 0x8DDB, 0x8DDB, 0x8DDB, 0x8DDB, 0x8DDB, 0x8DDB, 0x8DDB, 0x8DDB, 0x8DDB,
  0x8DDB, 0x8DDB, 0x8DDB, 0x8DDB, 0x8DDB, 0x8DDB, 0x8DDB, 0x8DDB, 0x8DDB, 0x8DDB, 0x8DDB, 0xA63C,
  0xA63C, 0xA63C, 0xA63C, 0xA63C, 0xA63C, 0xA63C, 0x8DDB, 0x8DDB, 0x8DDB, 0x8DDB, 0x8DDB, 0x8DDB,
  0x8DDB, 0x8DDB, 0x6496, 0x6496, 0x6496, 0x6496, 0x64D3, 0x64D3, 0x64D3, 0x64D3, 0x64D3, 0x64D3,
  0x64D3, 0x64D3, 0x64D3, 0x64D3, 0x55F7, 0x55F7, 0x55F7, 0x55F7, 0x55F7, 0x55F7, 0x55F7, 0x55F7,
  0x55F7, 0x55F7, 0x55F7, 0x55F7, 0x55F7, 0x55F7, 0x55F7, 0x55F7, 0xDFFF, 0x55F7, 0x55F7, 0x55F7,
  0x55F7, 0x55F7, 0x55F7, 0x6DBD, 0x8DDB, 0x8DDB, 0x8DDB, 0x8DDB, 0x8DDB, 0x8DDB, 0x8DDB, 0x8DDB,
  0x8DDB, 0x8DDB, 0x8DDB, 0x8DDB, 0x8DDB, 0x8DDB, 0x8DDB, 0x8DDB, 0x8DDB, 0x8DDB, 0x8DDB, 0x8DDB,
  0x8DDB, 0x8DDB, 0x8DDB, 0x8DDB, 0x8DDB, 0x8DDB, 0x8DDB, 0x8DDB, 0x8DDB, 0x8DDB, 0x8DDB, 0x8DDB,
  0x8DDB, 0x8DDB, 0x8DDB, 0x8DDB, 0x8DDB, 0x8DDB, 0x8DDB, 0x8DDB, 0x8DDB, 0x8DDB, 0x8DDB, 0x8DDB,
  0x8DDB, 0x8DDB, 0x8DDB, 0x8DDB, 0x8DDB, 0x8DDB, 0x8DDB, 0x8DDB, 0x8DDB, 0x8DDB, 0x8DDB, 0x8DDB,
  0x8DDB, 0x8DDB, 0x8DDB, 0x8DDB, 0x8DDB, 0x8DDB, 0x8DDB, 0x8DDB, 0x8DDB, 0x8DDB, 0x8DDB, 0x8DDB,
  0x8DDB, 0x8DDB, 0x8DDB, 0x8DDB, 0x8DDB, 0x8DDB, 0x8DDB, 0x8DDB, 0x8DDB, 0x8DDB, 0x8DDB, 0x8DDB,
  0x8DDB, 0x8DDB, 0x8DDB, 0x8DDB, 0x8DDB, 0x8DDB, 0x8DDB, 0x8DDB, 0x8DDB, 0x8DDB, 0x8DDB, 0x8DDB,
  0x8DDB, 0x8DDB, 0x8DDB, 0x8DDB, 0x8DDB, 0x8DDB, 0x8DDB, 0x8DDB, 0x8DDB, 0x8DDB, 0x8DDB, 0x8DDB,
  0x8DDB, 0x8DDB, 0x8DDB, 0x8DDB, 0x8DDB, 0x8DDB, 0x8DDB, 0x8DDB, 0x8DDB, 0x8DDB, 0x8DDB, 0x8DDB,
  0x8DDB, 0x8DDB, 0x8DDB, 0x8DDB, 0x8DDB, 0x8DDB, 0x8DDB, 0x8DDB, 0x8DDB, 0x8DDB, 0x8DDB, 0x8DDB,
  0x8DDB, 0x8DDB, 0x8DDB, 0x8DDB, 0x8DDB, 0x8DDB, 0x8DDB, 0x8DDB, 0x8DDB, 0x8DDB, 0x8DDB, 0x8DDB,
  0x8DDB, 0x8DDB, 0x8DDB, 0x8DDB, 0x8DDB, 0x8DDB, 0x8DDB, 0x8DDB, 0x8DDB, 0x8DDB, 0x8DDB, 0x8DDB,
  0x8DDB, 0x8DDB, 0x8DDB, 0x8DDB, 0x8DDB, 0x8DDB, 0x8DDB, 0x8DDB, 0x8DDB, 0x8DDB, 0x8DDB, 0x8DDB,
  0x8DDB, 0x8DDB, 0x8DDB, 0x8DDB, 0x8DDB, 0x8DDB, 0x8DDB, 0x8DDB, 0x8DDB, 0x8DDB, 0x8DDB, 0x8DDB,
  0x8DDB, 0x8DDB, 0x8DDB, 0x8DDB, 0x8DDB, 0x8DDB, 0x8DDB, 0x8DDB, 0x8DDB, 0x8DDB, 0x8DDB, 0x8DDB,
  0x8DDB, 0x8DDB, 0x8DDB, 0x8DDB, 0x8DDB, 0x8DDB, 0x8DDB, 0x8DDB, 0x8DDB, 0x8DDB, 0x8DDB, 0x8DDB,
  0x8DDB, 0x8DDB, 0x8DDB, 0x8DDB, 0x8DDB, 0x8DDB, 0x8DDB, 0x8DDB, 0x8DDB, 0x8DDB, 0x8DDB, 0x8DDB,
  0x8DDB, 0x8DDB, 0x8DDB, 0x8DDB, 0x8DDB, 0x8DDB, 0x8DDB, 0x8DDB, 0x8DDB, 0x8DDB, 0x8DDB, 0x8DDB,
  0x8DDB, 0x8DDB, 0x8DDB, 0x8DDB, 0x8DDB, 0x8DDB, 0x8DDB, 0x8DDB, 0x8DDB, 0x8DDB, 0x8DDB, 0x8DDB,
  0x8DDB, 0x8DDB, 0x8DDB, 0x8DDB, 0x8DDB, 0x8DDB, 0x8DDB, 0x8DDB, 0x6496, 0x6496, 0x6496, 0x6496,
  0x6496, 0x6496, 0x6496, 0x6496
};

// flint and steel!!!!!!!!!!!!!!! minecraft hot spring

const uint16_t bg_image_3[21584] PROGMEM = {
  0xEB8B, 0xEB8B, 0xEB8B, 0xEB8B, 0xEB8B, 0xEB8B, 0xEB8B, 0xEB8B, 0xEB8B, 0xEB8B, 0xEB8B, 0xEB8B,
  0xEB8B, 0xEB8B, 0xEB8B, 0xEB8B, 0xEB8B, 0xEB8B, 0xEB8B, 0xEB8B, 0xEB8B, 0xEB8B, 0xC9A3, 0xC9A3,
  0xC9A3, 0xC9A3, 0xC9A3, 0xC9A3, 0xC9A3, 0xC9A3, 0xC9A3, 0xC9A3, 0xC9A3, 0xC9A3, 0xC9A3, 0xC9A3,
  0xC9A3, 0xC9A3, 0xC9A3, 0xC9A3, 0xC9A3, 0xC9A3, 0xC9A3, 0xC9A3, 0xC9A3, 0xC9A3, 0xC9A3, 0xC9A3,
  0xC9A3, 0xC9A3, 0xC9A3, 0xC9A3, 0xC9A3, 0xC9A3, 0xC9A3, 0xC9A3, 0xC9A3, 0xC9A3, 0xC9A3, 0xC9A3,
  0xC9A3, 0xC9A3, 0xC9A3, 0xC9A3, 0xC9A3, 0xC9A3, 0xC9A3, 0xC9A3, 0xC9A3, 0xC9A3, 0xC9A3, 0xC9A3,
  0xC9A3, 0xC9A3, 0xC9A3, 0xC9A3, 0xC9A3, 0xC9A3, 0xC9A3, 0xC9A3, 0xC9A3, 0xC9A3, 0xC9A3, 0xC9A3,
  0xC9A3, 0xC9A3, 0xC9A3, 0xC9A3, 0xC9A3, 0xC9A3, 0xC9A3, 0xC9A3, 0xC9A3, 0xC9A3, 0xC9A3, 0xC9A3,
  0xC9A3, 0xC9A3, 0xC9A3, 0xC9A3, 0xC9A3, 0xC9A3, 0xC9A3, 0xC9A3, 0xC9A3, 0xC9A3, 0xC9A3, 0xC9A3,
  0xC9A3, 0xC9A3, 0xC9A3, 0xC9A3, 0xC9A3, 0xC9A3, 0xC9A3, 0xC9A3, 0xC9A3, 0xC9A3, 0xC9A3, 0xC9A3,
  0xC9A3, 0xC9A3, 0xC9A3, 0xC9A3, 0xC9A3, 0xC9A3, 0xC9A3, 0xC9A3, 0xC9A3, 0xC9A3, 0xC9A3, 0xC9A3,
  0xC9A3, 0xC9A3, 0xC9A3, 0xC9A3, 0xC9A3, 0xC9A3, 0xC9A3, 0xC9A3, 0xC9A3, 0xC9A3, 0xC9A3, 0xC9A3,
  0xC9A3, 0xC9A3, 0xC9A3, 0xC9A3, 0xC9A3, 0xC9A3, 0xC9A3, 0xC9A3, 0xC9A3, 0xC9A3, 0xC9A3, 0xC9A3,
  0xC9A3, 0xC9A3, 0xC9A3, 0xC9A3, 0xC9A3, 0xC9A3, 0xC9A3, 0xC9A3, 0xC9A3, 0xC9A3, 0xC9A3, 0xC9A3,
  0xC9A3, 0xC9A3, 0xC9A3, 0xC9A3, 0xC9A3, 0xC9A3, 0xC9A3, 0xC9A3, 0xC9A3, 0xC9A3, 0xC9A3, 0xC9A3,
  0xC9A3, 0xC9A3, 0xC9A3, 0xC9A3, 0xC9A3, 0xC9A3, 0xC9A3, 0xC9A3, 0x70E1, 0xA9A3, 0xA9A3, 0xA9A3,
  0xA9A3, 0xA9A3, 0xA9A3, 0xA9A3, 0xA9A3, 0xA9A3, 0xA9A3, 0xA9A3, 0xA9A3, 0xA9A3, 0xA9A3, 0xA9A3,
  0xA9A3, 0xA9A3, 0xA9A3, 0xA9A3, 0xA9A3, 0xA9A3, 0xA9A3, 0xA9A3, 0xA9A3, 0xA9A3, 0xA9A3, 0xA9A3,
  0xA9A3, 0xA9A3, 0xA9A3, 0xA9A3, 0xA9A3, 0xA9A3, 0xA9A3, 0xA9A3, 0xA9A3, 0xA9A3, 0xA9A3, 0xA9A3,
  0xA9A3, 0xA9A3, 0xA9A3, 0xA9A3, 0xA9A3, 0xA9A3, 0xA9A3, 0xA9A3, 0xA9A3, 0xA9A3, 0xA9A3, 0xA9A3,
  0xA9A3, 0xA9A3, 0xA9A3, 0xA9A3, 0xA9A3, 0xA9A3, 0xA9A3, 0xA9A3, 0xA9A3, 0xA9A3, 0xA9A3, 0xA9A3,
  0xA9A3, 0xA9A3, 0xA9A3, 0xA9A3, 0xA9A3, 0xA9A3, 0xA9A3, 0xA9A3, 0xA9A3, 0xA9A3, 0xA9A3, 0xA9A3,
  0xA9A3, 0xA9A3, 0xA9A3, 0xA9A3, 0xA9A3, 0xA9A3, 0xA9A3, 0xA9A3, 0xA9A3, 0xA9A3, 0xA9A3, 0xA9A3,
  0xA9A3, 0xA9A3, 0xA9A3, 0xA9A3, 0xA9A3, 0xA9A3, 0xA9A3, 0xA9A3, 0xA9A3, 0xA9A3, 0xEB8B, 0xEB8B,
  0xEB8B, 0xEB8B, 0xEB8B, 0xEB8B, 0xEB8B, 0xEB8B, 0xEB8B, 0xEB8B, 0xEB8B, 0xEB8B, 0xEB8B, 0xEB8B,
  0xEB8B, 0xEB8B, 0xEB8B, 0xEB8B, 0xEB8B, 0xEB8B, 0xEB8B, 0xEB8B, 0xC9A3, 0xC9A3, 0xC9A3, 0xC9A3,
  0xC9A3, 0xC9A3, 0xC9A3, 0xC9A3, 0xC9A3, 0xC9A3, 0xC9A3, 0xC9A3, 0xC9A3, 0xC9A3, 0xC9A3, 0xC9A3,
  0xC9A3, 0xC9A3, 0xC9A3, 0xC9A3, 0xC9A3, 0xC9A3, 0xC9A3, 0xC9A3, 0xC9A3, 0xC9A3, 0xC9A3, 0xC9A3,
  0xC9A3, 0xC9A3, 0xC9A3, 0xC9A3, 0xC9A3, 0xC9A3, 0xC9A3, 0xC9A3, 0xC9A3, 0xC9A3, 0xC9A3, 0xC9A3,
  0xC9A3, 0xC9A3, 0xC9A3, 0xC9A3, 0xC9A3, 0xC9A3, 0xC9A3, 0xC9A3, 0xC9A3, 0xC9A3, 0xC9A3, 0xC9A3,
  0xC9A3, 0xC9A3, 0xC9A3, 0xC9A3, 0xC9A3, 0xC9A3, 0xC9A3, 0xC9A3, 0xC9A3, 0xC9A3, 0xC9A3, 0xC9A3,
  0xC9A3, 0xC9A3, 0xC9A3, 0xC9A3, 0xC9A3, 0xC9A3, 0xC9A3, 0xC9A3, 0xC9A3, 0xC9A3, 0xC9A3, 0xC9A3,
  0xC9A3, 0xC9A3, 0xC9A3, 0xC9A3, 0xC9A3, 0xC9A3, 0xC9A3, 0xC9A3, 0xC9A3, 0xC9A3, 0xC9A3, 0xC9A3,
  0xC9A3, 0xC9A3, 0xC9A3, 0xC9A3, 0xC9A3, 0xC9A3, 0xC9A3, 0xC9A3, 0xC9A3, 0xC9A3, 0xC9A3, 0xC9A3,
  0xC9A3, 0xC9A3, 0xC9A3, 0xC9A3, 0xC9A3, 0xC9A3, 0xC9A3, 0xC9A3, 0xC9A3, 0xC9A3, 0xC9A3, 0xC9A3,
  0xC9A3, 0xC9A3, 0xC9A3, 0xC9A3, 0xC9A3, 0xC9A3, 0xC9A3, 0xC9A3, 0xC9A3, 0xC9A3, 0xC9A3, 0xC9A3,
  0xC9A3, 0xC9A3, 0xC9A3, 0xC9A3, 0xC9A3, 0xC9A3, 0xC9A3, 0xC9A3, 0xC9A3, 0xC9A3, 0xC9A3, 0xC9A3,
  0xC9A3, 0xC9A3, 0xC9A3, 0xC9A3, 0xC9A3, 0xC9A3, 0xC9A3, 0xC9A3, 0xC9A3, 0xC9A3, 0xC9A3, 0xC9A3,
  0xC9A3, 0xC9A3, 0xC9A3, 0xC9A3, 0xC9A3, 0xC9A3, 0xC9A3, 0xC9A3, 0xC9A3, 0xC9A3, 0xC9A3, 0xC9A3,
  0xC9A3, 0xC9A3, 0xC9A3, 0xC9A3, 0xC9A3, 0x70E1, 0x70E1, 0xA9A3, 0xA9A3, 0xA9A3, 0xA9A3, 0xA9A3,
  0xA9A3, 0xA9A3, 0xA9A3, 0xA9A3, 0xA9A3, 0xA9A3, 0xA9A3, 0xA9A3, 0xA9A3, 0xA9A3, 0x6123, 0x6123,
  0x6123, 0x6123, 0x6123, 0xA9A3, 0xA9A3, 0xA9A3, 0xA9A3, 0xA9A3, 0xA9A3, 0xA9A3, 0xA9A3, 0xA9A3,
  0xA9A3, 0xA9A3, 0xA9A3, 0xA9A3, 0xA9A3, 0xA9A3, 0xA9A3, 0xA9A3, 0xA9A3, 0xA9A3, 0xA9A3, 0xA9A3,
  0xA9A3, 0xA9A3, 0xA9A3, 0xA9A3, 0xA9A3, 0xA9A3, 0xA9A3, 0xA9A3, 0xA9A3, 0xA9A3, 0xA9A3, 0xA9A3,
  0xA9A3, 0xA9A3, 0xA9A3, 0xA9A3, 0xA9A3, 0xA9A3, 0xA9A3, 0xA9A3, 0xA9A3, 0xA9A3, 0xA9A3, 0xA9A3,
  0xA9A3, 0xA9A3, 0xA9A3, 0xA9A3, 0xA9A3, 0xA9A3, 0xA9A3, 0xA9A3, 0xA9A3, 0xA9A3, 0xA9A3, 0xA9A3,
  0xA9A3, 0xA9A3, 0xA9A3, 0xA9A3, 0xA9A3, 0xA9A3, 0xA9A3, 0xA9A3, 0xA9A3, 0xA9A3, 0xA9A3, 0xA9A3,
  0xA9A3, 0xA9A3, 0xA9A3, 0xA9A3, 0xA9A3, 0xA9A3, 0xA9A3, 0xA9A3, 0xEB8B, 0xEB8B, 0xEB8B, 0xEB8B,
  0xEB8B, 0xEB8B, 0xEB8B, 0xEB8B, 0xEB8B, 0xEB8B, 0xEB8B, 0xEB8B, 0xEB8B, 0xEB8B, 0xEB8B, 0xEB8B,
  0xEB8B, 0xEB8B, 0xEB8B, 0xEB8B, 0xEB8B, 0xEB8B, 0xC9A3, 0xC9A3, 0xC9A3, 0xC9A3, 0xC9A3, 0xC9A3,
  0xC9A3, 0xC9A3, 0xC9A3, 0xC9A3, 0xC9A3, 0xC9A3, 0xC9A3, 0xC9A3, 0xC9A3, 0xC9A3, 0xC9A3, 0xC9A3,
  0xC9A3, 0xC9A3, 0xC9A3, 0xC9A3, 0xC9A3, 0xC9A3, 0xC9A3, 0xC9A3, 0xC9A3, 0xC9A3, 0xC9A3, 0xC9A3,
  0xC9A3, 0xC9A3, 0xC9A3, 0xC9A3, 0xC9A3, 0xC9A3, 0xC9A3, 0xC9A3, 0xC9A3, 0xC9A3, 0xC9A3, 0xC9A3,
  0xC9A3, 0xC9A3, 0xC9A3, 0xC9A3, 0xC9A3, 0xC9A3, 0xC9A3, 0xC9A3, 0xC9A3, 0xC9A3, 0xC9A3, 0xC9A3,
  0xC9A3, 0xC9A3, 0xC9A3, 0xC9A3, 0xC9A3, 0xC9A3, 0xC9A3, 0xC9A3, 0xC9A3, 0xC9A3, 0xC9A3, 0xC9A3,
  0xC9A3, 0xC9A3, 0xC9A3, 0xC9A3, 0xC9A3, 0xC9A3, 0xC9A3, 0xC9A3, 0xC9A3, 0xC9A3, 0xC9A3, 0xC9A3,
  0xC9A3, 0xC9A3, 0xC9A3, 0xC9A3, 0xC9A3, 0xC9A3, 0xC9A3, 0xC9A3, 0xC9A3, 0xC9A3, 0xC9A3, 0xC9A3,
  0xC9A3, 0xC9A3, 0xC9A3, 0xC9A3, 0xC9A3, 0xC9A3, 0xC9A3, 0xC9A3, 0xC9A3, 0xC9A3, 0xC9A3, 0xC9A3,
  0xC9A3, 0xC9A3, 0xC9A3, 0xC9A3, 0xC9A3, 0xC9A3, 0xC9A3, 0xC9A3, 0xC9A3, 0xC9A3, 0xC9A3, 0xC9A3,
  0xC9A3, 0xC9A3, 0xC9A3, 0xC9A3, 0xC9A3, 0xC9A3, 0xC9A3, 0xC9A3, 0xC9A3, 0xC9A3, 0xC9A3, 0xC9A3,
  0xC9A3, 0xC9A3, 0xC9A3, 0xC9A3, 0xC9A3, 0xC9A3, 0xC9A3, 0xC9A3, 0xC9A3, 0xC9A3, 0xC9A3, 0xC9A3,
  0xC9A3, 0xC9A3, 0xC9A3, 0xC9A3, 0xC9A3, 0xC9A3, 0xC9A3, 0xC9A3, 0xC9A3, 0xC9A3, 0xC9A3, 0xC9A3,
  0xC9A3, 0xC9A3, 0xC9A3, 0xC9A3, 0xC9A3, 0xC9A3, 0xC9A3, 0xC9A3, 0xC9A3, 0xC9A3, 0xC9A3, 0xC9A3,
  0xC9A3, 0xC9A3, 0x70E1, 0xA9A3, 0xA9A3, 0xA9A3, 0xA9A3, 0xA9A3, 0xA9A3, 0xE4E1, 0xA9A3, 0xA9A3,
  0xA9A3, 0xA9A3, 0xA9A3, 0xA9A3, 0xA9A3, 0xA9A3, 0x6123, 0x6123, 0x6123, 0xAA46, 0xAA46, 0xAA46,
  0x6123, 0x6123, 0x6123, 0xA9A3, 0xA9A3, 0xA9A3, 0xA9A3, 0xA9A3, 0xA9A3, 0xA9A3, 0xA9A3, 0xA9A3,
  0xA9A3, 0xA9A3, 0xA9A3, 0xA9A3, 0xA9A3, 0xA9A3, 0xA9A3, 0xA9A3, 0xA9A3, 0xA9A3, 0xA9A3, 0xA9A3,
  0xA9A3, 0xA9A3, 0xA9A3, 0xA9A3, 0xA9A3, 0xA9A3, 0xA9A3, 0xA9A3, 0xA9A3, 0xA9A3, 0xA9A3, 0xA9A3,
  0xA9A3, 0xA9A3, 0xA9A3, 0xA9A3, 0xA9A3, 0xA9A3, 0xA9A3, 0xA9A3, 0xA9A3, 0xA9A3, 0xA9A3, 0xA9A3,
  0xA9A3, 0xA9A3, 0xA9A3, 0xA9A3, 0xA9A3, 0xA9A3, 0xA9A3, 0xA9A3, 0xA9A3, 0xA9A3, 0xA9A3, 0xA9A3,
  0xA9A3, 0xA9A3, 0xA9A3, 0xA9A3, 0xA9A3, 0xA9A3, 0xA9A3, 0xA9A3, 0xA9A3, 0xA9A3, 0xA9A3, 0xA9A3,
  0xA9A3, 0xA9A3, 0xA9A3, 0xA9A3, 0xA9A3, 0xA9A3, 0xEB8B, 0xEB8B, 0xEB8B, 0xEB8B, 0xEB8B, 0xEB8B,
  0xEB8B, 0xEB8B, 0xEB8B, 0xEB8B, 0xEB8B, 0xEB8B, 0xEB8B, 0xEB8B, 0xEB8B, 0xEB8B, 0xEB8B, 0xEB8B,
  0xEB8B, 0xEB8B, 0xC9A3, 0xC9A3, 0xC9A3, 0xC9A3, 0xC9A3, 0xC9A3, 0xC9A3, 0xC9A3, 0xC9A3, 0xC9A3,
  0xC9A3, 0xC9A3, 0xC9A3, 0xC9A3, 0xC9A3, 0xC9A3, 0xC9A3, 0xC9A3, 0xC9A3, 0xC9A3, 0xC9A3, 0xC9A3,
  0xC9A3, 0xC9A3, 0xC9A3, 0xC9A3, 0xC9A3, 0xC9A3, 0xC9A3, 0xC9A3, 0xC9A3, 0xC9A3, 0xC9A3, 0xC9A3,
  0xC9A3, 0xC9A3, 0xC9A3, 0xC9A3, 0xC9A3, 0xC9A3, 0xC9A3, 0xC9A3, 0xC9A3, 0xC9A3, 0xC9A3, 0xC9A3,
  0xC9A3, 0xC9A3, 0xC9A3, 0xC9A3, 0xC9A3, 0xC9A3, 0xC9A3, 0xC9A3, 0xC9A3, 0xC9A3, 0xC9A3, 0xC9A3,
  0xC9A3, 0xC9A3, 0xC9A3, 0xC9A3, 0xC9A3, 0xC9A3, 0xC9A3, 0xC9A3, 0xC9A3, 0xC9A3, 0xC9A3, 0xC9A3,
  0xC9A3, 0xC9A3, 0xC9A3, 0xC9A3, 0xC9A3, 0xC9A3, 0xC9A3, 0xC9A3, 0xC9A3, 0xC9A3, 0xC9A3, 0xC9A3,
  0xC9A3, 0xC9A3, 0xC9A3, 0xC9A3, 0xC9A3, 0xC9A3, 0xC9A3, 0xC9A3, 0xC9A3, 0xC9A3, 0xC9A3, 0xC9A3,
  0xC9A3, 0xC9A3, 0xC9A3, 0xC9A3, 0xC9A3, 0xC9A3, 0xC9A3, 0xC9A3, 0xC9A3, 0xC9A3, 0xC9A3, 0xC9A3,
  0xC9A3, 0xC9A3, 0xC9A3, 0xC9A3, 0xC9A3, 0xC9A3, 0xC9A3, 0xC9A3, 0xC9A3, 0xC9A3, 0xC9A3, 0xC9A3,
  0xC9A3, 0xC9A3, 0xC9A3, 0xC9A3, 0xC9A3, 0xC9A3, 0xC9A3, 0xC9A3, 0xC9A3, 0xC9A3, 0xC9A3, 0xC9A3,
  0xC9A3, 0xC9A3, 0xC9A3, 0xC9A3, 0xC9A3, 0xC9A3, 0xC9A3, 0xC9A3, 0xC9A3, 0xC9A3, 0xC9A3, 0xC9A3,
  0xC9A3, 0xC9A3, 0xC9A3, 0xC9A3, 0xC9A3, 0xC9A3, 0xC9A3, 0xC9A3, 0xC9A3, 0xC9A3, 0xC9A3, 0xC9A3,
  0xC9A3, 0xC9A3, 0xC9A3, 0xC9A3, 0xC9A3, 0xC9A3, 0xC9A3, 0xC9A3, 0xC9A3, 0xC9A3, 0xC9A3, 0x70E1,
  0xA9A3, 0xA9A3, 0xA9A3, 0xA9A3, 0xA9A3, 0xA9A3, 0xA9A3, 0xE521, 0xA9A3, 0xA9A3, 0xA9A3, 0xA9A3,
  0xA9A3, 0xE521, 0x6123, 0x6123, 0x6123, 0xAA46, 0xAA46, 0xAA46, 0xAA46, 0xAA46, 0xAA46, 0xAA46,
  0x6123, 0x6123, 0x6123, 0x6123, 0x6123, 0x6123, 0x6123, 0x6123, 0x6123, 0x6123, 0x6123, 0xA9A3,
  0xA9A3, 0xA9A3, 0xA9A3, 0xA9A3, 0xA9A3, 0xA9A3, 0xA9A3, 0xA9A3, 0xA9A3, 0xA9A3, 0xA9A3, 0xA9A3,
  0xA9A3, 0xA9A3, 0xA9A3, 0xA9A3, 0xA9A3, 0xA9A3, 0xA9A3, 0xA9A3, 0xA9A3, 0xA9A3, 0xA9A3, 0xA9A3,
  0xA9A3, 0xA9A3, 0xA9A3, 0xA9A3, 0xA9A3, 0xA9A3, 0xA9A3, 0xA9A3, 0xA9A3, 0xA9A3, 0xA9A3, 0xA9A3,
  0xA9A3, 0xA9A3, 0xA9A3, 0xA9A3, 0xA9A3, 0xA9A3, 0xA9A3, 0xA9A3, 0xA9A3, 0xA9A3, 0xA9A3, 0xA9A3,
  0xA9A3, 0xA9A3, 0xA9A3, 0xA9A3, 0xA9A3, 0xA9A3, 0xA9A3, 0xA9A3, 0xA9A3, 0xA9A3, 0xA9A3, 0xA9A3,
  0xA9A3, 0xA9A3, 0xA9A3, 0xA9A3, 0xEB8B, 0xEB8B, 0xEB8B, 0xEB8B, 0xEB8B, 0xEB8B, 0xEB8B, 0xEB8B,
  0xEB8B, 0xEB8B, 0xEB8B, 0xEB8B, 0xEB8B, 0xEB8B, 0xEB8B, 0xEB8B, 0xEB8B, 0xC9A3, 0xC9A3, 0xC9A3,
  0xC9A3, 0xC9A3, 0xC9A3, 0xC9A3, 0xC9A3, 0xC9A3, 0xC9A3, 0xC9A3, 0xC9A3, 0xC9A3, 0xC9A3, 0xC9A3,
  0xC9A3, 0xC9A3, 0xC9A3, 0xC9A3, 0xC9A3, 0xC9A3, 0xC9A3, 0xC9A3, 0xC9A3, 0xC9A3, 0xC9A3, 0xC9A3,
  0xC9A3, 0xC9A3, 0xC9A3, 0xC9A3, 0xC9A3, 0xC9A3, 0xC9A3, 0xC9A3, 0xC9A3, 0xC9A3, 0xC9A3, 0xC9A3,
  0xC9A3, 0xC9A3, 0xC9A3, 0xC9A3, 0xC9A3, 0xC9A3, 0xC9A3, 0xC9A3, 0xC9A3, 0xC9A3, 0xC9A3, 0xC9A3,
  0xC9A3, 0xC9A3, 0xC9A3, 0xC9A3, 0xC9A3, 0xC9A3, 0xC9A3, 0xC9A3, 0xC9A3, 0xC9A3, 0xC9A3, 0xC9A3,
  0xC9A3, 0xC9A3, 0xC9A3, 0xC9A3, 0xC9A3, 0xC9A3, 0xC9A3, 0xC9A3, 0xC9A3, 0xC9A3, 0xC9A3, 0xC9A3,
  0xC9A3, 0xC9A3, 0xC9A3, 0xC9A3, 0xC9A3, 0xC9A3, 0xC9A3, 0xC9A3, 0xC9A3, 0xC9A3, 0xC9A3, 0xC9A3,
  0xC9A3, 0xC9A3, 0xC9A3, 0xC9A3, 0xC9A3, 0xC9A3, 0xC9A3, 0xC9A3, 0xC9A3, 0xC9A3, 0xC9A3, 0xC9A3,
  0xC9A3, 0xC9A3, 0xC9A3, 0xC9A3, 0xC9A3, 0xC9A3, 0xC9A3, 0xC9A3, 0xC9A3, 0xC9A3, 0xC9A3, 0xC9A3,
  0xC9A3, 0xC9A3, 0xC9A3, 0xC9A3, 0xC9A3, 0xC9A3, 0xC9A3, 0xC9A3, 0xC9A3, 0xC9A3, 0xC9A3, 0xC9A3,
  0xC9A3, 0xC9A3, 0xC9A3, 0xC9A3, 0xC9A3, 0xC9A3, 0xC9A3, 0xC9A3, 0xC9A3, 0xC9A3, 0xC9A3, 0xC9A3,
  0xC9A3, 0xC9A3, 0xC9A3, 0xC9A3, 0xC9A3, 0xC9A3, 0xC9A3, 0xC9A3, 0xC9A3, 0xC9A3, 0xC9A3, 0xC9A3,
  0xC9A3, 0xC9A3, 0xC9A3, 0xC9A3, 0xC9A3, 0xC9A3, 0xC9A3, 0xC9A3, 0xC9A3, 0xC9A3, 0xC9A3, 0xC9A3,
  0xC9A3, 0xC9A3, 0xC9A3, 0xC9A3, 0xC9A3, 0xC9A3, 0xC9A3, 0x70E1, 0x70E1, 0xA9A3, 0xA9A3, 0xA9A3,
  0xA9A3, 0xA9A3, 0xA9A3, 0xA9A3, 0xA9A3, 0xE521, 0xA9A3, 0xE521, 0xE521, 0xE521, 0xA9A3, 0xE521,
  0x6123, 0xAA46, 0xAA46, 0xAA46, 0xAA46, 0x93AE, 0x93AE, 0x20C3, 0x8963, 0x8963, 0x8963, 0x8963,
  0x8963, 0x8963, 0x8963, 0x8963, 0x8963, 0x8963, 0x8963, 0x8963, 0x6123, 0x6123, 0x6123, 0x6123,
  0x6123, 0x6123, 0x6123, 0x6123, 0x6123, 0xA9A3, 0xA9A3, 0xA9A3, 0xA9A3, 0xA9A3, 0xA9A3, 0xA9A3,
  0xA9A3, 0xA9A3, 0xA9A3, 0xA9A3, 0xA9A3, 0xA9A3, 0xA9A3, 0xA9A3, 0xA9A3, 0xA9A3, 0xA9A3, 0xA9A3,
  0xA9A3, 0xA9A3, 0xA9A3, 0xA9A3, 0xA9A3, 0xA9A3, 0xA9A3, 0xA9A3, 0xA9A3, 0xA9A3, 0xA9A3, 0xA9A3,
  0xA9A3, 0xA9A3, 0xA9A3, 0xA9A3, 0xA9A3, 0xA9A3, 0xA9A3, 0xA9A3, 0xA9A3, 0xA9A3, 0xA9A3, 0xA9A3,
  0xA9A3, 0xA9A3, 0xA9A3, 0xA9A3, 0xA9A3, 0xA9A3, 0xA9A3, 0xA9A3, 0xA9A3, 0xA9A3, 0xA9A3, 0xA9A3,
  0xA9A3, 0xA9A3, 0xEB8B, 0xEB8B, 0xEB8B, 0xEB8B, 0xEB8B, 0xEB8B, 0xEB8B, 0xEB8B, 0xEB8B, 0xEB8B,
  0xEB8B, 0xEB8B, 0xEB8B, 0xC9A3, 0xC9A3, 0xC9A3, 0xC9A3, 0xC9A3, 0xC9A3, 0xC9A3, 0xC9A3, 0xC9A3,
  0xC9A3, 0xC9A3, 0xC9A3, 0xC9A3, 0xC9A3, 0xC9A3, 0xC9A3, 0xC9A3, 0xC9A3, 0xC9A3, 0xC9A3, 0xC9A3,
  0xC9A3, 0xC9A3, 0xC9A3, 0xC9A3, 0xC9A3, 0xC9A3, 0xC9A3, 0xC9A3, 0xC9A3, 0xC9A3, 0xC9A3, 0xC9A3,
  0xC9A3, 0xC9A3, 0xC9A3, 0xC9A3, 0xC9A3, 0xC9A3, 0xC9A3, 0xC9A3, 0xC9A3, 0xC9A3, 0xC9A3, 0xC9A3,
  0xC9A3, 0xC9A3, 0xC9A3, 0xC9A3, 0xC9A3, 0xC9A3, 0xC9A3, 0xC9A3, 0xC9A3, 0xC9A3, 0xC9A3, 0xC9A3,
  0xC9A3, 0xC9A3, 0xC9A3, 0xC9A3, 0xC9A3, 0xC9A3, 0xC9A3, 0xC9A3, 0xC9A3, 0xC9A3, 0xC9A3, 0xC9A3,
  0xC9A3, 0xC9A3, 0xC9A3, 0xC9A3, 0xC9A3, 0xC9A3, 0xC9A3, 0xC9A3, 0xC9A3, 0xC9A3, 0xC9A3, 0xC9A3,
  0xC9A3, 0xC9A3, 0xC9A3, 0xC9A3, 0xC9A3, 0xC9A3, 0xC9A3, 0xC9A3, 0xC9A3, 0xC9A3, 0xC9A3, 0xC9A3,
  0xC9A3, 0xC9A3, 0xC9A3, 0xC9A3, 0xC9A3, 0xC9A3, 0xC9A3, 0xC9A3, 0xC9A3, 0xC9A3, 0xC9A3, 0xC9A3,
  0xC9A3, 0xC9A3, 0xC9A3, 0xC9A3, 0xC9A3, 0xC9A3, 0xC9A3, 0xC9A3, 0xC9A3, 0xC9A3, 0xC9A3, 0xC9A3,
  0xC9A3, 0xC9A3, 0xC9A3, 0xC9A3, 0xC9A3, 0xC9A3, 0xC9A3, 0xC9A3, 0xC9A3, 0xC9A3, 0xC9A3, 0xC9A3,
  0xC9A3, 0xC9A3, 0xC9A3, 0xC9A3, 0xC9A3, 0xC9A3, 0xC9A3, 0xC9A3, 0xC9A3, 0xC9A3, 0xC9A3, 0xC9A3,
  0xC9A3, 0xC9A3, 0xC9A3, 0xC9A3, 0xC9A3, 0xC9A3, 0xC9A3, 0xC9A3, 0xC9A3, 0xC9A3, 0xC9A3, 0xC9A3,
  0xC9A3, 0xC9A3, 0xC9A3, 0xC9A3, 0xC9A3, 0xC9A3, 0xC9A3, 0xC9A3, 0xC9A3, 0xC9A3, 0xC9A3, 0xC9A3,
  0xC9A3, 0xC9A3, 0x70E1, 0x70E1, 0x70E1, 0xA9A3, 0xA9A3, 0xA9A3, 0xA9A3, 0xA9A3, 0xA9A3, 0xA9A3,
  0xA9A3, 0xA9A3, 0xA9A3, 0xA9A3, 0xA9A3, 0x3985, 0xE521, 0x3985, 0xA9A3, 0xE521, 0x6123, 0xAA46,
  0xAA46, 0xAA46, 0xAA46, 0x93AE, 0x20C3, 0x20C3, 0x8963, 0x8963, 0x8963, 0x8963, 0x8963, 0x8963,
  0x8963, 0x8963, 0x8963, 0x8963, 0x8963, 0x8963, 0x8963, 0x8963, 0x8963, 0x8963, 0x8963, 0x8963,
  0x8963, 0x8963, 0x6123, 0x6123, 0x6123, 0xA9A3, 0xA9A3, 0xA9A3, 0xA9A3, 0xA9A3, 0xA9A3, 0xA9A3,
  0xA9A3, 0xA9A3, 0xA9A3, 0xA9A3, 0xA9A3, 0xA9A3, 0xA9A3, 0xA9A3, 0xA9A3, 0xA9A3, 0xA9A3, 0xA9A3,
  0xA9A3, 0xA9A3, 0xA9A3, 0xA9A3, 0xA9A3, 0xA9A3, 0xA9A3, 0xA9A3, 0xA9A3, 0xA9A3, 0xA9A3, 0xA9A3,
  0xA9A3, 0xA9A3, 0xA9A3, 0xA9A3, 0xA9A3, 0xA9A3, 0xA9A3, 0xA9A3, 0xA9A3, 0xA9A3, 0xA9A3, 0xA9A3,
  0xA9A3, 0xA9A3, 0xA9A3, 0xA9A3, 0xA9A3, 0xA9A3, 0xA9A3, 0xA9A3, 0xA9A3, 0xA9A3, 0xA9A3, 0xA9A3,
  0xEB8B, 0xEB8B, 0xEB8B, 0xEB8B, 0xEB8B, 0xC9A3, 0xC9A3, 0xC9A3, 0xC9A3, 0xC9A3, 0xC9A3, 0xC9A3,
  0xC9A3, 0xC9A3, 0xC9A3, 0xC9A3, 0xC9A3, 0xC9A3, 0xC9A3, 0xC9A3, 0xC9A3, 0xC9A3, 0xC9A3, 0xC9A3,
  0xC9A3, 0xC9A3, 0xC9A3, 0xC9A3, 0xC9A3, 0xC9A3, 0xC9A3, 0xC9A3, 0xC9A3, 0xC9A3, 0xC9A3, 0xC9A3,
  0xC9A3, 0xC9A3, 0xC9A3, 0xC9A3, 0xC9A3, 0xC9A3, 0xC9A3, 0xC9A3, 0xC9A3, 0xC9A3, 0xC9A3, 0xC9A3,
  0xC9A3, 0xC9A3, 0xC9A3, 0xC9A3, 0xC9A3, 0xC9A3, 0xC9A3, 0xC9A3, 0xC9A3, 0xC9A3, 0xC9A3, 0xC9A3,
  0xC9A3, 0xC9A3, 0xC9A3, 0xC9A3, 0xC9A3, 0xC9A3, 0xC9A3, 0xC9A3, 0xC9A3, 0xC9A3, 0xC9A3, 0x70E1,
  0x70E1, 0x70E1, 0x70E1, 0x70E1, 0x70E1, 0x70E1, 0x70E1, 0x70E1, 0x70E1, 0x70E1, 0xC9A3, 0xC9A3,
  0xC9A3, 0xC9A3, 0xC9A3, 0xC9A3, 0xC9A3, 0xC9A3, 0xC9A3, 0xC9A3, 0xC9A3, 0xC9A3, 0xC9A3, 0xC9A3,
  0xC9A3, 0xC9A3, 0xC9A3, 0xC9A3, 0xC9A3, 0xC9A3, 0xC9A3, 0xC9A3, 0xC9A3, 0xC9A3, 0xC9A3, 0xC9A3,
  0xC9A3, 0xC9A3, 0xC9A3, 0xC9A3, 0x70E1, 0x70E1, 0x70E1, 0x70E1, 0x70E1, 0x70E1, 0x70E1, 0x70E1,
  0x70E1, 0x70E1, 0x70E1, 0x70E1, 0x70E1, 0x70E1, 0x70E1, 0x70E1, 0xC9A3, 0xC9A3, 0xC9A3, 0xC9A3,
  0xC9A3, 0xC9A3, 0xC9A3, 0xC9A3, 0xC9A3, 0xC9A3, 0xC9A3, 0xC9A3, 0xC9A3, 0xC9A3, 0xC9A3, 0xC9A3,
  0xC9A3, 0xC9A3, 0xC9A3, 0xC9A3, 0xC9A3, 0xC9A3, 0xC9A3, 0xC9A3, 0xC9A3, 0xC9A3, 0xC9A3, 0xC9A3,
  0xC9A3, 0xC9A3, 0xC9A3, 0xC9A3, 0xC9A3, 0xC9A3, 0xC9A3, 0xC9A3, 0xC9A3, 0xC9A3, 0xC9A3, 0x70E1,
  0x70E1, 0x70E1, 0x70E1, 0x70E1, 0x70E1, 0x70E1, 0x70E1, 0x70E1, 0x70E1, 0x70E1, 0x70E1, 0x70E1,
  0x70E1, 0xA9A3, 0xA9A3, 0xA9A3, 0xA9A3, 0xA9A3, 0xA9A3, 0xA9A3, 0xA9A3, 0xA9A3, 0xA9A3, 0xA9A3,
  0xE521, 0xA9A3, 0xA9A3, 0xE321, 0xE321, 0xE321, 0xA9A3, 0xA9A3, 0x6123, 0x6123, 0xAA46, 0xAA46,
  0xAA46, 0x20C3, 0x20C3, 0x20C3, 0x8963, 0x8963, 0x8963, 0x8963, 0x8963, 0x8963, 0x8963, 0x8963,
  0x8963, 0x8963, 0x8963, 0x8963, 0x8963, 0x8963, 0x8963, 0x8963, 0x8963, 0x8963, 0x8963, 0x8963,
  0x8963, 0x8963, 0x6123, 0x6123, 0x6123, 0x6123, 0x6123, 0x6123, 0x6123, 0x6123, 0xA9A3, 0xA9A3,
  0xA9A3, 0xA9A3, 0xA9A3, 0xA9A3, 0xA9A3, 0xA9A3, 0xA9A3, 0xA9A3, 0xA9A3, 0xA9A3, 0xA9A3, 0xA9A3,
  0xA9A3, 0xA9A3, 0xA9A3, 0xA9A3, 0xA9A3, 0xA9A3, 0xA9A3, 0xA9A3, 0xA9A3, 0xA9A3, 0xA9A3, 0xA9A3,
  0xA9A3, 0xA9A3, 0xA9A3, 0xA9A3, 0xA9A3, 0xA9A3, 0xA9A3, 0xA9A3, 0xA9A3, 0xA9A3, 0xA9A3, 0xA9A3,
  0xA9A3, 0xA9A3, 0xA9A3, 0xA9A3, 0xA9A3, 0xA9A3, 0xA9A3, 0xA9A3, 0xA9A3, 0xA9A3, 0xEB8B, 0xEB8B,
  0xEB8B, 0xEB8B, 0xC9A3, 0xC9A3, 0xC9A3, 0xC9A3, 0xC9A3, 0xC9A3, 0xC9A3, 0xC9A3, 0xC9A3, 0xC9A3,
  0xC9A3, 0xC9A3, 0xC9A3, 0xC9A3, 0xC9A3, 0xC9A3, 0xC9A3, 0xC9A3, 0xC9A3, 0xC9A3, 0xC9A3, 0xC9A3,
  0xC9A3, 0xC9A3, 0xC9A3, 0xC9A3, 0xC9A3, 0xC9A3, 0xC9A3, 0xC9A3, 0xC9A3, 0xC9A3, 0xC9A3, 0xC9A3,
  0xC9A3, 0xC9A3, 0xC9A3, 0xC9A3, 0xC9A3, 0xC9A3, 0xC9A3, 0xC9A3, 0xC9A3, 0xC9A3, 0xC9A3, 0xC9A3,
  0xC9A3, 0xC9A3, 0xC9A3, 0xC9A3, 0xC9A3, 0xC9A3, 0xC9A3, 0xC9A3, 0xC9A3, 0xC9A3, 0xC9A3, 0x70E1,
  0x70E1, 0x70E1, 0x70E1, 0x70E1, 0x70E1, 0x70E1, 0x70E1, 0x70E1, 0x70E1, 0xA9A3, 0xA9A3, 0xA9A3,
  0xA9A3, 0xA9A3, 0xA9A3, 0xA9A3, 0xA9A3, 0xA9A3, 0xA9A3, 0x70E1, 0x70E1, 0x70E1, 0xC9A3, 0xC9A3,
  0xC9A3, 0xC9A3, 0xC9A3, 0xC9A3, 0xC9A3, 0xC9A3, 0xC9A3, 0xC9A3, 0xC9A3, 0xC9A3, 0xC9A3, 0xC9A3,
  0xC9A3, 0xC9A3, 0xC9A3, 0xC9A3, 0xC9A3, 0xC9A3, 0xC9A3, 0xC9A3, 0xC9A3, 0xC9A3, 0x70E1, 0x70E1,
  0x70E1, 0x70E1, 0x70E1, 0xA9A3, 0xA9A3, 0xA9A3, 0xA9A3, 0xA9A3, 0xA9A3, 0xA9A3, 0xA9A3, 0xA9A3,
  0xA9A3, 0xA9A3, 0xA9A3, 0xA9A3, 0xA9A3, 0x70E1, 0x70E1, 0x70E1, 0x70E1, 0x70E1, 0xC9A3, 0xC9A3,
  0xC9A3, 0xC9A3, 0xC9A3, 0xC9A3, 0xC9A3, 0xC9A3, 0xC9A3, 0xC9A3, 0xC9A3, 0xC9A3, 0xC9A3, 0xC9A3,
  0xC9A3, 0xC9A3, 0xC9A3, 0xC9A3, 0xC9A3, 0xC9A3, 0xC9A3, 0xC9A3, 0xC9A3, 0xC9A3, 0xC9A3, 0xC9A3,
  0xC9A3, 0xC9A3, 0xC9A3, 0xC9A3, 0xC9A3, 0x70E1, 0x70E1, 0x70E1, 0x70E1, 0x70E1, 0xA9A3, 0xA9A3,
  0xA9A3, 0xA9A3, 0xA9A3, 0xA9A3, 0xA9A3, 0xA9A3, 0xA9A3, 0xA9A3, 0xA9A3, 0xA9A3, 0xA9A3, 0xA9A3,
  0xA9A3, 0xA9A3, 0xA9A3, 0xA9A3, 0xA9A3, 0xA9A3, 0xA9A3, 0xA9A3, 0xA9A3, 0xA9A3, 0xE4E1, 0xA9A3,
  0xA9A3, 0xE381, 0xE381, 0xE381, 0xE521, 0xA9A3, 0x6123, 0x6123, 0x6123, 0x6123, 0xAA46, 0x8963,
  0x8963, 0x8963, 0x8963, 0x8963, 0x8963, 0x8963, 0x8963, 0x8963, 0x8963, 0x8963, 0x8963, 0x8963,
  0x8963, 0x8963, 0x8963, 0x8963, 0x8963, 0x8963, 0x8963, 0x8963, 0x8963, 0x8963, 0x8963, 0x8963,
  0x8963, 0x8963, 0x8963, 0x8963, 0x8963, 0x8963, 0x8963, 0x6123, 0x6123, 0x6123, 0x6123, 0x6123,
  0x6123, 0x6123, 0xA9A3, 0xA9A3, 0xA9A3, 0xA9A3, 0xA9A3, 0xA9A3, 0xA9A3, 0xA9A3, 0xA9A3, 0xA9A3,
  0xA9A3, 0xA9A3, 0xA9A3, 0xA9A3, 0xA9A3, 0xA9A3, 0xA9A3, 0xA9A3, 0xA9A3, 0xA9A3, 0xA9A3, 0xA9A3,
  0xA9A3, 0xA9A3, 0xA9A3, 0xA9A3, 0xA9A3, 0xA9A3, 0xA9A3, 0xA9A3, 0xA9A3, 0xA9A3, 0xA9A3, 0xA9A3,
  0xA9A3, 0xA9A3, 0xA9A3, 0xA9A3, 0xA9A3, 0xA9A3, 0xA9A3, 0xA9A3, 0xEB8B, 0xEB8B, 0xEB8B, 0xEB8B,
  0xC9A3, 0xC9A3, 0xC9A3, 0xC9A3, 0xC9A3, 0xC9A3, 0xC9A3, 0xC9A3, 0xC9A3, 0xC9A3, 0xC9A3, 0xC9A3,
  0xC9A3, 0xC9A3, 0xC9A3, 0xC9A3, 0xC9A3, 0xC9A3, 0xC9A3, 0xC9A3, 0xC9A3, 0xC9A3, 0xC9A3, 0xC9A3,
  0xC9A3, 0xC9A3, 0xC9A3, 0xC9A3, 0xC9A3, 0xC9A3, 0xC9A3, 0xC9A3, 0xC9A3, 0xC9A3, 0xC9A3, 0xC9A3,
  0xC9A3, 0xC9A3, 0xC9A3, 0xC9A3, 0xC9A3, 0xC9A3, 0xC9A3, 0xC9A3, 0xC9A3, 0xC9A3, 0xC9A3, 0xC9A3,
  0xC9A3, 0xC9A3, 0x70E1, 0x70E1, 0x70E1, 0x70E1, 0x70E1, 0x70E1, 0x70E1, 0x70E1, 0xA9A3, 0xA9A3,
  0xA9A3, 0xA9A3, 0xA9A3, 0xA9A3, 0xA9A3, 0xA9A3, 0xA9A3, 0xA9A3, 0xA9A3, 0xA9A3, 0xA9A3, 0xA9A3,
  0xA9A3, 0xA9A3, 0xA9A3, 0xA9A3, 0xA9A3, 0xA9A3, 0xA9A3, 0xA9A3, 0x70E1, 0x70E1, 0x70E1, 0x70E1,
  0x70E1, 0xC9A3, 0xC9A3, 0xC9A3, 0xC9A3, 0xC9A3, 0xC9A3, 0xC9A3, 0xC9A3, 0xC9A3, 0xC9A3, 0xC9A3,
  0xC9A3, 0x70E1, 0x70E1, 0x70E1, 0x70E1, 0x70E1, 0x70E1, 0x70E1, 0x70E1, 0xA9A3, 0xA9A3, 0xA9A3,
  0xA9A3, 0xA9A3, 0xA9A3, 0xA9A3, 0xA9A3, 0xA9A3, 0xA9A3, 0xA9A3, 0xA9A3, 0xA9A3, 0xA9A3, 0xA9A3,
  0xA9A3, 0xA9A3, 0xA9A3, 0xA9A3, 0xA9A3, 0xA9A3, 0xA9A3, 0x70E1, 0x70E1, 0x70E1, 0xC9A3, 0xC9A3,
  0xC9A3, 0xC9A3, 0xC9A3, 0xC9A3, 0xC9A3, 0xC9A3, 0xC9A3, 0xC9A3, 0xC9A3, 0xC9A3, 0xC9A3, 0xC9A3,
  0xC9A3, 0xC9A3, 0xC9A3, 0xC9A3, 0xC9A3, 0xC9A3, 0xC9A3, 0xC9A3, 0xC9A3, 0xC9A3, 0xC9A3, 0xC9A3,
  0xC9A3, 0x70E1, 0x70E1, 0xA9A3, 0xA9A3, 0xA9A3, 0xA9A3, 0xA9A3, 0xA9A3, 0xA9A3, 0xA9A3, 0xA9A3,
  0xA9A3, 0xA9A3, 0xA9A3, 0xA9A3, 0xA9A3, 0xA9A3, 0xA9A3, 0xA9A3, 0xA9A3, 0xA9A3, 0xA9A3, 0xA9A3,
  0xA9A3, 0xA9A3, 0xA9A3, 0xA9A3, 0xA9A3, 0xA9A3, 0xA9A3, 0xA9A3, 0xE521, 0xA9A3, 0xE4E1, 0xE381,
  0xE381, 0xA9A3, 0xE521, 0xA9A3, 0xA9A3, 0x6123, 0xAA46, 0x6123, 0x6123, 0x6123, 0x6123, 0x6123,
  0x8963, 0x8963, 0x8963, 0x8963, 0x8963, 0x8963, 0x8963, 0x8963, 0x8963, 0x8963, 0x8963, 0x8963,
  0x8963, 0x8963, 0x8963, 0x8963, 0x8963, 0x8963, 0x8963, 0x8963, 0x8963, 0x8963, 0x8963, 0x8963,
  0x8963, 0x8963, 0x8963, 0x8963, 0x8963, 0x8963, 0x8963, 0x8963, 0x8963, 0x8963, 0x8963, 0x8963,
  0x6123, 0x6123, 0x6123, 0x6123, 0x6123, 0x6123, 0x6123, 0x6123, 0xA9A3, 0xA9A3, 0xA9A3, 0xA9A3,
  0xA9A3, 0xA9A3, 0xA9A3, 0xA9A3, 0xA9A3, 0xA9A3, 0xA9A3, 0xA9A3, 0xA9A3, 0xA9A3, 0xA9A3, 0xA9A3,
  0xA9A3, 0xA9A3, 0xA9A3, 0xA9A3, 0xA9A3, 0xA9A3, 0xA9A3, 0xA9A3, 0xA9A3, 0xA9A3, 0xA9A3, 0xA9A3,
  0xA9A3, 0xA9A3, 0xA9A3, 0xA9A3, 0xA9A3, 0xA9A3, 0xEB8B, 0xEB8B, 0xEB8B, 0xC9A3, 0xC9A3, 0xC9A3,
  0xC9A3, 0xC9A3, 0xC9A3, 0xC9A3, 0xC9A3, 0xC9A3, 0xC9A3, 0xC9A3, 0xC9A3, 0xC9A3, 0xC9A3, 0xC9A3,
  0xC9A3, 0xC9A3, 0xC9A3, 0xC9A3, 0xC9A3, 0xC9A3, 0xC9A3, 0xC9A3, 0xC9A3, 0xC9A3, 0x70E1, 0x70E1,
  0x70E1, 0x70E1, 0x70E1, 0x70E1, 0x70E1, 0x70E1, 0x70E1, 0x70E1, 0x70E1, 0x70E1, 0x70E1, 0x70E1,
  0x70E1, 0xC9A3, 0xC9A3, 0xC9A3, 0xC9A3, 0x70E1, 0x70E1, 0x70E1, 0x70E1, 0x70E1, 0x70E1, 0x70E1,
  0x70E1, 0xA9A3, 0xA9A3, 0xA9A3, 0xA9A3, 0xA9A3, 0xA9A3, 0xA9A3, 0xA9A3, 0xA9A3, 0xA9A3, 0xA9A3,
  0xA9A3, 0xA9A3, 0xA9A3, 0xA9A3, 0xA9A3, 0xA9A3, 0xA9A3, 0xA9A3, 0xA9A3, 0xA9A3, 0xA9A3, 0xA9A3,
  0xA9A3, 0xA9A3, 0xA9A3, 0xA9A3, 0xA9A3, 0xA9A3, 0xA9A3, 0xA9A3, 0xA9A3, 0xA9A3, 0x70E1, 0x70E1,
  0x70E1, 0x70E1, 0x70E1, 0x70E1, 0x70E1, 0x70E1, 0x70E1, 0x70E1, 0x70E1, 0x70E1, 0x70E1, 0x70E1,
  0xA9A3, 0xA9A3, 0xA9A3, 0xA9A3, 0xA9A3, 0xA9A3, 0xA9A3, 0xA9A3, 0xA9A3, 0xA9A3, 0xA9A3, 0xA9A3,
  0xA9A3, 0xA9A3, 0xA9A3, 0xA9A3, 0xA9A3, 0xA9A3, 0xA9A3, 0xA9A3, 0xA9A3, 0xA9A3, 0xA9A3, 0xA9A3,
  0xA9A3, 0xA9A3, 0xA9A3, 0xA9A3, 0xA9A3, 0xA9A3, 0xA9A3, 0x70E1, 0x70E1, 0x70E1, 0x70E1, 0xC9A3,
  0xC9A3, 0xC9A3, 0xC9A3, 0xC9A3, 0xC9A3, 0xC9A3, 0xC9A3, 0xC9A3, 0xC9A3, 0xC9A3, 0xC9A3, 0xC9A3,
  0xC9A3, 0xC9A3, 0xC9A3, 0xC9A3, 0xC9A3, 0xC9A3, 0xC9A3, 0xC9A3, 0xC9A3, 0x70E1, 0x70E1, 0xA9A3,
  0xA9A3, 0xA9A3, 0xA9A3, 0xA9A3, 0xA9A3, 0xA9A3, 0xA9A3, 0xA9A3, 0xA9A3, 0xA9A3, 0xA9A3, 0xA9A3,
  0xA9A3, 0xA9A3, 0xA9A3, 0xA9A3, 0xA9A3, 0xA9A3, 0xA9A3, 0xA9A3, 0xA9A3, 0xA9A3, 0xA9A3, 0xA9A3,
  0xA9A3, 0xA9A3, 0xA9A3, 0xA9A3, 0xA9A3, 0xA9A3, 0xA9A3, 0xA9A3, 0xE521, 0xA9A3, 0xE381, 0xA9A3,
  0xE4E1, 0xA9A3, 0xA9A3, 0x6123, 0x6123, 0x8963, 0x8963, 0x8963, 0x8963, 0x6123, 0x6123, 0x6123,
  0x8963, 0x8963, 0x8963, 0x8963, 0x8963, 0x8963, 0x8963, 0x8963, 0x8963, 0x8963, 0x8963, 0x8963,
  0x8963, 0x8963, 0x8963, 0x8963, 0x8963, 0x8963, 0x8963, 0x8963, 0x8963, 0x8963, 0x8963, 0x8963,
  0x8963, 0x8963, 0x8963, 0x8963, 0x8963, 0x8963, 0x8963, 0x8963, 0x8963, 0x8963, 0x8963, 0x8963,
  0x8963, 0x8963, 0x8963, 0x8963, 0x8963, 0x6123, 0x6123, 0x6123, 0x6123, 0x6123, 0x6123, 0x6123,
  0xA9A3, 0xA9A3, 0xA9A3, 0xA9A3, 0xA9A3, 0xA9A3, 0xA9A3, 0xA9A3, 0xA9A3, 0xA9A3, 0xA9A3, 0xA9A3,
  0xA9A3, 0xA9A3, 0xA9A3, 0xA9A3, 0xA9A3, 0xA9A3, 0xA9A3, 0xA9A3, 0xA9A3, 0xA9A3, 0xA9A3, 0xA9A3,
  0xA9A3, 0xA9A3, 0xA9A3, 0xA9A3, 0xEB8B, 0xEB8B, 0xC9A3, 0xC9A3, 0xC9A3, 0xC9A3, 0xC9A3, 0xC9A3,
  0xC9A3, 0xC9A3, 0x70E1, 0x70E1, 0x70E1, 0x70E1, 0x70E1, 0x70E1, 0x70E1, 0x70E1, 0x70E1, 0x70E1,
  0x70E1, 0x70E1, 0x70E1, 0x70E1, 0x70E1, 0x70E1, 0x70E1, 0x70E1, 0xA9A3, 0xA9A3, 0xA9A3, 0xA9A3,
  0xA9A3, 0xA9A3, 0xA9A3, 0xA9A3, 0xA9A3, 0xA9A3, 0xA9A3, 0xA9A3, 0xA9A3, 0xA9A3, 0x70E1, 0x70E1,
  0x70E1, 0x70E1, 0x70E1, 0xA9A3, 0xA9A3, 0xA9A3, 0xA9A3, 0xA9A3, 0xA9A3, 0xA9A3, 0xA9A3, 0xA9A3,
  0xA9A3, 0xA9A3, 0xA9A3, 0xA9A3, 0xA9A3, 0xA9A3, 0xA9A3, 0xA9A3, 0xA9A3, 0xA9A3, 0xA9A3, 0xA9A3,
  0xA9A3, 0xA9A3, 0xA9A3, 0xA9A3, 0xA9A3, 0xA9A3, 0xA9A3, 0xA9A3, 0xA9A3, 0xA9A3, 0xA9A3, 0xA9A3,
  0xA9A3, 0xA9A3, 0xA9A3, 0xA9A3, 0xA9A3, 0xA9A3, 0xA9A3, 0xA9A3, 0xA9A3, 0xA9A3, 0xA9A3, 0xA9A3,
  0xA9A3, 0xA9A3, 0xA9A3, 0xA9A3, 0xA9A3, 0xA9A3, 0xA9A3, 0xA9A3, 0xA9A3, 0xA9A3, 0xA9A3, 0xA9A3,
  0xA9A3, 0xA9A3, 0xA9A3, 0xA9A3, 0xA9A3, 0xA9A3, 0xA9A3, 0xA9A3, 0xA9A3, 0xA9A3, 0xA9A3, 0xA9A3,
  0xA9A3, 0xA9A3, 0xA9A3, 0xA9A3, 0xA9A3, 0xA9A3, 0xA9A3, 0xA9A3, 0xA9A3, 0xA9A3, 0xA9A3, 0xA9A3,
  0xA9A3, 0xA9A3, 0xA9A3, 0xA9A3, 0xA9A3, 0xA9A3, 0xA9A3, 0xA9A3, 0xA9A3, 0x70E1, 0x70E1, 0x70E1,
  0xC9A3, 0xC9A3, 0xC9A3, 0xC9A3, 0xC9A3, 0xC9A3, 0xC9A3, 0xC9A3, 0xC9A3, 0xC9A3, 0xC9A3, 0xC9A3,
  0xC9A3, 0xC9A3, 0xC9A3, 0xC9A3, 0xC9A3, 0xC9A3, 0x70E1, 0xA9A3, 0xA9A3, 0xA9A3, 0xA9A3, 0xA9A3,
  0xA9A3, 0xA9A3, 0xA9A3, 0xA9A3, 0xA9A3, 0xA9A3, 0xA9A3, 0xA9A3, 0xA9A3, 0xA9A3, 0xA9A3, 0xA9A3,
  0xA9A3, 0xA9A3, 0xA9A3, 0xA9A3, 0xA9A3, 0xA9A3, 0xA9A3, 0xA9A3, 0xA9A3, 0xA9A3, 0xA9A3, 0xA9A3,
  0xA9A3, 0xA9A3, 0xA9A3, 0xA9A3, 0xA9A3, 0xA9A3, 0xE521, 0xA9A3, 0xA9A3, 0xA9A3, 0xA9A3, 0xA9A3,
  0xA9A3, 0xA9A3, 0x6123, 0x6123, 0x6123, 0x8963, 0x8963, 0x8963, 0x8963, 0x6123, 0x6123, 0x6123,
  0x6123, 0x6123, 0x8963, 0x8963, 0x8963, 0x8963, 0x8963, 0x8963, 0x8963, 0x8963, 0x8963, 0x8963,
  0x8963, 0x8963, 0x8963, 0x8963, 0x8963, 0x8963, 0x8963, 0x8963, 0x8963, 0x8963, 0x8963, 0x8963,
  0x8963, 0x8963, 0x8963, 0x8963, 0x8963, 0x8963, 0x8963, 0x8963, 0x8963, 0x8963, 0x8963, 0x8963,
  0x8963, 0x8963, 0x8963, 0x8963, 0x8963, 0x8963, 0x8963, 0x8963, 0x8963, 0x6123, 0x6123, 0x6123,
  0x6123, 0x6123, 0x6123, 0x6123, 0x6123, 0x6123, 0x6123, 0x6123, 0x6123, 0x6123, 0x6123, 0x6123,
  0x6123, 0x6123, 0x6123, 0x6123, 0x6123, 0x6123, 0x6123, 0x6123, 0x6123, 0x6123, 0x6123, 0x6123,
  0x6123, 0xA9A3, 0xEB8B, 0xEB8B, 0xC9A3, 0xC9A3, 0xC9A3, 0xC9A3, 0xC9A3, 0xC9A3, 0x70E1, 0x70E1,
  0xC287, 0xC287, 0xC287, 0xC287, 0xC287, 0xC287, 0xC287, 0xC287, 0xC287, 0xC287, 0xC287, 0xC287,
  0xC287, 0xC287, 0xC287, 0xC287, 0xC287, 0xC287, 0xA9A3, 0xA9A3, 0xA9A3, 0xA9A3, 0xA9A3, 0xA9A3,
  0xA9A3, 0xA9A3, 0xA9A3, 0xA9A3, 0xA9A3, 0xA9A3, 0xA9A3, 0xA9A3, 0xA9A3, 0xA9A3, 0xA9A3, 0xA9A3,
  0xA9A3, 0xA9A3, 0xA9A3, 0xA9A3, 0xA9A3, 0xA9A3, 0xA9A3, 0xA9A3, 0xA9A3, 0xA9A3, 0xA9A3, 0xA9A3,
  0xA9A3, 0xA9A3, 0xA9A3, 0xA9A3, 0xA9A3, 0xA9A3, 0xA9A3, 0xA9A3, 0xA9A3, 0xA9A3, 0xA9A3, 0xA9A3,
  0xA9A3, 0xA9A3, 0xA9A3, 0xA9A3, 0xA9A3, 0xA9A3, 0xA9A3, 0xA9A3, 0xA9A3, 0xA9A3, 0xA9A3, 0xA9A3,
  0xA9A3, 0xA9A3, 0xA9A3, 0xA9A3, 0xA9A3, 0xA9A3, 0xA9A3, 0xA9A3, 0xA9A3, 0xA9A3, 0xA9A3, 0xA9A3,
  0xA9A3, 0xA9A3, 0xA9A3, 0xA9A3, 0xA9A3, 0xA9A3, 0xA9A3, 0xA9A3, 0xA9A3, 0xA9A3, 0xA9A3, 0xA9A3,
  0xA9A3, 0xA9A3, 0xA9A3, 0xA9A3, 0xA9A3, 0xA9A3, 0xA9A3, 0xA9A3, 0xA9A3, 0xA9A3, 0xA9A3, 0xA9A3,
  0xA9A3, 0xA9A3, 0xA9A3, 0xA9A3, 0xA9A3, 0xA9A3, 0xA9A3, 0xA9A3, 0xA9A3, 0xA9A3, 0xA9A3, 0xA9A3,
  0xA9A3, 0xA9A3, 0xA9A3, 0xA9A3, 0xA9A3, 0xA9A3, 0xA9A3, 0xA9A3, 0xA9A3, 0x70E1, 0x70E1, 0x70E1,
  0xC9A3, 0xC9A3, 0xC9A3, 0xC9A3, 0xC9A3, 0xC9A3, 0xC9A3, 0xC9A3, 0xC9A3, 0xC9A3, 0xC9A3, 0xC9A3,
  0xC9A3, 0xC9A3, 0xC9A3, 0x70E1, 0xA9A3, 0xA9A3, 0xA9A3, 0xA9A3, 0xA9A3, 0xA9A3, 0xA9A3, 0xA9A3,
  0xA9A3, 0xA9A3, 0xA9A3, 0xA9A3, 0xA9A3, 0xA9A3, 0xA9A3, 0xA9A3, 0xA9A3, 0xA9A3, 0xA9A3, 0xA9A3,
  0xA9A3, 0xA9A3, 0xA9A3, 0xA9A3, 0xA9A3, 0xA9A3, 0xA9A3, 0xA9A3, 0xA9A3, 0xA9A3, 0xA9A3, 0xA9A3,
  0xA9A3, 0xA9A3, 0xA9A3, 0xA9A3, 0xA9A3, 0xA9A3, 0xA9A3, 0xA9A3, 0xA9A3, 0xA9A3, 0xA9A3, 0xA9A3,
  0xA9A3, 0xA9A3, 0x6123, 0x6123, 0x6123, 0x6123, 0x8963, 0x8963, 0x8963, 0x8963, 0x8963, 0x8963,
  0x6123, 0x6123, 0x6123, 0x6123, 0x8963, 0x8963, 0x8963, 0x8963, 0x8963, 0x8963, 0x8963, 0x8963,
  0x8963, 0x8963, 0x8963, 0x8963, 0x8963, 0x8963, 0x8963, 0x8963, 0x8963, 0x8963, 0x8963, 0x8963,
  0x8963, 0x8963, 0x8963, 0x8963, 0x8963, 0x8963, 0x8963, 0x8963, 0x8963, 0x8963, 0x8963, 0x8963,
  0x8963, 0x8963, 0x8963, 0x8963, 0x8963, 0x8963, 0x8963, 0x8963, 0x8963, 0x8963, 0x8963, 0x8963,
  0x8963, 0x8963, 0x8963, 0x8963, 0x8963, 0x8963, 0x8963, 0x8963, 0x8963, 0x8963, 0x8963, 0x8963,
  0x8963, 0x8963, 0x8963, 0x8963, 0x8963, 0x8963, 0x8963, 0x8963, 0x8963, 0x8963, 0x6123, 0x6123,
  0xEB8B, 0xC9A3, 0xC9A3, 0xC9A3, 0xC9A3, 0xC9A3, 0x70E1, 0x70E1, 0xC287, 0xC287, 0xC287, 0xC287,
  0xC287, 0xC287, 0xC287, 0xC287, 0xC287, 0xC287, 0xC287, 0xC287, 0xC287, 0xC287, 0xC287, 0xC287,
  0xC287, 0xC287, 0xC287, 0xA9A3, 0xA9A3, 0xA9A3, 0xA9A3, 0xA9A3, 0xA9A3, 0xA9A3, 0xA9A3, 0xA9A3,
  0xA9A3, 0xA9A3, 0xA9A3, 0xA9A3, 0xA9A3, 0xA9A3, 0xA9A3, 0xA9A3, 0xA9A3, 0xA9A3, 0xA9A3, 0xA9A3,
  0xA9A3, 0xA9A3, 0xA9A3, 0xA9A3, 0xA9A3, 0xA9A3, 0xA9A3, 0xA9A3, 0xA9A3, 0xA9A3, 0xA9A3, 0xA9A3,
  0xA9A3, 0xA9A3, 0xA9A3, 0xA9A3, 0xA9A3, 0xA9A3, 0xA9A3, 0xA9A3, 0xA9A3, 0xA9A3, 0xA9A3, 0xA9A3,
  0xA9A3, 0xA9A3, 0xA9A3, 0xA9A3, 0xA9A3, 0xA9A3, 0xA9A3, 0xA9A3, 0xA9A3, 0xA9A3, 0xA9A3, 0xA9A3,
  0xA9A3, 0xA9A3, 0xA9A3, 0xA9A3, 0xA9A3, 0xA9A3, 0xA9A3, 0xA9A3, 0xA9A3, 0xA9A3, 0xA9A3, 0xA9A3,
  0xA9A3, 0xA9A3, 0xA9A3, 0xA9A3, 0xA9A3, 0xA9A3, 0xA9A3, 0xA9A3, 0xA9A3, 0xA9A3, 0xA9A3, 0xA9A3,
  0xA9A3, 0xA9A3, 0xA9A3, 0xA9A3, 0xA9A3, 0xA9A3, 0xA9A3, 0xA9A3, 0xA9A3, 0xA9A3, 0xA9A3, 0xA9A3,
  0xA9A3, 0xA9A3, 0xA9A3, 0xA9A3, 0xA9A3, 0xA9A3, 0xA9A3, 0xA9A3, 0xA9A3, 0xA9A3, 0xA9A3, 0xA9A3,
  0xA9A3, 0xA9A3, 0xA9A3, 0xA9A3, 0xA9A3, 0xA9A3, 0xA9A3, 0xA9A3, 0xA9A3, 0x70E1, 0x70E1, 0x70E1,
  0x70E1, 0x70E1, 0xC9A3, 0xC9A3, 0xC9A3, 0xC9A3, 0xC9A3, 0xC9A3, 0xC9A3, 0xC9A3, 0x70E1, 0x70E1,
  0x70E1, 0xA9A3, 0xA9A3, 0xA9A3, 0xA9A3, 0xA9A3, 0xA9A3, 0xA9A3, 0xA9A3, 0xA9A3, 0xA9A3, 0xA9A3,
  0xA9A3, 0xA9A3, 0xA9A3, 0xA9A3, 0xA9A3, 0xA9A3, 0xA9A3, 0xA9A3, 0xA9A3, 0xA9A3, 0xA9A3, 0xA9A3,
  0xA9A3, 0xA9A3, 0xA9A3, 0xA9A3, 0xA9A3, 0xA9A3, 0xA9A3, 0xA9A3, 0xA9A3, 0xA9A3, 0xA9A3, 0xA9A3,
  0xA9A3, 0xA9A3, 0xA9A3, 0xA9A3, 0xA9A3, 0xA9A3, 0xA9A3, 0xA9A3, 0xA9A3, 0xA9A3, 0xA9A3, 0xA9A3,
  0xA9A3, 0xA9A3, 0xA9A3, 0x6123, 0x6123, 0x6123, 0x6123, 0x6123, 0x6123, 0x8963, 0x8963, 0x8963,
  0x8963, 0x6123, 0x6123, 0x6123, 0x6123, 0x6123, 0x6123, 0x6123, 0x8963, 0x8963, 0x8963, 0x8963,
  0x8963, 0x8963, 0x8963, 0x8963, 0x8963, 0x8963, 0x8963, 0x8963, 0x8963, 0x8963, 0x8963, 0x8963,
  0x8963, 0x8963, 0x8963, 0x8963, 0x8963, 0x8963, 0x8963, 0x8963, 0x8963, 0x8963, 0x8963, 0x8963,
  0x8963, 0x8963, 0x8963, 0x8963, 0x8963, 0x8963, 0x8963, 0x8963, 0x8963, 0x8963, 0x8963, 0x8963,
  0x8963, 0x8963, 0x8963, 0x8963, 0x8963, 0x8963, 0x8963, 0x8963, 0x8963, 0x8963, 0x8963, 0x8963,
  0x8963, 0x8963, 0x8963, 0x8963, 0x8963, 0x8963, 0x8963, 0x8963, 0x8963, 0x7123, 0xC9A3, 0xC9A3,
  0xC9A3, 0xC9A3, 0x70E1, 0x70E1, 0x70E1, 0xC287, 0xC287, 0xC287, 0xC287, 0xC287, 0xC287, 0xC287,
  0xC287, 0xC287, 0xC287, 0xC287, 0xC287, 0xA9A3, 0xA9A3, 0xA9A3, 0xA9A3, 0xA9A3, 0xA9A3, 0xA9A3,
  0xA9A3, 0xA9A3, 0xA9A3, 0xA9A3, 0xA9A3, 0xA9A3, 0xA9A3, 0xA9A3, 0xA9A3, 0xA9A3, 0xA9A3, 0xA9A3,
  0xA9A3, 0xA9A3, 0xA9A3, 0xA9A3, 0xA9A3, 0xA9A3, 0xA9A3, 0xA9A3, 0xA9A3, 0xA9A3, 0xA9A3, 0xA9A3,
  0xA9A3, 0xA9A3, 0xA9A3, 0xA9A3, 0xA9A3, 0xA9A3, 0xA9A3, 0xA9A3, 0xA9A3, 0xA9A3, 0xA9A3, 0xA9A3,
  0xA9A3, 0xA9A3, 0xA9A3, 0xA9A3, 0xA9A3, 0xA9A3, 0xA9A3, 0xA9A3, 0xA9A3, 0xA9A3, 0xA9A3, 0xA9A3,
  0xA9A3, 0xA9A3, 0xA9A3, 0xA9A3, 0xA9A3, 0xA9A3, 0xA9A3, 0xA9A3, 0xA9A3, 0xA9A3, 0xA9A3, 0xA9A3,
  0xA9A3, 0xA9A3, 0xA9A3, 0xA9A3, 0xA9A3, 0xA9A3, 0xA9A3, 0xA9A3, 0xA9A3, 0xA9A3, 0xA9A3, 0xA9A3,
  0xA9A3, 0xA9A3, 0xA9A3, 0xA9A3, 0xA9A3, 0xA9A3, 0xA9A3, 0xA9A3, 0xA9A3, 0xA9A3, 0xA9A3, 0xA9A3,
  0xA9A3, 0xA9A3, 0xA9A3, 0xA9A3, 0xA9A3, 0xA9A3, 0xA9A3, 0xA9A3, 0xA9A3, 0xA9A3, 0xA9A3, 0xA9A3,
  0xA9A3, 0xA9A3, 0xA9A3, 0xA9A3, 0xA9A3, 0xA9A3, 0xA9A3, 0xA9A3, 0xA9A3, 0xA9A3, 0xA9A3, 0xA9A3,
  0xA9A3, 0xA9A3, 0xA9A3, 0xA9A3, 0xA9A3, 0xA9A3, 0xA9A3, 0xA9A3, 0xA9A3, 0xA9A3, 0xA9A3, 0xA9A3,
  0x70E1, 0x70E1, 0x70E1, 0x70E1, 0x70E1, 0x70E1, 0x70E1, 0x70E1, 0xA9A3, 0xA9A3, 0xA9A3, 0xA9A3,
  0xA9A3, 0xA9A3, 0xA9A3, 0xA9A3, 0xA9A3, 0xA9A3, 0xA9A3, 0xA9A3, 0xA9A3, 0xA9A3, 0xA9A3, 0xA9A3,
  0xA9A3, 0xA9A3, 0xA9A3, 0xA9A3, 0xA9A3, 0xA9A3, 0xA9A3, 0xA9A3, 0xA9A3, 0xA9A3, 0xA9A3, 0xA9A3,
  0xA9A3, 0xA9A3, 0xA9A3, 0xA9A3, 0xA9A3, 0xA9A3, 0xA9A3, 0xA9A3, 0xA9A3, 0xA9A3, 0xA9A3, 0xA9A3,
  0xA9A3, 0xA9A3, 0xA9A3, 0xA9A3, 0xA9A3, 0xA9A3, 0xA9A3, 0xA9A3, 0xA9A3, 0xA9A3, 0xA9A3, 0xA9A3,
  0xA9A3, 0xA9A3, 0xA9A3, 0xA9A3, 0xA9A3, 0x6123, 0x6123, 0x6123, 0x6123, 0x6123, 0x8963, 0x8963,
  0x8963, 0x8963, 0x8963, 0x8963, 0x8963, 0x6123, 0x6123, 0x6123, 0x6123, 0x6123, 0x6123, 0x6123,
  0x8963, 0x8963, 0x8963, 0x8963, 0x8963, 0x8963, 0x8963, 0x8963, 0x8963, 0x8963, 0x8963, 0x8963,
  0x8963, 0x8963, 0x8963, 0x8963, 0x8963, 0x8963, 0x8963, 0x8963, 0x8963, 0x8963, 0x8963, 0x8963,
  0x8963, 0x8963, 0x8963, 0x8963, 0x8963, 0x8963, 0x8963, 0x8963, 0x8963, 0x8963, 0x8963, 0x8963,
  0x8963, 0x8963, 0x8963, 0x8963, 0x8963, 0x8963, 0x8963, 0x8963, 0x8963, 0x8963, 0x8963, 0x8963,
  0x8963, 0x8963, 0x8963, 0x8963, 0x8963, 0x8963, 0x7123, 0x7123, 0xC9A3, 0xC9A3, 0x70E1, 0x70E1,
  0x70E1, 0xC287, 0xC287, 0xC287, 0xC287, 0xC287, 0xC287, 0xC287, 0xC287, 0xC287, 0xC287, 0xA9A3,
  0xA9A3, 0xA9A3, 0xA9A3, 0xA9A3, 0xA9A3, 0xA9A3, 0xA9A3, 0xA9A3, 0xA9A3, 0xA9A3, 0xA9A3, 0xA9A3,
  0xA9A3, 0xA9A3, 0xA9A3, 0xA9A3, 0xA9A3, 0xA9A3, 0xA9A3, 0xA9A3, 0xA9A3, 0xA9A3, 0xA9A3, 0xA9A3,
  0xA9A3, 0xA9A3, 0xA9A3, 0xA9A3, 0xA9A3, 0xA9A3, 0xA9A3, 0xA9A3, 0xA9A3, 0xA9A3, 0xA9A3, 0xA9A3,
  0xA9A3, 0xA9A3, 0xA9A3, 0xA9A3, 0xA9A3, 0xA9A3, 0xA9A3, 0xA9A3, 0xA9A3, 0xA9A3, 0xA9A3, 0xA9A3,
  0xA9A3, 0xA9A3, 0xA9A3, 0xA9A3, 0xA9A3, 0xA9A3, 0xA9A3, 0xA9A3, 0xA9A3, 0xA9A3, 0xA9A3, 0xA9A3,
  0xA9A3, 0xA9A3, 0xA9A3, 0xA9A3, 0xA9A3, 0xA9A3, 0xA9A3, 0xA9A3, 0xA9A3, 0xA9A3, 0xA9A3, 0xA9A3,
  0xA9A3, 0xA9A3, 0xA9A3, 0xA9A3, 0xA9A3, 0xA9A3, 0xA9A3, 0xA9A3, 0xA9A3, 0xA9A3, 0xA9A3, 0xA9A3,
  0xA9A3, 0xA9A3, 0xA9A3, 0xA9A3, 0xA9A3, 0xA9A3, 0xA9A3, 0xA9A3, 0xA9A3, 0xA9A3, 0xA9A3, 0xA9A3,
  0xA9A3, 0xA9A3, 0xA9A3, 0xA9A3, 0xA9A3, 0xA9A3, 0xA9A3, 0xA9A3, 0xA9A3, 0xA9A3, 0xA9A3, 0xA9A3,
  0xA9A3, 0xA9A3, 0xA9A3, 0xA9A3, 0xA9A3, 0xA9A3, 0xA9A3, 0xA9A3, 0xA9A3, 0xA9A3, 0xA9A3, 0xA9A3,
  0xA9A3, 0xA9A3, 0xA9A3, 0xA9A3, 0xA9A3, 0xA9A3, 0xA9A3, 0xA9A3, 0xA9A3, 0xA9A3, 0xA9A3, 0xA9A3,
  0xA9A3, 0xA9A3, 0xA9A3, 0xA9A3, 0xA9A3, 0xA9A3, 0xA9A3, 0xA9A3, 0xA9A3, 0xA9A3, 0xA9A3, 0xA9A3,
  0xA9A3, 0xA9A3, 0xA9A3, 0xA9A3, 0xA9A3, 0xA9A3, 0xA9A3, 0xA9A3, 0xA9A3, 0xA9A3, 0xA9A3, 0xA9A3,
  0xA9A3, 0xA9A3, 0xA9A3, 0xA9A3, 0xA9A3, 0xA9A3, 0xA9A3, 0xA9A3, 0xA9A3, 0xA9A3, 0xA9A3, 0xA9A3,
  0xA9A3, 0xA9A3, 0xA9A3, 0xA9A3, 0xA9A3, 0xA9A3, 0xA9A3, 0xA9A3, 0xA9A3, 0xA9A3, 0xA9A3, 0xA9A3,
  0xA9A3, 0xA9A3, 0xA9A3, 0xA9A3, 0xA9A3, 0xA9A3, 0xA9A3, 0xA9A3, 0xA9A3, 0xA9A3, 0xA9A3, 0xA9A3,
  0xA9A3, 0xA9A3, 0xA9A3, 0xA9A3, 0x6123, 0xAA46, 0xAA46, 0x6123, 0x6123, 0x6123, 0x6123, 0x6123,
  0x6123, 0x6123, 0x8963, 0x8963, 0x6123, 0x8963, 0x8963, 0x8963, 0x8963, 0x6123, 0x6123, 0x6123,
  0x6123, 0x6123, 0x6123, 0x8963, 0x8963, 0x8963, 0x8963, 0x8963, 0x8963, 0x8963, 0x8963, 0x8963,
  0x8963, 0x8963, 0x8963, 0x8963, 0x8963, 0x8963, 0x8963, 0x8963, 0x8963, 0x8963, 0x8963, 0x8963,
  0x8963, 0x8963, 0x8963, 0x8963, 0x8963, 0x8963, 0x8963, 0x8963, 0x8963, 0x8963, 0x8963, 0x8963,
  0x8963, 0x8963, 0x8963, 0x8963, 0x8963, 0x8963, 0x8963, 0x8963, 0x8963, 0x8963, 0x8963, 0x8963,
  0x8963, 0x8963, 0x8963, 0x8963, 0x7123, 0x7123, 0xC9A3, 0x70E1, 0x70E1, 0xC287, 0xC287, 0xC287,
  0xC287, 0xC287, 0xC287, 0xC287, 0xC287, 0xC287, 0xA9A3, 0xA9A3, 0xA9A3, 0xA9A3, 0xA9A3, 0xA9A3,
  0xA9A3, 0xA9A3, 0xA9A3, 0xA9A3, 0xA9A3, 0xA9A3, 0xA9A3, 0xA9A3, 0xA9A3, 0xA9A3, 0xA9A3, 0xA9A3,
  0xA9A3, 0xA9A3, 0xA9A3, 0xA9A3, 0xA9A3, 0xA9A3, 0xA9A3, 0xA9A3, 0xA9A3, 0xA9A3, 0xA9A3, 0xA9A3,
  0xA9A3, 0xA9A3, 0xA9A3, 0xA9A3, 0xA9A3, 0xA9A3, 0xA9A3, 0xA9A3, 0xA9A3, 0x70E1, 0x70E1, 0x70E1,
  0x70E1, 0x70E1, 0x70E1, 0x70E1, 0x70E1, 0x70E1, 0x70E1, 0x70E1, 0x70E1, 0x70E1, 0x70E1, 0x70E1,
  0x70E1, 0x70E1, 0x70E1, 0x70E1, 0x70E1, 0x70E1, 0x70E1, 0x70E1, 0x70E1, 0x70E1, 0x70E1, 0x70E1,
  0x70E1, 0x70E1, 0x70E1, 0xA9A3, 0xA9A3, 0xA9A3, 0xA9A3, 0xA9A3, 0xA9A3, 0xA9A3, 0xA9A3, 0xA9A3,
  0xA9A3, 0xA9A3, 0xA9A3, 0xA9A3, 0xA9A3, 0xA9A3, 0xA9A3, 0xA9A3, 0xA9A3, 0xA9A3, 0xA9A3, 0xA9A3,
  0xA9A3, 0xA9A3, 0xA9A3, 0xA9A3, 0xA9A3, 0xA9A3, 0xA9A3, 0xA9A3, 0xA9A3, 0xA9A3, 0xA9A3, 0xA9A3,
  0xA9A3, 0xA9A3, 0xA9A3, 0xA9A3, 0xA9A3, 0xA9A3, 0xA9A3, 0xA9A3, 0xA9A3, 0xA9A3, 0xA9A3, 0xA9A3,
  0xA9A3, 0xA9A3, 0xA9A3, 0xA9A3, 0xA9A3, 0xA9A3, 0xA9A3, 0xA9A3, 0xA9A3, 0xA9A3, 0xA9A3, 0xA9A3,
  0xA9A3, 0xA9A3, 0xA9A3, 0xA9A3, 0xA9A3, 0xA9A3, 0xA9A3, 0xA9A3, 0xA9A3, 0xA9A3, 0xA9A3, 0xA9A3,
  0xA9A3, 0xA9A3, 0xA9A3, 0xA9A3, 0xA9A3, 0xA9A3, 0xA9A3, 0xA9A3, 0xA9A3, 0xA9A3, 0xA9A3, 0xA9A3,
  0xA9A3, 0xA9A3, 0xA9A3, 0xA9A3, 0xA9A3, 0xA9A3, 0xA9A3, 0xA9A3, 0xA9A3, 0xA9A3, 0xA9A3, 0xA9A3,
  0xA9A3, 0xA9A3, 0xA9A3, 0xA9A3, 0xA9A3, 0xA9A3, 0xA9A3, 0xA9A3, 0xA9A3, 0xA9A3, 0xA9A3, 0xA9A3,
  0xA9A3, 0xA9A3, 0xA9A3, 0xA9A3, 0xA9A3, 0xA9A3, 0xA9A3, 0xA9A3, 0xA9A3, 0xA9A3, 0xA9A3, 0xA9A3,
  0xA9A3, 0xA9A3, 0xA9A3, 0xA9A3, 0xA9A3, 0xA9A3, 0xA9A3, 0xA9A3, 0xA9A3, 0xA9A3, 0xA9A3, 0xA9A3,
  0xA9A3, 0x6123, 0x6123, 0xAA46, 0xAA46, 0xAA46, 0xAA46, 0x8963, 0x8963, 0x8963, 0x6123, 0x6123,
  0x6123, 0x6123, 0x6123, 0x6123, 0x6123, 0x6123, 0x8963, 0x8963, 0x8963, 0x8963, 0x8963, 0x8963,
  0x6123, 0x6123, 0x6123, 0x6123, 0x6123, 0x6123, 0x6123, 0x6123, 0x6123, 0x6123, 0x6123, 0x6123,
  0x6123, 0x6123, 0x8963, 0x8963, 0x8963, 0x8963, 0x8963, 0x8963, 0x8963, 0x8963, 0x8963, 0x8963,
  0x8963, 0x8963, 0x8963, 0x8963, 0x8963, 0x8963, 0x8963, 0x8963, 0x8963, 0x8963, 0x8963, 0x8963,
  0x8963, 0x8963, 0x8963, 0x8963, 0x8963, 0x8963, 0x8963, 0x8963, 0x8963, 0x8963, 0x8963, 0x8963,
  0x8963, 0x7123, 0x7123, 0x7123, 0x70E1, 0x70E1, 0xC287, 0xC287, 0xC287, 0xC287, 0xC287, 0xC287,
  0xC287, 0xA9A3, 0xA9A3, 0xA9A3, 0xA9A3, 0xA9A3, 0xA9A3, 0xA9A3, 0xA9A3, 0xA9A3, 0xA9A3, 0xA9A3,
  0xA9A3, 0xA9A3, 0xA9A3, 0xA9A3, 0xA9A3, 0xA9A3, 0xA9A3, 0xA9A3, 0xA9A3, 0xA9A3, 0xA9A3, 0xA9A3,
  0xA9A3, 0xA9A3, 0xA9A3, 0xA9A3, 0xA9A3, 0xA9A3, 0xA9A3, 0xA9A3, 0xA9A3, 0xA9A3, 0xA9A3, 0xA9A3,
  0xA9A3, 0x70E1, 0x70E1, 0x70E1, 0x70E1, 0x70E1, 0x70E1, 0x70E1, 0xA9A3, 0xA9A3, 0xA9A3, 0xA9A3,
  0xA9A3, 0xA9A3, 0xA9A3, 0xA9A3, 0xA9A3, 0xA9A3, 0xA9A3, 0xA9A3, 0xA9A3, 0xA9A3, 0xA9A3, 0xA9A3,
  0xA9A3, 0xA9A3, 0xA9A3, 0xA9A3, 0xA9A3, 0xA9A3, 0xA9A3, 0xA9A3, 0xA9A3, 0xA9A3, 0xA9A3, 0xA9A3,
  0x70E1, 0x70E1, 0x70E1, 0x70E1, 0x70E1, 0x70E1, 0x70E1, 0x70E1, 0x70E1, 0x70E1, 0x70E1, 0x70E1,
  0x70E1, 0x70E1, 0x70E1, 0x70E1, 0x70E1, 0x70E1, 0x70E1, 0x70E1, 0x70E1, 0x70E1, 0x70E1, 0x70E1,
  0xA9A3, 0xA9A3, 0xA9A3, 0xA9A3, 0xA9A3, 0xA9A3, 0xA9A3, 0xA9A3, 0xA9A3, 0xA9A3, 0xA9A3, 0xA9A3,
  0xA9A3, 0xA9A3, 0xA9A3, 0xA9A3, 0xA9A3, 0xA9A3, 0xA9A3, 0xA9A3, 0xA9A3, 0xA9A3, 0xA9A3, 0xA9A3,
  0xA9A3, 0xA9A3, 0xA9A3, 0xA9A3, 0xA9A3, 0xA9A3, 0xA9A3, 0xA9A3, 0xA9A3, 0xA9A3, 0xA9A3, 0xA9A3,
  0xA9A3, 0xA9A3, 0xA9A3, 0xA9A3, 0xA9A3, 0xA9A3, 0xA9A3, 0xA9A3, 0xA9A3, 0xA9A3, 0xA9A3, 0xA9A3,
  0xA9A3, 0xA9A3, 0xA9A3, 0xA9A3, 0xA9A3, 0xA9A3, 0xA9A3, 0xA9A3, 0xA9A3, 0xA9A3, 0xA9A3, 0xA9A3,
  0xA9A3, 0xA9A3, 0xA9A3, 0xA9A3, 0xA9A3, 0xA9A3, 0xA9A3, 0xA9A3, 0xA9A3, 0xA9A3, 0xA9A3, 0xA9A3,
  0xA9A3, 0xA9A3, 0xA9A3, 0xA9A3, 0xA9A3, 0xA9A3, 0xA9A3, 0xA9A3, 0xA9A3, 0xA9A3, 0xA9A3, 0xA9A3,
  0xA9A3, 0xA9A3, 0xA9A3, 0xA9A3, 0xA9A3, 0xA9A3, 0xA9A3, 0xA9A3, 0xA9A3, 0xA9A3, 0xA9A3, 0xA9A3,
  0xA9A3, 0xA9A3, 0xA9A3, 0xA9A3, 0xA9A3, 0xA9A3, 0xA9A3, 0xA9A3, 0xA9A3, 0xA9A3, 0xA9A3, 0x6123,
  0xAA46, 0xAA46, 0xAA46, 0x8963, 0x8963, 0x8963, 0x8963, 0x8963, 0x6123, 0x8963, 0x8963, 0x8963,
  0x8963, 0x6123, 0xA9A3, 0x6123, 0x6123, 0x6123, 0x6123, 0x6123, 0x8963, 0x8963, 0x8963, 0x8963,
  0x8963, 0x8963, 0x8963, 0x8963, 0x8963, 0x8963, 0x8963, 0x8963, 0x8963, 0x8963, 0x8963, 0x6123,
  0x6123, 0x6123, 0x6123, 0x6123, 0x6123, 0x6123, 0x6123, 0x6123, 0x6123, 0x6123, 0x6123, 0x6123,
  0x8963, 0x8963, 0x8963, 0x8963, 0x8963, 0x8963, 0x8963, 0x8963, 0x8963, 0x8963, 0x8963, 0x8963,
  0x8963, 0x8963, 0x8963, 0x8963, 0x8963, 0x8963, 0x8963, 0x8963, 0x8963, 0x8963, 0x8963, 0x7123,
  0x7123, 0x7123, 0x70E1, 0xC287, 0xC287, 0xC287, 0xC287, 0xC287, 0xC287, 0xC287, 0xA9A3, 0xA9A3,
  0xA9A3, 0xA9A3, 0xA9A3, 0xA9A3, 0xA9A3, 0xA9A3, 0xA9A3, 0xA9A3, 0xA9A3, 0xA9A3, 0xA9A3, 0xA9A3,
  0xA9A3, 0xA9A3, 0xA9A3, 0xA9A3, 0xA9A3, 0xA9A3, 0xA9A3, 0xA9A3, 0xA9A3, 0xA9A3, 0xA9A3, 0xA9A3,
  0xA9A3, 0xA9A3, 0xA9A3, 0xA9A3, 0xA9A3, 0xA9A3, 0xA9A3, 0xA9A3, 0x70E1, 0x70E1, 0x70E1, 0x70E1,
  0xA9A3, 0xA9A3, 0xA9A3, 0xA9A3, 0xA9A3, 0xA9A3, 0xA9A3, 0xA9A3, 0xA9A3, 0xA9A3, 0xA9A3, 0xA9A3,
  0xA9A3, 0xA9A3, 0xA9A3, 0xA9A3, 0xA9A3, 0xA9A3, 0xA9A3, 0xA9A3, 0xA9A3, 0xA9A3, 0xA9A3, 0xA9A3,
  0xA9A3, 0xA9A3, 0xA9A3, 0xA9A3, 0xA9A3, 0xA9A3, 0xA9A3, 0xA9A3, 0xA9A3, 0xA9A3, 0xA9A3, 0xA9A3,
  0xA9A3, 0xA9A3, 0xA9A3, 0xA9A3, 0xA9A3, 0xA9A3, 0xA9A3, 0xA9A3, 0xA9A3, 0xA9A3, 0xA9A3, 0xA9A3,
  0xA9A3, 0xA9A3, 0xA9A3, 0xA9A3, 0xA9A3, 0xA9A3, 0xA9A3, 0xA9A3, 0xA9A3, 0x70E1, 0x70E1, 0x70E1,
  0x70E1, 0x70E1, 0x70E1, 0x70E1, 0x70E1, 0x70E1, 0x70E1, 0x70E1, 0x70E1, 0x70E1, 0x70E1, 0x70E1,
  0x70E1, 0x70E1, 0x70E1, 0x70E1, 0x70E1, 0x70E1, 0x70E1, 0x70E1, 0x70E1, 0x70E1, 0x70E1, 0x70E1,
  0x70E1, 0x70E1, 0x70E1, 0x70E1, 0x70E1, 0x70E1, 0xA9A3, 0xA9A3, 0xA9A3, 0xA9A3, 0xA9A3, 0xA9A3,
  0xA9A3, 0xA9A3, 0xA9A3, 0xA9A3, 0xA9A3, 0xA9A3, 0xA9A3, 0xA9A3, 0xA9A3, 0xA9A3, 0xA9A3, 0xA9A3,
  0xA9A3, 0xA9A3, 0xA9A3, 0xA9A3, 0xA9A3, 0xA9A3, 0xA9A3, 0xA9A3, 0xA9A3, 0xA9A3, 0xA9A3, 0xA9A3,
  0xA9A3, 0xA9A3, 0xA9A3, 0xA9A3, 0xA9A3, 0xA9A3, 0xA9A3, 0xA9A3, 0xA9A3, 0xA9A3, 0xA9A3, 0xA9A3,
  0xA9A3, 0xA9A3, 0xA9A3, 0xA9A3, 0xA9A3, 0xA9A3, 0xA9A3, 0xA9A3, 0xA9A3, 0xA9A3, 0xA9A3, 0xA9A3,
  0xA9A3, 0xA9A3, 0xA9A3, 0xA9A3, 0xA9A3, 0xA9A3, 0xA9A3, 0xA9A3, 0xA9A3, 0xA9A3, 0xA9A3, 0xA9A3,
  0xA9A3, 0xA9A3, 0xA9A3, 0xA9A3, 0xA9A3, 0xA9A3, 0xA9A3, 0xA9A3, 0xA9A3, 0x6123, 0xAA46, 0xAA46,
  0x8963, 0x8963, 0x8963, 0x8963, 0x8963, 0x8963, 0x6123, 0x8963, 0x8963, 0x8963, 0x8963, 0x6123,
  0xA9A3, 0xA9A3, 0xA9A3, 0xA9A3, 0xA9A3, 0xA9A3, 0x6123, 0x6123, 0x6123, 0x6123, 0x8963, 0x8963,
  0x8963, 0x8963, 0x8963, 0x8963, 0x8963, 0x8963, 0x8963, 0x8963, 0x8963, 0x8963, 0x8963, 0x8963,
  0x8963, 0x8963, 0x8963, 0x8963, 0x8963, 0x8963, 0x8963, 0x8963, 0x8963, 0x6123, 0x6123, 0x6123,
  0x6123, 0x6123, 0x6123, 0x6123, 0x6123, 0x6123, 0x6123, 0x6123, 0x6123, 0x6123, 0x6123, 0x6123,
  0x6123, 0x6123, 0x6123, 0x6123, 0x6123, 0x6123, 0x6123, 0x6123, 0x6123, 0x6123, 0x7123, 0x7123,
  0x70E1, 0xC287, 0xC287, 0xC287, 0xC287, 0xC287, 0xC287, 0xC287, 0xA9A3, 0xA9A3, 0xA9A3, 0xA9A3,
  0xA9A3, 0xA9A3, 0xA9A3, 0xA9A3, 0xA9A3, 0xA9A3, 0xA9A3, 0xA9A3, 0xA9A3, 0xA9A3, 0xA9A3, 0xA9A3,
  0xA9A3, 0xA9A3, 0xA9A3, 0xA9A3, 0xA9A3, 0xA9A3, 0xA9A3, 0xA9A3, 0xA9A3, 0xA9A3, 0xA9A3, 0xA9A3,
  0xA9A3, 0xA9A3, 0xA9A3, 0x70E1, 0x70E1, 0x70E1, 0x70E1, 0xA9A3, 0xA9A3, 0xA9A3, 0xA9A3, 0xA9A3,
  0xA9A3, 0xA9A3, 0xA9A3, 0xA9A3, 0xA9A3, 0xA9A3, 0xA9A3, 0xA9A3, 0xA9A3, 0xA9A3, 0xA9A3, 0xA9A3,
  0xA9A3, 0xA9A3, 0xA9A3, 0xA9A3, 0xA9A3, 0xA9A3, 0xA9A3, 0xA9A3, 0xA9A3, 0xA9A3, 0xA9A3, 0xA9A3,
  0xA9A3, 0xA9A3, 0xA9A3, 0xA9A3, 0xA9A3, 0xA9A3, 0xA9A3, 0xA9A3, 0xA9A3, 0xA9A3, 0xA9A3, 0xA9A3,
  0xA9A3, 0xA9A3, 0xA9A3, 0xA9A3, 0xA9A3, 0xA9A3, 0xA9A3, 0xA9A3, 0xA9A3, 0xA9A3, 0xA9A3, 0xA9A3,
  0xA9A3, 0xA9A3, 0xA9A3, 0xA9A3, 0xA9A3, 0xA9A3, 0xA9A3, 0xA9A3, 0xA9A3, 0xA9A3, 0xA9A3, 0xA9A3,
  0xA9A3, 0xA9A3, 0xA9A3, 0xA9A3, 0xA9A3, 0xA9A3, 0xA9A3, 0xA9A3, 0xA9A3, 0xA9A3, 0xA9A3, 0xA9A3,
  0xA9A3, 0xA9A3, 0xA9A3, 0xA9A3, 0xA9A3, 0xA9A3, 0xA9A3, 0xA9A3, 0xA9A3, 0xA9A3, 0xA9A3, 0xA9A3,
  0xA9A3, 0xA9A3, 0xA9A3, 0x70E1, 0x70E1, 0x70E1, 0x70E1, 0x70E1, 0x70E1, 0x70E1, 0xA9A3, 0xA9A3,
  0xA9A3, 0xA9A3, 0xA9A3, 0xA9A3, 0xA9A3, 0xA9A3, 0xA9A3, 0xA9A3, 0xA9A3, 0xA9A3, 0xA9A3, 0xA9A3,
  0xA9A3, 0xA9A3, 0xA9A3, 0xA9A3, 0xA9A3, 0xA9A3, 0xA9A3, 0xA9A3, 0xA9A3, 0xA9A3, 0xA9A3, 0xA9A3,
  0xA9A3, 0xA9A3, 0xA9A3, 0xA9A3, 0xA9A3, 0xA9A3, 0xA9A3, 0xA9A3, 0xA9A3, 0xA9A3, 0xA9A3, 0xA9A3,
  0xA9A3, 0xA9A3, 0xA9A3, 0xA9A3, 0xA9A3, 0xA9A3, 0xA9A3, 0xA9A3, 0xA9A3, 0xA9A3, 0xA9A3, 0xA9A3,
  0xA9A3, 0xA9A3, 0xA9A3, 0xA9A3, 0xA9A3, 0xA9A3, 0xA9A3, 0xA9A3, 0xA9A3, 0xA9A3, 0xA9A3, 0xA9A3,
  0xA9A3, 0xA9A3, 0xA9A3, 0xA9A3, 0xA9A3, 0xA9A3, 0xA9A3, 0x6123, 0xAA46, 0x8963, 0x8963, 0x8963,
  0x8963, 0x8963, 0x8963, 0x8963, 0x6123, 0x8963, 0x8963, 0x8963, 0x7123, 0x6123, 0xA9A3, 0xA9A3,
  0xA9A3, 0xA9A3, 0xA9A3, 0xA9A3, 0xA9A3, 0xA9A3, 0x6123, 0x6123, 0x6123, 0x6123, 0x6123, 0x6123,
  0x6123, 0x6123, 0x6123, 0x6123, 0x6123, 0x6123, 0x6123, 0x6123, 0x6123, 0x8963, 0x8963, 0x8963,
  0x8963, 0x8963, 0x8963, 0x8963, 0x8963, 0x8963, 0x8963, 0x8963, 0x8963, 0x8963, 0x8963, 0x8963,
  0x8963, 0x8963, 0x8963, 0x8963, 0x8963, 0x8963, 0x8963, 0x8963, 0x8963, 0x8963, 0x8963, 0x8963,
  0x8963, 0x8963, 0x8963, 0x8963, 0x8963, 0x8963, 0x7123, 0x7123, 0x7123, 0x7123, 0x70E1, 0x70E1,
  0xC287, 0xC287, 0xC287, 0xC287, 0xC287, 0xA9A3, 0xA9A3, 0xA9A3, 0xA9A3, 0xA9A3, 0xA9A3, 0xA9A3,
  0xA9A3, 0xA9A3, 0xA9A3, 0xA9A3, 0xA9A3, 0xA9A3, 0xA9A3, 0xA9A3, 0xA9A3, 0xA9A3, 0xA9A3, 0xA9A3,
  0xA9A3, 0xA9A3, 0xA9A3, 0xA9A3, 0xA9A3, 0xA9A3, 0xA9A3, 0xA9A3, 0xA9A3, 0xA9A3, 0x70E1, 0x70E1,
  0x70E1, 0x70E1, 0xA9A3, 0xA9A3, 0xA9A3, 0xA9A3, 0xA9A3, 0xA9A3, 0xA9A3, 0xA9A3, 0xA9A3, 0xA9A3,
  0xA9A3, 0xA9A3, 0xA9A3, 0xA9A3, 0xA9A3, 0xA9A3, 0xA9A3, 0xA9A3, 0xA9A3, 0xA9A3, 0xA9A3, 0xA9A3,
  0xA9A3, 0xA9A3, 0xA9A3, 0xA9A3, 0xA9A3, 0xA9A3, 0xA9A3, 0xA9A3, 0xA9A3, 0xA9A3, 0xA9A3, 0xA9A3,
  0xA9A3, 0xA9A3, 0xA9A3, 0xA9A3, 0xA9A3, 0xA9A3, 0xA9A3, 0xA9A3, 0xA9A3, 0xA9A3, 0xA9A3, 0xA9A3,
  0xA9A3, 0xA9A3, 0xA9A3, 0xA9A3, 0xA9A3, 0xA9A3, 0xA9A3, 0xA9A3, 0xA9A3, 0xA9A3, 0xA9A3, 0xA9A3,
  0xA9A3, 0xA9A3, 0xA9A3, 0xA9A3, 0xA9A3, 0xA9A3, 0xA9A3, 0xA9A3, 0xA9A3, 0xA9A3, 0xA9A3, 0xA9A3,
  0xA9A3, 0xA9A3, 0xA9A3, 0xA9A3, 0xA9A3, 0xA9A3, 0xA9A3, 0xA9A3, 0xA9A3, 0xA9A3, 0xA9A3, 0xA9A3,
  0xA9A3, 0xA9A3, 0xA9A3, 0xA9A3, 0xA9A3, 0xA9A3, 0xA9A3, 0xA9A3, 0xA9A3, 0xA9A3, 0xA9A3, 0xA9A3,
  0xA9A3, 0xA9A3, 0xA9A3, 0xA9A3, 0xA9A3, 0xA9A3, 0xA9A3, 0xA9A3, 0x70E1, 0x70E1, 0x70E1, 0x70E1,
  0x70E1, 0x70E1, 0x70E1, 0xA9A3, 0xA9A3, 0xA9A3, 0xA9A3, 0xA9A3, 0xA9A3, 0xA9A3, 0xA9A3, 0xA9A3,
  0xA9A3, 0xA9A3, 0xA9A3, 0xA9A3, 0xA9A3, 0xA9A3, 0xA9A3, 0xA9A3, 0xA9A3, 0x70E1, 0x70E1, 0x70E1,
  0x70E1, 0x70E1, 0x70E1, 0x70E1, 0x70E1, 0x70E1, 0x70E1, 0x70E1, 0x70E1, 0x70E1, 0xA9A3, 0xA9A3,
  0xA9A3, 0xA9A3, 0xA9A3, 0xA9A3, 0xA9A3, 0xA9A3, 0xA9A3, 0xA9A3, 0xA9A3, 0xA9A3, 0xA9A3, 0xA9A3,
  0xA9A3, 0xA9A3, 0xA9A3, 0xA9A3, 0xA9A3, 0xA9A3, 0xA9A3, 0xA9A3, 0xA9A3, 0xA9A3, 0xA9A3, 0xA9A3,
  0xA9A3, 0xA9A3, 0xA9A3, 0xA9A3, 0xA9A3, 0x6123, 0x8963, 0x8963, 0x8963, 0x8963, 0x8963, 0x8963,
  0x8963, 0x8963, 0x6123, 0x8963, 0x7123, 0x7123, 0x7123, 0x6123, 0xA9A3, 0xA9A3, 0xA9A3, 0xA9A3,
  0xA9A3, 0xA9A3, 0xA9A3, 0xA9A3, 0xA9A3, 0xA9A3, 0xA9A3, 0xA9A3, 0xA9A3, 0xA9A3, 0xA9A3, 0xA9A3,
  0xA9A3, 0xA9A3, 0xA9A3, 0xA9A3, 0xA9A3, 0xA9A3, 0x6123, 0x6123, 0x6123, 0x6123, 0x6123, 0x6123,
  0x6123, 0x6123, 0x6123, 0x6123, 0x6123, 0x6123, 0x6123, 0x6123, 0x6123, 0x6123, 0x6123, 0x6123,
  0x6123, 0x6123, 0x8963, 0x8963, 0x8963, 0x8963, 0x8963, 0x8963, 0x8963, 0x8963, 0x8963, 0x8963,
  0x8963, 0x8963, 0x7123, 0x7123, 0x7123, 0x7123, 0x7123, 0x7123, 0xC287, 0x70E1, 0x70E1, 0x70E1,
  0x70E1, 0x70E1, 0xA9A3, 0xA9A3, 0xA9A3, 0xA9A3, 0xA9A3, 0xA9A3, 0xA9A3, 0xA9A3, 0xA9A3, 0xA9A3,
  0xA9A3, 0xA9A3, 0xA9A3, 0xA9A3, 0xA9A3, 0xA9A3, 0xA9A3, 0xA9A3, 0xA9A3, 0xA9A3, 0xA9A3, 0xA9A3,
  0xA9A3, 0xA9A3, 0xA9A3, 0x70E1, 0x70E1, 0x70E1, 0x70E1, 0x70E1, 0x70E1, 0xA9A3, 0xA9A3, 0xA9A3,
  0xA9A3, 0xA9A3, 0xA9A3, 0xA9A3, 0xA9A3, 0xA9A3, 0xA9A3, 0xA9A3, 0xA9A3, 0xA9A3, 0xA9A3, 0xA9A3,
  0xA9A3, 0xA9A3, 0xA9A3, 0xA9A3, 0xA9A3, 0xA9A3, 0xA9A3, 0xA9A3, 0xA9A3, 0xA9A3, 0xA9A3, 0xA9A3,
  0xA9A3, 0xA9A3, 0xA9A3, 0xA9A3, 0xA9A3, 0xA9A3, 0xA9A3, 0xA9A3, 0xA9A3, 0xA9A3, 0xA9A3, 0xA9A3,
  0xA9A3, 0xA9A3, 0xA9A3, 0xA9A3, 0xA9A3, 0xA9A3, 0xA9A3, 0xA9A3, 0xA9A3, 0xA9A3, 0xA9A3, 0xA9A3,
  0xA9A3, 0xA9A3, 0xA9A3, 0xA9A3, 0xA9A3, 0xA9A3, 0xA9A3, 0xA9A3, 0xA9A3, 0xA9A3, 0xA9A3, 0xA9A3,
  0xA9A3, 0xA9A3, 0xA9A3, 0xA9A3, 0xA9A3, 0xA9A3, 0xA9A3, 0xA9A3, 0xA9A3, 0xA9A3, 0xA9A3, 0xA9A3,
  0xA9A3, 0xA9A3, 0xA9A3, 0xA9A3, 0xA9A3, 0xA9A3, 0xA9A3, 0xA9A3, 0xA9A3, 0xA9A3, 0xA9A3, 0xA9A3,
  0xA9A3, 0xA9A3, 0xA9A3, 0xA9A3, 0xA9A3, 0xA9A3, 0xA9A3, 0xA9A3, 0xA9A3, 0xA9A3, 0xA9A3, 0xA9A3,
  0xA9A3, 0xA9A3, 0xA9A3, 0xA9A3, 0xA9A3, 0xA9A3, 0xA9A3, 0xA9A3, 0xA9A3, 0xA9A3, 0xA9A3, 0xA9A3,
  0x70E1, 0x70E1, 0x70E1, 0x70E1, 0x70E1, 0x70E1, 0x70E1, 0x70E1, 0x70E1, 0x70E1, 0x70E1, 0x70E1,
  0x70E1, 0x70E1, 0x70E1, 0x70E1, 0x70E1, 0x70E1, 0x70E1, 0xA9A3, 0xA9A3, 0xA9A3, 0xA9A3, 0xA9A3,
  0xA9A3, 0xA9A3, 0xA9A3, 0xA9A3, 0xA9A3, 0xA9A3, 0xA9A3, 0xA9A3, 0x70E1, 0x70E1, 0x70E1, 0x70E1,
  0x70E1, 0xA9A3, 0xA9A3, 0xA9A3, 0xA9A3, 0xA9A3, 0xA9A3, 0xA9A3, 0xA9A3, 0xA9A3, 0xA9A3, 0xA9A3,
  0xA9A3, 0xA9A3, 0xA9A3, 0xA9A3, 0xA9A3, 0xA9A3, 0xA9A3, 0xA9A3, 0xA9A3, 0xA9A3, 0xA9A3, 0xA9A3,
  0xA9A3, 0xA9A3, 0xA9A3, 0x6123, 0x8963, 0x8963, 0x8963, 0x8963, 0x8963, 0x8963, 0x8963, 0x8963,
  0x6123, 0x7123, 0x7123, 0x7123, 0x6123, 0xA9A3, 0xA9A3, 0xA9A3, 0xA9A3, 0xA9A3, 0xA9A3, 0xA9A3,
  0xA9A3, 0xA9A3, 0xA9A3, 0xA9A3, 0xA9A3, 0xA9A3, 0xA9A3, 0xA9A3, 0xA9A3, 0xA9A3, 0xA9A3, 0xA9A3,
  0xA9A3, 0xA9A3, 0xA9A3, 0xA9A3, 0xA9A3, 0xA9A3, 0xA9A3, 0xA9A3, 0xA9A3, 0xA9A3, 0xA9A3, 0xA9A3,
  0x6123, 0xAA46, 0xAA46, 0xAA46, 0xAA46, 0x6123, 0xAA46, 0xAA46, 0xAA46, 0xAA46, 0x6123, 0x6123,
  0x6123, 0x6123, 0x6123, 0x8963, 0x8963, 0x8963, 0x8963, 0x8963, 0x8963, 0x7123, 0x7123, 0x7123,
  0x7123, 0x7123, 0x7123, 0x7123, 0x7123, 0x7123, 0xC287, 0xC287, 0xC287, 0xC287, 0xC287, 0x70E1,
  0x70E1, 0x70E1, 0x70E1, 0x70E1, 0x70E1, 0xA9A3, 0xA9A3, 0xA9A3, 0xA9A3, 0xA9A3, 0xA9A3, 0xA9A3,
  0xA9A3, 0xA9A3, 0xA9A3, 0xA9A3, 0xA9A3, 0xA9A3, 0xA9A3, 0xA9A3, 0xA9A3, 0xA9A3, 0xA9A3, 0x70E1,
  0x70E1, 0x70E1, 0xA9A3, 0xA9A3, 0xA9A3, 0xA9A3, 0xA9A3, 0xA9A3, 0xA9A3, 0xA9A3, 0xA9A3, 0xA9A3,
  0xA9A3, 0xA9A3, 0xA9A3, 0xA9A3, 0xA9A3, 0xA9A3, 0xA9A3, 0xA9A3, 0xA9A3, 0xA9A3, 0xA9A3, 0xA9A3,
  0xA9A3, 0xA9A3, 0xA9A3, 0xA9A3, 0xA9A3, 0xA9A3, 0xA9A3, 0xA9A3, 0xA9A3, 0xA9A3, 0xA9A3, 0xA9A3,
  0xA9A3, 0xA9A3, 0xA9A3, 0xA9A3, 0xA9A3, 0xA9A3, 0xA9A3, 0xA9A3, 0xA9A3, 0xA9A3, 0xA9A3, 0xA9A3,
  0xA9A3, 0xA9A3, 0xA9A3, 0xA9A3, 0xA9A3, 0xA9A3, 0xA9A3, 0xA9A3, 0xA9A3, 0xA9A3, 0xA9A3, 0xA9A3,
  0xA9A3, 0xA9A3, 0xA9A3, 0xA9A3, 0xA9A3, 0xA9A3, 0xA9A3, 0xA9A3, 0xA9A3, 0xA9A3, 0xA9A3, 0xA9A3,
  0xA9A3, 0xA9A3, 0xA9A3, 0xA9A3, 0xA9A3, 0xA9A3, 0xA9A3, 0xA9A3, 0xA9A3, 0xA9A3, 0xA9A3, 0xA9A3,
  0xA9A3, 0xA9A3, 0xA9A3, 0xA9A3, 0xA9A3, 0xA9A3, 0xA9A3, 0xA9A3, 0xA9A3, 0xA9A3, 0xA9A3, 0xA9A3,
  0xA9A3, 0xA9A3, 0xA9A3, 0xA9A3, 0xA9A3, 0xA9A3, 0xA9A3, 0xA9A3, 0xA9A3, 0xA9A3, 0xA9A3, 0xA9A3,
  0xA9A3, 0xA9A3, 0xA9A3, 0xA9A3, 0xA9A3, 0xA9A3, 0xA9A3, 0xA9A3, 0xA9A3, 0xA9A3, 0xA9A3, 0xA9A3,
  0xA9A3, 0xA9A3, 0xA9A3, 0xA9A3, 0xA9A3, 0xA9A3, 0xA9A3, 0xA9A3, 0xA9A3, 0xA9A3, 0xA9A3, 0xA9A3,
  0xA9A3, 0xA9A3, 0xA9A3, 0xA9A3, 0xA9A3, 0xA9A3, 0xA9A3, 0xA9A3, 0xA9A3, 0xA9A3, 0xA9A3, 0xA9A3,
  0xA9A3, 0xA9A3, 0xA9A3, 0xA9A3, 0xA9A3, 0xA9A3, 0xA9A3, 0xA9A3, 0xA9A3, 0xA9A3, 0xA9A3, 0x70E1,
  0x70E1, 0x70E1, 0x70E1, 0xA9A3, 0xA9A3, 0xA9A3, 0xA9A3, 0xA9A3, 0xA9A3, 0xA9A3, 0xA9A3, 0xA9A3,
  0xA9A3, 0xA9A3, 0xA9A3, 0xA9A3, 0xA9A3, 0xA9A3, 0xA9A3, 0xA9A3, 0xA9A3, 0xA9A3, 0xA9A3, 0xA9A3,
  0xA9A3, 0x6123, 0x8963, 0x8963, 0x8963, 0x8963, 0x7123, 0x7123, 0x7123, 0x7123, 0x6123, 0x7123,
  0x7123, 0x6123, 0x6123, 0xA9A3, 0xA9A3, 0xA9A3, 0xA9A3, 0xA9A3, 0xA9A3, 0xA9A3, 0xA9A3, 0xA9A3,
  0xA9A3, 0xA9A3, 0xA9A3, 0xA9A3, 0xA9A3, 0xA9A3, 0xA9A3, 0xA9A3, 0xA9A3, 0xA9A3, 0xA9A3, 0xA9A3,
  0xA9A3, 0xA9A3, 0xA9A3, 0xA9A3, 0xA9A3, 0xA9A3, 0xA9A3, 0xA9A3, 0xA9A3, 0x6123, 0x6123, 0xAA46,
  0xAA46, 0xAA46, 0xAA46, 0x6123, 0xAA46, 0xAA46, 0xAA46, 0x8963, 0x6123, 0xA9A3, 0xA9A3, 0xA9A3,
  0x6123, 0x6123, 0x6123, 0x6123, 0x6123, 0x6123, 0x6123, 0x6123, 0x6123, 0x6123, 0x6123, 0x6123,
  0x6123, 0x6123, 0x6123, 0x6123, 0xC287, 0xC287, 0xC287, 0xA9A3, 0xA9A3, 0xA9A3, 0xA9A3, 0xA9A3,
  0xA9A3, 0xA9A3, 0x70E1, 0x70E1, 0x70E1, 0x70E1, 0x70E1, 0x70E1, 0x70E1, 0x70E1, 0x70E1, 0x70E1,
  0x70E1, 0x70E1, 0x70E1, 0x70E1, 0x70E1, 0x70E1, 0x70E1, 0x70E1, 0x70E1, 0x70E1, 0xA9A3, 0xA9A3,
  0xA9A3, 0xA9A3, 0xA9A3, 0xA9A3, 0xA9A3, 0xA9A3, 0xA9A3, 0xA9A3, 0xA9A3, 0xA9A3, 0xA9A3, 0xA9A3,
  0xA9A3, 0xA9A3, 0xA9A3, 0xA9A3, 0xA9A3, 0xA9A3, 0xA9A3, 0xA9A3, 0xA9A3, 0xA9A3, 0xA9A3, 0xA9A3,
  0xA9A3, 0xA9A3, 0xA9A3, 0xA9A3, 0xA9A3, 0xA9A3, 0xA9A3, 0xA9A3, 0xA9A3, 0xA9A3, 0xA9A3, 0xA9A3,
  0xA9A3, 0xA9A3, 0xA9A3, 0xA9A3, 0xA9A3, 0xA9A3, 0xA9A3, 0xA9A3, 0xA9A3, 0xA9A3, 0xA9A3, 0xA9A3,
  0xA9A3, 0xA9A3, 0xA9A3, 0xA9A3, 0xA9A3, 0xA9A3, 0xA9A3, 0xA9A3, 0xA9A3, 0xA9A3, 0xA9A3, 0xA9A3,
  0xA9A3, 0xA9A3, 0xECE2, 0xECE2, 0xECE2, 0xECE2, 0xECE2, 0xECE2, 0xECE2, 0xECE2, 0xECE2, 0xECE2,
  0xECE2, 0xECE2, 0xECE2, 0xECE2, 0xECE2, 0xECE2, 0xECE2, 0xECE2, 0xECE2, 0xA9A3, 0xA9A3, 0xA9A3,
  0xA9A3, 0xA9A3, 0xA9A3, 0xA9A3, 0xA9A3, 0xA9A3, 0xA9A3, 0xA9A3, 0xA9A3, 0xA9A3, 0xA9A3, 0xA9A3,
  0xA9A3, 0xA9A3, 0xA9A3, 0xA9A3, 0xA9A3, 0xA9A3, 0xA9A3, 0xA9A3, 0xA9A3, 0xA9A3, 0xA9A3, 0xA9A3,
  0xA9A3, 0xA9A3, 0xA9A3, 0xA9A3, 0xA9A3, 0xA9A3, 0xA9A3, 0xA9A3, 0xA9A3, 0xA9A3, 0xA9A3, 0xA9A3,
  0xA9A3, 0xA9A3, 0xA9A3, 0xA9A3, 0xA9A3, 0xA9A3, 0xA9A3, 0xA9A3, 0xA9A3, 0xA9A3, 0xA9A3, 0xA9A3,
  0xA9A3, 0xA9A3, 0xA9A3, 0xA9A3, 0xA9A3, 0xA9A3, 0xA9A3, 0xA9A3, 0xA9A3, 0xA9A3, 0xA9A3, 0xA9A3,
  0xA9A3, 0xA9A3, 0xA9A3, 0xA9A3, 0xA9A3, 0xA9A3, 0xA9A3, 0xA9A3, 0xA9A3, 0xA9A3, 0xA9A3, 0xA9A3,
  0x70E1, 0x70E1, 0x70E1, 0xA9A3, 0xA9A3, 0xA9A3, 0xA9A3, 0xA9A3, 0xA9A3, 0xA9A3, 0xA9A3, 0xA9A3,
  0xA9A3, 0xA9A3, 0xA9A3, 0xA9A3, 0xA9A3, 0xA9A3, 0xA9A3, 0xA9A3, 0xA9A3, 0xA9A3, 0xA9A3, 0x6123,
  0x7123, 0x7123, 0x7123, 0x7123, 0x7123, 0x7123, 0x7123, 0x7123, 0x6123, 0x7123, 0x6123, 0x6123,
  0xA9A3, 0xA9A3, 0xA9A3, 0xA9A3, 0xA9A3, 0xA9A3, 0xA9A3, 0xA9A3, 0xA9A3, 0xA9A3, 0xA9A3, 0xA9A3,
  0xA9A3, 0xA9A3, 0xA9A3, 0xA9A3, 0xA9A3, 0xA9A3, 0xA9A3, 0xA9A3, 0xA9A3, 0xA9A3, 0xA9A3, 0xA9A3,
  0xA9A3, 0xA9A3, 0xA9A3, 0xA9A3, 0xA9A3, 0xA9A3, 0xA9A3, 0x6123, 0xAA46, 0xAA46, 0xAA46, 0xAA46,
  0xAA46, 0x6123, 0x8963, 0x8963, 0x8963, 0x8963, 0x6123, 0xA9A3, 0xA9A3, 0xA9A3, 0xA9A3, 0xA9A3,
  0xA9A3, 0xA9A3, 0xA9A3, 0xA9A3, 0xA9A3, 0xA9A3, 0xA9A3, 0xA9A3, 0xA9A3, 0xA9A3, 0xA9A3, 0xA9A3,
  0xA9A3, 0xA9A3, 0xC287, 0xA9A3, 0xA9A3, 0xA9A3, 0xA9A3, 0xA9A3, 0xA9A3, 0xA9A3, 0xA9A3, 0xA9A3,
  0xA9A3, 0xA9A3, 0xA9A3, 0xA9A3, 0xA9A3, 0xA9A3, 0xA9A3, 0xA9A3, 0xA9A3, 0xA9A3, 0xA9A3, 0xA9A3,
  0xA9A3, 0xA9A3, 0xA9A3, 0xA9A3, 0xA9A3, 0xA9A3, 0xA9A3, 0xA9A3, 0xA9A3, 0xA9A3, 0xA9A3, 0xA9A3,
  0xA9A3, 0xA9A3, 0xA9A3, 0xA9A3, 0xA9A3, 0xA9A3, 0xA9A3, 0xA9A3, 0xA9A3, 0xA9A3, 0xA9A3, 0xA9A3,
  0xA9A3, 0xA9A3, 0xA9A3, 0xA9A3, 0xA9A3, 0xA9A3, 0xA9A3, 0xA9A3, 0xA9A3, 0xA9A3, 0xA9A3, 0xA9A3,
  0xA9A3, 0xA9A3, 0xA9A3, 0xA9A3, 0xA9A3, 0xA9A3, 0xA9A3, 0xA9A3, 0xA9A3, 0xA9A3, 0xA9A3, 0xA9A3,
  0xA9A3, 0xA9A3, 0xA9A3, 0xA9A3, 0xA9A3, 0xA9A3, 0xA9A3, 0xA9A3, 0xA9A3, 0xA9A3, 0xA9A3, 0xA9A3,
  0xA9A3, 0xA9A3, 0xA9A3, 0xA9A3, 0xA9A3, 0xA9A3, 0xA9A3, 0xA9A3, 0xECE2, 0xECE2, 0xECE2, 0xECE2,
  0xECE2, 0xFD00, 0xFD00, 0xFD00, 0xFD00, 0xFD00, 0xFD00, 0xFD00, 0xFD00, 0xFD00, 0xFD00, 0xFD00,
  0xFD00, 0xFD00, 0xFD00, 0xFD00, 0xFD00, 0xFD00, 0xECE2, 0xECE2, 0xECE2, 0xECE2, 0xECE2, 0xECE2,
  0xECE2, 0xECE2, 0xECE2, 0xECE2, 0xECE2, 0xA9A3, 0xA9A3, 0xA9A3, 0xA9A3, 0xA9A3, 0xA9A3, 0xA9A3,
  0xA9A3, 0xA9A3, 0xA9A3, 0xA9A3, 0xA9A3, 0xA9A3, 0xA9A3, 0xA9A3, 0xA9A3, 0xA9A3, 0xA9A3, 0xA9A3,
  0xA9A3, 0xA9A3, 0xA9A3, 0xA9A3, 0xA9A3, 0xA9A3, 0xA9A3, 0xA9A3, 0xA9A3, 0xA9A3, 0xA9A3, 0xA9A3,
  0xA9A3, 0xA9A3, 0xA9A3, 0xA9A3, 0xA9A3, 0xA9A3, 0xA9A3, 0xA9A3, 0xA9A3, 0xA9A3, 0xA9A3, 0xA9A3,
  0xA9A3, 0xA9A3, 0xA9A3, 0xA9A3, 0xA9A3, 0xA9A3, 0xA9A3, 0xA9A3, 0xA9A3, 0xA9A3, 0xA9A3, 0xA9A3,
  0xA9A3, 0xA9A3, 0xA9A3, 0xA9A3, 0xA9A3, 0xA9A3, 0xA9A3, 0xA9A3, 0xA9A3, 0xA9A3, 0xA9A3, 0xA9A3,
  0x70E1, 0x70E1, 0xA9A3, 0xA9A3, 0xA9A3, 0xA9A3, 0xA9A3, 0xA9A3, 0xA9A3, 0xA9A3, 0xA9A3, 0xA9A3,
  0xA9A3, 0xA9A3, 0xA9A3, 0xA9A3, 0xA9A3, 0xA9A3, 0xA9A3, 0xA9A3, 0xA9A3, 0x6123, 0x6123, 0x6123,
  0x6123, 0x6123, 0x6123, 0x6123, 0x6123, 0x6123, 0x6123, 0x6123, 0xA9A3, 0xA9A3, 0xA9A3, 0xA9A3,
  0xA9A3, 0xA9A3, 0xA9A3, 0xA9A3, 0xA9A3, 0xA9A3, 0xA9A3, 0xA9A3, 0xA9A3, 0xA9A3, 0xA9A3, 0xA9A3,
  0xA9A3, 0xA9A3, 0xA9A3, 0xA9A3, 0xA9A3, 0xA9A3, 0xA9A3, 0xA9A3, 0xA9A3, 0xA9A3, 0xA9A3, 0xA9A3,
  0xA9A3, 0xA9A3, 0xA9A3, 0xA9A3, 0xA9A3, 0x6123, 0xAA46, 0xAA46, 0xAA46, 0xAA46, 0x8963, 0x6123,
  0x8963, 0x8963, 0x8963, 0x8963, 0x6123, 0xA9A3, 0xA9A3, 0xA9A3, 0xA9A3, 0xA9A3, 0xA9A3, 0xA9A3,
  0xA9A3, 0xA9A3, 0xA9A3, 0xA9A3, 0xA9A3, 0xA9A3, 0xA9A3, 0xA9A3, 0xA9A3, 0xA9A3, 0xA9A3, 0xA9A3,
  0xA9A3, 0xA9A3, 0xA9A3, 0xA9A3, 0xA9A3, 0xA9A3, 0xA9A3, 0xA9A3, 0xA9A3, 0xA9A3, 0xA9A3, 0xA9A3,
  0xA9A3, 0xA9A3, 0xA9A3, 0xA9A3, 0xA9A3, 0xA9A3, 0xA9A3, 0xA9A3, 0xA9A3, 0xA9A3, 0xA9A3, 0xA9A3,
  0xA9A3, 0xA9A3, 0xA9A3, 0xA9A3, 0xA9A3, 0xA9A3, 0xA9A3, 0xA9A3, 0xA9A3, 0xA9A3, 0xA9A3, 0xA9A3,
  0xA9A3, 0xA9A3, 0xA9A3, 0xA9A3, 0xA9A3, 0xA9A3, 0xA9A3, 0xA9A3, 0xA9A3, 0xA9A3, 0xA9A3, 0xA9A3,
  0xA9A3, 0xA9A3, 0xA9A3, 0xA9A3, 0xA9A3, 0xA9A3, 0xA9A3, 0xA9A3, 0xA9A3, 0xA9A3, 0xA9A3, 0xECE2,
  0xECE2, 0xECE2, 0xECE2, 0xECE2, 0xECE2, 0xECE2, 0xECE2, 0xECE2, 0xECE2, 0xECE2, 0xECE2, 0xECE2,
  0xECE2, 0xECE2, 0xECE2, 0xECE2, 0xA9A3, 0xA9A3, 0xA9A3, 0xA9A3, 0xA9A3, 0xA9A3, 0xA9A3, 0xA9A3,
  0xA9A3, 0xA9A3, 0xA9A3, 0xECE2, 0xECE2, 0xECE2, 0xECE2, 0xFD00, 0xFD00, 0xFD00, 0xFD00, 0xFD00,
  0xFD00, 0xFD00, 0xFD00, 0xFD00, 0xFD00, 0xFD00, 0xFD00, 0xFD00, 0xFD00, 0xFD00, 0xFD00, 0xFD00,
  0xFD00, 0xFD00, 0xFD00, 0xFD00, 0xFD00, 0xFD00, 0xFD00, 0xFD00, 0xFD00, 0xFD00, 0xFD00, 0xFD00,
  0xFD00, 0xFD00, 0xECE2, 0xECE2, 0xECE2, 0xECE2, 0xECE2, 0xA9A3, 0xA9A3, 0xA9A3, 0xA9A3, 0xA9A3,
  0xA9A3, 0xA9A3, 0xA9A3, 0xA9A3, 0xA9A3, 0xA9A3, 0xA9A3, 0xA9A3, 0xA9A3, 0xA9A3, 0xA9A3, 0xA9A3,
  0xA9A3, 0xA9A3, 0xA9A3, 0xA9A3, 0xA9A3, 0xA9A3, 0xA9A3, 0xA9A3, 0xA9A3, 0xA9A3, 0xA9A3, 0xA9A3,
  0xA9A3, 0xA9A3, 0xA9A3, 0xA9A3, 0xA9A3, 0xA9A3, 0xA9A3, 0xA9A3, 0xA9A3, 0xA9A3, 0xA9A3, 0xA9A3,
  0xA9A3, 0xA9A3, 0xA9A3, 0xA9A3, 0xA9A3, 0xA9A3, 0xA9A3, 0xA9A3, 0xA9A3, 0xA9A3, 0xA9A3, 0xA9A3,
  0xA9A3, 0xA9A3, 0xA9A3, 0xA9A3, 0xA9A3, 0xA9A3, 0xA9A3, 0xA9A3, 0xA9A3, 0xA9A3, 0xA9A3, 0x70E1,
  0x70E1, 0x70E1, 0xA9A3, 0xA9A3, 0xA9A3, 0xA9A3, 0xA9A3, 0xA9A3, 0xA9A3, 0xA9A3, 0xA9A3, 0xA9A3,
  0xA9A3, 0xA9A3, 0xA9A3, 0xA9A3, 0xA9A3, 0xA9A3, 0xA9A3, 0xA9A3, 0xA9A3, 0xA9A3, 0xA9A3, 0xA9A3,
  0xA9A3, 0xA9A3, 0xA9A3, 0xA9A3, 0xA9A3, 0xA9A3, 0xA9A3, 0xA9A3, 0xA9A3, 0xA9A3, 0xA9A3, 0xA9A3,
  0xA9A3, 0xA9A3, 0xA9A3, 0xA9A3, 0xA9A3, 0xA9A3, 0xA9A3, 0xA9A3, 0xA9A3, 0xA9A3, 0xA9A3, 0xA9A3,
  0xA9A3, 0xA9A3, 0xA9A3, 0xA9A3, 0xA9A3, 0xA9A3, 0xA9A3, 0xA9A3, 0xA9A3, 0xA9A3, 0xA9A3, 0xA9A3,
  0xA9A3, 0xA9A3, 0xA9A3, 0x6123, 0xAA46, 0xAA46, 0x8963, 0x8963, 0x8963, 0x6123, 0x8963, 0x8963,
  0x8963, 0x8963, 0x6123, 0xA9A3, 0xA9A3, 0xA9A3, 0xA9A3, 0xA9A3, 0xA9A3, 0xA9A3, 0xA9A3, 0xA9A3,
  0xA9A3, 0xA9A3, 0xA9A3, 0xA9A3, 0xA9A3, 0xA9A3, 0xA9A3, 0xA9A3, 0xA9A3, 0xA9A3, 0xA9A3, 0xA9A3,
  0xA9A3, 0xA9A3, 0xA9A3, 0xA9A3, 0xA9A3, 0xA9A3, 0xA9A3, 0xA9A3, 0xA9A3, 0xA9A3, 0xA9A3, 0xA9A3,
  0xA9A3, 0xA9A3, 0xA9A3, 0xA9A3, 0xA9A3, 0xA9A3, 0xA9A3, 0xA9A3, 0xA9A3, 0xA9A3, 0xA9A3, 0xA9A3,
  0xA9A3, 0xA9A3, 0xA9A3, 0xA9A3, 0xA9A3, 0xA9A3, 0xA9A3, 0xA9A3, 0xA9A3, 0xA9A3, 0xA9A3, 0xA9A3,
  0xA9A3, 0xA9A3, 0xA9A3, 0xA9A3, 0xA9A3, 0xA9A3, 0xA9A3, 0xA9A3, 0xA9A3, 0xA9A3, 0xA9A3, 0xA9A3,
  0xA9A3, 0xA9A3, 0xA9A3, 0xECE2, 0xECE2, 0xECE2, 0xECE2, 0xECE2, 0xECE2, 0xECE2, 0xFD00, 0xFD00,
  0xFD00, 0xFD00, 0xFD00, 0xFD00, 0xFD00, 0xFD00, 0xFD00, 0xFD00, 0xFD00, 0xFD00, 0xFD00, 0xFD00,
  0xFD00, 0xECE2, 0xECE2, 0xECE2, 0xECE2, 0xECE2, 0xECE2, 0xECE2, 0xECE2, 0xECE2, 0xECE2, 0xECE2,
  0xECE2, 0xECE2, 0xFD00, 0xFD00, 0xFD00, 0xFD00, 0xFD00, 0xFD00, 0xFD00, 0xFD00, 0xFD00, 0xFD00,
  0xFD00, 0xFD00, 0xFD00, 0xFD00, 0xFD00, 0xFD00, 0xFD00, 0xFD00, 0xFD00, 0xFD00, 0xFD00, 0xFD00,
  0xFD00, 0xFD00, 0xFD00, 0xFD00, 0xFD00, 0xFD00, 0xFD00, 0xFD00, 0xFD00, 0xFD00, 0xFD00, 0xFD00,
  0xFD00, 0xFD00, 0xFD00, 0xFD00, 0xFD00, 0xECE2, 0xECE2, 0xECE2, 0xECE2, 0xECE2, 0xECE2, 0xECE2,
  0xECE2, 0xECE2, 0xA9A3, 0xA9A3, 0xECE2, 0xECE2, 0xECE2, 0xECE2, 0xECE2, 0xECE2, 0xECE2, 0xECE2,
  0xECE2, 0xECE2, 0xECE2, 0xECE2, 0xECE2, 0xECE2, 0xECE2, 0xECE2, 0xECE2, 0xECE2, 0xECE2, 0xECE2,
  0xECE2, 0xECE2, 0xECE2, 0xECE2, 0xECE2, 0xECE2, 0xA9A3, 0xA9A3, 0xA9A3, 0xA9A3, 0xA9A3, 0xA9A3,
  0xA9A3, 0xA9A3, 0xA9A3, 0xA9A3, 0xA9A3, 0xA9A3, 0xA9A3, 0xA9A3, 0xA9A3, 0xA9A3, 0xA9A3, 0xA9A3,
  0xA9A3, 0xA9A3, 0xA9A3, 0xA9A3, 0xA9A3, 0xA9A3, 0xA9A3, 0xA9A3, 0xA9A3, 0xA9A3, 0xA9A3, 0xA9A3,
  0x70E1, 0x70E1, 0x70E1, 0xA9A3, 0xA9A3, 0xA9A3, 0xA9A3, 0xA9A3, 0xA9A3, 0xA9A3, 0xA9A3, 0xA9A3,
  0xA9A3, 0xA9A3, 0xA9A3, 0xA9A3, 0xA9A3, 0xA9A3, 0xA9A3, 0xA9A3, 0xA9A3, 0xA9A3, 0xA9A3, 0xA9A3,
  0xA9A3, 0xA9A3, 0xA9A3, 0xA9A3, 0xA9A3, 0xA9A3, 0xA9A3, 0xA9A3, 0xA9A3, 0xA9A3, 0xA9A3, 0xA9A3,
  0xA9A3, 0xA9A3, 0xA9A3, 0xA9A3, 0xA9A3, 0xA9A3, 0xA9A3, 0xA9A3, 0xA9A3, 0xA9A3, 0xA9A3, 0xA9A3,
  0xA9A3, 0xA9A3, 0xA9A3, 0xA9A3, 0xA9A3, 0xA9A3, 0xA9A3, 0xA9A3, 0xA9A3, 0xA9A3, 0xA9A3, 0xA9A3,
  0xA9A3, 0x6123, 0xAA46, 0xAA46, 0x8963, 0x8963, 0x8963, 0x6123, 0x8963, 0x8963, 0x8963, 0x8963,
  0x6123, 0xA9A3, 0xA9A3, 0xA9A3, 0xA9A3, 0xA9A3, 0xA9A3, 0xA9A3, 0xA9A3, 0xA9A3, 0xA9A3, 0xA9A3,
  0xA9A3, 0xA9A3, 0xA9A3, 0xA9A3, 0xA9A3, 0xA9A3, 0xA9A3, 0xA9A3, 0xA9A3, 0xA9A3, 0xA9A3, 0xA9A3,
  0xA9A3, 0xA9A3, 0xA9A3, 0xA9A3, 0xA9A3, 0xA9A3, 0xA9A3, 0xA9A3, 0xA9A3, 0xA9A3, 0xA9A3, 0xA9A3,
  0xA9A3, 0xA9A3, 0xA9A3, 0xA9A3, 0xA9A3, 0xA9A3, 0xA9A3, 0xA9A3, 0xA9A3, 0xA9A3, 0xA9A3, 0xA9A3,
  0xA9A3, 0xA9A3, 0xA9A3, 0xA9A3, 0xA9A3, 0xA9A3, 0xA9A3, 0xA9A3, 0xA9A3, 0xA9A3, 0xA9A3, 0xA9A3,
  0xA9A3, 0xA9A3, 0xA9A3, 0xA9A3, 0xA9A3, 0xA9A3, 0xA9A3, 0xA9A3, 0xA9A3, 0xA9A3, 0xA9A3, 0xA9A3,
  0xECE2, 0xECE2, 0xECE2, 0xFD00, 0xFD00, 0xFD00, 0xFD00, 0xFD00, 0xFD00, 0xFD00, 0xFD00, 0xFD00,
  0xFD00, 0xFD00, 0xFD00, 0xFD00, 0xFD00, 0xFD00, 0xFD00, 0xFD00, 0xFD00, 0xFD00, 0xFD00, 0xFD00,
  0xFD00, 0xFD00, 0xFD00, 0xFD00, 0xFD00, 0xFD00, 0xFD00, 0xFD00, 0xFD00, 0xFD00, 0xFD00, 0xFD00,
  0xFD00, 0xFD00, 0xFD00, 0xFD00, 0xFD00, 0xFD00, 0xFD00, 0xFD00, 0xFD00, 0xFD00, 0xFD00, 0xFD00,
  0xFD00, 0xFD00, 0xFD00, 0xFD00, 0xFD00, 0xFD00, 0xFD00, 0xFD00, 0xFD00, 0xFD00, 0xFD00, 0xFD00,
  0xFD00, 0xFD00, 0xFD00, 0xFD00, 0xFD00, 0xFD00, 0xFD00, 0xFD00, 0xFD00, 0xFD00, 0xFD00, 0xFD00,
  0xFD00, 0xFD00, 0xFD00, 0xFD00, 0xFD00, 0xFD00, 0xFD00, 0xFD00, 0xFD00, 0xFD00, 0xFD00, 0xFD00,
  0xECE2, 0xECE2, 0xFD00, 0xFD00, 0xFD00, 0xFD00, 0xFD00, 0xFD00, 0xFD00, 0xFD00, 0xFD00, 0xFD00,
  0xFD00, 0xFD00, 0xFD00, 0xFD00, 0xFD00, 0xFD00, 0xFD00, 0xFD00, 0xFD00, 0xFD00, 0xFD00, 0xFD00,
  0xFD00, 0xFD00, 0xFD00, 0xECE2, 0xECE2, 0xECE2, 0xECE2, 0xECE2, 0xA9A3, 0xA9A3, 0xA9A3, 0xA9A3,
  0xA9A3, 0xA9A3, 0xA9A3, 0xA9A3, 0xA9A3, 0xA9A3, 0xA9A3, 0xA9A3, 0xA9A3, 0xA9A3, 0xA9A3, 0xA9A3,
  0xA9A3, 0xA9A3, 0xA9A3, 0xA9A3, 0xA9A3, 0xA9A3, 0xA9A3, 0xA9A3, 0xA9A3, 0xA9A3, 0xA9A3, 0xA9A3,
  0x70E1, 0x70E1, 0x70E1, 0xA9A3, 0xA9A3, 0xA9A3, 0xA9A3, 0xA9A3, 0xA9A3, 0xA9A3, 0xA9A3, 0xA9A3,
  0xA9A3, 0xA9A3, 0xA9A3, 0xA9A3, 0xA9A3, 0xA9A3, 0xA9A3, 0xA9A3, 0xA9A3, 0xA9A3, 0xA9A3, 0xA9A3,
  0xA9A3, 0xA9A3, 0xA9A3, 0xA9A3, 0xA9A3, 0xA9A3, 0xA9A3, 0xA9A3, 0xA9A3, 0xA9A3, 0xA9A3, 0xA9A3,
  0xA9A3, 0xA9A3, 0xA9A3, 0xA9A3, 0xA9A3, 0xA9A3, 0xA9A3, 0xA9A3, 0xA9A3, 0xA9A3, 0xA9A3, 0xA9A3,
  0xA9A3, 0xA9A3, 0xA9A3, 0xA9A3, 0xA9A3, 0xA9A3, 0xA9A3, 0xA9A3, 0xA9A3, 0xA9A3, 0xA9A3, 0x6123,
  0xAA46, 0x8963, 0x8963, 0x8963, 0x8963, 0x6123, 0x8963, 0x8963, 0x8963, 0x8963, 0x6123, 0xA9A3,
  0xA9A3, 0xA9A3, 0xA9A3, 0xA9A3, 0xA9A3, 0xA9A3, 0xA9A3, 0xA9A3, 0xA9A3, 0xA9A3, 0xA9A3, 0xA9A3,
  0xA9A3, 0xA9A3, 0xA9A3, 0xA9A3, 0xA9A3, 0xA9A3, 0xA9A3, 0xA9A3, 0xA9A3, 0xA9A3, 0xA9A3, 0xA9A3,
  0xA9A3, 0xA9A3, 0xA9A3, 0xA9A3, 0xA9A3, 0xA9A3, 0xA9A3, 0xA9A3, 0xA9A3, 0xA9A3, 0xA9A3, 0xA9A3,
  0xA9A3, 0xA9A3, 0xA9A3, 0xA9A3, 0xA9A3, 0xA9A3, 0xA9A3, 0xA9A3, 0xA9A3, 0xA9A3, 0xA9A3, 0xA9A3,
  0xA9A3, 0xA9A3, 0xA9A3, 0xA9A3, 0xA9A3, 0xA9A3, 0xA9A3, 0xA9A3, 0xA9A3, 0xA9A3, 0xA9A3, 0xA9A3,
  0xA9A3, 0xA9A3, 0xA9A3, 0xA9A3, 0xA9A3, 0xA9A3, 0xA9A3, 0xA9A3, 0xECE2, 0xECE2, 0xECE2, 0xFD00,
  0xFD00, 0xFD00, 0xFD00, 0xFD00, 0xFD00, 0xFD00, 0xFD00, 0xFD00, 0xFD00, 0xFD00, 0xFD00, 0xFD00,
  0xFD00, 0xFD00, 0xFD00, 0xFD00, 0xFD00, 0xFD00, 0xFD00, 0xFD00, 0xFD00, 0xFD00, 0xFD00, 0xFD00,
  0xFD00, 0xFD00, 0xFD00, 0xFD00, 0xFD00, 0xFD00, 0xFD00, 0xFD00, 0xFD00, 0xFD00, 0xFD00, 0xFD00,
  0xFD00, 0xFD00, 0xFD00, 0xFD00, 0xFD00, 0xFD00, 0xFD00, 0xFD00, 0xFD00, 0xFD00, 0xFD00, 0xFD00,
  0xFD00, 0xFD00, 0xFD00, 0xFD00, 0xFD00, 0xFD00, 0xFD00, 0xFD00, 0xFD00, 0xFD00, 0xFD00, 0xFD00,
  0xFD00, 0xFD00, 0xFD00, 0xFD00, 0xFD00, 0xFD00, 0xFD00, 0xFD00, 0xFD00, 0xFD00, 0xFD00, 0xFD00,
  0xFD00, 0xFD00, 0xFD00, 0xFD00, 0xFD00, 0xFD00, 0xFD00, 0xFD00, 0xFD00, 0xFD00, 0xFD00, 0xFD00,
  0xFD00, 0xFD00, 0xFD00, 0xFD00, 0xFD00, 0xFD00, 0xFD00, 0xFD00, 0xFD00, 0xFD00, 0xFD00, 0xFD00,
  0xFD00, 0xFD00, 0xFD00, 0xFD00, 0xFD00, 0xFD00, 0xFD00, 0xFD00, 0xFD00, 0xFD00, 0xFD00, 0xFD00,
  0xFD00, 0xFD00, 0xFD00, 0xFD00, 0xFD00, 0xECE2, 0xECE2, 0xECE2, 0xA9A3, 0xA9A3, 0xA9A3, 0xA9A3,
  0xA9A3, 0xA9A3, 0xA9A3, 0xA9A3, 0xA9A3, 0xA9A3, 0xA9A3, 0xA9A3, 0xA9A3, 0xA9A3, 0xA9A3, 0xA9A3,
  0xA9A3, 0xA9A3, 0xA9A3, 0xA9A3, 0xA9A3, 0xA9A3, 0xA9A3, 0xA9A3, 0xA9A3, 0xA9A3, 0xA9A3, 0xA9A3,
  0xA9A3, 0x70E1, 0x70E1, 0x70E1, 0x70E1, 0x70E1, 0x70E1, 0x70E1, 0xA9A3, 0xA9A3, 0xA9A3, 0xA9A3,
  0xA9A3, 0xA9A3, 0xA9A3, 0xA9A3, 0xA9A3, 0xA9A3, 0xA9A3, 0xA9A3, 0xA9A3, 0xA9A3, 0xA9A3, 0xA9A3,
  0xA9A3, 0xA9A3, 0xA9A3, 0xA9A3, 0xA9A3, 0xA9A3, 0xA9A3, 0xA9A3, 0xA9A3, 0xA9A3, 0xA9A3, 0xA9A3,
  0xA9A3, 0xA9A3, 0xA9A3, 0xA9A3, 0xA9A3, 0xA9A3, 0xA9A3, 0xA9A3, 0xA9A3, 0xA9A3, 0xA9A3, 0xA9A3,
  0xA9A3, 0xA9A3, 0xA9A3, 0xA9A3, 0xA9A3, 0xA9A3, 0xA9A3, 0xA9A3, 0xA9A3, 0x6123, 0x8963, 0x8963,
  0x8963, 0x8963, 0x8963, 0x6123, 0x8963, 0x8963, 0x8963, 0x8963, 0x6123, 0xA9A3, 0xA9A3, 0xA9A3,
  0xA9A3, 0xA9A3, 0xA9A3, 0xA9A3, 0xA9A3, 0xA9A3, 0xA9A3, 0xA9A3, 0xA9A3, 0xA9A3, 0xA9A3, 0xA9A3,
  0xA9A3, 0xA9A3, 0xA9A3, 0xA9A3, 0xA9A3, 0xA9A3, 0xA9A3, 0xA9A3, 0xA9A3, 0xA9A3, 0xA9A3, 0xA9A3,
  0xA9A3, 0xA9A3, 0xA9A3, 0xA9A3, 0xA9A3, 0xA9A3, 0xA9A3, 0xA9A3, 0xA9A3, 0xA9A3, 0xA9A3, 0xA9A3,
  0xA9A3, 0xA9A3, 0xA9A3, 0xA9A3, 0xA9A3, 0xA9A3, 0xA9A3, 0xA9A3, 0xA9A3, 0xA9A3, 0xA9A3, 0xA9A3,
  0xA9A3, 0xA9A3, 0xA9A3, 0xA9A3, 0xA9A3, 0xA9A3, 0xA9A3, 0xA9A3, 0xA9A3, 0xA9A3, 0xA9A3, 0xA9A3,
  0xA9A3, 0xA9A3, 0xA9A3, 0xA9A3, 0xECE2, 0xECE2, 0xECE2, 0xFD00, 0xFD00, 0xFD00, 0xFD00, 0xFD00,
  0xFD00, 0xFD00, 0xFD00, 0xFD00, 0xFD00, 0xFD00, 0xFD00, 0xFD00, 0xFD00, 0xFD00, 0xFD00, 0xFD00,
  0xFD00, 0xFD00, 0xFD00, 0xFD00, 0xFD00, 0xFD00, 0xFD00, 0xFD00, 0xFD00, 0xFD00, 0xFD00, 0xFD00,
  0xFD00, 0xFD00, 0xFD00, 0xFD00, 0xFD00, 0xFD00, 0xFD00, 0xFD00, 0xFD00, 0xFD00, 0xFD00, 0xFD00,
  0xFD00, 0xFD00, 0xFD00, 0xFD00, 0xFD00, 0xFD00, 0xFD00, 0xFD00, 0xFD00, 0xFD00, 0xFD00, 0xFD00,
  0xFD00, 0xFD00, 0xFD00, 0xFD00, 0xFD00, 0xFD00, 0xFD00, 0xFD00, 0xFD00, 0xFD00, 0xFD00, 0xFD00,
  0xFD00, 0xFD00, 0xFD00, 0xFD00, 0xFD00, 0xFD00, 0xFD00, 0xFD00, 0xFD00, 0xFD00, 0xFD00, 0xFD00,
  0xFD00, 0xFD00, 0xFD00, 0xFD00, 0xFD00, 0xFD00, 0xFD00, 0xFD00, 0xFD00, 0xFD00, 0xFD00, 0xFD00,
  0xFD00, 0xFD00, 0xFD00, 0xFD00, 0xFD00, 0xFD00, 0xFD00, 0xFD00, 0xFD00, 0xFD00, 0xFD00, 0xFD00,
  0xFD00, 0xFD00, 0xFD00, 0xFD00, 0xFD00, 0xFD00, 0xFD00, 0xFD00, 0xFD00, 0xFD00, 0xFD00, 0xFD00,
  0xFD00, 0xFD00, 0xFD00, 0xFD00, 0xFD00, 0xECE2, 0xECE2, 0xA9A3, 0xA9A3, 0xA9A3, 0xA9A3, 0xA9A3,
  0xA9A3, 0xA9A3, 0xA9A3, 0xA9A3, 0xA9A3, 0xA9A3, 0xA9A3, 0xA9A3, 0xA9A3, 0xA9A3, 0xA9A3, 0xA9A3,
  0xA9A3, 0xA9A3, 0xA9A3, 0xA9A3, 0xA9A3, 0xA9A3, 0xA9A3, 0xA9A3, 0xA9A3, 0xA9A3, 0xA9A3, 0xA9A3,
  0xA9A3, 0xA9A3, 0xA9A3, 0xA9A3, 0xA9A3, 0x70E1, 0x70E1, 0x70E1, 0x70E1, 0x70E1, 0x70E1, 0x70E1,
  0x70E1, 0x70E1, 0xA9A3, 0xA9A3, 0xA9A3, 0xA9A3, 0xA9A3, 0xA9A3, 0xA9A3, 0xA9A3, 0xA9A3, 0xA9A3,
  0xA9A3, 0xA9A3, 0xA9A3, 0xA9A3, 0xA9A3, 0xA9A3, 0xA9A3, 0xA9A3, 0xA9A3, 0xA9A3, 0xA9A3, 0xA9A3,
  0xA9A3, 0xA9A3, 0xA9A3, 0xA9A3, 0xA9A3, 0xA9A3, 0xA9A3, 0xA9A3, 0xA9A3, 0xA9A3, 0xA9A3, 0xA9A3,
  0xA9A3, 0xA9A3, 0xA9A3, 0xA9A3, 0xA9A3, 0xA9A3, 0xA9A3, 0x6123, 0x8963, 0x8963, 0x8963, 0x8963,
  0x8963, 0x6123, 0x8963, 0x8963, 0x8963, 0x8963, 0x6123, 0xA9A3, 0xA9A3, 0xA9A3, 0xA9A3, 0xA9A3,
  0xA9A3, 0xA9A3, 0xA9A3, 0xA9A3, 0xA9A3, 0xA9A3, 0xA9A3, 0xA9A3, 0xA9A3, 0xA9A3, 0xA9A3, 0xA9A3,
  0xA9A3, 0xA9A3, 0xA9A3, 0xA9A3, 0xA9A3, 0xA9A3, 0xA9A3, 0xA9A3, 0xA9A3, 0xA9A3, 0xA9A3, 0xA9A3,
  0xA9A3, 0xA9A3, 0xA9A3, 0xA9A3, 0xA9A3, 0xA9A3, 0xA9A3, 0xA9A3, 0xA9A3, 0xA9A3, 0xA9A3, 0xA9A3,
  0xA9A3, 0xA9A3, 0xA9A3, 0xA9A3, 0xA9A3, 0xA9A3, 0xA9A3, 0xA9A3, 0xA9A3, 0xA9A3, 0xA9A3, 0xA9A3,
  0xA9A3, 0xA9A3, 0xA9A3, 0xA9A3, 0xA9A3, 0xA9A3, 0xA9A3, 0xA9A3, 0xA9A3, 0xA9A3, 0xA9A3, 0xECE2,
  0xECE2, 0xECE2, 0xECE2, 0xFD00, 0xFD00, 0xFD00, 0xFD00, 0xFD00, 0xFD00, 0xFD00, 0xFD00, 0xFD00,
  0xFD00, 0xFD00, 0xFD00, 0xFD00, 0xFD00, 0xFD00, 0xFD00, 0xFD00, 0xFD00, 0xFD00, 0xFD00, 0xFD00,
  0xFD00, 0xFD00, 0xFD00, 0xFD00, 0xFD00, 0xFD00, 0xFD00, 0xFD00, 0xFD00, 0xFD00, 0xFD00, 0xFD00,
  0xFD00, 0xFD00, 0xFD00, 0xFD00, 0xFD00, 0xFD00, 0xFD00, 0xFD00, 0xFD00, 0xFD00, 0xFD00, 0xFD00,
  0xFD00, 0xFD00, 0xFD00, 0xFD00, 0xFD00, 0xFD00, 0xFD00, 0xFD00, 0xFD00, 0xFD00, 0xFD00, 0xFD00,
  0xFD00, 0xFD00, 0xFD00, 0xFD00, 0xFD00, 0xFD00, 0xFD00, 0xFD00, 0xFD00, 0xFD00, 0xFD00, 0xFD00,
  0xFD00, 0xFD00, 0xFD00, 0xFD00, 0xFD00, 0xFD00, 0xFD00, 0xFD00, 0xFD00, 0xFD00, 0xFD00, 0xFD00,
  0xFD00, 0xFD00, 0xFD00, 0xFD00, 0xFD00, 0xFD00, 0xFD00, 0xFD00, 0xFD00, 0xFD00, 0xFD00, 0xFD00,
  0xFD00, 0xFD00, 0xFD00, 0xFD00, 0xFD00, 0xFD00, 0xFD00, 0xFD00, 0xFD00, 0xFD00, 0xFD00, 0xFD00,
  0xFD00, 0xFD00, 0xFD00, 0xFD00, 0xFD00, 0xFD00, 0xFD00, 0xFD00, 0xFD00, 0xFD00, 0xFD00, 0xFD00,
  0xFD00, 0xFD00, 0xFD00, 0xFD00, 0xECE2, 0xECE2, 0xECE2, 0xA9A3, 0xA9A3, 0xA9A3, 0xA9A3, 0xA9A3,
  0xA9A3, 0xA9A3, 0xA9A3, 0xA9A3, 0xA9A3, 0xA9A3, 0xA9A3, 0xA9A3, 0xA9A3, 0xA9A3, 0xA9A3, 0xA9A3,
  0xA9A3, 0xA9A3, 0xA9A3, 0xA9A3, 0xA9A3, 0xA9A3, 0xA9A3, 0xA9A3, 0xA9A3, 0xA9A3, 0xA9A3, 0xA9A3,
  0xA9A3, 0xA9A3, 0xA9A3, 0xA9A3, 0xA9A3, 0xA9A3, 0xA9A3, 0xA9A3, 0xA9A3, 0xA9A3, 0xA9A3, 0x70E1,
  0x70E1, 0x70E1, 0x70E1, 0x70E1, 0x70E1, 0xA9A3, 0xA9A3, 0xA9A3, 0xA9A3, 0xA9A3, 0xA9A3, 0xA9A3,
  0xA9A3, 0xA9A3, 0xA9A3, 0xA9A3, 0xA9A3, 0xA9A3, 0xA9A3, 0xA9A3, 0xA9A3, 0xA9A3, 0xA9A3, 0xA9A3,
  0xA9A3, 0xA9A3, 0xA9A3, 0xA9A3, 0xA9A3, 0xA9A3, 0xA9A3, 0xA9A3, 0xA9A3, 0xA9A3, 0xA9A3, 0xA9A3,
  0xA9A3, 0xA9A3, 0xA9A3, 0xA9A3, 0xA9A3, 0x6123, 0x8963, 0x8963, 0x8963, 0x8963, 0x8963, 0x6123,
  0x8963, 0x8963, 0x8963, 0x8963, 0x6123, 0xA9A3, 0xA9A3, 0xA9A3, 0xA9A3, 0xA9A3, 0xA9A3, 0xA9A3,
  0xA9A3, 0xA9A3, 0xA9A3, 0xA9A3, 0xA9A3, 0xA9A3, 0xA9A3, 0xA9A3, 0xA9A3, 0xA9A3, 0xA9A3, 0xA9A3,
  0xA9A3, 0xA9A3, 0xA9A3, 0xA9A3, 0xA9A3, 0xA9A3, 0xA9A3, 0xA9A3, 0xA9A3, 0xA9A3, 0xA9A3, 0xA9A3,
  0xA9A3, 0xA9A3, 0xA9A3, 0xA9A3, 0xA9A3, 0xA9A3, 0xA9A3, 0xA9A3, 0xA9A3, 0xA9A3, 0xA9A3, 0xA9A3,
  0xA9A3, 0xA9A3, 0xA9A3, 0xA9A3, 0xA9A3, 0xA9A3, 0xA9A3, 0xA9A3, 0xA9A3, 0xA9A3, 0xA9A3, 0xA9A3,
  0xA9A3, 0xA9A3, 0xA9A3, 0xA9A3, 0xA9A3, 0xA9A3, 0xECE2, 0xECE2, 0xECE2, 0xECE2, 0xFD00, 0xFD00,
  0xFD00, 0xFD00, 0xFD00, 0xFD00, 0xFD00, 0xFD00, 0xFD00, 0xFD00, 0xFD00, 0xFD00, 0xFD00, 0xFD00,
  0xFD00, 0xFD00, 0xFD00, 0xFD00, 0xFD00, 0xFD00, 0xFD00, 0xFD00, 0xFD00, 0xFD00, 0xFD00, 0xFD00,
  0xFD00, 0xFD00, 0xFD00, 0xFD00, 0xFD00, 0xFD00, 0xFD00, 0xFD00, 0xFD00, 0xFD00, 0xFD00, 0xFD00,
  0xFD00, 0xFD00, 0xFD00, 0xFD00, 0xFD00, 0xFD00, 0xFD00, 0xFD00, 0xFD00, 0xFD00, 0xFD00, 0xFD00,
  0xFD00, 0xFD00, 0xFD00, 0xFD00, 0xFD00, 0xFD00, 0xFD00, 0xFD00, 0xFD00, 0xFD00, 0xFD00, 0xFD00,
  0xFD00, 0xFD00, 0xFD00, 0xFD00, 0xFD00, 0xFD00, 0xFD00, 0xFD00, 0xFD00, 0xFD00, 0xFD00, 0xFD00,
  0xFD00, 0xFD00, 0xFD00, 0xFD00, 0xFD00, 0xFD00, 0xFD00, 0xFD00, 0xFD00, 0xFD00, 0xFD00, 0xFD00,
  0xFD00, 0xFD00, 0xFD00, 0xFD00, 0xFD00, 0xFD00, 0xFD00, 0xFD00, 0xFD00, 0xFD00, 0xFD00, 0xFD00,
  0xFD00, 0xFD00, 0xFD00, 0xFD00, 0xFD00, 0xFD00, 0xFD00, 0xFD00, 0xFD00, 0xFD00, 0xFD00, 0xFD00,
  0xFD00, 0xFD00, 0xFD00, 0xFD00, 0xFD00, 0xFD00, 0xFD00, 0xFD00, 0xFD00, 0xFD00, 0xFD00, 0xFD00,
  0xFD00, 0xFD00, 0xFD00, 0xECE2, 0xECE2, 0xECE2, 0xA9A3, 0xA9A3, 0xA9A3, 0xA9A3, 0xA9A3, 0xA9A3,
  0xA9A3, 0xA9A3, 0xA9A3, 0xA9A3, 0xA9A3, 0xA9A3, 0xA9A3, 0xA9A3, 0xA9A3, 0xA9A3, 0xA9A3, 0xA9A3,
  0xA9A3, 0xA9A3, 0xA9A3, 0xA9A3, 0xA9A3, 0xA9A3, 0xA9A3, 0xA9A3, 0xA9A3, 0xA9A3, 0xA9A3, 0xA9A3,
  0xA9A3, 0xA9A3, 0xA9A3, 0xA9A3, 0xA9A3, 0xA9A3, 0xA9A3, 0xA9A3, 0xA9A3, 0xA9A3, 0xA9A3, 0xA9A3,
  0xA9A3, 0xA9A3, 0xA9A3, 0x70E1, 0x70E1, 0x70E1, 0x70E1, 0x70E1, 0xA9A3, 0xA9A3, 0xA9A3, 0xA9A3,
  0xA9A3, 0xA9A3, 0xA9A3, 0xA9A3, 0xA9A3, 0xA9A3, 0xA9A3, 0xA9A3, 0xA9A3, 0xA9A3, 0xA9A3, 0xA9A3,
  0xA9A3, 0xA9A3, 0xA9A3, 0xA9A3, 0xA9A3, 0xA9A3, 0xA9A3, 0xA9A3, 0xA9A3, 0xA9A3, 0xA9A3, 0xA9A3,
  0xA9A3, 0xA9A3, 0xA9A3, 0x6123, 0x8963, 0x8963, 0x8963, 0x8963, 0x8963, 0x6123, 0x8963, 0x8963,
  0x8963, 0x8963, 0x6123, 0xA9A3, 0xA9A3, 0xA9A3, 0xA9A3, 0xA9A3, 0xA9A3, 0xA9A3, 0xA9A3, 0xA9A3,
  0xA9A3, 0xA9A3, 0xA9A3, 0xA9A3, 0xA9A3, 0xA9A3, 0xA9A3, 0xA9A3, 0xA9A3, 0xA9A3, 0xA9A3, 0xA9A3,
  0xA9A3, 0xA9A3, 0xA9A3, 0xA9A3, 0xA9A3, 0xA9A3, 0xA9A3, 0xA9A3, 0xA9A3, 0xA9A3, 0xA9A3, 0xA9A3,
  0xA9A3, 0xA9A3, 0xA9A3, 0xA9A3, 0xA9A3, 0xA9A3, 0xA9A3, 0xA9A3, 0xA9A3, 0xA9A3, 0xA9A3, 0xA9A3,
  0xA9A3, 0xA9A3, 0xA9A3, 0xA9A3, 0xA9A3, 0xA9A3, 0xA9A3, 0xA9A3, 0xA9A3, 0xA9A3, 0xA9A3, 0xA9A3,
  0xECE2, 0xECE2, 0xECE2, 0xECE2, 0xECE2, 0xFD00, 0xFD00, 0xFD00, 0xFD00, 0xFD00, 0xFD00, 0xFD00,
  0xFD00, 0xFD00, 0xFD00, 0xFD00, 0xFD00, 0xFD00, 0xFD00, 0xFD00, 0xFD00, 0xFD00, 0xFD00, 0xFD00,
  0xFD00, 0xFD00, 0xFD00, 0xFD00, 0xFD00, 0xFD00, 0xFD00, 0xFD00, 0xFD00, 0xFD00, 0xFD00, 0xFD00,
  0xFD00, 0xFD00, 0xFD00, 0xFD00, 0xFD00, 0xFD00, 0xFD00, 0xFD00, 0xFD00, 0xFD00, 0xFD00, 0xFD00,
  0xFD00, 0xFD00, 0xFD00, 0xFD00, 0xFD00, 0xFD00, 0xFD00, 0xFD00, 0xFD00, 0xFD00, 0xFD00, 0xFD00,
  0xFD00, 0xFD00, 0xFD00, 0xFD00, 0xFD00, 0xFD00, 0xFD00, 0xFD00, 0xFD00, 0xFD00, 0xFD00, 0xFD00,
  0xFD00, 0xFD00, 0xFD00, 0xFD00, 0xFD00, 0xFD00, 0xFD00, 0xFD00, 0xFD00, 0xFD00, 0xFD00, 0xFD00,
  0xFD00, 0xFD00, 0xFD00, 0xFD00, 0xFD00, 0xFD00, 0xFD00, 0xFD00, 0xFD00, 0xFD00, 0xFD00, 0xFD00,
  0xFD00, 0xFD00, 0xFD00, 0xFD00, 0xFD00, 0xFD00, 0xFD00, 0xFD00, 0xFD00, 0xFD00, 0xFD00, 0xFD00,
  0xFD00, 0xFD00, 0xFD00, 0xFD00, 0xFD00, 0xFD00, 0xFD00, 0xFD00, 0xFD00, 0xFD00, 0xFD00, 0xFD00,
  0xFD00, 0xFD00, 0xFD00, 0xFD00, 0xFD00, 0xFD00, 0xFD00, 0xFD00, 0xFD00, 0xFD00, 0xFD00, 0xFD00,
  0xFD00, 0xFD00, 0xFD00, 0xECE2, 0xECE2, 0xECE2, 0xA9A3, 0xA9A3, 0xA9A3, 0xA9A3, 0xA9A3, 0xA9A3,
  0xA9A3, 0xA9A3, 0xA9A3, 0xA9A3, 0xA9A3, 0xA9A3, 0xA9A3, 0xA9A3, 0xA9A3, 0xA9A3, 0xA9A3, 0xA9A3,
  0xA9A3, 0xA9A3, 0xA9A3, 0xA9A3, 0xA9A3, 0xA9A3, 0xA9A3, 0xA9A3, 0xA9A3, 0xA9A3, 0xA9A3, 0xA9A3,
  0xA9A3, 0xA9A3, 0xA9A3, 0xA9A3, 0xA9A3, 0xA9A3, 0xA9A3, 0xA9A3, 0xA9A3, 0xA9A3, 0xA9A3, 0xA9A3,
  0xA9A3, 0xA9A3, 0xA9A3, 0xA9A3, 0xA9A3, 0x70E1, 0x70E1, 0x70E1, 0xA9A3, 0xA9A3, 0xA9A3, 0xA9A3,
  0xA9A3, 0xA9A3, 0xA9A3, 0xA9A3, 0xA9A3, 0xA9A3, 0xA9A3, 0xA9A3, 0xA9A3, 0xA9A3, 0xA9A3, 0xA9A3,
  0xA9A3, 0xA9A3, 0xA9A3, 0xA9A3, 0xA9A3, 0xA9A3, 0xA9A3, 0xA9A3, 0xA9A3, 0xA9A3, 0xA9A3, 0xA9A3,
  0xA9A3, 0x6123, 0x8963, 0x8963, 0x8963, 0x8963, 0x8963, 0x6123, 0x8963, 0x8963, 0x8963, 0x8963,
  0x6123, 0xA9A3, 0xA9A3, 0xA9A3, 0xA9A3, 0xA9A3, 0xA9A3, 0xA9A3, 0xA9A3, 0xA9A3, 0xA9A3, 0xA9A3,
  0xA9A3, 0xA9A3, 0xA9A3, 0xA9A3, 0xA9A3, 0xA9A3, 0xA9A3, 0xA9A3, 0xA9A3, 0xA9A3, 0xA9A3, 0xA9A3,
  0xA9A3, 0xA9A3, 0xA9A3, 0xA9A3, 0xA9A3, 0xA9A3, 0xA9A3, 0xA9A3, 0xA9A3, 0xA9A3, 0xA9A3, 0xA9A3,
  0xA9A3, 0xA9A3, 0xA9A3, 0xA9A3, 0xA9A3, 0xA9A3, 0xA9A3, 0xA9A3, 0xA9A3, 0xA9A3, 0xA9A3, 0xA9A3,
  0xA9A3, 0xA9A3, 0xA9A3, 0xA9A3, 0xA9A3, 0xA9A3, 0xA9A3, 0xECE2, 0xECE2, 0xECE2, 0xECE2, 0xFD00,
  0xFD00, 0xFD00, 0xFD00, 0xFD00, 0xFD00, 0xFD00, 0xFD00, 0xFD00, 0xFD00, 0xFD00, 0xFD00, 0xFD00,
  0xFD00, 0xFD00, 0xFD00, 0xFD00, 0xFD00, 0xFD00, 0xFD00, 0xFD00, 0xFD00, 0xFD00, 0xFD00, 0xFD00,
  0xFD00, 0xFD00, 0xFD00, 0xFD00, 0xFD00, 0xFD00, 0xFD00, 0xFD00, 0xFD00, 0xFD00, 0xFD00, 0xFD00,
  0xFD00, 0xFD00, 0xFD00, 0xFD00, 0xFD00, 0xFD00, 0xFD00, 0xFD00, 0xFD00, 0xFD00, 0xFD00, 0xFD00,
  0xFD00, 0xFD00, 0xFD00, 0xFD00, 0xFD00, 0xFD00, 0xFD00, 0xFD00, 0xFD00, 0xFD00, 0xFD00, 0xFD00,
  0xFD00, 0xFD00, 0xFD00, 0xFD00, 0xFD00, 0xFD00, 0xFD00, 0xFD00, 0xFD00, 0xFD00, 0xFD00, 0xFD00,
  0xFD00, 0xFD00, 0xFD00, 0xFD00, 0xFD00, 0xFD00, 0xFD00, 0xFD00, 0xFD00, 0xFD00, 0xFD00, 0xFD00,
  0xFD00, 0xFD00, 0xFD00, 0xFD00, 0xFD00, 0xFD00, 0xFD00, 0xFD00, 0xFD00, 0xFD00, 0xFD00, 0xFD00,
  0xFD00, 0xFD00, 0xFD00, 0xFD00, 0xFD00, 0xFD00, 0xFD00, 0xFD00, 0xFD00, 0xFD00, 0xFD00, 0xFD00,
  0xFD00, 0xFD00, 0xFD00, 0xFD00, 0xFD00, 0xFD00, 0xFD00, 0xFD00, 0xFD00, 0xFD00, 0xFD00, 0xFD00,
  0xFD00, 0xFD00, 0xFD00, 0xFD00, 0xFD00, 0xFD00, 0xFD00, 0xFD00, 0xFD00, 0xFD00, 0xFD00, 0xFD00,
  0xFD00, 0xFD00, 0xECE2, 0xECE2, 0xECE2, 0xECE2, 0xECE2, 0xECE2, 0xA9A3, 0xA9A3, 0xA9A3, 0xA9A3,
  0xA9A3, 0xA9A3, 0xA9A3, 0xA9A3, 0xA9A3, 0xA9A3, 0xA9A3, 0xA9A3, 0xA9A3, 0xA9A3, 0xA9A3, 0xA9A3,
  0xA9A3, 0xA9A3, 0xA9A3, 0xA9A3, 0xA9A3, 0xA9A3, 0xA9A3, 0xA9A3, 0xA9A3, 0xA9A3, 0xA9A3, 0xA9A3,
  0xA9A3, 0xA9A3, 0xA9A3, 0xA9A3, 0xA9A3, 0xA9A3, 0xA9A3, 0xA9A3, 0xA9A3, 0xA9A3, 0xA9A3, 0xA9A3,
  0xA9A3, 0xA9A3, 0xA9A3, 0xA9A3, 0xA9A3, 0x70E1, 0x70E1, 0xA9A3, 0xA9A3, 0xA9A3, 0xA9A3, 0xA9A3,
  0xA9A3, 0xA9A3, 0xA9A3, 0xA9A3, 0xA9A3, 0xA9A3, 0xA9A3, 0xA9A3, 0xA9A3, 0xA9A3, 0xA9A3, 0xA9A3,
  0xA9A3, 0xA9A3, 0xA9A3, 0xA9A3, 0xA9A3, 0xA9A3, 0xA9A3, 0xA9A3, 0xA9A3, 0xA9A3, 0xA9A3, 0x6123,
  0x8963, 0x8963, 0x8963, 0x8963, 0x8963, 0x6123, 0x8963, 0x8963, 0x8963, 0x8963, 0x6123, 0xA9A3,
  0xA9A3, 0xA9A3, 0xA9A3, 0xA9A3, 0xA9A3, 0xA9A3, 0xA9A3, 0xA9A3, 0xA9A3, 0xA9A3, 0xA9A3, 0xA9A3,
  0xA9A3, 0xA9A3, 0xA9A3, 0xA9A3, 0xA9A3, 0xA9A3, 0xA9A3, 0xA9A3, 0xA9A3, 0xA9A3, 0xA9A3, 0xA9A3,
  0xA9A3, 0xA9A3, 0xA9A3, 0xA9A3, 0xA9A3, 0xA9A3, 0xA9A3, 0xA9A3, 0xA9A3, 0xA9A3, 0xA9A3, 0xA9A3,
  0xA9A3, 0xA9A3, 0xA9A3, 0xA9A3, 0xA9A3, 0xA9A3, 0xA9A3, 0xA9A3, 0xA9A3, 0xA9A3, 0xA9A3, 0xA9A3,
  0xA9A3, 0xA9A3, 0xA9A3, 0xA9A3, 0xECE2, 0xECE2, 0xFD00, 0xFD00, 0xFD00, 0xFD00, 0xFD00, 0xFD00,
  0xFD00, 0xFD00, 0xFD00, 0xFD00, 0xFD00, 0xFD00, 0xFD00, 0xFD00, 0xFD00, 0xFD00, 0xFD00, 0xFD00,
  0xFD00, 0xFD00, 0xFD00, 0xFD00, 0xFD00, 0xFD00, 0xFD00, 0xFD00, 0xFD00, 0xFD00, 0xFD00, 0xFD00,
  0xFD00, 0xFD00, 0xFD00, 0xFD00, 0xFD00, 0xFD00, 0xFD00, 0xFD00, 0xFD00, 0xFD00, 0xFD00, 0xFD00,
  0xFD00, 0xFD00, 0xFD00, 0xFD00, 0xFD00, 0xFD00, 0xFD00, 0xFD00, 0xFD00, 0xFD00, 0xFD00, 0xFD00,
  0xFD00, 0xFD00, 0xFD00, 0xFD00, 0xFD00, 0xFD00, 0xFD00, 0xFD00, 0xFD00, 0xFD00, 0xFD00, 0xFD00,
  0xFD00, 0xFD00, 0xFD00, 0xFD00, 0xFD00, 0xFD00, 0xFD00, 0xFD00, 0xFD00, 0xFD00, 0xFD00, 0xFD00,
  0xFD00, 0xFD00, 0xFD00, 0xFD00, 0xFD00, 0xFD00, 0xFD00, 0xFD00, 0xFD00, 0xFD00, 0xFD00, 0xFD00,
  0xFD00, 0xFD00, 0xFD00, 0xFD00, 0xFD00, 0xFD00, 0xFD00, 0xFD00, 0xFD00, 0xFD00, 0xFD00, 0xFD00,
  0xFD00, 0xFD00, 0xFD00, 0xFD00, 0xFD00, 0xFD00, 0xFD00, 0xFD00, 0xFD00, 0xFD00, 0xFD00, 0xFD00,
  0xFD00, 0xFD00, 0xFD00, 0xFD00, 0xFD00, 0xFD00, 0xFD00, 0xFD00, 0xFD00, 0xFD00, 0xFD00, 0xFD00,
  0xFD00, 0xFD00, 0xFD00, 0xFD00, 0xFD00, 0xFD00, 0xFD00, 0xFD00, 0xFD00, 0xFD00, 0xFD00, 0xFD00,
  0xFD00, 0xFD00, 0xFD00, 0xFD00, 0xECE2, 0xECE2, 0xECE2, 0xECE2, 0xECE2, 0xECE2, 0xECE2, 0xECE2,
  0xECE2, 0xA9A3, 0xA9A3, 0xA9A3, 0xA9A3, 0xA9A3, 0xA9A3, 0xA9A3, 0xA9A3, 0xA9A3, 0xA9A3, 0xA9A3,
  0xA9A3, 0xA9A3, 0xA9A3, 0xA9A3, 0xA9A3, 0xA9A3, 0xA9A3, 0xA9A3, 0xA9A3, 0xA9A3, 0xA9A3, 0xA9A3,
  0xA9A3, 0xA9A3, 0xA9A3, 0xA9A3, 0xA9A3, 0xA9A3, 0xA9A3, 0xA9A3, 0xA9A3, 0xA9A3, 0xA9A3, 0xA9A3,
  0xA9A3, 0xA9A3, 0xA9A3, 0xA9A3, 0x70E1, 0x70E1, 0x70E1, 0xA9A3, 0xA9A3, 0xA9A3, 0xA9A3, 0xA9A3,
  0xA9A3, 0xA9A3, 0xA9A3, 0xA9A3, 0xA9A3, 0xA9A3, 0xA9A3, 0xA9A3, 0xA9A3, 0xA9A3, 0xA9A3, 0xA9A3,
  0xA9A3, 0xA9A3, 0xA9A3, 0xA9A3, 0xA9A3, 0xA9A3, 0xA9A3, 0xA9A3, 0xA9A3, 0x6123, 0x8963, 0x8963,
  0x8963, 0x8963, 0x8963, 0x6123, 0x8963, 0x8963, 0x8963, 0x8963, 0x6123, 0xA9A3, 0xA9A3, 0xA9A3,
  0xA9A3, 0xA9A3, 0xA9A3, 0xA9A3, 0xA9A3, 0xA9A3, 0xA9A3, 0xA9A3, 0xA9A3, 0xA9A3, 0xA9A3, 0xA9A3,
  0xA9A3, 0xA9A3, 0xA9A3, 0xA9A3, 0xA9A3, 0xA9A3, 0xA9A3, 0xA9A3, 0xA9A3, 0xA9A3, 0xA9A3, 0xA9A3,
  0xA9A3, 0xA9A3, 0xA9A3, 0xA9A3, 0xA9A3, 0xA9A3, 0xA9A3, 0xA9A3, 0xA9A3, 0xA9A3, 0xA9A3, 0xA9A3,
  0xA9A3, 0xA9A3, 0xA9A3, 0xA9A3, 0xA9A3, 0xA9A3, 0xA9A3, 0xA9A3, 0xA9A3, 0xA9A3, 0xA9A3, 0xA9A3,
  0xA9A3, 0xECE2, 0xFD00, 0xFD00, 0xFD00, 0xFD00, 0xFD00, 0xFD00, 0xFD00, 0xFD00, 0xFD00, 0xFD00,
  0xFD00, 0xFD00, 0xFD00, 0xFD00, 0xFD00, 0xFD00, 0xFD00, 0xFD00, 0xFD00, 0xFD00, 0xFD00, 0xFD00,
  0xFD00, 0xFD00, 0xFD00, 0xFD00, 0xFD00, 0xFD00, 0xFD00, 0xFD00, 0xFD00, 0xFD00, 0xFD00, 0xFD00,
  0xFD00, 0xFD00, 0xFD00, 0xFD00, 0xFD00, 0xFD00, 0xFD00, 0xFD00, 0xFD00, 0xFD00, 0xFD00, 0xFD00,
  0xFD00, 0xFD00, 0xFD00, 0xFD00, 0xFD00, 0xFD00, 0xFD00, 0xFD00, 0xFD00, 0xFD00, 0xFD00, 0xFD00,
  0xFD00, 0xFD00, 0xFD00, 0xFD00, 0xFD00, 0xFD00, 0xFD00, 0xFD00, 0xFD00, 0xFD00, 0xFD00, 0xFD00,
  0xFD00, 0xFD00, 0xFD00, 0xFD00, 0xFD00, 0xFD00, 0xFD00, 0xFD00, 0xFD00, 0xFD00, 0xFD00, 0xFD00,
  0xFD00, 0xFD00, 0xFD00, 0xFD00, 0xFD00, 0xFD00, 0xFD00, 0xFD00, 0xFD00, 0xFD00, 0xFD00, 0xFD00,
  0xFD00, 0xFD00, 0xFD00, 0xFD00, 0xFD00, 0xFD00, 0xFD00, 0xFD00, 0xFD00, 0xFD00, 0xFD00, 0xFD00,
  0xFD00, 0xFD00, 0xFD00, 0xFD00, 0xFD00, 0xFD00, 0xFD00, 0xFD00, 0xFD00, 0xFD00, 0xFD00, 0xFD00,
  0xFD00, 0xFD00, 0xFD00, 0xFD00, 0xFD00, 0xFD00, 0xFD00, 0xFD00, 0xFD00, 0xFD00, 0xFD00, 0xFD00,
  0xFD00, 0xFD00, 0xFD00, 0xFD00, 0xFD00, 0xFD00, 0xFD00, 0xFD00, 0xFD00, 0xFD00, 0xFD00, 0xFD00,
  0xFD00, 0xFD00, 0xFD00, 0xFD00, 0xFD00, 0xFD00, 0xFD00, 0xFD00, 0xFD00, 0xFD00, 0xECE2, 0xECE2,
  0xECE2, 0xECE2, 0xECE2, 0xECE2, 0xECE2, 0xECE2, 0xECE2, 0xECE2, 0xECE2, 0xECE2, 0xECE2, 0xECE2,
  0xECE2, 0xECE2, 0xECE2, 0xECE2, 0xECE2, 0xECE2, 0xA9A3, 0xA9A3, 0xA9A3, 0xA9A3, 0xA9A3, 0xA9A3,
  0xA9A3, 0xA9A3, 0xA9A3, 0xA9A3, 0xA9A3, 0xA9A3, 0xA9A3, 0xA9A3, 0xA9A3, 0xA9A3, 0xA9A3, 0xA9A3,
  0xA9A3, 0xA9A3, 0xA9A3, 0xA9A3, 0x70E1, 0x70E1, 0xA9A3, 0xA9A3, 0xA9A3, 0xA9A3, 0xA9A3, 0xA9A3,
  0xA9A3, 0xA9A3, 0xA9A3, 0xA9A3, 0xA9A3, 0xA9A3, 0xA9A3, 0xA9A3, 0xA9A3, 0xA9A3, 0xA9A3, 0xA9A3,
  0xA9A3, 0xA9A3, 0xA9A3, 0xA9A3, 0xA9A3, 0xA9A3, 0xA9A3, 0x6123, 0x8963, 0x8963, 0x8963, 0x8963,
  0x8963, 0x6123, 0x8963, 0x8963, 0x8963, 0x8963, 0x6123, 0xA9A3, 0xA9A3, 0xA9A3, 0xA9A3, 0xA9A3,
  0xA9A3, 0xA9A3, 0xA9A3, 0xA9A3, 0xA9A3, 0xA9A3, 0xA9A3, 0xA9A3, 0xA9A3, 0xA9A3, 0xA9A3, 0xA9A3,
  0xA9A3, 0xA9A3, 0xA9A3, 0xA9A3, 0xA9A3, 0xA9A3, 0xA9A3, 0xA9A3, 0xA9A3, 0xA9A3, 0xA9A3, 0xA9A3,
  0xA9A3, 0xA9A3, 0xA9A3, 0xA9A3, 0xA9A3, 0xA9A3, 0xA9A3, 0xA9A3, 0xA9A3, 0xA9A3, 0xA9A3, 0xA9A3,
  0xA9A3, 0xA9A3, 0xA9A3, 0xA9A3, 0xA9A3, 0xA9A3, 0xA9A3, 0xECE2, 0xECE2, 0xECE2, 0xECE2, 0xECE2,
  0xFD00, 0xFD00, 0xFD00, 0xFD00, 0xFD00, 0xFD00, 0xFD00, 0xFD00, 0xFD00, 0xFD00, 0xFD00, 0xFD00,
  0xFD00, 0xFD00, 0xFD00, 0xFD00, 0xFD00, 0xFD00, 0xFD00, 0xFD00, 0xFD00, 0xFD00, 0xFD00, 0xFD00,
  0xFD00, 0xFD00, 0xFD00, 0xFD00, 0xFD00, 0xFD00, 0xFD00, 0xFD00, 0xFD00, 0xFD00, 0xFD00, 0xFD00,
  0xFD00, 0xFD00, 0xFD00, 0xFD00, 0xFD00, 0xFD00, 0xFD00, 0xFD00, 0xFD00, 0xFD00, 0xFD00, 0xFD00,
  0xFD00, 0xFD00, 0xFD00, 0xFD00, 0xFD00, 0xFD00, 0xFD00, 0xFD00, 0xFD00, 0xFD00, 0xFD00, 0xFD00,
  0xFD00, 0xFD00, 0xFD00, 0xFD00, 0xFD00, 0xFD00, 0xFD00, 0xFD00, 0xFD00, 0xFD00, 0xFD00, 0xFD00,
  0xFD00, 0xFD00, 0xFD00, 0xFD00, 0xFD00, 0xFD00, 0xFD00, 0xFD00, 0xFD00, 0xFD00, 0xFD00, 0xFD00,
  0xFD00, 0xFD00, 0xFD00, 0xFD00, 0xFD00, 0xFD00, 0xFD00, 0xFD00, 0xFD00, 0xFD00, 0xFD00, 0xFD00,
  0xFD00, 0xFD00, 0xFD00, 0xFD00, 0xFC60, 0xFC60, 0xFC60, 0xFC60, 0xFD00, 0xFD00, 0xFD00, 0xFD00,
  0xFD00, 0xFD00, 0xFD00, 0xFD00, 0xFD00, 0xFD00, 0xFD00, 0xFD00, 0xFD00, 0xFD00, 0xFD00, 0xFD00,
  0xFD00, 0xFD00, 0xFD00, 0xFD00, 0xFD00, 0xFD00, 0xFD00, 0xFD00, 0xFD00, 0xFD00, 0xFD00, 0xFD00,
  0xFD00, 0xFD00, 0xFD00, 0xFD00, 0xFD00, 0xFD00, 0xFD00, 0xFD00, 0xFD00, 0xFD00, 0xFD00, 0xFD00,
  0xFD00, 0xFD00, 0xFD00, 0xFD00, 0xFD00, 0xFD00, 0xFD00, 0xFD00, 0xFD00, 0xFD00, 0xFD00, 0xFD00,
  0xFD00, 0xFD00, 0xFD00, 0xFD00, 0xFD00, 0xFD00, 0xFD00, 0xFD00, 0xFD00, 0xFD00, 0xFD00, 0xFD00,
  0xFD00, 0xFD00, 0xFD00, 0xECE2, 0xECE2, 0xECE2, 0xA9A3, 0xA9A3, 0xA9A3, 0xA9A3, 0xA9A3, 0xA9A3,
  0xA9A3, 0xA9A3, 0xA9A3, 0xA9A3, 0xA9A3, 0xA9A3, 0xA9A3, 0xA9A3, 0xA9A3, 0xA9A3, 0xA9A3, 0xA9A3,
  0xA9A3, 0xA9A3, 0xA9A3, 0xA9A3, 0x70E1, 0x70E1, 0xA9A3, 0xA9A3, 0xA9A3, 0xA9A3, 0xA9A3, 0xA9A3,
  0xA9A3, 0xA9A3, 0xA9A3, 0xA9A3, 0xA9A3, 0xA9A3, 0xA9A3, 0xA9A3, 0xA9A3, 0xA9A3, 0xA9A3, 0xA9A3,
  0xA9A3, 0xA9A3, 0xA9A3, 0xA9A3, 0xA9A3, 0x6123, 0x8963, 0x8963, 0x8963, 0x8963, 0x8963, 0x6123,
  0x8963, 0x8963, 0x8963, 0x8963, 0x6123, 0xA9A3, 0xA9A3, 0xA9A3, 0xA9A3, 0xA9A3, 0xA9A3, 0xA9A3,
  0xA9A3, 0xA9A3, 0xA9A3, 0xA9A3, 0xA9A3, 0xA9A3, 0xA9A3, 0xA9A3, 0xA9A3, 0xA9A3, 0xA9A3, 0xA9A3,
  0xA9A3, 0xA9A3, 0xA9A3, 0xA9A3, 0xA9A3, 0xA9A3, 0xA9A3, 0xA9A3, 0xECE2, 0xECE2, 0xECE2, 0xECE2,
  0xECE2, 0xECE2, 0xECE2, 0xECE2, 0xECE2, 0xECE2, 0xECE2, 0xECE2, 0xECE2, 0xA9A3, 0xA9A3, 0xA9A3,
  0xECE2, 0xECE2, 0xECE2, 0xECE2, 0xECE2, 0xECE2, 0xFD00, 0xFD00, 0xFD00, 0xFD00, 0xFD00, 0xFD00,
  0xFD00, 0xFD00, 0xFD00, 0xFD00, 0xFD00, 0xFD00, 0xFD00, 0xFD00, 0xFD00, 0xFD00, 0xFD00, 0xFD00,
  0xFD00, 0xFD00, 0xFD00, 0xFD00, 0xFD00, 0xFD00, 0xFD00, 0xFD00, 0xFD00, 0xFD00, 0xFD00, 0xFD00,
  0xFD00, 0xFD00, 0xFD00, 0xFD00, 0xFD00, 0xFD00, 0xFD00, 0xFD00, 0xFD00, 0xFD00, 0xFD00, 0xFD00,
  0xFD00, 0xFD00, 0xFD00, 0xFD00, 0xFD00, 0xFD00, 0xFD00, 0xFD00, 0xFD00, 0xFD00, 0xFD00, 0xFD00,
  0xFD00, 0xFD00, 0xFD00, 0xFD00, 0xFD00, 0xFD00, 0xFD00, 0xFD00, 0xFD00, 0xFD00, 0xFD00, 0xFD00,
  0xFD00, 0xFD00, 0xFD00, 0xFD00, 0xFD00, 0xFD00, 0xFD00, 0xFD00, 0xFD00, 0xFD00, 0xFD00, 0xFD00,
  0xFD00, 0xFD00, 0xFD00, 0xFD00, 0xFD00, 0xFD00, 0xFD00, 0xFD00, 0xFD00, 0xFD00, 0xFD00, 0xFD00,
  0xFD00, 0xFD00, 0xFD00, 0xFD00, 0xFD00, 0xFD00, 0xFD00, 0xFD00, 0xFD00, 0xFD00, 0xFD00, 0xFD00,
  0xFD00, 0xFC60, 0xFC60, 0xFC60, 0xFC60, 0xFC60, 0xFC60, 0xFC60, 0xFC60, 0xFD00, 0xFD00, 0xFD00,
  0xFD00, 0xFD00, 0xFD00, 0xFD00, 0xFD00, 0xFD00, 0xFD00, 0xFD00, 0xFD00, 0xFD00, 0xFD00, 0xFD00,
  0xFD00, 0xFD00, 0xFD00, 0xFD00, 0xFD00, 0xFD00, 0xFD00, 0xFD00, 0xFD00, 0xFD00, 0xFD00, 0xFD00,
  0xFD00, 0xFD00, 0xFD00, 0xFD00, 0xFD00, 0xFD00, 0xFD00, 0xFD00, 0xFD00, 0xFD00, 0xFD00, 0xFD00,
  0xFD00, 0xFD00, 0xFD00, 0xFD00, 0xFD00, 0xFD00, 0xFD00, 0xFD00, 0xFD00, 0xFD00, 0xFD00, 0xFD00,
  0xFD00, 0xFD00, 0xFD00, 0xFD00, 0xFD00, 0xFD00, 0xFD00, 0xFD00, 0xFD00, 0xFD00, 0xFD00, 0xFD00,
  0xFD00, 0xFD00, 0xFD00, 0xECE2, 0xECE2, 0xECE2, 0xA9A3, 0xA9A3, 0xA9A3, 0xA9A3, 0xA9A3, 0xA9A3,
  0xA9A3, 0xA9A3, 0xA9A3, 0xA9A3, 0xA9A3, 0xA9A3, 0xA9A3, 0xA9A3, 0xA9A3, 0xA9A3, 0xA9A3, 0xA9A3,
  0xA9A3, 0xA9A3, 0xA9A3, 0x70E1, 0x70E1, 0xA9A3, 0xA9A3, 0xA9A3, 0xA9A3, 0xA9A3, 0xA9A3, 0xA9A3,
  0xA9A3, 0xA9A3, 0xA9A3, 0xA9A3, 0xA9A3, 0xA9A3, 0xA9A3, 0xA9A3, 0xA9A3, 0xA9A3, 0xA9A3, 0xA9A3,
  0xA9A3, 0xA9A3, 0xA9A3, 0x6123, 0x8963, 0x8963, 0x8963, 0x8963, 0x8963, 0x6123, 0x8963, 0x8963,
  0x8963, 0x8963, 0x6123, 0xA9A3, 0xA9A3, 0xA9A3, 0xA9A3, 0xA9A3, 0xA9A3, 0xA9A3, 0xA9A3, 0xA9A3,
  0xA9A3, 0xA9A3, 0xA9A3, 0xA9A3, 0xA9A3, 0xA9A3, 0xA9A3, 0xA9A3, 0xA9A3, 0xA9A3, 0xA9A3, 0xA9A3,
  0xA9A3, 0xA9A3, 0xA9A3, 0xECE2, 0xECE2, 0xECE2, 0xECE2, 0xFD00, 0xFD00, 0xFD00, 0xFD00, 0xFD00,
  0xFD00, 0xFD00, 0xFD00, 0xFD00, 0xFD00, 0xFD00, 0xECE2, 0xECE2, 0xECE2, 0xECE2, 0xECE2, 0xFD00,
  0xFD00, 0xFD00, 0xFD00, 0xFD00, 0xFD00, 0xFD00, 0xFD00, 0xFD00, 0xFD00, 0xFD00, 0xFD00, 0xFD00,
  0xFD00, 0xFD00, 0xFD00, 0xFD00, 0xFD00, 0xFD00, 0xFD00, 0xFD00, 0xFD00, 0xFD00, 0xFD00, 0xFD00,
  0xFD00, 0xFD00, 0xFD00, 0xFD00, 0xFD00, 0xFD00, 0xFD00, 0xFD00, 0xFD00, 0xFD00, 0xFD00, 0xFD00,
  0xFD00, 0xFD00, 0xFD00, 0xFD00, 0xFD00, 0xFD00, 0xFD00, 0xFD00, 0xFD00, 0xFD00, 0xFD00, 0xFD00,
  0xFD00, 0xFD00, 0xFD00, 0xFD00, 0xFD00, 0xFD00, 0xFD00, 0xFD00, 0xFD00, 0xFD00, 0xFD00, 0xFD00,
  0xFD00, 0xFD00, 0xFD00, 0xFD00, 0xFD00, 0xFD00, 0xFD00, 0xFD00, 0xFD00, 0xFD00, 0xFD00, 0xFD00,
  0xFD00, 0xFD00, 0xFD00, 0xFD00, 0xFD00, 0xFD00, 0xFD00, 0xFD00, 0xFD00, 0xFD00, 0xFD00, 0xFD00,
  0xFD00, 0xFD00, 0xFD00, 0xFD00, 0xFD00, 0xFD00, 0xFD00, 0xFD00, 0xFD00, 0xFD00, 0xFD00, 0xFD00,
  0xFD00, 0xFD00, 0xFD00, 0xFD00, 0xFD00, 0xFD00, 0xFD00, 0xFD00, 0xFD00, 0xFD00, 0xFD00, 0xFD00,
  0xFD00, 0xFC60, 0xFC60, 0xFC60, 0xFC60, 0xFC60, 0xFC60, 0xFC60, 0xFC60, 0xFD00, 0xFD00, 0xFD00,
  0xFD00, 0xFD00, 0xFD00, 0xFD00, 0xFD00, 0xFD00, 0xFD00, 0xFD00, 0xFD00, 0xFD00, 0xFD00, 0xFD00,
  0xFD00, 0xFD00, 0xFD00, 0xFD00, 0xFD00, 0xFD00, 0xFD00, 0xFD00, 0xFD00, 0xFD00, 0xFD00, 0xFD00,
  0xFD00, 0xFD00, 0xFD00, 0xFD00, 0xFD00, 0xFD00, 0xFD00, 0xFD00, 0xFD00, 0xFD00, 0xFD00, 0xFD00,
  0xFD00, 0xFD00, 0xFD00, 0xFD00, 0xFD00, 0xFD00, 0xFD00, 0xFD00, 0xFD00, 0xFD00, 0xFD00, 0xFD00,
  0xFD00, 0xFD00, 0xFD00, 0xFD00, 0xFD00, 0xFD00, 0xFD00, 0xFD00, 0xFD00, 0xFD00, 0xFD00, 0xFD00,
  0xFD00, 0xFD00, 0xFD00, 0xECE2, 0xECE2, 0xECE2, 0xA9A3, 0xA9A3, 0xA9A3, 0xA9A3, 0xA9A3, 0xA9A3,
  0xA9A3, 0xA9A3, 0xA9A3, 0xA9A3, 0xA9A3, 0xA9A3, 0xA9A3, 0xA9A3, 0xA9A3, 0xA9A3, 0xA9A3, 0xA9A3,
  0xA9A3, 0xA9A3, 0xA9A3, 0x70E1, 0x70E1, 0x70E1, 0xA9A3, 0xA9A3, 0xA9A3, 0xA9A3, 0xA9A3, 0xA9A3,
  0xA9A3, 0xA9A3, 0xA9A3, 0xA9A3, 0xA9A3, 0xA9A3, 0xA9A3, 0xA9A3, 0xA9A3, 0xA9A3, 0xA9A3, 0xA9A3,
  0xA9A3, 0x6123, 0x8963, 0x8963, 0x8963, 0x8963, 0x8963, 0x6123, 0x8963, 0x8963, 0x8963, 0x8963,
  0x6123, 0xA9A3, 0xA9A3, 0xA9A3, 0xA9A3, 0xA9A3, 0xA9A3, 0xA9A3, 0xA9A3, 0xA9A3, 0xA9A3, 0xA9A3,
  0xA9A3, 0xA9A3, 0xA9A3, 0xA9A3, 0xA9A3, 0xA9A3, 0xA9A3, 0xA9A3, 0xA9A3, 0xA9A3, 0xA9A3, 0xA9A3,
  0xECE2, 0xECE2, 0xFD00, 0xFD00, 0xFD00, 0xFD00, 0xFD00, 0xFD00, 0xFD00, 0xFD00, 0xFD00, 0xFD00,
  0xFD00, 0xFD00, 0xFD00, 0xFD00, 0xFD00, 0xFD00, 0xFD00, 0xFD00, 0xFD00, 0xFD00, 0xFD00, 0xFD00,
  0xFD00, 0xFD00, 0xFD00, 0xFD00, 0xFD00, 0xFD00, 0xFD00, 0xFD00, 0xFD00, 0xFD00, 0xFD00, 0xFD00,
  0xFD00, 0xFD00, 0xFD00, 0xFD00, 0xFD00, 0xFD00, 0xFD00, 0xFD00, 0xFD00, 0xFD00, 0xFD00, 0xFD00,
  0xFD00, 0xFD00, 0xFD00, 0xFD00, 0xFD00, 0xFD00, 0xFD00, 0xFD00, 0xFD00, 0xFD00, 0xFD00, 0xFD00,
  0xFD00, 0xFD00, 0xFD00, 0xFD00, 0xFD00, 0xFD00, 0xFD00, 0xFD00, 0xFD00, 0xFD00, 0xFD00, 0xFD00,
  0xFD00, 0xFD00, 0xFD00, 0xFD00, 0xFD00, 0xFD00, 0xFD00, 0xFD00, 0xFD00, 0xFD00, 0xFD00, 0xFD00,
  0xFD00, 0xFD00, 0xFD00, 0xFD00, 0xFD00, 0xFD00, 0xFD00, 0xFD00, 0xFD00, 0xFD00, 0xFD00, 0xFD00,
  0xFD00, 0xFD00, 0xFD00, 0xFD00, 0xFD00, 0xFD00, 0xFD00, 0xFD00, 0xFD00, 0xFD00, 0xFD00, 0xFD00,
  0xFD00, 0xFD00, 0xFD00, 0xFD00, 0xFD00, 0xFD00, 0xFD00, 0xFD00, 0xFD00, 0xFD00, 0xFD00, 0xFD00,
  0xFD00, 0xFD00, 0xFD00, 0xFD00, 0xFD00, 0xFD00, 0xFD00, 0xFD00, 0xFD00, 0xFD00, 0xFD00, 0xFD00,
  0xFD00, 0xFD00, 0xFC60, 0xFC60, 0xFC60, 0xFC60, 0xFC60, 0xFC60, 0xFC60, 0xFD00, 0xFD00, 0xFD00,
  0xFD00, 0xFD00, 0xFD00, 0xFD00, 0xFD00, 0xFD00, 0xFD00, 0xFD00, 0xFD00, 0xFD00, 0xFD00, 0xFD00,
  0xFD00, 0xFD00, 0xFD00, 0xFD00, 0xFD00, 0xFD00, 0xFD00, 0xFD00, 0xFD00, 0xFD00, 0xFD00, 0xFD00,
  0xFD00, 0xFD00, 0xFD00, 0xFD00, 0xFD00, 0xFD00, 0xFD00, 0xFD00, 0xFD00, 0xFD00, 0xFD00, 0xFD00,
  0xFD00, 0xFD00, 0xFD00, 0xFD00, 0xFD00, 0xFD00, 0xFD00, 0xFD00, 0xFD00, 0xFD00, 0xFD00, 0xFD00,
  0xFD00, 0xFD00, 0xFD00, 0xFD00, 0xFD00, 0xFD00, 0xFD00, 0xFD00, 0xFD00, 0xFD00, 0xFD00, 0xFD00,
  0xFD00, 0xFD00, 0xFD00, 0xECE2, 0xECE2, 0xECE2, 0xA9A3, 0xA9A3, 0xA9A3, 0xA9A3, 0xA9A3, 0xA9A3,
  0xA9A3, 0xA9A3, 0xA9A3, 0xA9A3, 0xA9A3, 0xA9A3, 0xA9A3, 0xA9A3, 0xA9A3, 0xA9A3, 0xA9A3, 0xA9A3,
  0xA9A3, 0xA9A3, 0xA9A3, 0xA9A3, 0x70E1, 0x70E1, 0x70E1, 0xA9A3, 0xA9A3, 0xA9A3, 0xA9A3, 0xA9A3,
  0xA9A3, 0xA9A3, 0xA9A3, 0xA9A3, 0xA9A3, 0xA9A3, 0xA9A3, 0xA9A3, 0xA9A3, 0xA9A3, 0xA9A3, 0x6123,
  0x8963, 0x8963, 0x8963, 0x8963, 0x8963, 0x6123, 0x8963, 0x8963, 0x8963, 0x8963, 0x6123, 0xA9A3,
  0xA9A3, 0xA9A3, 0xA9A3, 0xA9A3, 0xA9A3, 0xA9A3, 0xA9A3, 0xA9A3, 0xA9A3, 0xA9A3, 0xA9A3, 0xA9A3,
  0xA9A3, 0xA9A3, 0xA9A3, 0xA9A3, 0xA9A3, 0xA9A3, 0xECE2, 0xECE2, 0xECE2, 0xECE2, 0xECE2, 0xFD00,
  0xFD00, 0xFD00, 0xFD00, 0xFD00, 0xFD00, 0xFD00, 0xFD00, 0xFD00, 0xFD00, 0xFD00, 0xFD00, 0xFD00,
  0xFD00, 0xFD00, 0xFD00, 0xFD00, 0xFD00, 0xFD00, 0xFD00, 0xFD00, 0xFD00, 0xFD00, 0xFD00, 0xFD00,
  0xFD00, 0xFD00, 0xFD00, 0xFD00, 0xFD00, 0xFD00, 0xFD00, 0xFD00, 0xFD00, 0xFD00, 0xFD00, 0xFD00,
  0xFD00, 0xFD00, 0xFD00, 0xFD00, 0xFD00, 0xFD00, 0xFD00, 0xFD00, 0xFD00, 0xFD00, 0xFD00, 0xFD00,
  0xFD00, 0xFD00, 0xFD00, 0xFD00, 0xFD00, 0xFD00, 0xFD00, 0xFD00, 0xFD00, 0xFD00, 0xFD00, 0xFD00,
  0xFD00, 0xFD00, 0xFD00, 0xFD00, 0xFD00, 0xFD00, 0xFD00, 0xFD00, 0xFD00, 0xFD00, 0xFD00, 0xFD00,
  0xFD00, 0xFD00, 0xFD00, 0xFD00, 0xFD00, 0xFD00, 0xFD00, 0xFD00, 0xFD00, 0xFD00, 0xFD00, 0xFD00,
  0xFD00, 0xFD00, 0xFD00, 0xFD00, 0xFD00, 0xFD00, 0xFD00, 0xFD00, 0xFD00, 0xFD00, 0xFD00, 0xFD00,
  0xFD00, 0xFD00, 0xFD00, 0xFD00, 0xFD00, 0xFD00, 0xFD00, 0xFD00, 0xFD00, 0xFD00, 0xFD00, 0xFD00,
  0xFD00, 0xFD00, 0xFD00, 0xFD00, 0xFD00, 0xFD00, 0xFD00, 0xFD00, 0xFD00, 0xFD00, 0xFD00, 0xFD00,
  0xFD00, 0xFD00, 0xFD00, 0xFD00, 0xFD00, 0xFD00, 0xFD00, 0xFD00, 0xFD00, 0xFD00, 0xFD00, 0xFD00,
  0xFD00, 0xFC60, 0xFC60, 0xFC60, 0xFC60, 0xFC60, 0xFC60, 0xFC60, 0xFC60, 0xFC60, 0xFC60, 0xFC60,
  0xFC60, 0xFC60, 0xFD00, 0xFD00, 0xFD00, 0xFD00, 0xFD00, 0xFD00, 0xFD00, 0xFD00, 0xFD00, 0xFD00,
  0xFD00, 0xFD00, 0xFD00, 0xFD00, 0xFD00, 0xFD00, 0xFD00, 0xFD00, 0xFD00, 0xFD00, 0xFD00, 0xFD00,
  0xFD00, 0xFD00, 0xFD00, 0xFD00, 0xFD00, 0xFD00, 0xFD00, 0xFD00, 0xFD00, 0xFD00, 0xFD00, 0xFD00,
  0xFD00, 0xFD00, 0xFD00, 0xFD00, 0xFD00, 0xFD00, 0xFD00, 0xFD00, 0xFD00, 0xFD00, 0xFD00, 0xFD00,
  0xFD00, 0xFD00, 0xFD00, 0xFD00, 0xFD00, 0xFD00, 0xFD00, 0xFD00, 0xFD00, 0xFD00, 0xFD00, 0xFD00,
  0xFD00, 0xFD00, 0xFD00, 0xECE2, 0xECE2, 0xECE2, 0xA9A3, 0xA9A3, 0xA9A3, 0xA9A3, 0xA9A3, 0xA9A3,
  0xA9A3, 0xA9A3, 0xA9A3, 0xA9A3, 0xA9A3, 0xA9A3, 0xA9A3, 0xA9A3, 0xA9A3, 0xA9A3, 0xA9A3, 0xA9A3,
  0xA9A3, 0xA9A3, 0xA9A3, 0xA9A3, 0x70E1, 0x70E1, 0x70E1, 0xA9A3, 0xA9A3, 0xA9A3, 0xA9A3, 0xA9A3,
  0xA9A3, 0xA9A3, 0xA9A3, 0xA9A3, 0xA9A3, 0xA9A3, 0xA9A3, 0xA9A3, 0xA9A3, 0x6123, 0x8963, 0x8963,
  0x8963, 0x8963, 0x8963, 0x6123, 0x8963, 0x8963, 0x8963, 0x8963, 0x6123, 0xA9A3, 0xA9A3, 0xA9A3,
  0xA9A3, 0xA9A3, 0xA9A3, 0xA9A3, 0xA9A3, 0xA9A3, 0xA9A3, 0xA9A3, 0xA9A3, 0xA9A3, 0xA9A3, 0xA9A3,
  0xA9A3, 0xA9A3, 0xA9A3, 0xA9A3, 0xECE2, 0xFD00, 0xFD00, 0xFD00, 0xFD00, 0xFD00, 0xFD00, 0xFD00,
  0xFD00, 0xFD00, 0xFD00, 0xFD00, 0xFD00, 0xFD00, 0xFD00, 0xFD00, 0xFD00, 0xFD00, 0xFD00, 0xFD00,
  0xFD00, 0xFD00, 0xFD00, 0xFD00, 0xFD00, 0xFD00, 0xFD00, 0xFD00, 0xFD00, 0xFD00, 0xFD00, 0xFD00,
  0xFD00, 0xFD00, 0xFD00, 0xFD00, 0xFD00, 0xFD00, 0xFD00, 0xFD00, 0xFD00, 0xFD00, 0xFD00, 0xFD00,
  0xFD00, 0xFD00, 0xFD00, 0xFD00, 0xFD00, 0xFD00, 0xFD00, 0xFD00, 0xFD00, 0xFD00, 0xFD00, 0xFD00,
  0xFD00, 0xFD00, 0xFD00, 0xFD00, 0x46B9, 0xFD00, 0xFD00, 0xFD00, 0xFD00, 0xFD00, 0xFD00, 0xFD00,
  0xFD00, 0xFD00, 0xFD00, 0xFD00, 0xFD00, 0xFD00, 0xFD00, 0xFD00, 0xFD00, 0xFD00, 0xFD00, 0xFD00,
  0xFD00, 0xFD00, 0xFD00, 0xFD00, 0xFD00, 0xFD00, 0xFD00, 0xFD00, 0xFD00, 0xFD00, 0xFD00, 0xFD00,
  0xFD00, 0xFD00, 0xFD00, 0xFD00, 0xFD00, 0xFD00, 0xFD00, 0xFD00, 0xFD00, 0xFD00, 0xFD00, 0xFD00,
  0xFD00, 0xFD00, 0xFD00, 0xFD00, 0xFD00, 0xFD00, 0xFD00, 0xFD00, 0xFD00, 0xFD00, 0xFD00, 0xFD00,
  0xFD00, 0xFD00, 0xFD00, 0xFD00, 0xFD00, 0xFD00, 0xFD00, 0xFD00, 0xFD00, 0xFD00, 0xFD00, 0xFD00,
  0xFD00, 0xFD00, 0xFD00, 0xFD00, 0xFD00, 0xFD00, 0xFD00, 0xFD00, 0xFD00, 0xFD00, 0xFD00, 0xFD00,
  0xFD00, 0xFD00, 0xFC60, 0xFD00, 0xFD00, 0xFD00, 0xFC60, 0xFC60, 0xFC60, 0xFC60, 0xFC60, 0xFC60,
  0xFD00, 0xFD00, 0xFD00, 0xFD00, 0xFD00, 0xFD00, 0xFD00, 0xFD00, 0xFD00, 0xFD00, 0xFD00, 0xFD00,
  0xFD00, 0xFD00, 0xFD00, 0xFD00, 0xFD00, 0xFD00, 0xFD00, 0xFD00, 0xFD00, 0xFD00, 0xFD00, 0xFD00,
  0xFD00, 0xFD00, 0xFD00, 0xFD00, 0xFD00, 0xFD00, 0xFD00, 0xFD00, 0xFD00, 0xFD00, 0xFD00, 0xFD00,
  0xFD00, 0xFD00, 0xFD00, 0xFD00, 0xFD00, 0xFD00, 0xFD00, 0xFD00, 0xFD00, 0xFD00, 0xFD00, 0xFD00,
  0xFD00, 0xFD00, 0xFD00, 0xFD00, 0xFD00, 0xFD00, 0xFD00, 0xFD00, 0xFD00, 0xFD00, 0xFD00, 0xFD00,
  0xFD00, 0xFD00, 0xFD00, 0xECE2, 0xECE2, 0xECE2, 0xECE2, 0xA9A3, 0xA9A3, 0xA9A3, 0xA9A3, 0xA9A3,
  0xA9A3, 0xA9A3, 0xA9A3, 0xA9A3, 0xA9A3, 0xA9A3, 0xA9A3, 0xA9A3, 0xA9A3, 0xA9A3, 0xA9A3, 0xA9A3,
  0xA9A3, 0xA9A3, 0xA9A3, 0xA9A3, 0x70E1, 0x70E1, 0x70E1, 0xA9A3, 0xA9A3, 0xA9A3, 0xA9A3, 0xA9A3,
  0xA9A3, 0xA9A3, 0xA9A3, 0xA9A3, 0xA9A3, 0xA9A3, 0xA9A3, 0x6123, 0x8963, 0x8963, 0x8963, 0x8963,
  0x8963, 0x6123, 0x8963, 0x8963, 0x8963, 0x8963, 0x6123, 0xA9A3, 0xA9A3, 0xA9A3, 0xA9A3, 0xA9A3,
  0xA9A3, 0xA9A3, 0xA9A3, 0xA9A3, 0xA9A3, 0xA9A3, 0xA9A3, 0xA9A3, 0xA9A3, 0xA9A3, 0xA9A3, 0xA9A3,
  0xA9A3, 0xA9A3, 0xECE2, 0xFD00, 0xFD00, 0xFD00, 0xFD00, 0xFD00, 0xFD00, 0xFD00, 0xFD00, 0xFD00,
  0xFD00, 0xFD00, 0xFD00, 0xFD00, 0xFD00, 0xFD00, 0xFD00, 0xFD00, 0xFD00, 0xFD00, 0xFD00, 0xFD00,
  0xFD00, 0xFD00, 0xFD00, 0xFD00, 0xFD00, 0xFD00, 0xFD00, 0xFD00, 0xFD00, 0xFD00, 0xFD00, 0xFD00,
  0xFD00, 0xFD00, 0xFD00, 0xFD00, 0xFD00, 0xFD00, 0xFD00, 0xFD00, 0xFD00, 0xFD00, 0xFD00, 0xFD00,
  0xFD00, 0xFD00, 0xFD00, 0xFD00, 0xFD00, 0xFD00, 0xFD00, 0xFD00, 0xFD00, 0xFD00, 0x82E2, 0x82E2,
  0xFD00, 0xFD00, 0x46B9, 0xFD00, 0xFD00, 0xFD00, 0xFD00, 0xFD00, 0xFD00, 0xFD00, 0xFD00, 0xFD00,
  0xFD00, 0xFD00, 0xFD00, 0xFD00, 0xFD00, 0xFD00, 0xFD00, 0xFD00, 0xFD00, 0xFD00, 0xFD00, 0xFD00,
  0xFD00, 0xFD00, 0xFD00, 0xFD00, 0xFD00, 0xFD00, 0xFD00, 0xFD00, 0xFD00, 0xFD00, 0xFD00, 0xFD00,
  0xFD00, 0xFD00, 0xFD00, 0xFD00, 0xFD00, 0xFD00, 0xFD00, 0xFD00, 0xFD00, 0xFD00, 0xFD00, 0xFD00,
  0xFD00, 0xFD00, 0xFD00, 0xFD00, 0xFD00, 0xFD00, 0xFD00, 0xFD00, 0xFD00, 0xFD00, 0xFD00, 0xFD00,
  0xFD00, 0xFD00, 0xFD00, 0xFD00, 0xFD00, 0xFD00, 0xFD00, 0xFD00, 0xFD00, 0xFD00, 0xFD00, 0xFD00,
  0xFD00, 0xFD00, 0xFD00, 0xFD00, 0xFD00, 0xFD00, 0xFD00, 0xFD00, 0xFD00, 0xFD00, 0xFD00, 0xFD00,
  0xFD00, 0xFD00, 0xFD00, 0xFD00, 0xFD00, 0xFD00, 0xFD00, 0xFD00, 0xFD00, 0xFD00, 0xFD00, 0xFD00,
  0xFD00, 0xFD00, 0xFD00, 0xFD00, 0xFD00, 0xFD00, 0xFD00, 0xFD00, 0xFD00, 0xFD00, 0xFD00, 0xFD00,
  0xFD00, 0xFD00, 0xFD00, 0xFD00, 0xFD00, 0xFD00, 0xFD00, 0xFD00, 0xFD00, 0xFD00, 0xFD00, 0xFD00,
  0xFD00, 0xFD00, 0xFD00, 0xFD00, 0xFD00, 0xFD00, 0xFD00, 0xFD00, 0xFD00, 0xFD00, 0xFD00, 0xFD00,
  0xFD00, 0xFD00, 0xFD00, 0xFD00, 0xFD00, 0xFD00, 0xFD00, 0xFD00, 0xFD00, 0xFD00, 0xFD00, 0xFD00,
  0xFD00, 0xFD00, 0xFD00, 0xFD00, 0xFD00, 0xFD00, 0xFD00, 0xFD00, 0xFD00, 0xFD00, 0xFD00, 0xFD00,
  0xFD00, 0xFD00, 0xFD00, 0xFD00, 0xECE2, 0xECE2, 0xECE2, 0xA9A3, 0xA9A3, 0xA9A3, 0xA9A3, 0xA9A3,
  0xA9A3, 0xA9A3, 0xA9A3, 0xA9A3, 0xA9A3, 0xA9A3, 0xA9A3, 0xA9A3, 0xA9A3, 0xA9A3, 0xA9A3, 0xA9A3,
  0xA9A3, 0xA9A3, 0xA9A3, 0xA9A3, 0x70E1, 0x70E1, 0x70E1, 0xA9A3, 0xA9A3, 0xA9A3, 0xA9A3, 0xA9A3,
  0xA9A3, 0xA9A3, 0xA9A3, 0xA9A3, 0xA9A3, 0x6123, 0x8963, 0x8963, 0x8963, 0x8963, 0x8963, 0x6123,
  0x8963, 0x8963, 0x8963, 0x7123, 0x6123, 0xA9A3, 0xA9A3, 0xA9A3, 0xA9A3, 0xA9A3, 0xA9A3, 0xA9A3,
  0xA9A3, 0xA9A3, 0xA9A3, 0xA9A3, 0xA9A3, 0xA9A3, 0xA9A3, 0xA9A3, 0xA9A3, 0xA9A3, 0xA9A3, 0xA9A3,
  0xECE2, 0xFD00, 0xFD00, 0xFD00, 0xFD00, 0xFD00, 0xFD00, 0xFD00, 0xFD00, 0xFD00, 0xFD00, 0xFD00,
  0xFD00, 0xFD00, 0xFD00, 0xFD00, 0xFD00, 0xFD00, 0xFD00, 0xFD00, 0xFD00, 0xFD00, 0xFD00, 0xFD00,
  0xFD00, 0xFD00, 0xFD00, 0x70E1, 0x70E1, 0x70E1, 0x70E1, 0x70E1, 0x70E1, 0x70E1, 0x70E1, 0x70E1,
  0x70E1, 0x70E1, 0x70E1, 0x70E1, 0x70E1, 0x70E1, 0x70E1, 0x70E1, 0xFD00, 0xFD00, 0xFD00, 0xFD00,
  0xFD00, 0xFD00, 0xFD00, 0xFD00, 0xFD00, 0xFD00, 0xFD00, 0xFD00, 0x82E2, 0x82E2, 0xFD00, 0xE5CD,
  0xD568, 0xFD00, 0xFD00, 0xFD00, 0xFD00, 0xFD00, 0xFD00, 0xFD00, 0xFD00, 0xFD00, 0xFD00, 0xFD00,
  0xFD00, 0xFD00, 0xFD00, 0xFD00, 0xFD00, 0xFD00, 0xFD00, 0xFD00, 0xFD00, 0xFD00, 0xFD00, 0xFD00,
  0xFD00, 0xFD00, 0xFD00, 0xFD00, 0xFD00, 0xFD00, 0xFD00, 0xFD00, 0xFD00, 0xFD00, 0xFD00, 0xFD00,
  0xFD00, 0xFD00, 0xFD00, 0xFD00, 0xFD00, 0xFD00, 0xFD00, 0xFD00, 0xFD00, 0xFD00, 0xFD00, 0xFD00,
  0xFD00, 0xFD00, 0xFD00, 0xFD00, 0xFD00, 0xFD00, 0xFD00, 0xFD00, 0xFD00, 0xFD00, 0xFD00, 0xFD00,
  0xFD00, 0xFD00, 0xFD00, 0xFD00, 0xFD00, 0xFD00, 0xFD00, 0xFD00, 0xFD00, 0xFD00, 0xFD00, 0xFD00,
  0xFD00, 0xFD00, 0xFD00, 0xFD00, 0xFD00, 0xFD00, 0xFD00, 0xFD00, 0xFD00, 0xFD00, 0xFD00, 0xFD00,
  0xFD00, 0xFD00, 0xFD00, 0xFD00, 0xFD00, 0xFD00, 0xFD00, 0xFD00, 0xFD00, 0xFD00, 0xFD00, 0xFD00,
  0xFD00, 0xFD00, 0xFD00, 0xFD00, 0xFD00, 0xFD00, 0xFD00, 0xFD00, 0xFD00, 0xFD00, 0xFD00, 0xFD00,
  0xFD00, 0xFD00, 0xFD00, 0xFD00, 0xFD00, 0xFD00, 0xFD00, 0xFD00, 0xFD00, 0xFD00, 0xFD00, 0xFD00,
  0xFD00, 0xFD00, 0xFD00, 0xFD00, 0xFD00, 0xFD00, 0xFD00, 0xFD00, 0xFD00, 0xFD00, 0xFD00, 0xFD00,
  0xFD00, 0xFD00, 0xFD00, 0xFD00, 0xFD00, 0xFD00, 0xFD00, 0xFD00, 0xFD00, 0xFD00, 0xFD00, 0xFD00,
  0xFD00, 0xFD00, 0xFD00, 0xFD00, 0xFD00, 0xFD00, 0xFD00, 0xFD00, 0xFD00, 0xFD00, 0xFD00, 0xFD00,
  0xFD00, 0xFD00, 0xFD00, 0xFD00, 0xECE2, 0xECE2, 0xECE2, 0xECE2, 0xA9A3, 0xA9A3, 0xA9A3, 0xA9A3,
  0xA9A3, 0xA9A3, 0xA9A3, 0xA9A3, 0xA9A3, 0xA9A3, 0xA9A3, 0xA9A3, 0xA9A3, 0xA9A3, 0xA9A3, 0xA9A3,
  0xA9A3, 0xA9A3, 0xA9A3, 0xA9A3, 0x70E1, 0x70E1, 0xA9A3, 0xA9A3, 0xA9A3, 0xA9A3, 0xA9A3, 0xA9A3,
  0xA9A3, 0xA9A3, 0xA9A3, 0x6123, 0x8963, 0x8963, 0x8963, 0x8963, 0x8963, 0x6123, 0x8963, 0x8963,
  0x8963, 0x7123, 0x6123, 0xA9A3, 0xA9A3, 0xA9A3, 0xA9A3, 0xA9A3, 0xA9A3, 0xA9A3, 0xA9A3, 0xA9A3,
  0xA9A3, 0xA9A3, 0xA9A3, 0xA9A3, 0xA9A3, 0xA9A3, 0xA9A3, 0xA9A3, 0xA9A3, 0xA9A3, 0xECE2, 0xFD00,
  0xFD00, 0xFD00, 0xFD00, 0xFD00, 0xFD00, 0xFD00, 0xFD00, 0xFD00, 0xFD00, 0xFD00, 0xFD00, 0xFD00,
  0xFD00, 0xFD00, 0xFD00, 0xFD00, 0xFD00, 0xFD00, 0xFD00, 0xFD00, 0x70E1, 0x70E1, 0x70E1, 0x70E1,
  0x70E1, 0x70E1, 0xA9A3, 0xA9A3, 0xA9A3, 0xA9A3, 0xA9A3, 0xA9A3, 0xA9A3, 0xA9A3, 0xA9A3, 0xA9A3,
  0xA9A3, 0xA9A3, 0xA9A3, 0xA9A3, 0xA9A3, 0x70E1, 0x70E1, 0x70E1, 0x70E1, 0x70E1, 0x70E1, 0x70E1,
  0x70E1, 0x70E1, 0xFD00, 0xFD00, 0xFD00, 0x1D54, 0x1D54, 0x1D54, 0x1D54, 0xFD00, 0xFD00, 0xFD00,
  0xFD00, 0xFD00, 0xFD00, 0xFD00, 0xFD00, 0xFD00, 0xFD00, 0xFD00, 0xFD00, 0xFD00, 0xFD00, 0xFD00,
  0xFD00, 0xFD00, 0xFD00, 0xFD00, 0xFD00, 0xFD00, 0xFD00, 0xFD00, 0xFD00, 0xFD00, 0xFD00, 0xFD00,
  0xFD00, 0xFD00, 0xFD00, 0xFD00, 0xFD00, 0xFD00, 0xFD00, 0xFD00, 0xFD00, 0xFD00, 0xFD00, 0xFD00,
  0xFD00, 0xFD00, 0xFD00, 0xFD00, 0xFD00, 0xFD00, 0xFD00, 0xFD00, 0xFD00, 0xFD00, 0xFD00, 0xFD00,
  0xFD00, 0xFD00, 0xFD00, 0xFD00, 0xFD00, 0xFD00, 0xFD00, 0xFD00, 0xFD00, 0xFD00, 0xFD00, 0xFD00,
  0xFD00, 0xFD00, 0xFD00, 0xFD00, 0xFD00, 0xFD00, 0xFD00, 0xFD00, 0xFD00, 0xFD00, 0xFD00, 0xFD00,
  0xFD00, 0xFD00, 0xFD00, 0xFD00, 0xFD00, 0xFD00, 0xFD00, 0xFD00, 0xFD00, 0xFD00, 0xFD00, 0xFD00,
  0xFD00, 0xFD00, 0xFD00, 0xFD00, 0xFD00, 0xFD00, 0xFD00, 0xFD00, 0xFD00, 0xFD00, 0xFD00, 0xFD00,
  0xFD00, 0xFD00, 0xFD00, 0xFD00, 0xFD00, 0xFD00, 0xFD00, 0xFD00, 0xFD00, 0xFD00, 0xFD00, 0xFD00,
  0xFD00, 0xFD00, 0xFD00, 0xFD00, 0xFD00, 0xFD00, 0xFD00, 0xFD00, 0xFD00, 0xFD00, 0xFD00, 0xFD00,
  0xFD00, 0xFD00, 0xFD00, 0xFD00, 0xFD00, 0xFD00, 0xFD00, 0xFD00, 0xFD00, 0xFD00, 0xFD00, 0xFD00,
  0xFD00, 0xFD00, 0xFD00, 0xFD00, 0xFD00, 0xFD00, 0xFD00, 0xFD00, 0xFD00, 0xFD00, 0xFD00, 0xFD00,
  0xFD00, 0xFD00, 0xFD00, 0xFD00, 0xFD00, 0xFD00, 0xFD00, 0xFD00, 0xFD00, 0xFD00, 0xFD00, 0xFD00,
  0xFD00, 0xFD00, 0xFD00, 0xFD00, 0xFD00, 0xECE2, 0xECE2, 0xECE2, 0xECE2, 0xA9A3, 0xA9A3, 0xA9A3,
  0xA9A3, 0xA9A3, 0xA9A3, 0xA9A3, 0xA9A3, 0xA9A3, 0xA9A3, 0xA9A3, 0xA9A3, 0xA9A3, 0xA9A3, 0xA9A3,
  0xA9A3, 0xA9A3, 0xA9A3, 0x70E1, 0xA9A3, 0xA9A3, 0xA9A3, 0xA9A3, 0xA9A3, 0xA9A3, 0xA9A3, 0xA9A3,
  0xA9A3, 0x6123, 0x8963, 0x8963, 0x8963, 0x8963, 0x8963, 0x6123, 0x6123, 0x8963, 0x7123, 0x7123,
  0x6123, 0xA9A3, 0xA9A3, 0xA9A3, 0xA9A3, 0xA9A3, 0xA9A3, 0xA9A3, 0xA9A3, 0xA9A3, 0xA9A3, 0xA9A3,
  0xA9A3, 0xA9A3, 0xA9A3, 0xA9A3, 0xA9A3, 0xA9A3, 0xA9A3, 0xA9A3, 0xECE2, 0xFD00, 0xFD00, 0xFD00,
  0xFD00, 0xFD00, 0xFD00, 0xFD00, 0xFD00, 0xFD00, 0xFD00, 0xFD00, 0xFD00, 0xFD00, 0xFD00, 0xFD00,
  0xFD00, 0xFD00, 0xFD00, 0x70E1, 0x70E1, 0x70E1, 0x70E1, 0xA9A3, 0xA9A3, 0xA9A3, 0xA9A3, 0xA9A3,
  0xA9A3, 0xA9A3, 0xA9A3, 0xA9A3, 0xA9A3, 0xA9A3, 0xA9A3, 0xA9A3, 0xA9A3, 0xA9A3, 0xA9A3, 0xA9A3,
  0xA9A3, 0xA9A3, 0xA9A3, 0xA9A3, 0xA9A3, 0xA9A3, 0xA9A3, 0xA9A3, 0xA9A3, 0xA9A3, 0xA9A3, 0x70E1,
  0x70E1, 0x70E1, 0xE5CD, 0x70E1, 0x1D54, 0x1D54, 0xFD00, 0xFD00, 0xFD00, 0xFD00, 0xFD00, 0xFD00,
  0xFD00, 0xFD00, 0xFD00, 0xFD00, 0xFD00, 0xFD00, 0xFD00, 0xFD00, 0xFD00, 0xFD00, 0xFD00, 0xFD00,
  0xFD00, 0xFD00, 0xFD00, 0xFD00, 0xFD00, 0xFD00, 0xFD00, 0xFD00, 0xFD00, 0xFD00, 0xFD00, 0xFD00,
  0xFD00, 0xFD00, 0xFD00, 0xFD00, 0xFD00, 0xFD00, 0xFD00, 0xFD00, 0xFD00, 0xFD00, 0xFD00, 0xFD00,
  0xFD00, 0xFD00, 0xFD00, 0xFD00, 0xFD00, 0xFD00, 0xFD00, 0xFD00, 0xFD00, 0xFD00, 0xFD00, 0xFD00,
  0xFD00, 0xFD00, 0xFD00, 0xFD00, 0xFD00, 0xFD00, 0xFD00, 0xFD00, 0xFD00, 0xFD00, 0xFD00, 0xFD00,
  0xFD00, 0xFD00, 0xFD00, 0xFD00, 0xFD00, 0xFD00, 0xFD00, 0xFD00, 0xFD00, 0xFD00, 0xFD00, 0xFD00,
  0xFD00, 0xFD00, 0xFD00, 0xFD00, 0xFD00, 0xFD00, 0xFD00, 0xFD00, 0xFD00, 0xFD00, 0xFD00, 0xFD00,
  0xFD00, 0xFD00, 0xFD00, 0xFD00, 0xFD00, 0xFD00, 0xFD00, 0xFD00, 0xFD00, 0xFD00, 0xFD00, 0xFD00,
  0xFD00, 0xFD00, 0xFD00, 0xFD00, 0xFD00, 0xFD00, 0xFD00, 0xFD00, 0xFD00, 0xFD00, 0xFD00, 0xFD00,
  0xFD00, 0xFD00, 0xFD00, 0xFD00, 0xFD00, 0xFD00, 0xFD00, 0xFD00, 0xFD00, 0xFD00, 0xFD00, 0xFD00,
  0xFD00, 0xFD00, 0xFD00, 0xFD00, 0xFD00, 0xFD00, 0xFD00, 0xFD00, 0xFD00, 0xFD00, 0xFD00, 0xFD00,
  0xFD00, 0xFD00, 0xFD00, 0xFD00, 0xFD00, 0xFD00, 0xFD00, 0xFD00, 0xFD00, 0xFD00, 0xFD00, 0xFD00,
  0xFD00, 0xFD00, 0xFD00, 0xFD00, 0xFD00, 0xFD00, 0xFD00, 0xFD00, 0xFD00, 0xFD00, 0xFD00, 0xFD00,
  0xFD00, 0xFD00, 0xFD00, 0xFD00, 0xFD00, 0xFD00, 0xECE2, 0xECE2, 0xA9A3, 0xA9A3, 0xA9A3, 0xA9A3,
  0xA9A3, 0xA9A3, 0xA9A3, 0xA9A3, 0xA9A3, 0xA9A3, 0xA9A3, 0xA9A3, 0xA9A3, 0xA9A3, 0xA9A3, 0xA9A3,
  0xA9A3, 0x70E1, 0x70E1, 0xA9A3, 0xA9A3, 0xA9A3, 0xA9A3, 0xA9A3, 0xA9A3, 0xA9A3, 0xA9A3, 0x6123,
  0x8963, 0x8963, 0x8963, 0x8963, 0x8963, 0x8963, 0x6123, 0x8963, 0x7123, 0x7123, 0x6123, 0xA9A3,
  0xA9A3, 0xA9A3, 0xA9A3, 0xA9A3, 0xA9A3, 0xA9A3, 0xA9A3, 0xA9A3, 0xA9A3, 0xA9A3, 0xA9A3, 0xA9A3,
  0xA9A3, 0xA9A3, 0xA9A3, 0xA9A3, 0xA9A3, 0xA9A3, 0xECE2, 0xFD00, 0xFD00, 0xFD00, 0xFD00, 0xFD00,
  0xFD00, 0xFD00, 0xFD00, 0xFD00, 0xFD00, 0xFD00, 0xFD00, 0xFD00, 0xFD00, 0xFD00, 0x70E1, 0x70E1,
  0x70E1, 0x70E1, 0xA9A3, 0xA9A3, 0xA9A3, 0xA9A3, 0xA9A3, 0xA9A3, 0xA9A3, 0xA9A3, 0xA9A3, 0xA9A3,
  0xA9A3, 0xA9A3, 0xA9A3, 0xA9A3, 0xA9A3, 0xA9A3, 0xA9A3, 0xA9A3, 0xA9A3, 0xA9A3, 0xA9A3, 0xA9A3,
  0xA9A3, 0xA9A3, 0xA9A3, 0xA9A3, 0xA9A3, 0xA9A3, 0xA9A3, 0xA9A3, 0xA9A3, 0xA9A3, 0xA9A3, 0xA9A3,
  0xA9A3, 0xA9A3, 0xABE3, 0xABE3, 0x70E1, 0x70E1, 0x70E1, 0x70E1, 0xFD00, 0xFD00, 0xFD00, 0xFD00,
  0xFD00, 0xFD00, 0xFD00, 0xFD00, 0xFD00, 0xFD00, 0xFD00, 0xFD00, 0xFD00, 0xFD00, 0xFD00, 0xFD00,
  0xFD00, 0xFD00, 0xFD00, 0xFD00, 0xFD00, 0xFD00, 0xFD00, 0xFD00, 0xFD00, 0xFD00, 0xFD00, 0xFD00,
  0xFD00, 0xFD00, 0xFD00, 0xFD00, 0xFD00, 0xFD00, 0xFD00, 0xFD00, 0xFD00, 0xFD00, 0xFD00, 0xFD00,
  0xFD00, 0xFD00, 0xFD00, 0xFD00, 0xFD00, 0xFD00, 0xFD00, 0xFD00, 0xFD00, 0xFD00, 0xFD00, 0xFD00,
  0xFD00, 0xFD00, 0xFD00, 0xFD00, 0xFD00, 0xFD00, 0xFD00, 0xFD00, 0xFD00, 0xFD00, 0xFD00, 0xFD00,
  0xFD00, 0xFD00, 0xFD00, 0xFD00, 0xFD00, 0xFD00, 0xFD00, 0xFD00, 0xFD00, 0xFD00, 0xFD00, 0xFD00,
  0xFD00, 0xFD00, 0xFD00, 0xFD00, 0xFD00, 0xFD00, 0xFD00, 0xFD00, 0xFD00, 0xFD00, 0xFD00, 0xFD00,
  0xFD00, 0xFD00, 0xFD00, 0xFD00, 0xFD00, 0xFD00, 0xFD00, 0xFD00, 0xFD00, 0xFD00, 0xFD00, 0xFD00,
  0xFD00, 0xFD00, 0xFD00, 0xFD00, 0xFD00, 0xFD00, 0xFD00, 0xFD00, 0xFD00, 0xFD00, 0xFD00, 0xFD00,
  0xFD00, 0xFD00, 0xFD00, 0xFD00, 0xFD00, 0xFD00, 0xFC60, 0xFC60, 0xFC60, 0xFC60, 0xFC60, 0xFC60,
  0xFC60, 0xFD00, 0xFD00, 0xFD00, 0xFD00, 0xFD00, 0xFD00, 0xFD00, 0xFD00, 0xFD00, 0xFD00, 0xFD00,
  0xFD00, 0xFD00, 0xFD00, 0xFD00, 0xFD00, 0xFD00, 0xFD00, 0xFD00, 0xFD00, 0xFD00, 0xFD00, 0xFD00,
  0xFD00, 0xFD00, 0xFD00, 0xFD00, 0xFD00, 0xFD00, 0xFD00, 0xFD00, 0xFD00, 0xFD00, 0xFD00, 0xFD00,
  0xFD00, 0xFD00, 0xFD00, 0xFD00, 0xFD00, 0xECE2, 0xECE2, 0xA9A3, 0xA9A3, 0xA9A3, 0xA9A3, 0xA9A3,
  0xA9A3, 0xA9A3, 0xA9A3, 0xA9A3, 0xA9A3, 0xA9A3, 0xA9A3, 0xA9A3, 0xA9A3, 0xA9A3, 0xA9A3, 0xA9A3,
  0x70E1, 0x70E1, 0xA9A3, 0xA9A3, 0xA9A3, 0xA9A3, 0xA9A3, 0xA9A3, 0xA9A3, 0x6123, 0x8963, 0x8963,
  0x8963, 0x8963, 0x8963, 0x8963, 0x6123, 0x7123, 0x7123, 0x7123, 0x6123, 0xA9A3, 0xA9A3, 0xA9A3,
  0xA9A3, 0xA9A3, 0xA9A3, 0xA9A3, 0xA9A3, 0xA9A3, 0xA9A3, 0xA9A3, 0xA9A3, 0xA9A3, 0xA9A3, 0xA9A3,
  0xA9A3, 0xA9A3, 0xA9A3, 0xA9A3, 0xECE2, 0xFD00, 0xFD00, 0xFD00, 0xFD00, 0xFD00, 0xFD00, 0xFD00,
  0xFD00, 0xFD00, 0xFD00, 0xFD00, 0xFD00, 0xFD00, 0x70E1, 0x70E1, 0x70E1, 0xC287, 0xC287, 0xA9A3,
  0xA9A3, 0xA9A3, 0xA9A3, 0xA9A3, 0xA9A3, 0xA9A3, 0xA9A3, 0xA9A3, 0xA9A3, 0xA9A3, 0xA9A3, 0xA9A3,
  0xA9A3, 0xA9A3, 0xA9A3, 0xA9A3, 0xA9A3, 0xA9A3, 0xA9A3, 0xA9A3, 0xA9A3, 0xA9A3, 0xA9A3, 0xA9A3,
  0xA9A3, 0xA9A3, 0xA9A3, 0xA9A3, 0xA9A3, 0xA9A3, 0xA9A3, 0xA9A3, 0xA9A3, 0xA9A3, 0xA9A3, 0xA9A3,
  0xABE3, 0xA9A3, 0xABE3, 0xA9A3, 0xA9A3, 0xA9A3, 0x70E1, 0x70E1, 0x70E1, 0xFD00, 0xFD00, 0xFD00,
  0xFD00, 0xFD00, 0xFD00, 0xFD00, 0xFD00, 0xFD00, 0xFD00, 0xFD00, 0xFD00, 0xFD00, 0xFD00, 0xFD00,
  0xFD00, 0xFD00, 0xFD00, 0xFD00, 0xFD00, 0xFD00, 0xFD00, 0xFD00, 0xFD00, 0xFD00, 0xFD00, 0xFD00,
  0xFD00, 0xFD00, 0xFD00, 0xFD00, 0xFD00, 0xFD00, 0xFD00, 0xFD00, 0xFD00, 0xFD00, 0xFD00, 0xFD00,
  0xFD00, 0xFD00, 0xFD00, 0xFD00, 0xFD00, 0xFD00, 0xFD00, 0xFD00, 0xFD00, 0xFD00, 0xFD00, 0xFD00,
  0xFD00, 0xFD00, 0xFD00, 0xFD00, 0xFD00, 0xFD00, 0xFD00, 0xFD00, 0xFD00, 0xFD00, 0xFD00, 0xFD00,
  0xFD00, 0xFD00, 0xFD00, 0xFD00, 0xFD00, 0xFD00, 0xFD00, 0xFD00, 0xFD00, 0xFD00, 0xFD00, 0xFD00,
  0xFD00, 0xFD00, 0xFD00, 0xFD00, 0xFD00, 0xFD00, 0xFD00, 0xFD00, 0xFD00, 0xFD00, 0xFD00, 0xFD00,
  0xFD00, 0xFD00, 0xFD00, 0xFD00, 0xFD00, 0xFD00, 0xFD00, 0xFD00, 0xFD00, 0xFD00, 0xFD00, 0xFD00,
  0xFD00, 0xFD00, 0xFD00, 0xFD00, 0xFD00, 0xFD00, 0xFD00, 0xFD00, 0xFD00, 0xFD00, 0xFD00, 0xFD00,
  0xFD00, 0xFD00, 0xFD00, 0xFD00, 0xFC60, 0xFC60, 0xFC60, 0xFC60, 0xFC60, 0xFC60, 0xFC60, 0xFC60,
  0xFC60, 0xFD00, 0xFD00, 0xFD00, 0xFD00, 0xFD00, 0xFD00, 0xFD00, 0xFD00, 0xFD00, 0xFD00, 0xFD00,
  0xFD00, 0xFD00, 0xFD00, 0xFD00, 0xFD00, 0xFD00, 0xFD00, 0xFD00, 0xFD00, 0xFD00, 0xFD00, 0xFD00,
  0xFD00, 0xFD00, 0xFD00, 0xFD00, 0xFD00, 0xFD00, 0xFD00, 0xFD00, 0xFD00, 0xFD00, 0xFD00, 0xFD00,
  0xFD00, 0xFD00, 0xFD00, 0xFD00, 0xECE2, 0xECE2, 0xECE2, 0xA9A3, 0xA9A3, 0xA9A3, 0xA9A3, 0xA9A3,
  0xA9A3, 0xA9A3, 0xA9A3, 0xA9A3, 0xA9A3, 0xA9A3, 0xA9A3, 0xA9A3, 0xA9A3, 0xA9A3, 0xA9A3, 0x70E1,
  0xA9A3, 0xA9A3, 0xA9A3, 0xA9A3, 0xA9A3, 0xA9A3, 0xA9A3, 0x6123, 0x8963, 0x8963, 0x8963, 0x8963,
  0x8963, 0x8963, 0x6123, 0x7123, 0x7123, 0x7123, 0x6123, 0xA9A3, 0xA9A3, 0xA9A3, 0xA9A3, 0xA9A3,
  0xA9A3, 0xA9A3, 0xA9A3, 0xA9A3, 0xA9A3, 0xA9A3, 0xA9A3, 0xA9A3, 0xA9A3, 0xA9A3, 0xA9A3, 0xA9A3,
  0xA9A3, 0xA9A3, 0xECE2, 0xFD00, 0xFD00, 0xFD00, 0xFD00, 0xFD00, 0xFD00, 0xFD00, 0xFD00, 0xFD00,
  0xFD00, 0xFD00, 0x70E1, 0x70E1, 0xC287, 0xC287, 0xC287, 0xC287, 0xC287, 0xA9A3, 0xA9A3, 0xA9A3,
  0xA9A3, 0xA9A3, 0xA9A3, 0xA9A3, 0xA9A3, 0xA9A3, 0xA9A3, 0xA9A3, 0xD1C3, 0xD1C3, 0xE321, 0xA9A3,
  0xA9A3, 0xA9A3, 0xA9A3, 0xA9A3, 0xA9A3, 0xA9A3, 0xA9A3, 0xA9A3, 0xA9A3, 0xA9A3, 0xA9A3, 0xA9A3,
  0xA9A3, 0xA9A3, 0xA9A3, 0xA9A3, 0xA9A3, 0xA9A3, 0xA9A3, 0xA9A3, 0xA9A3, 0xABE3, 0xA9A3, 0xA9A3,
  0xA9A3, 0xA9A3, 0xA9A3, 0xA9A3, 0xA9A3, 0xA9A3, 0x70E1, 0x70E1, 0x70E1, 0xFD00, 0xFD00, 0xFD00,
  0xFD00, 0xFD00, 0xFD00, 0xFD00, 0xFD00, 0xFD00, 0xFD00, 0xFD00, 0xFD00, 0xFD00, 0xFD00, 0xFD00,
  0xFD00, 0xFD00, 0xFD00, 0xFD00, 0xFD00, 0xFD00, 0xFC60, 0xFC60, 0xFC60, 0xFC60, 0xFC60, 0xFC60,
  0xFC60, 0xFD00, 0xFD00, 0xFD00, 0xFC60, 0xFC60, 0xFC60, 0xFC60, 0xFD00, 0xFD00, 0xFD00, 0xFD00,
  0xFD00, 0xFD00, 0xFD00, 0xFD00, 0xFD00, 0xFD00, 0xFD00, 0xFD00, 0xFD00, 0xFD00, 0xFD00, 0xFD00,
  0xFD00, 0xFD00, 0xFD00, 0xFD00, 0xFD00, 0xFD00, 0xFD00, 0xBA05, 0xBA05, 0xBA05, 0xBA05, 0xBA05,
  0xBA05, 0xBA05, 0xBA05, 0xBA05, 0xFD00, 0xFD00, 0xFD00, 0xFD00, 0xFD00, 0xFD00, 0xFD00, 0xFD00,
  0xFD00, 0xFD00, 0xFD00, 0xFD00, 0xFD00, 0xFD00, 0xFD00, 0xFD00, 0xFD00, 0xFD00, 0xFD00, 0xFD00,
  0xFD00, 0xFD00, 0xFD00, 0xFD00, 0xFD00, 0xFD00, 0xFD00, 0xFD00, 0xFD00, 0xFD00, 0xFD00, 0xFD00,
  0xFD00, 0xFD00, 0xFD00, 0xFD00, 0xFD00, 0xFD00, 0xFD00, 0xFD00, 0xFD00, 0xFD00, 0xFD00, 0xFD00,
  0xFD00, 0xFC60, 0xFC60, 0xFC60, 0xFC60, 0xFC60, 0xFC60, 0xFC60, 0xFC60, 0xFC60, 0xFC60, 0xFC60,
  0xFC60, 0xFD00, 0xFD00, 0xFD00, 0xFC60, 0xFC60, 0xFD00, 0xFD00, 0xFD00, 0xFD00, 0xFD00, 0xFD00,
  0xFD00, 0xFD00, 0xFD00, 0xFD00, 0xFD00, 0xFD00, 0xFD00, 0xFD00, 0xFD00, 0xFD00, 0xFD00, 0xFD00,
  0xFD00, 0xFD00, 0xFD00, 0xFD00, 0xFD00, 0xFD00, 0xFD00, 0xFD00, 0xFD00, 0xFD00, 0xFD00, 0xFD00,
  0xFD00, 0xFD00, 0xFD00, 0xECE2, 0xECE2, 0xECE2, 0xA9A3, 0xA9A3, 0xA9A3, 0xA9A3, 0xA9A3, 0xA9A3,
  0xA9A3, 0xA9A3, 0xA9A3, 0xA9A3, 0xA9A3, 0xA9A3, 0xA9A3, 0xA9A3, 0xA9A3, 0x70E1, 0x70E1, 0xA9A3,
  0xA9A3, 0xA9A3, 0xA9A3, 0xA9A3, 0xA9A3, 0xA9A3, 0x6123, 0x8963, 0x8963, 0x8963, 0x8963, 0x7123,
  0x6123, 0x7123, 0x7123, 0x7123, 0x6123, 0xA9A3, 0xA9A3, 0xA9A3, 0xA9A3, 0xA9A3, 0xA9A3, 0xA9A3,
  0xA9A3, 0xA9A3, 0xA9A3, 0xA9A3, 0xA9A3, 0xA9A3, 0xA9A3, 0xA9A3, 0xA9A3, 0xA9A3, 0xA9A3, 0xA9A3,
  0xECE2, 0xFD00, 0xFD00, 0xFD00, 0xFD00, 0xFD00, 0xFD00, 0xFD00, 0xFD00, 0x70E1, 0x70E1, 0x70E1,
  0x70E1, 0xC287, 0xC287, 0xC287, 0xC287, 0xC287, 0xA9A3, 0xA9A3, 0xA9A3, 0xA9A3, 0xA9A3, 0xA9A3,
  0xA9A3, 0xD1C3, 0xD1C3, 0xE321, 0xD1C3, 0xD1C3, 0xD1C3, 0xD1C3, 0xE321, 0xA9A3, 0xA9A3, 0xA9A3,
  0xA9A3, 0xA9A3, 0xA9A3, 0xA9A3, 0xA9A3, 0xA9A3, 0xA9A3, 0xA9A3, 0xA9A3, 0xA9A3, 0xA9A3, 0xA9A3,
  0xA9A3, 0xA9A3, 0xA9A3, 0xA9A3, 0xA9A3, 0xA9A3, 0xA9A3, 0xA9A3, 0xA9A3, 0xA9A3, 0xA9A3, 0xA9A3,
  0xA9A3, 0xA9A3, 0xA9A3, 0xA9A3, 0xA9A3, 0xA9A3, 0x70E1, 0x70E1, 0xFD00, 0xFD00, 0xFD00, 0xFD00,
  0xFD00, 0xFD00, 0xFD00, 0xFD00, 0xFD00, 0xFD00, 0xFD00, 0xFD00, 0xFD00, 0xFD00, 0xFD00, 0xFD00,
  0xFD00, 0xFD00, 0xFD00, 0xFC60, 0xFC60, 0xFC60, 0xFC60, 0xFC60, 0xFC60, 0xFC60, 0xFC60, 0xFC60,
  0xFC60, 0xFC60, 0xFC60, 0xFC60, 0xFC60, 0xFC60, 0xFC60, 0xFC60, 0xFD00, 0xFD00, 0xFD00, 0xFD00,
  0xFD00, 0xFD00, 0xFD00, 0xFD00, 0xFD00, 0xFD00, 0xFD00, 0xFD00, 0xFD00, 0xFD00, 0xFD00, 0xFD00,
  0xFD00, 0xFD00, 0xFD00, 0xFD00, 0xBA05, 0xDA66, 0xDA66, 0xDA66, 0xDA66, 0xDA66, 0xDA66, 0xBA05,
  0xBA05, 0xBA05, 0xFD00, 0xFD00, 0xFD00, 0xFD00, 0xFD00, 0xFD00, 0xFD00, 0xFD00, 0xFD00, 0xFD00,
  0xFD00, 0xFD00, 0xFD00, 0xFD00, 0xFD00, 0xFD00, 0xFD00, 0xFD00, 0xFD00, 0xFD00, 0xFD00, 0xFD00,
  0xFD00, 0xFD00, 0xFD00, 0xFD00, 0xFD00, 0xFD00, 0xFD00, 0xFD00, 0xFD00, 0xFD00, 0xFD00, 0xFD00,
  0xFD00, 0xFD00, 0xFD00, 0xFD00, 0xFD00, 0xFD00, 0xFD00, 0xFD00, 0xFD00, 0xFD00, 0xFD00, 0xFD00,
  0xFC60, 0xFC60, 0xFC60, 0xFC60, 0xFC60, 0xFC60, 0xFC60, 0xFC60, 0xFC60, 0xFC60, 0xFC60, 0xFC60,
  0xFC60, 0xFC60, 0xFC60, 0xFC60, 0xFD00, 0xFD00, 0xFD00, 0xFD00, 0xFD00, 0xFD00, 0xFD00, 0xFD00,
  0xFD00, 0xFD00, 0xFD00, 0xFD00, 0xFD00, 0xFD00, 0xFD00, 0xFD00, 0xFD00, 0xFD00, 0xFD00, 0xFD00,
  0xFD00, 0xFD00, 0xFD00, 0xFD00, 0xFD00, 0xFD00, 0xFD00, 0xFD00, 0xFD00, 0xFD00, 0xFD00, 0xFD00,
  0xFD00, 0xFD00, 0xFD00, 0xECE2, 0xA9A3, 0xA9A3, 0xA9A3, 0xA9A3, 0xA9A3, 0xA9A3, 0xA9A3, 0xA9A3,
  0xA9A3, 0xA9A3, 0xA9A3, 0xA9A3, 0xA9A3, 0xA9A3, 0xA9A3, 0xA9A3, 0x70E1, 0xA9A3, 0xA9A3, 0xA9A3,
  0xA9A3, 0xA9A3, 0xA9A3, 0xA9A3, 0x6123, 0x8963, 0x8963, 0x8963, 0x7123, 0x7123, 0x6123, 0x7123,
  0x7123, 0x6123, 0x6123, 0xA9A3, 0xA9A3, 0xA9A3, 0xA9A3, 0xA9A3, 0xA9A3, 0xA9A3, 0xA9A3, 0xA9A3,
  0xA9A3, 0xA9A3, 0xA9A3, 0xA9A3, 0xA9A3, 0xA9A3, 0xA9A3, 0xA9A3, 0xA9A3, 0xA9A3, 0x70E1, 0x70E1,
  0x70E1, 0x70E1, 0x70E1, 0x70E1, 0x70E1, 0x70E1, 0x70E1, 0x70E1, 0xC287, 0xC287, 0xC287, 0xC287,
  0xC287, 0xC287, 0xC287, 0xA9A3, 0xA9A3, 0xA9A3, 0xA9A3, 0xA9A3, 0xA9A3, 0xD1C3, 0xD1C3, 0xD1C3,
  0xD1C3, 0xE321, 0xD1C3, 0xD1C3, 0xE321, 0xE321, 0xE321, 0xA9A3, 0xA9A3, 0xA9A3, 0xA9A3, 0xA9A3,
  0xA9A3, 0xA9A3, 0xA9A3, 0xA9A3, 0xA9A3, 0xA9A3, 0xA9A3, 0xA9A3, 0xA9A3, 0xA9A3, 0xA9A3, 0xA9A3,
  0xA9A3, 0xA9A3, 0xA9A3, 0xA9A3, 0xA9A3, 0xA9A3, 0xA9A3, 0xA9A3, 0xA9A3, 0xA9A3, 0xA9A3, 0xA9A3,
  0xA9A3, 0xA9A3, 0xA9A3, 0xA9A3, 0xA9A3, 0xA9A3, 0x70E1, 0x70E1, 0xFD00, 0xFD00, 0xFD00, 0xFD00,
  0xFD00, 0xFD00, 0xFD00, 0xFD00, 0xFD00, 0xFD00, 0xFD00, 0xFD00, 0xFD00, 0xFD00, 0xFD00, 0xFD00,
  0xFD00, 0xFD00, 0xFC60, 0xFC60, 0xFC60, 0xFC60, 0xFC60, 0xFC60, 0xFC60, 0xFC60, 0xFC60, 0xFC60,
  0xFC60, 0xFD00, 0xFD00, 0xFD00, 0xFD00, 0xFD00, 0xFD00, 0xFD00, 0xFD00, 0xFD00, 0xFD00, 0xFD00,
  0xFD00, 0xFD00, 0xFD00, 0xFD00, 0xFD00, 0xFD00, 0xFD00, 0xFD00, 0xFD00, 0xFD00, 0xFD00, 0xFD00,
  0xFD00, 0xFD12, 0xDA66, 0xDA66, 0xDA66, 0xDA66, 0xDA66, 0xDA66, 0xBA05, 0xFD12, 0xFD12, 0xBA05,
  0xFD00, 0xFD00, 0xFD00, 0xFD00, 0xFD00, 0xFD00, 0xFD00, 0xFD00, 0xFD00, 0xFD00, 0xFD00, 0xFD00,
  0xFD00, 0xFD00, 0xFD00, 0xFD00, 0xFD00, 0xFD00, 0xFD00, 0xFD00, 0xFD00, 0xFD00, 0xFD00, 0xFD00,
  0xFD00, 0xFD00, 0xFD00, 0xFD00, 0xFD00, 0xFD00, 0xFD00, 0xFD00, 0xFD00, 0xFD00, 0xFD00, 0xFD00,
  0xFD00, 0xFD00, 0xFD00, 0xFD00, 0xFD00, 0xFD00, 0xFD00, 0xFD00, 0xFD00, 0xFD00, 0xFD00, 0xFD00,
  0xFD00, 0xFD00, 0xFD00, 0xFC60, 0xFC60, 0xFC60, 0xFC60, 0xFC60, 0xFC60, 0xFC60, 0xFC60, 0xFC60,
  0xFC60, 0xFD00, 0xFD00, 0xFD00, 0xFD00, 0xFD00, 0xFD00, 0xFD00, 0xFD00, 0xFD00, 0xFD00, 0xFD00,
  0xFD00, 0xFD00, 0xFD00, 0xFD00, 0xFD00, 0xFD00, 0xFD00, 0xFD00, 0xFD00, 0xFD00, 0xFD00, 0xFD00,
  0xFD00, 0xFD00, 0xFD00, 0xFD00, 0xFD00, 0xFD00, 0xFD00, 0xFD00, 0xFD00, 0xFD00, 0xFD00, 0xFD00,
  0xFD00, 0xECE2, 0xECE2, 0xA9A3, 0xA9A3, 0xA9A3, 0xA9A3, 0xA9A3, 0xA9A3, 0xA9A3, 0xA9A3, 0xA9A3,
  0xA9A3, 0xA9A3, 0xA9A3, 0xA9A3, 0xA9A3, 0xA9A3, 0x70E1, 0xA9A3, 0xA9A3, 0xA9A3, 0xA9A3, 0xA9A3,
  0xA9A3, 0xA9A3, 0x6123, 0x8963, 0x7123, 0x7123, 0x7123, 0x6123, 0x6123, 0x7123, 0x6123, 0x6123,
  0xA9A3, 0xA9A3, 0xA9A3, 0xA9A3, 0xA9A3, 0xA9A3, 0xA9A3, 0xA9A3, 0xA9A3, 0xA9A3, 0xA9A3, 0xA9A3,
  0xA9A3, 0xA9A3, 0xA9A3, 0xA9A3, 0xA9A3, 0xA9A3, 0xA9A3, 0xA9A3, 0xC287, 0xC287, 0xC287, 0xC287,
  0xC287, 0xC287, 0xC287, 0xC287, 0xC287, 0xC287, 0xC287, 0xC287, 0xC287, 0xC287, 0xC287, 0xC287,
  0xA9A3, 0xA9A3, 0xA9A3, 0xA9A3, 0xA9A3, 0xA9A3, 0xA9A3, 0xD1C3, 0xD1C3, 0xD1C3, 0xE321, 0xE321,
  0xE321, 0xE321, 0xD1C3, 0xD1C3, 0xD1C3, 0xA9A3, 0xA9A3, 0xA9A3, 0xA9A3, 0xA9A3, 0xA9A3, 0xA9A3,
  0xA9A3, 0xA9A3, 0xA9A3, 0xA9A3, 0xA9A3, 0xA9A3, 0xA9A3, 0xA9A3, 0xA9A3, 0xA9A3, 0xA9A3, 0xA9A3,
  0xA9A3, 0xA9A3, 0xA9A3, 0xA9A3, 0xA9A3, 0xA9A3, 0xA9A3, 0xA9A3, 0xA9A3, 0xA9A3, 0xA9A3, 0xA9A3,
  0xA9A3, 0xA9A3, 0xA9A3, 0xA9A3, 0xA9A3, 0x70E1, 0xFD00, 0xFD00, 0xFD00, 0xFD00, 0xFD00, 0xFD00,
  0xFD00, 0xFD00, 0xFD00, 0xFD00, 0xFD00, 0xFD00, 0xFD00, 0xFD00, 0xFD00, 0xFD00, 0xFD00, 0xFD00,
  0xFD00, 0xFD00, 0xFD00, 0xFD00, 0xFD00, 0xFD00, 0xFD00, 0xFD00, 0xFD00, 0xFD00, 0xFD00, 0xFD00,
  0xFD00, 0xFD00, 0xFD00, 0xFD00, 0xFD00, 0xFD00, 0xFD00, 0xFD00, 0xFD00, 0xFD00, 0xFD00, 0xFD00,
  0xFD00, 0xFD00, 0xFD00, 0xFD00, 0xFD00, 0xFD00, 0xFD00, 0xFD00, 0xFD00, 0xFD00, 0xFD12, 0xDA66,
  0xDA66, 0xDA66, 0xDA66, 0xDA66, 0xDA66, 0xDA66, 0xBA05, 0xBA05, 0xFD12, 0xBA05, 0xFD00, 0xFD00,
  0xFD00, 0xFD00, 0xFD00, 0xFD00, 0xFD00, 0xFD00, 0xFD00, 0xFD00, 0xFD00, 0xFD00, 0xFD00, 0xFD00,
  0xFD00, 0xFD00, 0xFD00, 0xFD00, 0xFD00, 0xFD00, 0xFD00, 0xFD00, 0xFD00, 0xFD00, 0xFD00, 0xFD00,
  0xFD00, 0xFD00, 0xFD00, 0xFD00, 0xFD00, 0xFD00, 0xFD00, 0xFD00, 0xFD00, 0xFD00, 0xFD00, 0xFD00,
  0xFD00, 0xFD00, 0xFD00, 0xFD00, 0xFD00, 0xFD00, 0xFD00, 0xFD00, 0xFD00, 0xFD00, 0xFD00, 0xFD00,
  0xFD00, 0xFD00, 0xFD00, 0xFD00, 0xFC60, 0xFC60, 0xFC60, 0xFC60, 0xFC60, 0xFC60, 0xFD00, 0xFD00,
  0xFD00, 0xFD00, 0xFD00, 0xFD00, 0xFD00, 0xFD00, 0xFD00, 0xFD00, 0xFD00, 0xFD00, 0xFD00, 0xFD00,
  0xFD00, 0xFD00, 0xFD00, 0xFD00, 0xFD00, 0xFD00, 0xFD00, 0xFD00, 0xFD00, 0xFD00, 0xFD00, 0xFD00,
  0xFD00, 0xFD00, 0xFD00, 0xFD00, 0xFD00, 0xFD00, 0xFD00, 0xFD00, 0xFD00, 0xFD00, 0xFD00, 0xFD00,
  0xECE2, 0xECE2, 0xA9A3, 0xA9A3, 0xA9A3, 0xA9A3, 0xA9A3, 0xA9A3, 0xA9A3, 0xA9A3, 0xA9A3, 0xA9A3,
  0xA9A3, 0xA9A3, 0xA9A3, 0xA9A3, 0x70E1, 0xA9A3, 0xA9A3, 0xA9A3, 0xA9A3, 0xA9A3, 0xA9A3, 0xA9A3,
  0x6123, 0x7123, 0x6123, 0x6123, 0x6123, 0x6123, 0x6123, 0x6123, 0x6123, 0xA9A3, 0xA9A3, 0xA9A3,
  0xA9A3, 0xA9A3, 0xA9A3, 0xA9A3, 0xA9A3, 0xA9A3, 0xA9A3, 0xA9A3, 0xA9A3, 0xA9A3, 0xA9A3, 0xA9A3,
  0xA9A3, 0xA9A3, 0xA9A3, 0xA9A3, 0xA9A3, 0x8963, 0xC287, 0xC287, 0xC287, 0xC287, 0xC287, 0xC287,
  0xC287, 0xC287, 0xC287, 0xC287, 0xC287, 0xC287, 0xC287, 0xC287, 0xA9A3, 0xA9A3, 0xA9A3, 0xA9A3,
  0xA9A3, 0xA9A3, 0xA9A3, 0xA9A3, 0xA9A3, 0xE321, 0xE321, 0xE321, 0xE321, 0xD1C3, 0xE321, 0xE321,
  0xD1C3, 0xD1C3, 0xA9A3, 0xA9A3, 0xA9A3, 0xA9A3, 0xA9A3, 0xA9A3, 0xA9A3, 0xA9A3, 0xA9A3, 0xA9A3,
  0xA9A3, 0xA9A3, 0xA9A3, 0xA9A3, 0xA9A3, 0xA9A3, 0xA9A3, 0xA9A3, 0xA9A3, 0xA9A3, 0xA9A3, 0xA9A3,
  0xA9A3, 0xA9A3, 0xA9A3, 0xA9A3, 0xA9A3, 0xA9A3, 0xA9A3, 0xA9A3, 0xA9A3, 0xA9A3, 0xA9A3, 0xA9A3,
  0xA9A3, 0xA9A3, 0xA9A3, 0x70E1, 0x70E1, 0x70E1, 0xFD00, 0xFD00, 0xFD00, 0xFD00, 0xFD00, 0xFD00,
  0xFD00, 0xFD00, 0xFD00, 0xFD00, 0xFD00, 0xFD00, 0xFD00, 0xFD00, 0xFD00, 0xFD00, 0xFD00, 0xFD00,
  0xFD00, 0xFD00, 0xFD00, 0xFD00, 0xFD00, 0xFD00, 0xFD00, 0xFD00, 0xFD00, 0xFD00, 0xFD00, 0xFD00,
  0xFD00, 0xFD00, 0xFD00, 0xFD00, 0xFD00, 0xFD00, 0xFD00, 0xFD00, 0xFD00, 0xFD00, 0xFD00, 0xFD00,
  0xFD00, 0xFD00, 0xFD00, 0xFD00, 0xFD00, 0xFD00, 0xFD00, 0xBA05, 0xBA05, 0xBA05, 0xBA05, 0xBA05,
  0xBA05, 0xBA05, 0xBA05, 0xBA05, 0xFD12, 0xDA66, 0xDA66, 0xFD12, 0xFD00, 0xFD00, 0xFD00, 0xFD00,
  0xFD00, 0xFD00, 0xFD00, 0xFD00, 0xFD00, 0xFD00, 0xFD00, 0xFD00, 0xFD00, 0xFD00, 0xFD00, 0xFD00,
  0xFD00, 0xFD00, 0xFD00, 0xFD00, 0xFD00, 0xFD00, 0xFD00, 0xFD00, 0xFD00, 0xFD00, 0xFD00, 0xFD00,
  0xFD00, 0xFD00, 0xFD00, 0xFD00, 0xFD00, 0xFD00, 0xFD00, 0xFD00, 0xFD00, 0xFD00, 0xFD00, 0xFD00,
  0xFD00, 0xFD00, 0xFD00, 0xFD00, 0xFD00, 0xFD00, 0xFD00, 0xFD00, 0xFD00, 0xFD00, 0xFD00, 0xFD00,
  0xFD00, 0xFD00, 0xFD00, 0xFD00, 0xFD00, 0xFD00, 0xFD00, 0xFD00, 0xFD00, 0xFD00, 0xFD00, 0xFD00,
  0xFD00, 0xFD00, 0xFD00, 0xFD00, 0xFD00, 0xFD00, 0xFD00, 0xFD00, 0xFD00, 0xFD00, 0xFD00, 0xFD00,
  0xFD00, 0xFD00, 0xFD00, 0xFD00, 0xFD00, 0xFD00, 0xFD00, 0xFD00, 0xFD00, 0xFD00, 0xFD00, 0xFD00,
  0xFD00, 0xFD00, 0xFD00, 0xFD00, 0xFD00, 0xFD00, 0xFD00, 0xFD00, 0xFD00, 0xFD00, 0xECE2, 0xECE2,
  0xECE2, 0xA9A3, 0xA9A3, 0xA9A3, 0xA9A3, 0xA9A3, 0xA9A3, 0xA9A3, 0xA9A3, 0xA9A3, 0xA9A3, 0xA9A3,
  0xA9A3, 0xA9A3, 0x70E1, 0x70E1, 0xA9A3, 0xA9A3, 0xA9A3, 0xA9A3, 0xA9A3, 0xA9A3, 0xA9A3, 0x6123,
  0x6123, 0xA9A3, 0xA9A3, 0xA9A3, 0xA9A3, 0xA9A3, 0xA9A3, 0xA9A3, 0xA9A3, 0xA9A3, 0xA9A3, 0xA9A3,
  0xA9A3, 0xA9A3, 0xA9A3, 0xA9A3, 0xA9A3, 0xA9A3, 0xA9A3, 0xA9A3, 0xA9A3, 0xA9A3, 0xA9A3, 0xA9A3,
  0xA9A3, 0xA9A3, 0xA9A3, 0x8963, 0xC287, 0xC287, 0xC287, 0xC287, 0xC287, 0xC287, 0xC287, 0xC287,
  0xC287, 0xC287, 0xCA46, 0xCA46, 0xCA46, 0xA9A3, 0xA9A3, 0xA9A3, 0xA9A3, 0xA9A3, 0xA9A3, 0xA9A3,
  0xA9A3, 0xA9A3, 0xA9A3, 0xD1C3, 0xE321, 0xD1C3, 0xE321, 0xD1C3, 0xD1C3, 0xE321, 0xD1C3, 0xD1C3,
  0xA9A3, 0xA9A3, 0xA9A3, 0xA9A3, 0xA9A3, 0xA9A3, 0xA9A3, 0xA9A3, 0xA9A3, 0xA9A3, 0xA9A3, 0xA9A3,
  0xA9A3, 0xA9A3, 0xA9A3, 0xA9A3, 0xA9A3, 0xA9A3, 0xA9A3, 0xA9A3, 0xA9A3, 0xA9A3, 0xA9A3, 0xA9A3,
  0xA9A3, 0xA9A3, 0xA9A3, 0xA9A3, 0xA9A3, 0xA9A3, 0xA9A3, 0xA9A3, 0xA9A3, 0xA9A3, 0xA9A3, 0xA9A3,
  0xA9A3, 0xA9A3, 0xA9A3, 0x70E1, 0x70E1, 0xFD00, 0xFD00, 0xFD00, 0xFD00, 0xFD00, 0xFD00, 0xFD00,
  0xFD00, 0xFD00, 0xFD00, 0xFD00, 0xFD00, 0xFD00, 0xFD00, 0xFD00, 0xFD00, 0xFD00, 0xFD00, 0xFD00,
  0xFD00, 0xFD00, 0xFD00, 0xFD00, 0xFD00, 0xFD00, 0xFD00, 0xFD00, 0xFD00, 0xFD00, 0xFD00, 0xFD00,
  0xFD00, 0xFD00, 0xFD00, 0xFD00, 0xFD00, 0xFD00, 0xFD00, 0xFD00, 0xFD00, 0xFD00, 0xFD00, 0xFD00,
  0xFD00, 0xFD00, 0xFD00, 0xFD00, 0xFD00, 0xBA05, 0xDA66, 0xDA66, 0xDA66, 0xDA66, 0xDA66, 0xDA66,
  0xDA66, 0xBA05, 0xDA66, 0xFD12, 0xDA66, 0xFD12, 0xFD00, 0xFD00, 0xFD00, 0xFD00, 0xFD00, 0xFD00,
  0xFD00, 0xFD00, 0xFD00, 0xFD00, 0xFD00, 0xFD00, 0xFD00, 0xFD00, 0xFD00, 0xFD00, 0xFD00, 0xFD00,
  0xFD00, 0xFD00, 0xFC60, 0xFC60, 0xFC60, 0xFC60, 0xFC60, 0xFD00, 0xFD00, 0xFD00, 0xFD00, 0xFD00,
  0xFD00, 0xFD00, 0xFD00, 0xFD00, 0xFD00, 0xFD00, 0xFD00, 0xFD00, 0xFD00, 0xFD00, 0xFD00, 0xFD00,
  0xFD00, 0xFD00, 0xFD00, 0xFD00, 0xFD00, 0xFD00, 0xFD00, 0xFD00, 0xFD00, 0xFD00, 0xFD00, 0xFD00,
  0xFD00, 0xFD00, 0xFD00, 0xFD00, 0xFD00, 0xFD00, 0xFD00, 0xFD00, 0xFD00, 0xFD00, 0xFD00, 0xFD00,
  0xFD00, 0xFD00, 0xFD00, 0xFD00, 0xFD00, 0xFD00, 0xFD00, 0xFD00, 0xFD00, 0xFD00, 0xFD00, 0xFD00,
  0xFD00, 0xFD00, 0xFD00, 0xFD00, 0xFD00, 0xFD00, 0xFD00, 0xFD00, 0xFD00, 0xFD00, 0xFD00, 0xFD00,
  0xFD00, 0xFD00, 0xFD00, 0xFD00, 0xFD00, 0xFD00, 0xFD00, 0xFD00, 0xFD00, 0xFD00, 0xECE2, 0xA9A3,
  0xA9A3, 0xA9A3, 0xA9A3, 0xA9A3, 0xA9A3, 0xA9A3, 0xA9A3, 0xA9A3, 0xA9A3, 0xA9A3, 0xA9A3, 0xA9A3,
  0xA9A3, 0x70E1, 0xA9A3, 0xA9A3, 0xA9A3, 0xA9A3, 0xA9A3, 0xA9A3, 0xA9A3, 0xA9A3, 0xA9A3, 0xA9A3,
  0xA9A3, 0xA9A3, 0xA9A3, 0xA9A3, 0xA9A3, 0xA9A3, 0xA9A3, 0xA9A3, 0xA9A3, 0xA9A3, 0xA9A3, 0xA9A3,
  0xA9A3, 0xA9A3, 0xA9A3, 0xA9A3, 0xA9A3, 0xA9A3, 0xA9A3, 0xA9A3, 0xA9A3, 0xA9A3, 0xA9A3, 0x8963,
  0x8963, 0x8963, 0xC287, 0xC287, 0xC287, 0xC287, 0xC287, 0xC287, 0xC287, 0xA9A3, 0xA9A3, 0xA9A3,
  0xA9A3, 0xCA46, 0xCA46, 0xCA46, 0xCA46, 0xCA46, 0xA9A3, 0xA9A3, 0xA9A3, 0xA9A3, 0xA9A3, 0xA9A3,
  0xA9A3, 0xA9A3, 0xD1C3, 0xD1C3, 0xE321, 0xD1C3, 0xD1C3, 0xD1C3, 0xA9A3, 0xA9A3, 0xA9A3, 0xA9A3,
  0xA9A3, 0xA9A3, 0xA9A3, 0xA9A3, 0xA9A3, 0xA9A3, 0xA9A3, 0xA9A3, 0xA9A3, 0xA9A3, 0xA9A3, 0xA9A3,
  0xA9A3, 0xA9A3, 0xA9A3, 0xA9A3, 0xA9A3, 0xA9A3, 0xA9A3, 0xA9A3, 0xA9A3, 0xA9A3, 0xA9A3, 0xA9A3,
  0xA9A3, 0xA9A3, 0xA9A3, 0xA9A3, 0xA9A3, 0xA9A3, 0xA9A3, 0xA9A3, 0xA9A3, 0xA9A3, 0xA9A3, 0xA9A3,
  0xA9A3, 0xA9A3, 0x70E1, 0x70E1, 0xFD00, 0xFD00, 0xFD00, 0xFD00, 0xFD00, 0xFD00, 0xFD00, 0xFD00,
  0xFD00, 0xFD00, 0xFD00, 0xFD00, 0xFD00, 0xFD00, 0xFD00, 0xFD00, 0xFD00, 0xFD00, 0xFD00, 0xFD00,
  0xFD00, 0xFD00, 0xFD00, 0xFD00, 0xFD00, 0xFD00, 0xFD00, 0xFD00, 0xFD00, 0xFD00, 0xFD00, 0xFD00,
  0xFD00, 0xFD00, 0xFD00, 0xFD00, 0xFD00, 0xFD00, 0xFD00, 0xFD00, 0xFD00, 0xFD00, 0xFD00, 0xFD00,
  0xFD00, 0xFD00, 0xFD00, 0xBA05, 0xDA66, 0xDA66, 0xDA66, 0xDA66, 0xDA66, 0xDA66, 0xDA66, 0xBA05,
  0xDA66, 0xFD12, 0xDA66, 0xBA05, 0xFD00, 0xFD00, 0xFD00, 0xFD00, 0xFD00, 0xFD00, 0xFD00, 0xFD00,
  0xFD00, 0xFD00, 0xFD00, 0xFD00, 0xFD00, 0xFD00, 0xFD00, 0xFD00, 0xFD00, 0xFD00, 0xFD00, 0xFD00,
  0xFC60, 0xFC60, 0xFC60, 0xFC60, 0xFC60, 0xFC60, 0xFC60, 0xFC60, 0xFC60, 0xFC60, 0xFC60, 0xFD00,
  0xFD00, 0xFD00, 0xFD00, 0xFD00, 0xFD00, 0xFD00, 0xFD00, 0xFD00, 0xFD00, 0xFD00, 0xFD00, 0xFD00,
  0xFD00, 0xFD00, 0xFD00, 0xFD00, 0xFD00, 0xFD00, 0xFD00, 0xFD00, 0xFD00, 0xFD00, 0xFD00, 0xFD00,
  0xFD00, 0xFD00, 0xFD00, 0xFD00, 0xFD00, 0xFD00, 0xFD00, 0xFD00, 0xFD00, 0xFD00, 0xFD00, 0xFD00,
  0xFD00, 0xFD00, 0xFD00, 0xFD00, 0xFD00, 0xFD00, 0xFD00, 0xFD00, 0xFD00, 0xFD00, 0xFD00, 0xFD00,
  0xFD00, 0xFD00, 0xFD00, 0xFD00, 0xFD00, 0xFD00, 0xFD00, 0xFD00, 0xFD00, 0xFD00, 0xFD00, 0xFD00,
  0xFD00, 0xFD00, 0xFD00, 0xFD00, 0xFD00, 0xFD00, 0xFD00, 0xFD00, 0xFD00, 0xECE2, 0xA9A3, 0xA9A3,
  0xA9A3, 0xA9A3, 0xA9A3, 0xA9A3, 0xA9A3, 0xA9A3, 0xA9A3, 0xA9A3, 0xA9A3, 0xA9A3, 0x70E1, 0x70E1,
  0xA9A3, 0xA9A3, 0xA9A3, 0xA9A3, 0xA9A3, 0xA9A3, 0xA9A3, 0xA9A3, 0xA9A3, 0xA9A3, 0xA9A3, 0xA9A3,
  0xA9A3, 0xA9A3, 0xA9A3, 0xA9A3, 0xA9A3, 0xA9A3, 0xA9A3, 0xA9A3, 0xA9A3, 0xA9A3, 0xA9A3, 0xA9A3,
  0xA9A3, 0xA9A3, 0xA9A3, 0xA9A3, 0xA9A3, 0xA9A3, 0xA9A3, 0xA9A3, 0x8963, 0x8963, 0x8963, 0x8963,
  0xC287, 0xC287, 0xC287, 0xC287, 0xC287, 0xA9A3, 0xA9A3, 0xA9A3, 0xA9A3, 0xA9A3, 0xA9A3, 0xA9A3,
  0xA9A3, 0xCA46, 0xCA46, 0xCA46, 0xCA46, 0xCA46, 0xCA46, 0xA9A3, 0xA9A3, 0xA9A3, 0xA9A3, 0xA9A3,
  0xA9A3, 0xA9A3, 0xA9A3, 0xA9A3, 0xA9A3, 0xA9A3, 0xA9A3, 0xA9A3, 0xA9A3, 0xA9A3, 0xA9A3, 0xA9A3,
  0xA9A3, 0xA9A3, 0xA9A3, 0xA9A3, 0xA9A3, 0xA9A3, 0xA9A3, 0xA9A3, 0xA9A3, 0xA9A3, 0xA9A3, 0xA9A3,
  0xA9A3, 0xA9A3, 0xA9A3, 0xA9A3, 0xA9A3, 0xA9A3, 0xA9A3, 0xA9A3, 0xA9A3, 0xA9A3, 0xA9A3, 0xA9A3,
  0xA9A3, 0xA9A3, 0xA9A3, 0xA9A3, 0xA9A3, 0xA9A3, 0xA9A3, 0xA9A3, 0xA9A3, 0xA9A3, 0xA9A3, 0xA9A3,
  0xA9A3, 0x70E1, 0x70E1, 0xFD00, 0xFD00, 0xFD00, 0xFD00, 0xFD00, 0xFD00, 0xFD00, 0xFD00, 0xFD00,
  0xFD00, 0xFD00, 0xFD00, 0xFD00, 0xFD00, 0xFD00, 0xFD00, 0xFD00, 0xFD00, 0xFD00, 0xFD00, 0xFD00,
  0xFD00, 0xFD00, 0xFD00, 0xFD00, 0xFD00, 0xFD00, 0xFD00, 0xFD00, 0xFD00, 0xFD00, 0xFD00, 0xFD00,
  0xFD00, 0xFD00, 0xFD00, 0xFD00, 0xFD00, 0xFD00, 0xFD00, 0xFD00, 0xFD00, 0xFD00, 0xFD00, 0xFD00,
  0xFD00, 0xBA05, 0xDA66, 0xDA66, 0xDA66, 0xDA66, 0xDA66, 0xDA66, 0xDA66, 0xBA05, 0xDA66, 0xDA66,
  0xBA05, 0xBA05, 0xFD00, 0xFD00, 0xFD00, 0xFD00, 0xFD00, 0xFD00, 0xFD00, 0xFD00, 0xFD00, 0xFD00,
  0xFD00, 0xFD00, 0xFD00, 0xFD00, 0xFD00, 0xFD00, 0xFD00, 0xFD00, 0xFD00, 0xFD00, 0xFD00, 0xFD00,
  0xFC60, 0xFC60, 0xFC60, 0xFC60, 0xFC60, 0xFC60, 0xFC60, 0xFC60, 0xFC60, 0xFC60, 0xFC60, 0xFC60,
  0xFD00, 0xFD00, 0xFD00, 0xFD00, 0xFD00, 0xFD00, 0xFD00, 0xFD00, 0xFD00, 0xFD00, 0xFD00, 0xFD00,
  0xFD00, 0xFD00, 0xFD00, 0xFD00, 0xFD00, 0xFD00, 0xFD00, 0xFD00, 0xFD00, 0xFD00, 0xFD00, 0xFD00,
  0xFD00, 0xFD00, 0xFD00, 0xFD00, 0xFD00, 0xFD00, 0xFD00, 0xFD00, 0xFD00, 0xFD00, 0xFD00, 0xFD00,
  0xFD00, 0xFD00, 0xFD00, 0xFD00, 0xFD00, 0xFD00, 0xFD00, 0xFD00, 0xFD00, 0xFD00, 0xFD00, 0xFD00,
  0xFD00, 0xFD00, 0xFD00, 0xFD00, 0xFD00, 0xFD00, 0xFD00, 0xFD00, 0xFD00, 0xFD00, 0xFD00, 0xFD00,
  0xFD00, 0xFD00, 0xFD00, 0xFD00, 0xFD00, 0xFD00, 0xFD00, 0xECE2, 0xA9A3, 0xA9A3, 0xA9A3, 0xA9A3,
  0xA9A3, 0xA9A3, 0xA9A3, 0xA9A3, 0xA9A3, 0xA9A3, 0xA9A3, 0xA9A3, 0x70E1, 0xA9A3, 0xA9A3, 0xA9A3,
  0xA9A3, 0xA9A3, 0xA9A3, 0xA9A3, 0xA9A3, 0xA9A3, 0xA9A3, 0xA9A3, 0xA9A3, 0xA9A3, 0xA9A3, 0xA9A3,
  0xA9A3, 0xA9A3, 0xA9A3, 0xA9A3, 0xA9A3, 0xA9A3, 0xA9A3, 0xA9A3, 0xA9A3, 0xA9A3, 0xA9A3, 0xA9A3,
  0xA9A3, 0xA9A3, 0xA9A3, 0xA9A3, 0xA9A3, 0x8963, 0x8963, 0x8963, 0x8963, 0x8963, 0xC287, 0xC287,
  0xC287, 0xA9A3, 0xA9A3, 0xA9A3, 0xA9A3, 0xA9A3, 0xA9A3, 0xA9A3, 0xA9A3, 0xA9A3, 0xA9A3, 0xA9A3,
  0xA9A3, 0xA9A3, 0xA9A3, 0xA9A3, 0xA9A3, 0xCA46, 0xCA46, 0xCA46, 0xCA46, 0xCA46, 0xCA46, 0xA9A3,
  0xA9A3, 0xA9A3, 0xA9A3, 0xA9A3, 0xA9A3, 0xA9A3, 0xA9A3, 0xA9A3, 0xA9A3, 0xA9A3, 0xA9A3, 0xA9A3,
  0xA9A3, 0xA9A3, 0xA9A3, 0xA9A3, 0xA9A3, 0xA9A3, 0xA9A3, 0xA9A3, 0xA9A3, 0xA9A3, 0xA9A3, 0xA9A3,
  0xA9A3, 0xA9A3, 0xA9A3, 0xA9A3, 0xA9A3, 0xA9A3, 0xA9A3, 0xA9A3, 0xA9A3, 0xA9A3, 0xA9A3, 0xA9A3,
  0xA9A3, 0xA9A3, 0xA9A3, 0xA9A3, 0xA9A3, 0xA9A3, 0xA9A3, 0xA9A3, 0xA9A3, 0xA9A3, 0xA9A3, 0xA9A3,
  0x70E1, 0xFD00, 0xFD00, 0xFD00, 0xFD00, 0xFD00, 0xFD00, 0xFD00, 0xFD00, 0xFD00, 0xFD00, 0xFD00,
  0xFD00, 0xFD00, 0xFD00, 0xFD00, 0xFD00, 0xFD00, 0xFD00, 0xFD00, 0xFD00, 0xFD00, 0xFD00, 0xFD00,
  0xFD00, 0xFD00, 0xFD00, 0xFD00, 0xFD00, 0xFD00, 0xFD00, 0xFD00, 0xFD00, 0xFD00, 0xFD00, 0xFD00,
  0xFD00, 0xFD00, 0xFD00, 0xFD00, 0xFD00, 0xFD00, 0xFD00, 0xFD00, 0xFD00, 0xFD00, 0xFD00, 0xBA05,
  0x0000, 0xFFFF, 0xDA66, 0xDA66, 0xDA66, 0xFFFF, 0x0000, 0xBA05, 0xDA66, 0xBA05, 0xBA05, 0xFD00,
  0xFD00, 0xFD00, 0xFD00, 0xFD00, 0xFD00, 0xFD00, 0xFD00, 0xFD00, 0xFD00, 0xFD00, 0xFD00, 0xFD00,
  0xFD00, 0xFD00, 0xFD00, 0xFD00, 0xFD00, 0xFD00, 0xFD00, 0xFD00, 0xFD00, 0xFD00, 0xFD00, 0xFD00,
  0xFD00, 0xFD00, 0xFC60, 0xFC60, 0xFC60, 0xFC60, 0xFC60, 0xFC60, 0xFC60, 0xFC60, 0xFC60, 0xFD00,
  0xFD00, 0xFD00, 0xFD00, 0xFD00, 0xFD00, 0xFD00, 0xFD00, 0xFD00, 0xFD00, 0xFD00, 0xFD00, 0xFD00,
  0xFD00, 0xFD00, 0xFD00, 0xFD00, 0xFD00, 0xFD00, 0xFD00, 0xFD00, 0xFD00, 0xFD00, 0xFD00, 0xFD00,
  0xFD00, 0xFD00, 0xFD00, 0xFD00, 0xFD00, 0xFD00, 0xFD00, 0xFD00, 0xFD00, 0xFD00, 0xFD00, 0xFD00,
  0xFD00, 0xFD00, 0xFD00, 0xFD00, 0xFD00, 0xFD00, 0xFD00, 0xFD00, 0xFD00, 0xFD00, 0xFD00, 0xFD00,
  0xFD00, 0xFD00, 0xFD00, 0xFD00, 0xFD00, 0xFD00, 0xFD00, 0xFD00, 0xFD00, 0xFD00, 0xFD00, 0xFD00,
  0xFD00, 0xFD00, 0xFD00, 0xFD00, 0xFD00, 0xFD00, 0xECE2, 0xA9A3, 0xA9A3, 0xA9A3, 0xA9A3, 0xA9A3,
  0xA9A3, 0xA9A3, 0xA9A3, 0xA9A3, 0xA9A3, 0x70E1, 0x70E1, 0xA9A3, 0xA9A3, 0xA9A3, 0xA9A3, 0xA9A3,
  0xA9A3, 0xA9A3, 0xA9A3, 0xA9A3, 0xA9A3, 0xA9A3, 0xA9A3, 0xA9A3, 0xA9A3, 0xA9A3, 0xA9A3, 0xA9A3,
  0xA9A3, 0xA9A3, 0xA9A3, 0xA9A3, 0xA9A3, 0xA9A3, 0xA9A3, 0xA9A3, 0xA9A3, 0xA9A3, 0xA9A3, 0xA9A3,
  0xA9A3, 0x8963, 0x8963, 0x8963, 0x8963, 0x8963, 0x8963, 0x8963, 0xC287, 0xC287, 0xA9A3, 0xA9A3,
  0xA9A3, 0xA9A3, 0xA9A3, 0xA9A3, 0xA9A3, 0xA9A3, 0xA9A3, 0xA9A3, 0xA9A3, 0xA9A3, 0xA9A3, 0xA9A3,
  0xA9A3, 0xA9A3, 0xA9A3, 0xA9A3, 0xA9A3, 0xA9A3, 0xA9A3, 0xA9A3, 0xA9A3, 0xCA46, 0xCA46, 0xCA46,
  0xCA46, 0xCA46, 0xA9A3, 0xA9A3, 0xA9A3, 0xA9A3, 0xA9A3, 0xA9A3, 0xA9A3, 0xA9A3, 0xA9A3, 0xA9A3,
  0xA9A3, 0xA9A3, 0xA9A3, 0xA9A3, 0xA9A3, 0xA9A3, 0xA9A3, 0xA9A3, 0xA9A3, 0xA9A3, 0xA9A3, 0xA9A3,
  0xA9A3, 0xA9A3, 0xA9A3, 0xA9A3, 0xA9A3, 0xA9A3, 0xA9A3, 0xA9A3, 0xA9A3, 0xA9A3, 0xA9A3, 0xA9A3,
  0xA9A3, 0xA9A3, 0xA9A3, 0xA9A3, 0xA9A3, 0xA9A3, 0xA9A3, 0xA9A3, 0xA9A3, 0xA9A3, 0x70E1, 0xFD00,
  0xFD00, 0xFD00, 0xFD00, 0xFD00, 0xFD00, 0xFD00, 0xFD00, 0xFD00, 0xFD00, 0xFD00, 0xFD00, 0xFD00,
  0xFD00, 0xFD00, 0xFD00, 0xFD00, 0xFD00, 0xFD00, 0xFD00, 0xFD00, 0xFD00, 0xFD00, 0xFD00, 0xFD00,
  0xFD00, 0xFD00, 0xFD00, 0xFD00, 0xFD00, 0xFD00, 0xFD00, 0xFD00, 0xFD00, 0xFD00, 0xFD00, 0xFD00,
  0xFD00, 0xFD00, 0xFD00, 0xFD00, 0xFD00, 0xFD00, 0xFD00, 0xFD00, 0xFD00, 0xBA05, 0xDA66, 0x8A27,
  0x8A27, 0x8A27, 0x8A27, 0x8A27, 0xDA66, 0xBA05, 0xBA05, 0xDA66, 0xBA05, 0xFD00, 0xFD00, 0xFD00,
  0xFD00, 0xFD00, 0xFD00, 0xFD00, 0xFD00, 0xFD00, 0xFD00, 0xFD00, 0xFD00, 0xFD00, 0xFD00, 0xFD00,
  0xFD00, 0xFD00, 0xFD00, 0xFD00, 0xFD00, 0xFD00, 0xFD00, 0xFD00, 0xFD00, 0xFD00, 0xFD00, 0xFD00,
  0xFD00, 0xFD00, 0xFD00, 0xFD00, 0xFD00, 0xFD00, 0xFD00, 0xFD00, 0xFD00, 0xFD00, 0xFD00, 0xFD00,
  0xFD00, 0xFD00, 0xFD00, 0xFD00, 0xFD00, 0xFD00, 0xFD00, 0xFD00, 0xFD00, 0xFD00, 0xFD00, 0xFD00,
  0xFD00, 0xFD00, 0xFD00, 0xFD00, 0xFD00, 0xFD00, 0xFD00, 0xFD00, 0xFD00, 0xFD00, 0xFD00, 0xFD00,
  0xFD00, 0xFD00, 0xFD00, 0xFD00, 0xFD00, 0xFD00, 0xFD00, 0xFD00, 0xFD00, 0xFD00, 0xFD00, 0xFD00,
  0xFD00, 0xFD00, 0xFD00, 0xFD00, 0xFD00, 0xFD00, 0xFD00, 0xFD00, 0xFD00, 0xFD00, 0xFD00, 0xFD00,
  0xFD00, 0xFD00, 0xFD00, 0xFD00, 0xFD00, 0xFD00, 0xFD00, 0xFD00, 0xFD00, 0xFD00, 0xFD00, 0xFD00,
  0xFD00, 0xFD00, 0xFD00, 0xFD00, 0xECE2, 0xECE2, 0xA9A3, 0xA9A3, 0xA9A3, 0xA9A3, 0xA9A3, 0xA9A3,
  0xA9A3, 0xA9A3, 0xA9A3, 0x70E1, 0xA9A3, 0xA9A3, 0xA9A3, 0xA9A3, 0xA9A3, 0xA9A3, 0xA9A3, 0xA9A3,
  0xA9A3, 0xA9A3, 0xA9A3, 0xA9A3, 0xA9A3, 0xA9A3, 0xA9A3, 0xA9A3, 0xA9A3, 0xA9A3, 0xA9A3, 0xA9A3,
  0xA9A3, 0xA9A3, 0xA9A3, 0xA9A3, 0xA9A3, 0xA9A3, 0xA9A3, 0xA9A3, 0xA9A3, 0xA9A3, 0x8963, 0x8963,
  0x8963, 0x8963, 0x8963, 0x8963, 0x8963, 0x8963, 0xC287, 0xC287, 0xA9A3, 0xA9A3, 0xA9A3, 0xA9A3,
  0xA9A3, 0xA9A3, 0xA9A3, 0xA9A3, 0xA9A3, 0xA9A3, 0xA9A3, 0xA9A3, 0xA9A3, 0xA9A3, 0xA9A3, 0xA9A3,
  0xA9A3, 0xA9A3, 0xA9A3, 0xA9A3, 0xA9A3, 0xA9A3, 0xA9A3, 0xA9A3, 0xA9A3, 0xA9A3, 0xA9A3, 0xA9A3,
  0xCA46, 0xCA46, 0xCA46, 0xCA46, 0xA9A3, 0xA9A3, 0xA9A3, 0xA9A3, 0xA9A3, 0xA9A3, 0xA9A3, 0xA9A3,
  0xA9A3, 0xA9A3, 0xA9A3, 0xA9A3, 0xA9A3, 0xA9A3, 0xA9A3, 0xA9A3, 0xA9A3, 0xA9A3, 0xA9A3, 0xA9A3,
  0xA9A3, 0xA9A3, 0xA9A3, 0xA9A3, 0xA9A3, 0xA9A3, 0xA9A3, 0xA9A3, 0xA9A3, 0xA9A3, 0xA9A3, 0xA9A3,
  0xA9A3, 0xA9A3, 0xA9A3, 0xA9A3, 0xA9A3, 0xA9A3, 0xA9A3, 0xA9A3, 0x70E1, 0xFD00, 0xFD00, 0xFD00,
  0xFD00, 0xFD00, 0xFD00, 0xFD00, 0xFD00, 0xFD00, 0xFD00, 0xFD00, 0xFD00, 0xFD00, 0xFD00, 0xFD00,
  0xFD00, 0xFD00, 0xFD00, 0xFD00, 0xFD00, 0xFD00, 0xFD00, 0xFD00, 0xFD00, 0xFD00, 0xFD00, 0xFD00,
  0xFD00, 0xFD00, 0xFD00, 0xFD00, 0xFD00, 0xFD00, 0xFD00, 0xFD00, 0xFD00, 0xFD00, 0xFD00, 0xFD00,
  0xFD00, 0xFD00, 0xFD00, 0xFD00, 0xFD00, 0xFD00, 0xFD00, 0xBA05, 0x8A27, 0xDA66, 0xDA66, 0xDA66,
  0xDA66, 0xDA66, 0x8A27, 0xBA05, 0xDA66, 0xDA66, 0xBA05, 0xFD00, 0xFD00, 0xFD00, 0xFD00, 0xFD00,
  0xFD00, 0xFD00, 0xFD00, 0xFD00, 0xFD00, 0xFD00, 0xFD00, 0xFD00, 0xFD00, 0xFD00, 0xFD00, 0xFD00,
  0xFD00, 0xFD00, 0xFD00, 0xFD00, 0xFD00, 0xFD00, 0xFD00, 0xFD00, 0xFD00, 0xFD00, 0xFD00, 0xFD00,
  0xFD00, 0xFD00, 0xFD00, 0xFD00, 0xFD00, 0xFD00, 0xFD00, 0xFD00, 0xFD00, 0xFD00, 0xFD00, 0xFD00,
  0xFD00, 0xFD00, 0xFD00, 0xFD00, 0xFD00, 0xFD00, 0xFD00, 0xFD00, 0xFD00, 0xFD00, 0xFD00, 0xFD00,
  0xFD00, 0xFD00, 0xFD00, 0xFD00, 0xFD00, 0xFD00, 0xFD00, 0xFD00, 0xFD00, 0xFD00, 0xFD00, 0xFD00,
  0xFD00, 0xFD00, 0xFD00, 0xFD00, 0xFD00, 0xFD00, 0xFD00, 0xFD00, 0xFD00, 0xFD00, 0xFD00, 0xFD00,
  0xFD00, 0xFD00, 0xFD00, 0xFD00, 0xFD00, 0xFD00, 0xFD00, 0xFD00, 0xFD00, 0xFD00, 0xFD00, 0xFD00,
  0xFD00, 0xFD00, 0xFD00, 0xFD00, 0xFD00, 0xFD00, 0xFD00, 0xFD00, 0xFD00, 0xFD00, 0xFD00, 0xFD00,
  0xFD00, 0xFD00, 0xFD00, 0xECE2, 0xA9A3, 0xA9A3, 0xA9A3, 0xA9A3, 0xA9A3, 0xA9A3, 0xA9A3, 0xA9A3,
  0x70E1, 0x70E1, 0xA9A3, 0xA9A3, 0xA9A3, 0xA9A3, 0xA9A3, 0xA9A3, 0xA9A3, 0xA9A3, 0xA9A3, 0xA9A3,
  0xA9A3, 0xA9A3, 0xA9A3, 0xA9A3, 0xA9A3, 0xA9A3, 0xA9A3, 0xA9A3, 0xA9A3, 0xA9A3, 0xA9A3, 0xA9A3,
  0xA9A3, 0xA9A3, 0xA9A3, 0xA9A3, 0xA9A3, 0xA9A3, 0xA9A3, 0x8963, 0x8963, 0x8963, 0x8963, 0x8963,
  0x8963, 0x8963, 0x8963, 0x8963, 0xC287, 0xC287, 0xA9A3, 0xA9A3, 0xA9A3, 0xA9A3, 0xA9A3, 0xA9A3,
  0xA9A3, 0xA9A3, 0xA9A3, 0xA9A3, 0xA9A3, 0xA9A3, 0xA9A3, 0xA9A3, 0xA9A3, 0xA9A3, 0xA9A3, 0xA9A3,
  0xA9A3, 0xA9A3, 0xA9A3, 0xA9A3, 0xA9A3, 0xA9A3, 0xA9A3, 0xA9A3, 0xA9A3, 0xA9A3, 0xA9A3, 0xA9A3,
  0xA9A3, 0xCA46, 0xCA46, 0xCA46, 0xCA46, 0xCA46, 0xA9A3, 0xA9A3, 0xA9A3, 0xA9A3, 0xA9A3, 0xA9A3,
  0xA9A3, 0xA9A3, 0xA9A3, 0xA9A3, 0xA9A3, 0xA9A3, 0xA9A3, 0xA9A3, 0xA9A3, 0xA9A3, 0xA9A3, 0xA9A3,
  0xA9A3, 0xA9A3, 0xA9A3, 0xA9A3, 0xA9A3, 0xA9A3, 0xA9A3, 0xA9A3, 0xA9A3, 0xA9A3, 0xA9A3, 0xA9A3,
  0xA9A3, 0xA9A3, 0xA9A3, 0xA9A3, 0xA9A3, 0xA9A3, 0x70E1, 0xFD00, 0xFD00, 0xFD00, 0xFD00, 0xFD00,
  0xFD00, 0xFD00, 0xFD00, 0xFD00, 0xFD00, 0xFD00, 0xFD00, 0xFD00, 0xFD00, 0xFD00, 0xFD00, 0xFD00,
  0xFD00, 0xFD00, 0xFD00, 0xFD00, 0xFD00, 0xFD00, 0xFD00, 0xFD00, 0xFD00, 0xFD00, 0xFD00, 0xFD00,
  0xFD00, 0xFD00, 0xFD00, 0xFD00, 0xFD00, 0xFD00, 0xFD00, 0xFD00, 0xFD00, 0xFD00, 0xFD00, 0xFD00,
  0xFD00, 0xFD00, 0xFD00, 0xFD00, 0xFD00, 0xBA05, 0xBA05, 0xBA05, 0xBA05, 0xBA05, 0xBA05, 0xBA05,
  0xBA05, 0xBA05, 0xDA66, 0xDA66, 0xBA05, 0xFD00, 0xFD00, 0xFD00, 0xFD00, 0xFD00, 0xFD00, 0xFD00,
  0xFD00, 0xFD00, 0xFD00, 0xFD00, 0xFD00, 0xFD00, 0xFD00, 0xFD00, 0xFD00, 0xFD00, 0xFD00, 0xFD00,
  0xFD00, 0xFD00, 0xFD00, 0xFD00, 0xFD00, 0xFD00, 0xFD00, 0xFD00, 0xFD00, 0xFD00, 0xFD00, 0xFD00,
  0xFD00, 0xFD00, 0xFD00, 0xFD00, 0xFD00, 0xFD00, 0xFD00, 0xFD00, 0xFD00, 0xFD00, 0xFD00, 0xFD00,
  0xFD00, 0xFD00, 0xFD00, 0xFD00, 0xFD00, 0xFD00, 0xFD00, 0xFD00, 0xFD00, 0xFD00, 0xFD00, 0xFD00,
  0xFD00, 0xFD00, 0xFD00, 0xFD00, 0xFD00, 0xFD00, 0xFD00, 0xFD00, 0xFD00, 0xFD00, 0xFD00, 0xFD00,
  0xFD00, 0xFD00, 0xFD00, 0xFD00, 0xFD00, 0xFD00, 0xFD00, 0xFD00, 0xFD00, 0xFD00, 0xFD00, 0xFD00,
  0xFD00, 0xFD00, 0xFD00, 0xFD00, 0xFD00, 0xFD00, 0xFD00, 0xFD00, 0xFD00, 0xFD00, 0xFD00, 0xFD00,
  0xFD00, 0xFD00, 0xFD00, 0xFD00, 0xFD00, 0xFD00, 0xFD00, 0xFD00, 0xFD00, 0xFD00, 0xFD00, 0xFD00,
  0xFD00, 0xECE2, 0xECE2, 0xA9A3, 0xA9A3, 0xA9A3, 0xA9A3, 0xA9A3, 0xA9A3, 0xA9A3, 0x70E1, 0xA9A3,
  0xA9A3, 0xA9A3, 0xA9A3, 0xA9A3, 0xA9A3, 0xA9A3, 0xA9A3, 0xA9A3, 0xA9A3, 0xA9A3, 0xA9A3, 0xA9A3,
  0xA9A3, 0xA9A3, 0xA9A3, 0xA9A3, 0xA9A3, 0xA9A3, 0xA9A3, 0xA9A3, 0xA9A3, 0xA9A3, 0xA9A3, 0xA9A3,
  0xA9A3, 0xA9A3, 0xA9A3, 0xA9A3, 0x8963, 0x8963, 0x8963, 0x8963, 0x8963, 0x8963, 0x8963, 0x8963,
  0x8963, 0x8963, 0xC287, 0xA9A3, 0xA9A3, 0xA9A3, 0xA9A3, 0xA9A3, 0xA9A3, 0xA9A3, 0xA9A3, 0xA9A3,
  0xA9A3, 0xA9A3, 0xA9A3, 0xA9A3, 0xA9A3, 0xA9A3, 0xA9A3, 0xA9A3, 0xA9A3, 0xA9A3, 0xA9A3, 0xA9A3,
  0xA9A3, 0xA9A3, 0xA9A3, 0xA9A3, 0xA9A3, 0xA9A3, 0xA9A3, 0xA9A3, 0xA9A3, 0xA9A3, 0xA9A3, 0xA9A3,
  0xA9A3, 0xA9A3, 0xA9A3, 0xA9A3, 0xCA46, 0xCA46, 0xCA46, 0xCA46, 0xCA46, 0xCA46, 0xCA46, 0xCA46,
  0xA9A3, 0xA9A3, 0xA9A3, 0xA9A3, 0xA9A3, 0xA9A3, 0xA9A3, 0xA9A3, 0xA9A3, 0xA9A3, 0xA9A3, 0xA9A3,
  0xA9A3, 0xA9A3, 0xA9A3, 0xA9A3, 0xA9A3, 0xA9A3, 0xA9A3, 0xA9A3, 0xA9A3, 0xA9A3, 0xA9A3, 0xA9A3,
  0xA9A3, 0xA9A3, 0xA9A3, 0x70E1, 0x70E1, 0xFD00, 0xFD00, 0xFD00, 0xFD00, 0xFD00, 0xFD00, 0xFD00,
  0xFD00, 0xFD00, 0xFD00, 0xFD00, 0xFD00, 0xFD00, 0xFD00, 0xFD00, 0xFD00, 0xFD00, 0xFD00, 0xFD00,
  0xFD00, 0xFD00, 0xFD00, 0xFD00, 0xFD00, 0xFD00, 0xFD00, 0xFD00, 0xFD00, 0xFD00, 0xFD00, 0xFD00,
  0xFD00, 0xFD00, 0xFD00, 0xFD00, 0xFD00, 0xFD00, 0xFD00, 0xFD00, 0xFD00, 0xFD00, 0xFD00, 0xFD00,
  0xFD00, 0xFD00, 0xFD00, 0xBA05, 0xDA66, 0xDA66, 0xBA05, 0xFD00, 0xFD00, 0xFD00, 0xBA05, 0xDA66,
  0xDA66, 0xDA66, 0xBA05, 0xFD00, 0xFD00, 0xFD00, 0xFD00, 0xFD00, 0xFD00, 0xFD00, 0xFD00, 0xFD00,
  0xFD00, 0xFD00, 0xFD00, 0xFD00, 0xFD00, 0xFD00, 0xFD00, 0xFD00, 0xFD00, 0xFD00, 0xFD00, 0xFD00,
  0xFD00, 0xFD00, 0xFD00, 0xFD00, 0xFD00, 0xFD00, 0xFD00, 0xFD00, 0xFD00, 0xFD00, 0xFD00, 0xFD00,
  0xFD00, 0xFD00, 0xFD00, 0xFD00, 0xFD00, 0xFD00, 0xFD00, 0xFD00, 0xFD00, 0xFD00, 0xFD00, 0xFD00,
  0xFD00, 0xFD00, 0xFD00, 0xFD00, 0xFD00, 0xFD00, 0xFD00, 0xFD00, 0xFD00, 0xFD00, 0xFD00, 0xFD00,
  0xFD00, 0xFD00, 0xFD00, 0xFD00, 0xFD00, 0xFD00, 0xFD00, 0xFD00, 0xFD00, 0xFD00, 0xFD00, 0xFD00,
  0xFD00, 0xFD00, 0xFD00, 0xFD00, 0xFD00, 0xFD00, 0xFD00, 0xFD00, 0xFD00, 0xFD00, 0xFD00, 0xFD00,
  0xFD00, 0xFD00, 0xFD00, 0xFD00, 0xFD00, 0xFD00, 0xFD00, 0xFD00, 0xFD00, 0xFD00, 0xFD00, 0xFD00,
  0xFD00, 0xFD00, 0xFD00, 0xFD00, 0xFD00, 0xFD00, 0xFD00, 0xFD00, 0xFD00, 0xFD00, 0xFD00, 0xFD00,
  0xECE2, 0xA9A3, 0xA9A3, 0xA9A3, 0xA9A3, 0xA9A3, 0xA9A3, 0xA9A3, 0x70E1, 0xA9A3, 0xA9A3, 0xA9A3,
  0xA9A3, 0xA9A3, 0xA9A3, 0xA9A3, 0xA9A3, 0xA9A3, 0xA9A3, 0xA9A3, 0xA9A3, 0xA9A3, 0xA9A3, 0xA9A3,
  0xA9A3, 0xA9A3, 0xA9A3, 0xA9A3, 0xA9A3, 0xA9A3, 0xA9A3, 0xA9A3, 0xA9A3, 0xA9A3, 0xA9A3, 0xA9A3,
  0xA9A3, 0x8963, 0x8963, 0x8963, 0x8963, 0x8963, 0x8963, 0x8963, 0x8963, 0x8963, 0x8963, 0x8963,
  0xA9A3, 0xA9A3, 0xA9A3, 0xA9A3, 0xA9A3, 0xA9A3, 0xA9A3, 0xA9A3, 0xA9A3, 0xA9A3, 0xA9A3, 0xA9A3,
  0xA9A3, 0xA9A3, 0xA9A3, 0xA9A3, 0xA9A3, 0xA9A3, 0xA9A3, 0xA9A3, 0xA9A3, 0xA9A3, 0xA9A3, 0xA9A3,
  0xA9A3, 0xA9A3, 0xA9A3, 0xA9A3, 0xA9A3, 0xA9A3, 0xA9A3, 0xA9A3, 0xA9A3, 0xA9A3, 0xA9A3, 0xA9A3,
  0xA9A3, 0xA9A3, 0xA9A3, 0xA9A3, 0xA9A3, 0xA9A3, 0xA9A3, 0xA9A3, 0xA9A3, 0xCA46, 0xCA46, 0xCA46,
  0xCA46, 0xCA46, 0xCA46, 0xCA46, 0xCA46, 0xCA46, 0xCA46, 0xA9A3, 0xA9A3, 0xA9A3, 0xA9A3, 0xA9A3,
  0xA9A3, 0xA9A3, 0xA9A3, 0xA9A3, 0xA9A3, 0xA9A3, 0xA9A3, 0xA9A3, 0xA9A3, 0xA9A3, 0xA9A3, 0x70E1,
  0x70E1, 0x70E1, 0xFD00, 0xFD00, 0xFD00, 0xFD00, 0xFD00, 0xFD00, 0xFD00, 0xFD00, 0xFD00, 0xFD00,
  0xFD00, 0xFD00, 0xFD00, 0xFD00, 0xFD00, 0xFD00, 0xFD00, 0xFD00, 0xFD00, 0xFD00, 0xFD00, 0xFD00,
  0xFD00, 0xFD00, 0xFD00, 0xFD00, 0xFD00, 0xFD00, 0xFD00, 0xFD00, 0xFD00, 0xFD00, 0xFD00, 0xFD00,
  0xFD00, 0xFD00, 0xFD00, 0xFD00, 0xFD00, 0xFD00, 0xFD00, 0xFD00, 0xFD00, 0xFD00, 0xFD00, 0xFD00,
  0xFD00, 0xBA05, 0x6A07, 0x6A07, 0xBA05, 0xFD00, 0xFD00, 0xFD00, 0xBA05, 0x6A07, 0x6A07, 0x6A07,
  0xBA05, 0xFD00, 0xFD00, 0xFD00, 0xFD00, 0xFD00, 0xFD00, 0xFD00, 0xFD00, 0xFD00, 0xFD00, 0xFD00,
  0xFD00, 0xFD00, 0xFD00, 0xFD00, 0xFD00, 0xFD00, 0xFD00, 0xFD00, 0xFD00, 0xFD00, 0xFD00, 0xFD00,
  0xFD00, 0xFD00, 0xFD00, 0xFD00, 0xFD00, 0xFD00, 0xFD00, 0xFD00, 0xFD00, 0xFD00, 0xFD00, 0xFD00,
  0xFD00, 0xFD00, 0xFD00, 0xFD00, 0xFD00, 0xFD00, 0xFD00, 0xFD00, 0xFD00, 0xFD00, 0xFD00, 0xFD00,
  0xFD00, 0xFD00, 0xFD00, 0xFD00, 0xFD00, 0xFD00, 0xFD00, 0xFD00, 0xFD00, 0xFD00, 0xFD00, 0xFD00,
  0xFD00, 0xFD00, 0xFD00, 0xFD00, 0xFD00, 0xFD00, 0xFD00, 0xFD00, 0xFD00, 0xFD00, 0xFD00, 0xFD00,
  0xFD00, 0xFD00, 0xFD00, 0xFD00, 0xFD00, 0xFD00, 0xFD00, 0xFD00, 0xFD00, 0xFD00, 0xFD00, 0xFD00,
  0xFD00, 0xFD00, 0xFD00, 0xFD00, 0xFD00, 0xFD00, 0xFD00, 0xFD00, 0xFD00, 0xFD00, 0xFD00, 0xFD00,
  0xFD00, 0xFD00, 0xFD00, 0xFD00, 0xFD00, 0xFD00, 0xFD00, 0xFD00, 0xFD00, 0xFD00, 0xECE2, 0xECE2,
  0xA9A3, 0xA9A3, 0xA9A3, 0xA9A3, 0xA9A3, 0xA9A3, 0x70E1, 0xA9A3, 0xA9A3, 0xA9A3, 0xA9A3, 0xA9A3,
  0xA9A3, 0xA9A3, 0xA9A3, 0xA9A3, 0xA9A3, 0xA9A3, 0xA9A3, 0xA9A3, 0xA9A3, 0xA9A3, 0xA9A3, 0xA9A3,
  0xA9A3, 0xA9A3, 0xA9A3, 0xA9A3, 0xA9A3, 0xA9A3, 0xA9A3, 0xA9A3, 0xA9A3, 0xA9A3, 0x8963, 0x8963,
  0x8963, 0x8963, 0x8963, 0x8963, 0x8963, 0x8963, 0x8963, 0x8963, 0x8963, 0x8963, 0xA9A3, 0xA9A3,
  0xA9A3, 0xA9A3, 0xA9A3, 0xA9A3, 0xA9A3, 0xA9A3, 0xA9A3, 0xA9A3, 0xA9A3, 0xA9A3, 0xA9A3, 0xA9A3,
  0xA9A3, 0xA9A3, 0xA9A3, 0xA9A3, 0xA9A3, 0xA9A3, 0xA9A3, 0xA9A3, 0xA9A3, 0xA9A3, 0xA9A3, 0xA9A3,
  0xA9A3, 0xA9A3, 0xA9A3, 0xA9A3, 0xA9A3, 0xA9A3, 0xA9A3, 0xA9A3, 0xA9A3, 0xA9A3, 0xA9A3, 0xA9A3,
  0xA9A3, 0xA9A3, 0xA9A3, 0xA9A3, 0xA9A3, 0xA9A3, 0xA9A3, 0xA9A3, 0xA9A3, 0xA9A3, 0xA9A3, 0xA9A3,
  0xA9A3, 0xA9A3, 0xA9A3, 0xA9A3, 0xA9A3, 0xCA46, 0xCA46, 0xCA46, 0xCA46, 0xCA46, 0xCA46, 0xCA46,
  0xCA46, 0xCA46, 0xCA46, 0xCA46, 0xCA46, 0x8963, 0xCA46, 0x70E1, 0x70E1, 0x70E1, 0xFD00, 0xFD00,
  0xFD00, 0xFD00, 0xFD00, 0xFD00, 0xFD00, 0xFD00, 0xFD00, 0xFD00, 0xFD00, 0xFD00, 0xFD00, 0xFD00,
  0xFD00, 0xFD00, 0xFD00, 0xFD00, 0xFD00, 0xFD00, 0xFD00, 0xFD00, 0xFD00, 0xFD00, 0xFD00, 0xFD00,
  0xFD00, 0xFD00, 0xFD00, 0xFD00, 0xFD00, 0xFD00, 0xFD00, 0xFD00, 0xFD00, 0xFD00, 0xFD00, 0xFD00,
  0xFD00, 0xFD00, 0xFD00, 0xFD00, 0xFD00, 0xFC60, 0xFC60, 0xFC60, 0xFC60, 0xFC60, 0xFC60, 0xBA05,
  0x6A07, 0x6A07, 0xBA05, 0xFD00, 0xFD00, 0xFD00, 0xBA05, 0x6A07, 0x6A07, 0x6A07, 0xBA05, 0xFD00,
  0xFD00, 0xFD00, 0xFD00, 0xFD00, 0xFD00, 0xFD00, 0xFD00, 0xFD00, 0xFD00, 0xFD00, 0xFD00, 0xFD00,
  0xFD00, 0xFD00, 0xFD00, 0xFD00, 0xFD00, 0xFD00, 0xFD00, 0xFD00, 0xFD00, 0xFD00, 0xFD00, 0xFD00,
  0xFD00, 0xFD00, 0xFD00, 0xFD00, 0xFD00, 0xFD00, 0xFD00, 0xFD00, 0xFD00, 0xFD00, 0xFD00, 0xFD00,
  0xFD00, 0xFD00, 0xFD00, 0xFD00, 0xFD00, 0xFD00, 0xFD00, 0xFD00, 0xFD00, 0xFD00, 0xFD00, 0xFD00,
  0xFD00, 0xFD00, 0xFD00, 0xFD00, 0xFD00, 0xFD00, 0xFD00, 0xFD00, 0xFD00, 0xFD00, 0xFD00, 0xFD00,
  0xFD00, 0xFD00, 0xFD00, 0xFD00, 0xFD00, 0xFD00, 0xFD00, 0xFD00, 0xFD00, 0xFD00, 0xFD00, 0xFD00,
  0xFD00, 0xFC60, 0xFC60, 0xFD00, 0xFD00, 0xFD00, 0xFD00, 0xFD00, 0xFD00, 0xFD00, 0xFD00, 0xFD00,
  0xFD00, 0xFD00, 0xFD00, 0xFD00, 0xFD00, 0xFD00, 0xFD00, 0xFD00, 0xFD00, 0xFD00, 0xFD00, 0xFD00,
  0xFD00, 0xFD00, 0xFD00, 0xFD00, 0xFD00, 0xFD00, 0xFD00, 0xFD00, 0xFD00, 0xECE2, 0xA9A3, 0xA9A3,
  0xA9A3, 0xA9A3, 0xA9A3, 0x70E1, 0xA9A3, 0xA9A3, 0xA9A3, 0xA9A3, 0xA9A3, 0xA9A3, 0xA9A3, 0xA9A3,
  0xA9A3, 0xA9A3, 0xA9A3, 0xA9A3, 0xA9A3, 0xA9A3, 0xA9A3, 0xA9A3, 0xA9A3, 0xA9A3, 0xA9A3, 0xA9A3,
  0xA9A3, 0xA9A3, 0xA9A3, 0xA9A3, 0xA9A3, 0xA9A3, 0xA9A3, 0x8963, 0x8963, 0x8963, 0x8963, 0x8963,
  0x8963, 0x8963, 0x8963, 0x8963, 0x8963, 0x8963, 0x8963, 0x8963, 0xA9A3, 0xA9A3, 0xA9A3, 0xA9A3,
  0xA9A3, 0xA9A3, 0xA9A3, 0xA9A3, 0xA9A3, 0xA9A3, 0xA9A3, 0xA9A3, 0xA9A3, 0xA9A3, 0xA9A3, 0xA9A3,
  0xA9A3, 0xA9A3, 0xA9A3, 0xA9A3, 0xA9A3, 0xA9A3, 0xA9A3, 0xA9A3, 0xA9A3, 0xA9A3, 0xA9A3, 0xA9A3,
  0xA9A3, 0xA9A3, 0xA9A3, 0xA9A3, 0xA9A3, 0xA9A3, 0xA9A3, 0xA9A3, 0xA9A3, 0xA9A3, 0xA9A3, 0xA9A3,
  0xA9A3, 0xA9A3, 0xA9A3, 0xA9A3, 0xA9A3, 0xA9A3, 0xA9A3, 0xA9A3, 0xA9A3, 0xA9A3, 0xA9A3, 0xA9A3,
  0xA9A3, 0xA9A3, 0xA9A3, 0xA9A3, 0xA9A3, 0xA9A3, 0xA9A3, 0xA9A3, 0xA9A3, 0xA9A3, 0xA9A3, 0xA9A3,
  0xA9A3, 0x8963, 0x8963, 0x8963, 0x70E1, 0x70E1, 0xFD00, 0xFD00, 0xFD00, 0xFD00, 0xFD00, 0xFD00,
  0xFD00, 0xFD00, 0xFD00, 0xFD00, 0xFD00, 0xFD00, 0xFD00, 0xFD00, 0xFD00, 0xFD00, 0xFD00, 0xFD00,
  0xFD00, 0xFD00, 0xFD00, 0xFD00, 0xFD00, 0xFD00, 0xFD00, 0xFD00, 0xFD00, 0xFD00, 0xFD00, 0xFD00,
  0xFD00, 0xFD00, 0xFD00, 0xFD00, 0xFD00, 0xFD00, 0xFD00, 0xFD00, 0xFD00, 0xFD00, 0xFD00, 0xFD00,
  0xFD00, 0xFC60, 0xFC60, 0xFC60, 0xFC60, 0xFC60, 0xFC60, 0xFC60, 0xFC60, 0xBA05, 0xBA05, 0xBA05,
  0xBA05, 0xFD00, 0xFD00, 0xFD00, 0xBA05, 0xBA05, 0xBA05, 0xBA05, 0xFD00, 0xFD00, 0xFD00, 0xFD00,
  0xFD00, 0xFD00, 0xFD00, 0xFD00, 0xFD00, 0xFD00, 0xFD00, 0xFD00, 0xFD00, 0xFD00, 0xFD00, 0xFD00,
  0xFD00, 0xFD00, 0xFD00, 0xFD00, 0xFD00, 0xFD00, 0xFD00, 0xFD00, 0xFD00, 0xFD00, 0xFD00, 0xFD00,
  0xFD00, 0xFD00, 0xFD00, 0xFD00, 0xFD00, 0xFD00, 0xFD00, 0xFD00, 0xFD00, 0xFD00, 0xFD00, 0xFD00,
  0xFD00, 0xFD00, 0xFD00, 0xFD00, 0xFD00, 0xFD00, 0xFD00, 0xFD00, 0xFD00, 0xFD00, 0xFD00, 0xFD00,
  0xFD00, 0xFD00, 0xFD00, 0xFD00, 0xFD00, 0xFD00, 0xFD00, 0xFD00, 0xFD00, 0xFD00, 0xFD00, 0xFD00,
  0xFC60, 0xFC60, 0xFC60, 0xFC60, 0xFC60, 0xFC60, 0xFC60, 0xFC60, 0xFC60, 0xFC60, 0xFC60, 0xFC60,
  0xFD00, 0xFD00, 0xFD00, 0xFD00, 0xFD00, 0xFD00, 0xFD00, 0xFD00, 0xFD00, 0xFD00, 0xFD00, 0xFD00,
  0xFD00, 0xFD00, 0xFD00, 0xFD00, 0xFD00, 0xFD00, 0xFD00, 0xFD00, 0xFD00, 0xFD00, 0xFD00, 0xFD00,
  0xFD00, 0xFD00, 0xFD00, 0xFD00, 0xFD00, 0xFD00, 0xFD00, 0xECE2, 0xA9A3, 0xA9A3, 0xA9A3, 0xA9A3,
  0xA9A3, 0x70E1, 0xA9A3, 0xA9A3, 0xA9A3, 0xA9A3, 0xA9A3, 0xA9A3, 0xA9A3, 0xA9A3, 0xA9A3, 0xA9A3,
  0xA9A3, 0xA9A3, 0xA9A3, 0xA9A3, 0xA9A3, 0xA9A3, 0xA9A3, 0xA9A3, 0xA9A3, 0xA9A3, 0xA9A3, 0xA9A3,
  0xA9A3, 0xA9A3, 0xA9A3, 0xA9A3, 0x8963, 0x8963, 0x8963, 0x8963, 0x8963, 0x8963, 0x8963, 0x8963,
  0x8963, 0x8963, 0x8963, 0x8963, 0x8963, 0x8963, 0xA9A3, 0xA9A3, 0xA9A3, 0xA9A3, 0xA9A3, 0xA9A3,
  0xA9A3, 0xA9A3, 0xA9A3, 0xA9A3, 0xA9A3, 0xA9A3, 0xA9A3, 0xA9A3, 0xA9A3, 0xA9A3, 0xA9A3, 0xA9A3,
  0xA9A3, 0xA9A3, 0xA9A3, 0xA9A3, 0xA9A3, 0xA9A3, 0xA9A3, 0xA9A3, 0xA9A3, 0xA9A3, 0xA9A3, 0xA9A3,
  0xA9A3, 0xA9A3, 0xA9A3, 0xA9A3, 0xA9A3, 0xA9A3, 0xA9A3, 0xA9A3, 0xA9A3, 0xA9A3, 0xA9A3, 0xA9A3,
  0xA9A3, 0xA9A3, 0xA9A3, 0xA9A3, 0xA9A3, 0xA9A3, 0xA9A3, 0xA9A3, 0xA9A3, 0xA9A3, 0xA9A3, 0xA9A3,
  0xA9A3, 0xA9A3, 0xA9A3, 0xA9A3, 0xA9A3, 0xA9A3, 0xA9A3, 0xA9A3, 0xA9A3, 0xA9A3, 0xA9A3, 0x8963,
  0x8963, 0x8963, 0x70E1, 0xFD00, 0xFD00, 0xFD00, 0xFD00, 0xFD00, 0xFD00, 0xFD00, 0xFD00, 0xFD00,
  0xFD00, 0xFD00, 0xFD00, 0xFD00, 0xFD00, 0xFD00, 0xFD00, 0xFD00, 0xFD00, 0xFD00, 0xFD00, 0xFD00,
  0xFD00, 0xFD00, 0xFD00, 0xFD00, 0xFD00, 0xFD00, 0xFD00, 0xFD00, 0xFD00, 0xFD00, 0xFD00, 0xFD00,
  0xFD00, 0xFD00, 0xFD00, 0xFD00, 0xFD00, 0xFD00, 0xFD00, 0xFD00, 0xFD00, 0xFC60, 0xFC60, 0xFC60,
  0xFC60, 0xFC60, 0xFC60, 0xFC60, 0xFC60, 0xFC60, 0xFC60, 0xFC60, 0xFD00, 0xFD00, 0xFD00, 0xFD00,
  0xFD00, 0xFD00, 0xFD00, 0xFD00, 0xFD00, 0xFD00, 0xFD00, 0xFD00, 0xFD00, 0xFD00, 0xFD00, 0xFD00,
  0xFD00, 0xFD00, 0xFD00, 0xFD00, 0xFD00, 0xFD00, 0xFD00, 0xFD00, 0xFD00, 0xFD00, 0xFD00, 0xFD00,
  0xFD00, 0xFD00, 0xFD00, 0xFD00, 0xFD00, 0xFD00, 0xFD00, 0xFD00, 0xFD00, 0xFD00, 0xFD00, 0xFD00,
  0xFD00, 0xFD00, 0xFD00, 0xFD00, 0xFD00, 0xFD00, 0xFD00, 0xFD00, 0xFD00, 0xFD00, 0xFD00, 0xFD00,
  0xFD00, 0xFD00, 0xFD00, 0xFD00, 0xFD00, 0xFD00, 0xFD00, 0xFD00, 0xFD00, 0xFD00, 0xFD00, 0xFD00,
  0xFD00, 0xFD00, 0xFD00, 0xFD00, 0xFD00, 0xFD00, 0xFD00, 0xFD00, 0xFC60, 0xFC60, 0xFC60, 0xFC60,
  0xFC60, 0xFC60, 0xFC60, 0xFC60, 0xFC60, 0xFC60, 0xFC60, 0xFC60, 0xFC60, 0xFD00, 0xFD00, 0xFD00,
  0xFD00, 0xFD00, 0xFD00, 0xFD00, 0xFD00, 0xFD00, 0xFD00, 0xFD00, 0xFD00, 0xFD00, 0xFD00, 0xFD00,
  0xFD00, 0xFD00, 0xFD00, 0xFD00, 0xFD00, 0xFD00, 0xFD00, 0xFD00, 0xFD00, 0xFD00, 0xFD00, 0xFD00,
  0xFD00, 0xFD00, 0xFD00, 0xFD00, 0xFD00, 0xECE2, 0xECE2, 0xA9A3, 0xA9A3, 0xA9A3, 0xA9A3, 0x70E1,
  0xA9A3, 0xA9A3, 0xA9A3, 0xA9A3, 0xA9A3, 0xA9A3, 0xA9A3, 0xA9A3, 0xA9A3, 0xA9A3, 0xA9A3, 0xA9A3,
  0xA9A3, 0xA9A3, 0xA9A3, 0xA9A3, 0xA9A3, 0xA9A3, 0xA9A3, 0xA9A3, 0xA9A3, 0xA9A3, 0xA9A3, 0xA9A3,
  0xA9A3, 0x8963, 0x8963, 0x8963, 0x8963, 0x8963, 0x8963, 0x8963, 0x8963, 0x8963, 0x8963, 0x8963,
  0x8963, 0x8963, 0x8963, 0x8963, 0xA9A3, 0xA9A3, 0xA9A3, 0xA9A3, 0xA9A3, 0xA9A3, 0xA9A3, 0xA9A3,
  0xA9A3, 0xA9A3, 0xA9A3, 0xA9A3, 0xA9A3, 0xA9A3, 0xA9A3, 0xA9A3, 0xA9A3, 0xA9A3, 0xA9A3, 0xA9A3,
  0xA9A3, 0xA9A3, 0xA9A3, 0xA9A3, 0xA9A3, 0xA9A3, 0xA9A3, 0xA9A3, 0xA9A3, 0xA9A3, 0xA9A3, 0xA9A3,
  0xA9A3, 0xA9A3, 0xA9A3, 0xA9A3, 0xA9A3, 0xA9A3, 0xA9A3, 0xA9A3, 0xA9A3, 0xA9A3, 0xA9A3, 0xA9A3,
  0xA9A3, 0xA9A3, 0xA9A3, 0xA9A3, 0xA9A3, 0xA9A3, 0xA9A3, 0xA9A3, 0xA9A3, 0xA9A3, 0xA9A3, 0xA9A3,
  0xA9A3, 0xA9A3, 0xA9A3, 0xA9A3, 0xA9A3, 0xA9A3, 0xA9A3, 0xA9A3, 0x8963, 0x8963, 0x8963, 0x70E1,
  0x70E1, 0xFD00, 0xFD00, 0xFD00, 0xFD00, 0xFD00, 0xFD00, 0xFD00, 0xFD00, 0xFD00, 0xFD00, 0xFD00,
  0xFD00, 0xFD00, 0xFD00, 0xFD00, 0xFD00, 0xFD00, 0xFD00, 0xFD00, 0xFD00, 0xFD00, 0xFD00, 0xFD00,
  0xFD00, 0xFD00, 0xFD00, 0xFD00, 0xFD00, 0xFD00, 0xFD00, 0xFD00, 0xFD00, 0xFD00, 0xFD00, 0xFD00,
  0xFD00, 0xFD00, 0xFD00, 0xFD00, 0xFD00, 0xFD00, 0xFD00, 0xFC60, 0xFC60, 0xFC60, 0xFC60, 0xFC60,
  0xFC60, 0xFC60, 0xFD00, 0xFD00, 0xFD00, 0xFD00, 0xFD00, 0xFD00, 0xFD00, 0xFD00, 0xFD00, 0xFD00,
  0xFD00, 0xFD00, 0xFD00, 0xFD00, 0xFD00, 0xFD00, 0xFD00, 0xFD00, 0xFD00, 0xFD00, 0xFD00, 0xFD00,
  0xFD00, 0xFD00, 0xFD00, 0xFD00, 0xFD00, 0xFD00, 0xFD00, 0xFD00, 0xFD00, 0xFD00, 0xFD00, 0xFD00,
  0xFD00, 0xFD00, 0xFD00, 0xFD00, 0xFD00, 0xFD00, 0xFD00, 0xFD00, 0xFD00, 0xFD00, 0xFD00, 0xFD00,
  0xFD00, 0xFD00, 0xFD00, 0xFD00, 0xFD00, 0xFD00, 0xFD00, 0xFD00, 0xFD00, 0xFD00, 0xFD00, 0xFD00,
  0xFD00, 0xFD00, 0xFD00, 0xFD00, 0xFD00, 0xFD00, 0xFD00, 0xFD00, 0xFD00, 0xFD00, 0xFD00, 0xFD00,
  0xFD00, 0xFD00, 0xFD00, 0xFD00, 0xFC60, 0xFC60, 0xFC60, 0xFC60, 0xFC60, 0xFC60, 0xFC60, 0xFC60,
  0xFC60, 0xFC60, 0xFC60, 0xFD00, 0xFD00, 0xFD00, 0xFD00, 0xFD00, 0xFD00, 0xFD00, 0xFD00, 0xFD00,
  0xFD00, 0xFD00, 0xFD00, 0xFD00, 0xFD00, 0xFD00, 0xFD00, 0xFD00, 0xFD00, 0xFD00, 0xFD00, 0xFD00,
  0xFD00, 0xFD00, 0xFD00, 0xFD00, 0xFD00, 0xFD00, 0xFD00, 0xFD00, 0xFD00, 0xFD00, 0xFD00, 0xFD00,
  0xFD00, 0xFD00, 0xFD00, 0xFD00, 0xECE2, 0xA9A3, 0xA9A3, 0x70E1, 0x70E1, 0x70E1, 0xA9A3, 0xA9A3,
  0xA9A3, 0xA9A3, 0xA9A3, 0xA9A3, 0xA9A3, 0xA9A3, 0xA9A3, 0xA9A3, 0xA9A3, 0xA9A3, 0xA9A3, 0xA9A3,
  0xA9A3, 0xA9A3, 0xA9A3, 0xA9A3, 0xA9A3, 0xA9A3, 0xA9A3, 0xA9A3, 0xA9A3, 0xA9A3, 0x8963, 0x8963,
  0x8963, 0x8963, 0x8963, 0x8963, 0x8963, 0x8963, 0x8963, 0x8963, 0x8963, 0x8963, 0x8963, 0x8963,
  0x8963, 0x8963, 0xA9A3, 0xA9A3, 0xA9A3, 0xA9A3, 0xA9A3, 0xA9A3, 0xA9A3, 0xA9A3, 0xA9A3, 0xA9A3,
  0xA9A3, 0xA9A3, 0xA9A3, 0xA9A3, 0xA9A3, 0xA9A3, 0xA9A3, 0xA9A3, 0xA9A3, 0xA9A3, 0xA9A3, 0xA9A3,
  0xA9A3, 0xA9A3, 0xA9A3, 0xA9A3, 0xA9A3, 0xA9A3, 0xA9A3, 0xA9A3, 0xA9A3, 0xA9A3, 0xA9A3, 0xA9A3,
  0xA9A3, 0xA9A3, 0xA9A3, 0xA9A3, 0xA9A3, 0xA9A3, 0xA9A3, 0xA9A3, 0xA9A3, 0xA9A3, 0xA9A3, 0xA9A3,
  0xA9A3, 0xA9A3, 0xA9A3, 0xA9A3, 0xA9A3, 0xA9A3, 0xA9A3, 0xA9A3, 0xA9A3, 0xA9A3, 0xA9A3, 0xA9A3,
  0xA9A3, 0xA9A3, 0xA9A3, 0xA9A3, 0xA9A3, 0xA9A3, 0x8963, 0x8963, 0x8963, 0x70E1, 0xFD00, 0xFD00,
  0xFD00, 0xFD00, 0xFD00, 0xFD00, 0xFD00, 0xFD00, 0xFD00, 0xFD00, 0xFD00, 0xFD00, 0xFD00, 0xFD00,
  0xFD00, 0xFD00, 0xFD00, 0xFD00, 0xFD00, 0xFD00, 0xFD00, 0xFD00, 0xFD00, 0xFD00, 0xFD00, 0xFD00,
  0xFD00, 0xFD00, 0xFD00, 0xFD00, 0xFD00, 0xFD00, 0xFD00, 0xFD00, 0xFD00, 0xFD00, 0xFD00, 0xFD00,
  0xFD00, 0xFD00, 0xFD00, 0xFD00, 0xFD00, 0xFD00, 0xFD00, 0xFD00, 0xFD00, 0xFD00, 0xFD00, 0xFD00,
  0xFD00, 0xFD00, 0xFD00, 0xFD00, 0xFD00, 0xFD00, 0xFD00, 0xFD00, 0xFD00, 0xFD00, 0xFD00, 0xFD00,
  0xFD00, 0xFD00, 0xFD00, 0xFD00, 0xFD00, 0xFD00, 0xFD00, 0xFD00, 0xFD00, 0xFD00, 0xFD00, 0xFD00,
  0xFD00, 0xFD00, 0xFD00, 0xFD00, 0xFD00, 0xFD00, 0xFD00, 0xFD00, 0xFD00, 0xFD00, 0xFD00, 0xFD00,
  0xFD00, 0xFD00, 0xFD00, 0xFD00, 0xFD00, 0xFD00, 0xFD00, 0xFD00, 0xFD00, 0xFD00, 0xFD00, 0xFD00,
  0xFD00, 0xFD00, 0xFD00, 0xFD00, 0xFD00, 0xFD00, 0xFD00, 0xFD00, 0xFD00, 0xFD00, 0xFD00, 0xFD00,
  0xFD00, 0xFD00, 0xFD00, 0xFD00, 0xFD00, 0xFD00, 0xFD00, 0xFD00, 0xFD00, 0xFD00, 0xFD00, 0xFD00,
  0xFD00, 0xFD00, 0xFC60, 0xFC60, 0xFC60, 0xFC60, 0xFC60, 0xFC60, 0xFD00, 0xFD00, 0xFD00, 0xFD00,
  0xFD00, 0xFD00, 0xFD00, 0xFD00, 0xFD00, 0xFD00, 0xFD00, 0xFD00, 0xFD00, 0xFD00, 0xFD00, 0xFD00,
  0xFD00, 0xFD00, 0xFD00, 0xFD00, 0xFD00, 0xFD00, 0xFD00, 0xFD00, 0xFD00, 0xFD00, 0xFD00, 0xFD00,
  0xFD00, 0xFD00, 0xFD00, 0xFD00, 0xFD00, 0xFD00, 0xFD00, 0xFD00, 0xFD00, 0xFD00, 0xFD00, 0xFD00,
  0xFD00, 0xFD00, 0xECE2, 0xA9A3, 0xA9A3, 0x70E1, 0xA9A3, 0xA9A3, 0xA9A3, 0xA9A3, 0xA9A3, 0xA9A3,
  0xA9A3, 0xA9A3, 0xA9A3, 0xA9A3, 0xA9A3, 0xA9A3, 0xA9A3, 0xA9A3, 0xA9A3, 0xA9A3, 0xA9A3, 0xA9A3,
  0xA9A3, 0xA9A3, 0xA9A3, 0xA9A3, 0xA9A3, 0xA9A3, 0xA9A3, 0x8963, 0x8963, 0x8963, 0x8963, 0x8963,
  0x8963, 0x8963, 0x8963, 0x8963, 0x8963, 0x8963, 0x8963, 0x8963, 0x8963, 0x8963, 0x8963, 0x8963,
  0xA9A3, 0xA9A3, 0xA9A3, 0xA9A3, 0xA9A3, 0xA9A3, 0xA9A3, 0xA9A3, 0xA9A3, 0xA9A3, 0xA9A3, 0xA9A3,
  0xA9A3, 0xA9A3, 0xA9A3, 0xA9A3, 0xA9A3, 0xA9A3, 0xA9A3, 0xA9A3, 0xA9A3, 0xA9A3, 0xA9A3, 0xA9A3,
  0xA9A3, 0xA9A3, 0xA9A3, 0xA9A3, 0xA9A3, 0xA9A3, 0xA9A3, 0xA9A3, 0xA9A3, 0xA9A3, 0xA9A3, 0xA9A3,
  0xA9A3, 0xA9A3, 0xA9A3, 0xA9A3, 0xA9A3, 0xA9A3, 0xA9A3, 0xA9A3, 0xA9A3, 0xA9A3, 0xA9A3, 0xA9A3,
  0xA9A3, 0xA9A3, 0xA9A3, 0xA9A3, 0xA9A3, 0xA9A3, 0xA9A3, 0xA9A3, 0xA9A3, 0xA9A3, 0xA9A3, 0xA9A3,
  0xA9A3, 0xA9A3, 0xA9A3, 0x8963, 0x8963, 0x8963, 0x70E1, 0x70E1, 0xFD00, 0xFD00, 0xFD00, 0xFD00,
  0xFD00, 0xFD00, 0xFD00, 0xFD00, 0xFD00, 0xFD00, 0xFD00, 0xFD00, 0xFD00, 0xFD00, 0xFD00, 0xFD00,
  0xFD00, 0xFD00, 0xFD00, 0xFD00, 0xFD00, 0xFD00, 0xFD00, 0xFD00, 0xFD00, 0xFD00, 0xFD00, 0xFD00,
  0xFD00, 0xFD00, 0xFD00, 0xFD00, 0xFD00, 0xFD00, 0xFD00, 0xFD00, 0xFD00, 0xFD00, 0xFD00, 0xFD00,
  0xFD00, 0xFD00, 0xFD00, 0xFD00, 0xFD00, 0xFD00, 0xFD00, 0xFD00, 0xFD00, 0xFD00, 0xFD00, 0xFD00,
  0xFD00, 0xFD00, 0xFD00, 0xFD00, 0xFD00, 0xFD00, 0xFD00, 0xFD00, 0xFD00, 0xFD00, 0xFD00, 0xFD00,
  0xFD00, 0xFD00, 0xFD00, 0xFD00, 0xFD00, 0xFD00, 0xFD00, 0xFD00, 0xFD00, 0xFD00, 0xFD00, 0xFD00,
  0xFD00, 0xFD00, 0xFD00, 0xFD00, 0xFD00, 0xFD00, 0xFD00, 0xFD00, 0xFD00, 0xFD00, 0xFD00, 0xFD00,
  0xFD00, 0xFD00, 0xFD00, 0xFD00, 0xFD00, 0xFD00, 0xFD00, 0xFD00, 0xFD00, 0xFD00, 0xFD00, 0xFD00,
  0xFD00, 0xFD00, 0xFD00, 0xFD00, 0xFD00, 0xFD00, 0xFD00, 0xFD00, 0xFD00, 0xFD00, 0xFD00, 0xFD00,
  0xFD00, 0xFD00, 0xFD00, 0xFD00, 0xFD00, 0xFD00, 0xFD00, 0xFD00, 0xFD00, 0xFD00, 0xFD00, 0xFD00,
  0xFD00, 0xFD00, 0xFD00, 0xFD00, 0xFD00, 0xFD00, 0xFD00, 0xFD00, 0xFD00, 0xFD00, 0xFD00, 0xFD00,
  0xFD00, 0xFD00, 0xFD00, 0xFD00, 0xFD00, 0xFD00, 0xFD00, 0xFD00, 0xFD00, 0xFD00, 0xFD00, 0xFD00,
  0xFD00, 0xFD00, 0xFD00, 0xFD00, 0xFD00, 0xFD00, 0xFD00, 0xFD00, 0xFD00, 0xFD00, 0xFD00, 0xFD00,
  0xFD00, 0xFD00, 0xFD00, 0xFD00, 0xFD00, 0xFD00, 0xFD00, 0xFD00, 0xFD00, 0xFD00, 0xFD00, 0xFD00,
  0xECE2, 0xA9A3, 0xA9A3, 0x70E1, 0xA9A3, 0xA9A3, 0xA9A3, 0xA9A3, 0xA9A3, 0xA9A3, 0xA9A3, 0xA9A3,
  0xA9A3, 0xA9A3, 0xA9A3, 0xA9A3, 0xA9A3, 0xA9A3, 0xA9A3, 0xA9A3, 0xA9A3, 0xA9A3, 0xA9A3, 0xA9A3,
  0xA9A3, 0xA9A3, 0xA9A3, 0x8963, 0x8963, 0x8963, 0x8963, 0x8963, 0x8963, 0x8963, 0x8963, 0x8963,
  0x8963, 0x8963, 0x8963, 0x8963, 0x8963, 0x8963, 0x8963, 0x8963, 0x8963, 0x8963, 0xA9A3, 0xA9A3,
  0xA9A3, 0xA9A3, 0xA9A3, 0xA9A3, 0xA9A3, 0xA9A3, 0xA9A3, 0xA9A3, 0xA9A3, 0xA9A3, 0xA9A3, 0xA9A3,
  0xA9A3, 0xA9A3, 0xA9A3, 0xA9A3, 0xA9A3, 0xA9A3, 0xA9A3, 0xA9A3, 0xA9A3, 0xA9A3, 0xA9A3, 0xA9A3,
  0xA9A3, 0xA9A3, 0xA9A3, 0xA9A3, 0xA9A3, 0xA9A3, 0xA9A3, 0xA9A3, 0xA9A3, 0xA9A3, 0xA9A3, 0xA9A3,
  0xA9A3, 0xA9A3, 0xA9A3, 0xA9A3, 0xA9A3, 0xA9A3, 0xA9A3, 0xA9A3, 0xA9A3, 0xA9A3, 0xA9A3, 0xA9A3,
  0xA9A3, 0xA9A3, 0xA9A3, 0xA9A3, 0xA9A3, 0xA9A3, 0xA9A3, 0xA9A3, 0xA9A3, 0xA9A3, 0xA9A3, 0xA9A3,
  0xA9A3, 0x8963, 0x8963, 0x8963, 0x70E1, 0xFD00, 0xFD00, 0xFD00, 0xFD00, 0xFD00, 0xFD00, 0xFD00,
  0xFD00, 0xFD00, 0xFD00, 0xFD00, 0xFD00, 0xFD00, 0xFD00, 0xFD00, 0xFD00, 0xFD00, 0xFD00, 0xFD00,
  0xFD00, 0xFD00, 0xFD00, 0xFD00, 0xFD00, 0xFD00, 0xFD00, 0xFD00, 0xFD00, 0xFD00, 0xFD00, 0xFD00,
  0xFD00, 0xFD00, 0xFD00, 0xFD00, 0xFD00, 0xFD00, 0xFD00, 0xFD00, 0xFD00, 0xFD00, 0xFD00, 0xFD00,
  0xFD00, 0xFD00, 0xFD00, 0xFD00, 0xFD00, 0xFD00, 0xFD00, 0xFD00, 0xFD00, 0xFD00, 0xFD00, 0xFD00,
  0xFD00, 0xFD00, 0xFD00, 0xFD00, 0xFD00, 0xFD00, 0xFD00, 0xFD00, 0xFD00, 0xFD00, 0xFD00, 0xFD00,
  0xFD00, 0xFD00, 0xFD00, 0xFD00, 0xFD00, 0xFD00, 0xFD00, 0xFD00, 0xFD00, 0xFD00, 0xFD00, 0xFD00,
  0xFD00, 0xFD00, 0xFD00, 0xFD00, 0xFD00, 0xFD00, 0xFD00, 0xFD00, 0xFD00, 0xFD00, 0xFD00, 0xFD00,
  0xFD00, 0xFD00, 0xFD00, 0xFD00, 0xFD00, 0xFD00, 0xFD00, 0xFD00, 0xFD00, 0xFD00, 0xFD00, 0xFD00,
  0xFD00, 0xFD00, 0xFD00, 0xFD00, 0xFD00, 0xFD00, 0xFD00, 0xFD00, 0xFD00, 0xFD00, 0xFD00, 0xFD00,
  0xFD00, 0xFD00, 0xFD00, 0xFD00, 0xFD00, 0xFD00, 0xFD00, 0xFD00, 0xFD00, 0xFD00, 0xFD00, 0xFD00,
  0xFD00, 0xFD00, 0xFD00, 0xFD00, 0xFD00, 0xFD00, 0xFD00, 0xFD00, 0xFD00, 0xFD00, 0xFD00, 0xFD00,
  0xFD00, 0xFD00, 0xFD00, 0xFD00, 0xFD00, 0xFD00, 0xFD00, 0xFD00, 0xFD00, 0xFD00, 0xFD00, 0xFD00,
  0xFD00, 0xFD00, 0xFD00, 0xFD00, 0xFD00, 0xFD00, 0xFD00, 0xFD00, 0xFD00, 0xFD00, 0xFD00, 0xFD00,
  0xFD00, 0xFD00, 0xFD00, 0xFD00, 0xFD00, 0xFD00, 0xFD00, 0xFD00, 0xFD00, 0xFD00, 0xECE2, 0xA9A3,
  0xA9A3, 0x70E1, 0xA9A3, 0xA9A3, 0xA9A3, 0xA9A3, 0xA9A3, 0xA9A3, 0xA9A3, 0xA9A3, 0xA9A3, 0xA9A3,
  0xA9A3, 0xA9A3, 0xA9A3, 0xA9A3, 0xA9A3, 0xA9A3, 0xA9A3, 0xA9A3, 0xA9A3, 0xA9A3, 0xA9A3, 0xA9A3,
  0x8963, 0x8963, 0x8963, 0x8963, 0x8963, 0x8963, 0x8963, 0x8963, 0x8963, 0x8963, 0x8963, 0x8963,
  0x8963, 0x8963, 0x8963, 0x8963, 0x8963, 0x8963, 0x8963, 0x8963, 0xA9A3, 0xA9A3, 0xA9A3, 0xA9A3,
  0xA9A3, 0xA9A3, 0xA9A3, 0xA9A3, 0xA9A3, 0xA9A3, 0xA9A3, 0xA9A3, 0xA9A3, 0xA9A3, 0xA9A3, 0xA9A3,
  0xA9A3, 0xA9A3, 0xA9A3, 0xA9A3, 0xA9A3, 0xA9A3, 0xA9A3, 0xA9A3, 0xA9A3, 0xA9A3, 0xA9A3, 0xA9A3,
  0xA9A3, 0xA9A3, 0xA9A3, 0xA9A3, 0xA9A3, 0xA9A3, 0xA9A3, 0xA9A3, 0xA9A3, 0xA9A3, 0xA9A3, 0xA9A3,
  0xA9A3, 0xA9A3, 0xA9A3, 0xA9A3, 0xA9A3, 0xA9A3, 0xA9A3, 0xA9A3, 0xA9A3, 0xA9A3, 0xA9A3, 0xA9A3,
  0xA9A3, 0xA9A3, 0xA9A3, 0xA9A3, 0xA9A3, 0xA9A3, 0xA9A3, 0xA9A3, 0xA9A3, 0xA9A3, 0x8963, 0x8963,
  0x8963, 0x8963, 0x70E1, 0xFD00, 0xFD00, 0xFD00, 0xFD00, 0xFD00, 0xFD00, 0xFD00, 0xFD00, 0xFD00,
  0xFD00, 0xFD00, 0xFD00, 0xFD00, 0xFD00, 0xFD00, 0xFD00, 0xFD00, 0xFD00, 0xFD00, 0xFD00, 0xFD00,
  0xFD00, 0xFD00, 0xFD00, 0xFD00, 0xFD00, 0xFD00, 0xFD00, 0xFD00, 0xFD00, 0xFD00, 0xFD00, 0xFD00,
  0xFD00, 0xFD00, 0xFD00, 0xFD00, 0xFD00, 0xFD00, 0xFD00, 0xFD00, 0xFD00, 0xFD00, 0xFD00, 0xFD00,
  0xFD00, 0xFD00, 0xFD00, 0xFD00, 0xFD00, 0xFD00, 0xFD00, 0xFD00, 0xFD00, 0xFD00, 0xFD00, 0xFD00,
  0xFD00, 0xFD00, 0xFD00, 0xFD00, 0xFD00, 0xFD00, 0xFD00, 0xFD00, 0xFD00, 0xFD00, 0xFD00, 0xFD00,
  0xFD00, 0xFD00, 0xFD00, 0xFD00, 0xFD00, 0xFD00, 0xFD00, 0xFD00, 0xFD00, 0xFD00, 0xFD00, 0xFD00,
  0xFD00, 0xFD00, 0xFD00, 0xFD00, 0xFD00, 0xFD00, 0xFD00, 0xFD00, 0xFD00, 0xFD00, 0xFD00, 0xFD00,
  0xFD00, 0xFD00, 0xFD00, 0xFD00, 0xFD00, 0xFD00, 0xFD00, 0xFD00, 0xFD00, 0xFD00, 0xFD00, 0xFD00,
  0xFD00, 0xFD00, 0xFD00, 0xFD00, 0xFD00, 0xFD00, 0xFD00, 0xFD00, 0xFD00, 0xFD00, 0xFD00, 0xFD00,
  0xFD00, 0xFD00, 0xFD00, 0xFD00, 0xFD00, 0xFD00, 0xFD00, 0xFD00, 0xFD00, 0xFD00, 0xFD00, 0xFD00,
  0xFD00, 0xFD00, 0xFD00, 0xFD00, 0xFD00, 0xFD00, 0xFD00, 0xFD00, 0xFD00, 0xFD00, 0xFD00, 0xFD00,
  0xFD00, 0xFD00, 0xFD00, 0xFD00, 0xFD00, 0xFD00, 0xFD00, 0xFD00, 0xFD00, 0xFD00, 0xFD00, 0xFD00,
  0xFD00, 0xFD00, 0xFD00, 0xFD00, 0xFD00, 0xFD00, 0xFD00, 0xFD00, 0xFD00, 0xFD00, 0xFD00, 0xFD00,
  0xFD00, 0xFD00, 0xFD00, 0xFD00, 0xFD00, 0xFD00, 0xFD00, 0xFD00, 0xECE2, 0xA9A3, 0xA9A3, 0x70E1,
  0xA9A3, 0xA9A3, 0xA9A3, 0xA9A3, 0xA9A3, 0xA9A3, 0xA9A3, 0xA9A3, 0xA9A3, 0xA9A3, 0xA9A3, 0xA9A3,
  0xA9A3, 0xA9A3, 0xA9A3, 0xA9A3, 0xA9A3, 0xA9A3, 0xA9A3, 0xA9A3, 0x8963, 0x8963, 0x8963, 0x8963,
  0x8963, 0x8963, 0x8963, 0x8963, 0x8963, 0x8963, 0x8963, 0x8963, 0x8963, 0x8963, 0x8963, 0x8963,
  0x8963, 0x8963, 0x8963, 0x8963, 0x8963, 0x8963, 0xA9A3, 0xA9A3, 0xA9A3, 0xA9A3, 0xA9A3, 0xA9A3,
  0xA9A3, 0xA9A3, 0xA9A3, 0xA9A3, 0xA9A3, 0xA9A3, 0xA9A3, 0xA9A3, 0xA9A3, 0xA9A3, 0xA9A3, 0xA9A3,
  0xA9A3, 0xA9A3, 0xA9A3, 0xA9A3, 0xA9A3, 0xA9A3, 0xA9A3, 0xA9A3, 0xA9A3, 0xA9A3, 0xA9A3, 0xA9A3,
  0xA9A3, 0xA9A3, 0xA9A3, 0xA9A3, 0xA9A3, 0xA9A3, 0xA9A3, 0xA9A3, 0xA9A3, 0xA9A3, 0xA9A3, 0xA9A3,
  0xA9A3, 0xA9A3, 0xA9A3, 0xA9A3, 0xA9A3, 0xA9A3, 0xA9A3, 0xA9A3, 0xA9A3, 0xA9A3, 0xA9A3, 0xA9A3,
  0xA9A3, 0xA9A3, 0xA9A3, 0xA9A3, 0xA9A3, 0xA9A3, 0xA9A3, 0xA9A3, 0x8963, 0x8963, 0x8963, 0x8963,
  0x70E1, 0xFD00, 0xFD00, 0xFD00, 0xFD00, 0xFD00, 0xFD00, 0xFD00, 0xFD00, 0xFD00, 0xFD00, 0xFD00,
  0xFD00, 0xFD00, 0xFD00, 0xFD00, 0xFD00, 0xFD00, 0xFD00, 0xFD00, 0xFD00, 0xFD00, 0xFD00, 0xFD00,
  0xFD00, 0xFD00, 0xFD00, 0xFD00, 0xFD00, 0xFD00, 0xFD00, 0xFD00, 0xFD00, 0xFD00, 0xFD00, 0xFD00,
  0xFD00, 0xFD00, 0xFD00, 0xFD00, 0xFD00, 0xFD00, 0xFD00, 0xFD00, 0xFD00, 0xFD00, 0xFD00, 0xFD00,
  0xFD00, 0xFD00, 0xFD00, 0xFD00, 0xFD00, 0xFD00, 0xFD00, 0xFD00, 0xFD00, 0xFD00, 0xFD00, 0xFD00,
  0xFD00, 0xFD00, 0xFD00, 0xFD00, 0xFD00, 0xFD00, 0xFD00, 0xFD00, 0xFD00, 0xFD00, 0xFD00, 0xFD00,
  0xFD00, 0xFD00, 0xFD00, 0xFD00, 0xFD00, 0xFD00, 0xFD00, 0xFD00, 0xFD00, 0xFD00, 0xFD00, 0xFD00,
  0xFD00, 0xFD00, 0xFD00, 0xFD00, 0xFD00, 0xFD00, 0xFD00, 0xFD00, 0xFD00, 0xFD00, 0xFD00, 0xFD00,
  0xFD00, 0xFD00, 0xFD00, 0xFD00, 0xFD00, 0xFD00, 0xFD00, 0xFD00, 0xFD00, 0xFD00, 0xFD00, 0xFD00,
  0xFD00, 0xFD00, 0xFD00, 0xFD00, 0xFD00, 0xFD00, 0xFD00, 0xFD00, 0xFD00, 0xFD00, 0xFD00, 0xFD00,
  0xFD00, 0xFD00, 0xFD00, 0xFD00, 0xFD00, 0xFD00, 0xFD00, 0xFD00, 0xFD00, 0xFD00, 0xFD00, 0xFD00,
  0xFD00, 0xFD00, 0xFD00, 0xFD00, 0xFD00, 0xFD00, 0xFD00, 0xFD00, 0xFD00, 0xFD00, 0xFD00, 0xFD00,
  0xFD00, 0xFD00, 0xFD00, 0xFD00, 0xFD00, 0xFD00, 0xFD00, 0xFD00, 0xFD00, 0xFD00, 0xFD00, 0xFD00,
  0xFD00, 0xFD00, 0xFD00, 0xFD00, 0xFD00, 0xFD00, 0xFD00, 0xFD00, 0xFD00, 0xFD00, 0xFD00, 0xFD00,
  0xFD00, 0xFD00, 0xFD00, 0xFD00, 0xFD00, 0xFD00, 0xECE2, 0xA9A3, 0xA9A3, 0x70E1, 0xA9A3, 0xA9A3,
  0xA9A3, 0xA9A3, 0xA9A3, 0xA9A3, 0xA9A3, 0xA9A3, 0xA9A3, 0xA9A3, 0xA9A3, 0xA9A3, 0xA9A3, 0xA9A3,
  0xA9A3, 0xA9A3, 0xA9A3, 0xA9A3, 0xA9A3, 0x8963, 0x8963, 0x8963, 0x8963, 0x8963, 0x8963, 0x8963,
  0x8963, 0x8963, 0x8963, 0x8963, 0x8963, 0x8963, 0x8963, 0x8963, 0x8963, 0x8963, 0x8963, 0x8963,
  0x8963, 0x8963, 0x8963, 0x8963, 0xA9A3, 0xA9A3, 0xA9A3, 0xA9A3, 0xA9A3, 0xA9A3, 0xA9A3, 0xA9A3,
  0xA9A3, 0xA9A3, 0xA9A3, 0xA9A3, 0xA9A3, 0xA9A3, 0xA9A3, 0xA9A3, 0xA9A3, 0xA9A3, 0xA9A3, 0xA9A3,
  0xA9A3, 0xA9A3, 0xA9A3, 0xA9A3, 0xA9A3, 0xA9A3, 0xA9A3, 0xA9A3, 0xA9A3, 0xA9A3, 0xA9A3, 0xA9A3,
  0xA9A3, 0xA9A3, 0xA9A3, 0xA9A3, 0xA9A3, 0xA9A3, 0xA9A3, 0xA9A3, 0xA9A3, 0xA9A3, 0xA9A3, 0xA9A3,
  0xA9A3, 0xA9A3, 0xA9A3, 0xA9A3, 0xA9A3, 0xA9A3, 0xA9A3, 0xA9A3, 0xA9A3, 0xA9A3, 0xA9A3, 0xA9A3,
  0xA9A3, 0xA9A3, 0xA9A3, 0xA9A3, 0xA9A3, 0x8963, 0x8963, 0x8963, 0x8963, 0x8963, 0x70E1, 0xFD00,
  0xFD00, 0xFD00, 0xFD00, 0xFD00, 0xFD00, 0xFD00, 0xFD00, 0xFD00, 0xFD00, 0xFD00, 0xFD00, 0xFD00,
  0xFD00, 0xFD00, 0xFD00, 0xFD00, 0xFD00, 0xFD00, 0xFD00, 0xFD00, 0xFD00, 0xFD00, 0xFD00, 0xFD00,
  0xFD00, 0xFD00, 0xFD00, 0xFD00, 0xFD00, 0xFD00, 0xFD00, 0xFD00, 0xFD00, 0xFD00, 0xFD00, 0xFD00,
  0xFD00, 0xFD00, 0xFD00, 0xFD00, 0xFD00, 0xFD00, 0xFD00, 0xFD00, 0xFD00, 0xFD00, 0xFD00, 0xFD00,
  0xFD00, 0xFD00, 0xFD00, 0xFD00, 0xFD00, 0xFD00, 0xFD00, 0xFD00, 0xFD00, 0xFD00, 0xFD00, 0xFD00,
  0xFD00, 0xFD00, 0xFD00, 0xFD00, 0xFD00, 0xFD00, 0xFD00, 0xFD00, 0xFD00, 0xFD00, 0xFD00, 0xFD00,
  0xFD00, 0xFD00, 0xFD00, 0xFD00, 0xFD00, 0xFD00, 0xFD00, 0xFD00, 0xFD00, 0xFD00, 0xFD00, 0xFD00,
  0xFD00, 0xFD00, 0xFD00, 0xFD00, 0xFD00, 0xFD00, 0xFD00, 0xFD00, 0xFD00, 0xFD00, 0xFD00, 0xFD00,
  0xFD00, 0xFD00, 0xFD00, 0xFD00, 0xFD00, 0xFD00, 0xFD00, 0xFD00, 0xFD00, 0xFD00, 0xFD00, 0xFD00,
  0xFD00, 0xFD00, 0xFD00, 0xFD00, 0xFD00, 0xFD00, 0xFD00, 0xFD00, 0xFD00, 0xFD00, 0xFD00, 0xFD00,
  0xFD00, 0xFD00, 0xFD00, 0xFD00, 0xFD00, 0xFD00, 0xFD00, 0xFD00, 0xFD00, 0xFD00, 0xFD00, 0xFD00,
  0xFD00, 0xFD00, 0xFD00, 0xFD00, 0xFD00, 0xFD00, 0xFD00, 0xFD00, 0xFD00, 0xFD00, 0xFD00, 0xFD00,
  0xFD00, 0xFD00, 0xFD00, 0xFD00, 0xFD00, 0xFD00, 0xFD00, 0xFD00, 0xFD00, 0xFD00, 0xFD00, 0xFD00,
  0xFD00, 0xFD00, 0xFD00, 0xFD00, 0xFD00, 0xFD00, 0xFD00, 0xFD00, 0xFD00, 0xFD00, 0xFD00, 0xFD00,
  0xFD00, 0xFD00, 0xFD00, 0xFD00, 0xECE2, 0xA9A3, 0xA9A3, 0xA9A3, 0x70E1, 0xA9A3, 0xA9A3, 0xA9A3,
  0xA9A3, 0xA9A3, 0xA9A3, 0xA9A3, 0xA9A3, 0xA9A3, 0xA9A3, 0xA9A3, 0xA9A3, 0xA9A3, 0xA9A3, 0xA9A3,
  0xA9A3, 0xA9A3, 0x8963, 0x8963, 0x8963, 0x8963, 0x8963, 0x8963, 0x8963, 0x8963, 0x8963, 0x8963,
  0x8963, 0x8963, 0x8963, 0x8963, 0x8963, 0x8963, 0x8963, 0x8963, 0x8963, 0x8963, 0x8963, 0x8963,
  0x8963, 0x8963, 0xA9A3, 0xA9A3, 0xA9A3, 0xA9A3, 0xA9A3, 0xA9A3, 0xA9A3, 0xA9A3, 0xA9A3, 0xA9A3,
  0xA9A3, 0xA9A3, 0xA9A3, 0xA9A3, 0xA9A3, 0xA9A3, 0xA9A3, 0xA9A3, 0xA9A3, 0xA9A3, 0xA9A3, 0xA9A3,
  0xA9A3, 0xA9A3, 0xA9A3, 0xA9A3, 0xA9A3, 0xA9A3, 0xA9A3, 0xA9A3, 0xA9A3, 0xA9A3, 0xA9A3, 0xA9A3,
  0xA9A3, 0xA9A3, 0xA9A3, 0xA9A3, 0xA9A3, 0xA9A3, 0xA9A3, 0xA9A3, 0xA9A3, 0xA9A3, 0xA9A3, 0xA9A3,
  0xA9A3, 0xA9A3, 0xA9A3, 0xA9A3, 0xA9A3, 0xA9A3, 0xA9A3, 0xA9A3, 0xA9A3, 0xA9A3, 0xA9A3, 0xA9A3,
  0xA9A3, 0xA9A3, 0x8963, 0x8963, 0x8963, 0x8963, 0x8963, 0x8963, 0x70E1, 0xFD00, 0xFD00, 0xFD00,
  0xFD00, 0xFD00, 0xFD00, 0xFD00, 0xFD00, 0xFD00, 0xFD00, 0xFD00, 0xFD00, 0xFD00, 0xFD00, 0xFD00,
  0xFD00, 0xFD00, 0xFD00, 0xFD00, 0xFD00, 0xFD00, 0xFD00, 0xFD00, 0xFD00, 0xFD00, 0xFD00, 0xFD00,
  0xFD00, 0xFD00, 0xFD00, 0xFD00, 0xFD00, 0xFD00, 0xFD00, 0xFD00, 0xFD00, 0xFD00, 0xFD00, 0xFD00,
  0xFD00, 0xFD00, 0xFD00, 0xFD00, 0xFD00, 0xFD00, 0xFD00, 0xFD00, 0xFD00, 0xFD00, 0xFD00, 0xFD00,
  0xFD00, 0xFD00, 0xFD00, 0xFD00, 0xFD00, 0xFD00, 0xFD00, 0xFD00, 0xFD00, 0xFD00, 0xFD00, 0xFD00,
  0xFD00, 0xFD00, 0xFD00, 0xFD00, 0xFD00, 0xFD00, 0xFD00, 0xFD00, 0xFD00, 0xFD00, 0xFD00, 0xFD00,
  0xFD00, 0xFD00, 0xFD00, 0xFD00, 0xFD00, 0xFD00, 0xFD00, 0xFD00, 0xFD00, 0xFD00, 0xFD00, 0xFD00,
  0xFD00, 0xFD00, 0xFD00, 0xFD00, 0xFD00, 0xFD00, 0xFD00, 0xFD00, 0xFD00, 0xFD00, 0xFD00, 0xFD00,
  0xFD00, 0xFD00, 0xFD00, 0xFD00, 0xFD00, 0xFD00, 0xFD00, 0xFD00, 0xFD00, 0xFD00, 0xFD00, 0xFD00,
  0xFD00, 0xFD00, 0xFD00, 0xFD00, 0xFD00, 0xFD00, 0xFD00, 0xFD00, 0xFD00, 0xFD00, 0xFD00, 0xFD00,
  0xFD00, 0xFD00, 0xFD00, 0xFD00, 0xFD00, 0xFD00, 0xFD00, 0xFD00, 0xFD00, 0xFD00, 0xFD00, 0xFD00,
  0xFD00, 0xFD00, 0xFD00, 0xFD00, 0xFD00, 0xFD00, 0xFD00, 0xFD00, 0xFD00, 0xFD00, 0xFD00, 0xFD00,
  0xFD00, 0xFD00, 0xFD00, 0xFD00, 0xFD00, 0xFD00, 0xFD00, 0xFD00, 0xFD00, 0xFD00, 0xFD00, 0xFD00,
  0xFD00, 0xFD00, 0xFD00, 0xFD00, 0xFD00, 0xFD00, 0xFD00, 0xFD00, 0xFD00, 0xFD00, 0xFD00, 0xFD00,
  0xFD00, 0xFD00, 0xECE2, 0xA9A3, 0xA9A3, 0xA9A3, 0x70E1, 0xA9A3, 0xA9A3, 0xA9A3, 0xA9A3, 0xA9A3,
  0xA9A3, 0xA9A3, 0xA9A3, 0xA9A3, 0xA9A3, 0xA9A3, 0xA9A3, 0xA9A3, 0x8963, 0x8963, 0x8963, 0x8963,
  0x8963, 0x8963, 0x8963, 0x8963, 0x8963, 0x8963, 0x8963, 0x8963, 0x8963, 0x8963, 0x8963, 0x8963,
  0x8963, 0x8963, 0x8963, 0x8963, 0x8963, 0x8963, 0x8963, 0x8963, 0x8963, 0x8963, 0x8963, 0x8963,
  0xA9A3, 0xA9A3, 0xA9A3, 0xA9A3, 0xA9A3, 0xA9A3, 0xA9A3, 0xA9A3, 0xA9A3, 0xA9A3, 0xA9A3, 0xA9A3,
  0xA9A3, 0xA9A3, 0xA9A3, 0xA9A3, 0xA9A3, 0xA9A3, 0xA9A3, 0xA9A3, 0xA9A3, 0xA9A3, 0xA9A3, 0xA9A3,
  0xA9A3, 0xA9A3, 0xA9A3, 0xA9A3, 0xA9A3, 0xA9A3, 0xA9A3, 0xA9A3, 0xA9A3, 0xA9A3, 0xA9A3, 0xA9A3,
  0xA9A3, 0xA9A3, 0xA9A3, 0xA9A3, 0xA9A3, 0xA9A3, 0xA9A3, 0xA9A3, 0xA9A3, 0xA9A3, 0xA9A3, 0xA9A3,
  0xA9A3, 0xA9A3, 0xA9A3, 0xA9A3, 0xA9A3, 0xA9A3, 0xA9A3, 0xA9A3, 0xA9A3, 0xA9A3, 0xA9A3, 0x8963,
  0x8963, 0x8963, 0x8963, 0x8963, 0x8963, 0x8963, 0x70E1, 0xFD00, 0xFD00, 0xFD00, 0xFD00, 0xFD00,
  0xFD00, 0xFD00, 0xFD00, 0xFD00, 0xFD00, 0xFD00, 0xFD00, 0xFD00, 0xFD00, 0xFD00, 0xFD00, 0xFD00,
  0xFD00, 0xFD00, 0xFD00, 0xFD00, 0xFD00, 0xFD00, 0xFD00, 0xFD00, 0xFD00, 0xFD00, 0xFD00, 0xFD00,
  0xFD00, 0xFD00, 0xFD00, 0xFD00, 0xFD00, 0xFD00, 0xFD00, 0xFD00, 0xFD00, 0xFD00, 0xFD00, 0xFD00,
  0xFD00, 0xFD00, 0xFD00, 0xFD00, 0xFD00, 0xFD00, 0xFD00, 0xFD00, 0xFD00, 0xFD00, 0xFD00, 0xFD00,
  0xFD00, 0xFD00, 0xFD00, 0xFD00, 0xFD00, 0xFD00, 0xFD00, 0xFD00, 0xFD00, 0xFD00, 0xFD00, 0xFD00,
  0xFD00, 0xFD00, 0xFD00, 0xFD00, 0xFD00, 0xFD00, 0xFD00, 0xFD00, 0xFD00, 0xFD00, 0xFD00, 0xFD00,
  0xFD00, 0xFD00, 0xFD00, 0xFD00, 0xFD00, 0xFD00, 0xFD00, 0xFD00, 0xFD00, 0xFD00, 0xFD00, 0xFD00,
  0xFD00, 0xFD00, 0xFD00, 0xFD00, 0xFD00, 0xFD00, 0xFD00, 0xFD00, 0xFD00, 0xFD00, 0xFD00, 0xFD00,
  0xFD00, 0xFD00, 0xFD00, 0xFD00, 0xFD00, 0xFD00, 0xFD00, 0xFD00, 0xFD00, 0xFD00, 0xFD00, 0xFD00,
  0xFD00, 0xFD00, 0xFD00, 0xFD00, 0xFD00, 0xFD00, 0xFD00, 0xFD00, 0xFD00, 0xFD00, 0xFD00, 0xFD00,
  0xFD00, 0xFD00, 0xFD00, 0xFD00, 0xFD00, 0xFD00, 0xFD00, 0xFD00, 0xFD00, 0xFD00, 0xFD00, 0xFD00,
  0xFD00, 0xFD00, 0xFD00, 0xFD00, 0xFD00, 0xFD00, 0xFD00, 0xFD00, 0xFD00, 0xFD00, 0xFD00, 0xFD00,
  0xFD00, 0xFD00, 0xFD00, 0xFD00, 0xFD00, 0xFD00, 0xFD00, 0xFD00, 0xFD00, 0xFD00, 0xFD00, 0xFD00,
  0xFD00, 0xFD00, 0xFD00, 0xFD00, 0xFD00, 0xFD00, 0xFD00, 0xFD00, 0xFD00, 0xFD00, 0xFD00, 0xFD00,
  0xECE2, 0xA9A3, 0xA9A3, 0xA9A3, 0x70E1, 0xA9A3, 0xA9A3, 0xA9A3, 0xA9A3, 0xA9A3, 0xA9A3, 0xA9A3,
  0xA9A3, 0xA9A3, 0xA9A3, 0x8963, 0x8963, 0x8963, 0x8963, 0x8963, 0x8963, 0x8963, 0x8963, 0x8963,
  0x8963, 0x8963, 0x8963, 0x8963, 0x8963, 0x8963, 0x8963, 0x8963, 0x8963, 0x8963, 0x8963, 0x8963,
  0x8963, 0x8963, 0x8963, 0x8963, 0x8963, 0x8963, 0x8963, 0x8963, 0x8963, 0x8963, 0xA9A3, 0xA9A3,
  0xA9A3, 0xA9A3, 0xA9A3, 0xA9A3, 0xA9A3, 0xA9A3, 0xA9A3, 0xA9A3, 0xA9A3, 0xA9A3, 0xA9A3, 0xA9A3,
  0xA9A3, 0xA9A3, 0xA9A3, 0xA9A3, 0xA9A3, 0xA9A3, 0xA9A3, 0xA9A3, 0xA9A3, 0xA9A3, 0xA9A3, 0xA9A3,
  0xA9A3, 0xA9A3, 0xA9A3, 0xA9A3, 0xA9A3, 0xA9A3, 0xA9A3, 0xA9A3, 0xA9A3, 0xA9A3, 0xA9A3, 0xA9A3,
  0xA9A3, 0xA9A3, 0xA9A3, 0xA9A3, 0xA9A3, 0xA9A3, 0xA9A3, 0xA9A3, 0xA9A3, 0xA9A3, 0xA9A3, 0xA9A3,
  0xA9A3, 0xA9A3, 0xA9A3, 0xA9A3, 0xA9A3, 0xA9A3, 0x8963, 0x8963, 0x8963, 0x8963, 0x8963, 0x8963,
  0x8963, 0x8963, 0x8963, 0x8963, 0x70E1, 0xFD00, 0xFD00, 0xFD00, 0xFD00, 0xFD00, 0xFD00, 0xFD00,
  0xFD00, 0xFD00, 0xFD00, 0xFD00, 0xFD00, 0xFD00, 0xFD00, 0xFD00, 0xFD00, 0xFD00, 0xFD00, 0xFD00,
  0xFD00, 0xFD00, 0xFD00, 0xFD00, 0xFD00, 0xFD00, 0xFD00, 0xFD00, 0xFD00, 0xFD00, 0xFD00, 0xFD00,
  0xFD00, 0xFD00, 0xFD00, 0xFD00, 0xFD00, 0xFD00, 0xFD00, 0xFD00, 0xFD00, 0xFD00, 0xFD00, 0xFD00,
  0xFD00, 0xFD00, 0xFD00, 0xFD00, 0xFD00, 0xFD00, 0xFD00, 0xFD00, 0xFD00, 0xFD00, 0xFD00, 0xFD00,
  0xFD00, 0xFD00, 0xFD00, 0xFD00, 0xFD00, 0xFD00, 0xFD00, 0xFD00, 0xFD00, 0xFD00, 0xFD00, 0xFD00,
  0xFD00, 0xFD00, 0xFD00, 0xFD00, 0xFD00, 0xFD00, 0xFD00, 0xFD00, 0xFD00, 0xFD00, 0xFD00, 0xFD00,
  0xFD00, 0xFD00, 0xFD00, 0xFD00, 0xFD00, 0xFD00, 0xFD00, 0xFD00, 0xFD00, 0xFD00, 0xFD00, 0xFD00,
  0xFD00, 0xFD00, 0xFD00, 0xFD00, 0xFD00, 0xFD00, 0xFD00, 0xFD00, 0xFD00, 0xFD00, 0xFD00, 0xFD00,
  0xFD00, 0xFD00, 0xFD00, 0xFD00, 0xFD00, 0xFD00, 0xFD00, 0xFD00, 0xFD00, 0xFD00, 0xFD00, 0xFD00,
  0xFD00, 0xFD00, 0xFD00, 0xFD00, 0xFD00, 0xFD00, 0xFD00, 0xFD00, 0xFD00, 0xFD00, 0xFD00, 0xFD00,
  0xFD00, 0xFD00, 0xFD00, 0xFD00, 0xFD00, 0xFD00, 0xFD00, 0xFD00, 0xFD00, 0xFD00, 0xFD00, 0xFD00,
  0xFD00, 0xFD00, 0xFD00, 0xFD00, 0xFD00, 0xFD00, 0xFD00, 0xFD00, 0xFD00, 0xFD00, 0xFD00, 0xFD00,
  0xFD00, 0xFD00, 0xFD00, 0xFD00, 0xFD00, 0xFD00, 0xFD00, 0xFD00, 0xFD00, 0xFD00, 0xFD00, 0xFD00,
  0xFD00, 0xFD00, 0xFD00, 0xFD00, 0xFD00, 0xFD00, 0xFD00, 0xFD00, 0xFD00, 0xFD00, 0xECE2, 0xA9A3,
  0xA9A3, 0xA9A3, 0x70E1, 0xA9A3, 0xA9A3, 0xA9A3, 0xA9A3, 0xA9A3, 0xA9A3, 0x8963, 0x8963, 0x8963,
  0x8963, 0x8963, 0x8963, 0x8963, 0x8963, 0x8963, 0x8963, 0x8963, 0x8963, 0x8963, 0x8963, 0x8963,
  0x8963, 0x8963, 0x8963, 0x8963, 0x8963, 0x8963, 0x8963, 0x8963, 0x8963, 0x8963, 0x8963, 0x8963,
  0x8963, 0x8963, 0x8963, 0x8963, 0x8963, 0x8963, 0x8963, 0x8963, 0xA9A3, 0xA9A3, 0xA9A3, 0xA9A3,
  0xA9A3, 0xA9A3, 0xA9A3, 0xA9A3, 0xA9A3, 0xA9A3, 0xA9A3, 0xA9A3, 0xA9A3, 0xA9A3, 0xA9A3, 0xA9A3,
  0xA9A3, 0xA9A3, 0xA9A3, 0xA9A3, 0xA9A3, 0xA9A3, 0xA9A3, 0xA9A3, 0xA9A3, 0xA9A3, 0xA9A3, 0xA9A3,
  0xA9A3, 0xA9A3, 0xA9A3, 0xA9A3, 0xA9A3, 0xA9A3, 0xA9A3, 0xA9A3, 0xA9A3, 0xA9A3, 0xA9A3, 0xA9A3,
  0xA9A3, 0xA9A3, 0xA9A3, 0xA9A3, 0xA9A3, 0xA9A3, 0xA9A3, 0xA9A3, 0xA9A3, 0xA9A3, 0x8963, 0x8963,
  0x8963, 0x8963, 0x8963, 0x8963, 0x8963, 0x8963, 0x8963, 0x8963, 0x8963, 0x8963, 0x8963, 0x8963,
  0x8963, 0x8963, 0x70E1, 0xFD00, 0xFD00, 0xFD00, 0xFD00, 0xFD00, 0xFD00, 0xFD00, 0xFD00, 0xFD00,
  0xFD00, 0xFD00, 0xFD00, 0xFD00, 0xFD00, 0xFD00, 0xFD00, 0xFD00, 0xFD00, 0xFD00, 0xFD00, 0xFD00,
  0xFD00, 0xFD00, 0xFD00, 0xFD00, 0xFD00, 0xFD00, 0xFD00, 0xFD00, 0xFD00, 0xFD00, 0xFD00, 0xFD00,
  0xFD00, 0xFD00, 0xFD00, 0xFD00, 0xFD00, 0xFD00, 0xFD00, 0xFD00, 0xFD00, 0xFD00, 0xFD00, 0xFD00,
  0xFD00, 0xFD00, 0xFD00, 0xFD00, 0xFD00, 0xFD00, 0xFD00, 0xFD00, 0xFD00, 0xFD00, 0xFD00, 0xFD00,
  0xFD00, 0xFD00, 0xFD00, 0xFD00, 0xFD00, 0xFD00, 0xFD00, 0xFD00, 0xFD00, 0xFD00, 0xFD00, 0xFD00,
  0xFD00, 0xFD00, 0xFD00, 0xFD00, 0xFD00, 0xFD00, 0xFD00, 0xFD00, 0xFD00, 0xFD00, 0xFD00, 0xFD00,
  0xFD00, 0xFD00, 0xFD00, 0xFD00, 0xFD00, 0xFD00, 0xFD00, 0xFD00, 0xFD00, 0xFD00, 0xFD00, 0xFD00,
  0xFD00, 0xFD00, 0xFD00, 0xFD00, 0xFD00, 0xFD00, 0xFD00, 0xFD00, 0xFD00, 0xFD00, 0xFD00, 0xFD00,
  0xFD00, 0xFD00, 0xFD00, 0xFD00, 0xFD00, 0xFD00, 0xFD00, 0xFD00, 0xFD00, 0xFD00, 0xFD00, 0xFD00,
  0xFD00, 0xFD00, 0xFD00, 0xFD00, 0xFD00, 0xFD00, 0xFD00, 0xFD00, 0xFD00, 0xFD00, 0xFD00, 0xFD00,
  0xFD00, 0xFD00, 0xFD00, 0xFD00, 0xFD00, 0xFD00, 0xFD00, 0xFD00, 0xFD00, 0xFD00, 0xFD00, 0xFD00,
  0xFD00, 0xFD00, 0xFD00, 0xFD00, 0xFD00, 0xFD00, 0xFD00, 0xFD00, 0xFD00, 0xFD00, 0xFD00, 0xFD00,
  0xFD00, 0xFD00, 0xFD00, 0xFD00, 0xFD00, 0xFD00, 0xFD00, 0xFD00, 0xFD00, 0xFD00, 0xFD00, 0xFD00,
  0xFD00, 0xFD00, 0xFD00, 0xFD00, 0xFD00, 0xFD00, 0xFD00, 0xFD00, 0xECE2, 0xA9A3, 0xA9A3, 0xA9A3,
  0x70E1, 0x8963, 0x8963, 0x8963, 0x8963, 0x8963, 0x8963, 0x8963, 0x8963, 0x8963, 0x8963, 0x8963,
  0x8963, 0x8963, 0x8963, 0x8963, 0x8963, 0x8963, 0x8963, 0x8963, 0x8963, 0x8963, 0x8963, 0x8963,
  0x8963, 0x8963, 0x8963, 0x8963, 0x8963, 0x8963, 0x8963, 0x8963, 0x8963, 0x8963, 0x8963, 0x8963,
  0x8963, 0x8963, 0x8963, 0x8963, 0x8963, 0x8963, 0xA9A3, 0xA9A3, 0xA9A3, 0xA9A3, 0xA9A3, 0xA9A3,
  0xA9A3, 0xA9A3, 0xA9A3, 0xA9A3, 0xA9A3, 0xA9A3, 0xA9A3, 0xA9A3, 0xA9A3, 0xA9A3, 0xA9A3, 0xA9A3,
  0xA9A3, 0xA9A3, 0xA9A3, 0xA9A3, 0xA9A3, 0xA9A3, 0xA9A3, 0xA9A3, 0xA9A3, 0xA9A3, 0xA9A3, 0xA9A3,
  0xA9A3, 0xA9A3, 0xA9A3, 0xA9A3, 0xA9A3, 0xA9A3, 0xA9A3, 0xA9A3, 0xA9A3, 0xA9A3, 0xA9A3, 0xA9A3,
  0xA9A3, 0xA9A3, 0xA9A3, 0xA9A3, 0xA9A3, 0x8963, 0x8963, 0x8963, 0x8963, 0x8963, 0x8963, 0x8963,
  0x8963, 0x8963, 0x8963, 0x8963, 0x8963, 0x8963, 0x8963, 0x8963, 0x8963, 0x8963, 0x8963, 0x8963,
  0x70E1, 0xFD00, 0xFD00, 0xFD00, 0xFD00, 0xFD00, 0xFD00, 0xFD00, 0xFD00, 0xFD00, 0xFD00, 0xFD00,
  0xFD00, 0xFD00, 0xFD00, 0xFD00, 0xFD00, 0xFD00, 0xFD00, 0xFD00, 0xFD00, 0xFD00, 0xFD00, 0xFD00,
  0xFD00, 0xFD00, 0xFD00, 0xFD00, 0xFD00, 0xFD00, 0xFD00, 0xFD00, 0xFD00, 0xFD00, 0xFD00, 0xFD00,
  0xFD00, 0xFD00, 0xFD00, 0xFD00, 0xFD00, 0xFD00, 0xFD00, 0xFD00, 0xFD00, 0xFD00, 0xFD00, 0xFD00,
  0xFD00, 0xFD00, 0xFD00, 0xFD00, 0xFD00, 0xFD00, 0xFD00, 0xFD00, 0xFD00, 0xFD00, 0xFD00, 0xFD00,
  0xFD00, 0xFD00, 0xFD00, 0xFD00, 0xFD00, 0xFD00, 0xFD00, 0xFD00, 0xFD00, 0xFD00, 0xFD00, 0xFD00,
  0xFD00, 0xFD00, 0xFD00, 0xFD00, 0xFD00, 0xFD00, 0xFD00, 0xFD00, 0xFD00, 0xFD00, 0xFD00, 0xFD00,
  0xFD00, 0xFD00, 0xFD00, 0xFD00, 0xFD00, 0xFD00, 0xFD00, 0xFD00, 0xFD00, 0xFD00, 0xFD00, 0xFD00,
  0xFD00, 0xFD00, 0xFD00, 0xFD00, 0xFD00, 0xFD00, 0xFD00, 0xFD00, 0xFD00, 0xFD00, 0xFD00, 0xFD00,
  0xFD00, 0xFD00, 0xFD00, 0xFD00, 0xFD00, 0xFD00, 0xFD00, 0xFD00, 0xFD00, 0xFD00, 0xFD00, 0xFD00,
  0xFD00, 0xFD00, 0xFD00, 0xFD00, 0xFD00, 0xFD00, 0xFD00, 0xFD00, 0xFD00, 0xFD00, 0xFD00, 0xFD00,
  0xFD00, 0xFD00, 0xFD00, 0xFD00, 0xFD00, 0xFD00, 0xFD00, 0xFD00, 0xFD00, 0xFD00, 0xFD00, 0xFD00,
  0xFD00, 0xFD00, 0xFD00, 0xFD00, 0xFD00, 0xFD00, 0xFD00, 0xFD00, 0xFD00, 0xFD00, 0xFD00, 0xFD00,
  0xFD00, 0xFD00, 0xFD00, 0xFD00, 0xFD00, 0xFD00, 0xFD00, 0xFD00, 0xFD00, 0xFD00, 0xFD00, 0xFD00,
  0xFD00, 0xFD00, 0xFD00, 0xFD00, 0xFD00, 0xECE2, 0xECE2, 0xA9A3, 0xA9A3, 0xA9A3, 0x70E1, 0x8963,
  0x8963, 0x8963, 0x8963, 0x8963, 0x8963, 0x8963, 0x8963, 0x8963, 0x8963, 0x8963, 0x8963, 0x8963,
  0x8963, 0x8963, 0x8963, 0x8963, 0x8963, 0x8963, 0x8963, 0x8963, 0x8963, 0x8963, 0x8963, 0x8963,
  0x8963, 0x8963, 0x8963, 0x8963, 0x8963, 0x8963, 0x8963, 0x8963, 0x8963, 0x8963, 0x8963, 0x8963,
  0x8963, 0x8963, 0x8963, 0x8963
};

const uint16_t* const bg_images[4] = {
  bg_image_0,
  bg_image_1,
  bg_image_2,
  bg_image_3
};

#endif