ISO-10303-21;
HEADER;
/* Generated by software containing ST-Developer
 * from STEP Tools, Inc. (www.steptools.com) 
 */

FILE_DESCRIPTION(
/* description */ ('KiCad electronic assembly'),
/* implementation_level */ '2;1');

FILE_NAME(
/* name */ 'Hollow Alarm.step',
/* time_stamp */ '2026-09-08T23:38:36+01:00',
/* author */ (''),
/* organization */ (''),
/* preprocessor_version */ 'ST-DEVELOPER v20.1',
/* originating_system */ 'Autodesk Translation Framework v15.8.0.0',
/* authorisation */ '');

FILE_SCHEMA (('AUTOMOTIVE_DESIGN { 1 0 10303 214 3 1 1 }'));
ENDSEC;

DATA;
#10=MECHANICAL_DESIGN_GEOMETRIC_PRESENTATION_REPRESENTATION('',(#62,#63,
#64,#65,#66,#67,#68,#69,#70,#71,#72,#73,#74,#75,#76,#77,#78,#79,#80,#81,
#82,#83),#10577);
#11=SHAPE_REPRESENTATION_RELATIONSHIP('SRR','None',#10583,#12);
#12=ADVANCED_BREP_SHAPE_REPRESENTATION('',(#84,#85,#86,#87,#88,#89),#10576);
#13=SPHERICAL_SURFACE('',#6438,30.);
#14=SPHERICAL_SURFACE('',#6443,35.);
#15=SPHERICAL_SURFACE('',#6466,30.);
#16=SPHERICAL_SURFACE('',#6471,35.);
#17=(
BOUNDED_CURVE()
B_SPLINE_CURVE(5,(#9855,#9856,#9857,#9858,#9859,#9860,#9861,#9862,#9863,
#9864,#9865,#9866,#9867,#9868,#9869),.UNSPECIFIED.,.F.,.F.)
B_SPLINE_CURVE_WITH_KNOTS((6,1,1,1,1,1,1,1,1,1,6),(-1.,-0.9,-0.8,-0.7,-0.6,
-0.5,-0.4,-0.3,-0.2,-0.1,0.),.UNSPECIFIED.)
CURVE()
GEOMETRIC_REPRESENTATION_ITEM()
RATIONAL_B_SPLINE_CURVE((1.,1.,1.,1.,1.,1.,1.,1.,1.,1.,1.,1.,1.,1.,1.))
REPRESENTATION_ITEM('')
);
#18=(
BOUNDED_CURVE()
B_SPLINE_CURVE(5,(#9873,#9874,#9875,#9876,#9877,#9878,#9879,#9880,#9881,
#9882,#9883,#9884,#9885,#9886,#9887),.UNSPECIFIED.,.F.,.F.)
B_SPLINE_CURVE_WITH_KNOTS((6,1,1,1,1,1,1,1,1,1,6),(-1.,-0.9,-0.8,-0.7,-0.6,
-0.5,-0.4,-0.3,-0.2,-0.1,0.),.UNSPECIFIED.)
CURVE()
GEOMETRIC_REPRESENTATION_ITEM()
RATIONAL_B_SPLINE_CURVE((1.,1.,1.,1.,1.,1.,1.,1.,1.,1.,1.,1.,1.,1.,1.))
REPRESENTATION_ITEM('')
);
#19=(
BOUNDED_CURVE()
B_SPLINE_CURVE(5,(#9919,#9920,#9921,#9922,#9923,#9924,#9925,#9926,#9927,
#9928,#9929,#9930,#9931,#9932,#9933),.UNSPECIFIED.,.F.,.F.)
B_SPLINE_CURVE_WITH_KNOTS((6,1,1,1,1,1,1,1,1,1,6),(0.,0.1,0.2,0.3,0.4,0.5,
0.6,0.7,0.8,0.9,1.),.UNSPECIFIED.)
CURVE()
GEOMETRIC_REPRESENTATION_ITEM()
RATIONAL_B_SPLINE_CURVE((1.,1.,1.,1.,1.,1.,1.,1.,1.,1.,1.,1.,1.,1.,1.))
REPRESENTATION_ITEM('')
);
#20=(
BOUNDED_CURVE()
B_SPLINE_CURVE(5,(#9934,#9935,#9936,#9937,#9938,#9939,#9940,#9941,#9942,
#9943,#9944,#9945,#9946,#9947,#9948),.UNSPECIFIED.,.F.,.F.)
B_SPLINE_CURVE_WITH_KNOTS((6,1,1,1,1,1,1,1,1,1,6),(0.,0.1,0.2,0.3,0.4,0.5,
0.6,0.7,0.8,0.9,1.),.UNSPECIFIED.)
CURVE()
GEOMETRIC_REPRESENTATION_ITEM()
RATIONAL_B_SPLINE_CURVE((1.,1.,1.,1.,1.,1.,1.,1.,1.,1.,1.,1.,1.,1.,1.))
REPRESENTATION_ITEM('')
);
#21=(
BOUNDED_CURVE()
B_SPLINE_CURVE(5,(#9981,#9982,#9983,#9984,#9985,#9986,#9987,#9988,#9989,
#9990,#9991,#9992,#9993,#9994,#9995),.UNSPECIFIED.,.F.,.F.)
B_SPLINE_CURVE_WITH_KNOTS((6,1,1,1,1,1,1,1,1,1,6),(-1.,-0.9,-0.8,-0.7,-0.6,
-0.5,-0.4,-0.3,-0.2,-0.1,0.),.UNSPECIFIED.)
CURVE()
GEOMETRIC_REPRESENTATION_ITEM()
RATIONAL_B_SPLINE_CURVE((1.,1.,1.,1.,1.,1.,1.,1.,1.,1.,1.,1.,1.,1.,1.))
REPRESENTATION_ITEM('')
);
#22=(
BOUNDED_CURVE()
B_SPLINE_CURVE(5,(#9999,#10000,#10001,#10002,#10003,#10004,#10005,#10006,
#10007,#10008,#10009,#10010,#10011,#10012,#10013),.UNSPECIFIED.,.F.,.F.)
B_SPLINE_CURVE_WITH_KNOTS((6,1,1,1,1,1,1,1,1,1,6),(-1.,-0.9,-0.8,-0.7,-0.6,
-0.5,-0.4,-0.3,-0.2,-0.1,0.),.UNSPECIFIED.)
CURVE()
GEOMETRIC_REPRESENTATION_ITEM()
RATIONAL_B_SPLINE_CURVE((1.,1.,1.,1.,1.,1.,1.,1.,1.,1.,1.,1.,1.,1.,1.))
REPRESENTATION_ITEM('')
);
#23=(
BOUNDED_CURVE()
B_SPLINE_CURVE(5,(#10045,#10046,#10047,#10048,#10049,#10050,#10051,#10052,
#10053,#10054,#10055,#10056,#10057,#10058,#10059),.UNSPECIFIED.,.F.,.F.)
B_SPLINE_CURVE_WITH_KNOTS((6,1,1,1,1,1,1,1,1,1,6),(-1.,-0.9,-0.8,-0.7,-0.6,
-0.5,-0.4,-0.3,-0.2,-0.1,0.),.UNSPECIFIED.)
CURVE()
GEOMETRIC_REPRESENTATION_ITEM()
RATIONAL_B_SPLINE_CURVE((1.,1.,1.,1.,1.,1.,1.,1.,1.,1.,1.,1.,1.,1.,1.))
REPRESENTATION_ITEM('')
);
#24=(
BOUNDED_CURVE()
B_SPLINE_CURVE(5,(#10060,#10061,#10062,#10063,#10064,#10065,#10066,#10067,
#10068,#10069,#10070,#10071,#10072,#10073,#10074),.UNSPECIFIED.,.F.,.F.)
B_SPLINE_CURVE_WITH_KNOTS((6,1,1,1,1,1,1,1,1,1,6),(-1.,-0.9,-0.8,-0.7,-0.6,
-0.5,-0.4,-0.3,-0.2,-0.1,0.),.UNSPECIFIED.)
CURVE()
GEOMETRIC_REPRESENTATION_ITEM()
RATIONAL_B_SPLINE_CURVE((1.,1.,1.,1.,1.,1.,1.,1.,1.,1.,1.,1.,1.,1.,1.))
REPRESENTATION_ITEM('')
);
#25=(
BOUNDED_CURVE()
B_SPLINE_CURVE(5,(#10107,#10108,#10109,#10110,#10111,#10112,#10113,#10114,
#10115,#10116,#10117,#10118,#10119,#10120,#10121),.UNSPECIFIED.,.F.,.F.)
B_SPLINE_CURVE_WITH_KNOTS((6,1,1,1,1,1,1,1,1,1,6),(0.,0.1,0.2,0.3,0.4,0.5,
0.6,0.7,0.8,0.9,1.),.UNSPECIFIED.)
CURVE()
GEOMETRIC_REPRESENTATION_ITEM()
RATIONAL_B_SPLINE_CURVE((1.,1.,1.,1.,1.,1.,1.,1.,1.,1.,1.,1.,1.,1.,1.))
REPRESENTATION_ITEM('')
);
#26=(
BOUNDED_CURVE()
B_SPLINE_CURVE(5,(#10125,#10126,#10127,#10128,#10129,#10130,#10131,#10132,
#10133,#10134,#10135,#10136,#10137,#10138,#10139),.UNSPECIFIED.,.F.,.F.)
B_SPLINE_CURVE_WITH_KNOTS((6,1,1,1,1,1,1,1,1,1,6),(0.,0.1,0.2,0.3,0.4,0.5,
0.6,0.7,0.8,0.9,1.),.UNSPECIFIED.)
CURVE()
GEOMETRIC_REPRESENTATION_ITEM()
RATIONAL_B_SPLINE_CURVE((1.,1.,1.,1.,1.,1.,1.,1.,1.,1.,1.,1.,1.,1.,1.))
REPRESENTATION_ITEM('')
);
#27=(
BOUNDED_CURVE()
B_SPLINE_CURVE(5,(#10182,#10183,#10184,#10185,#10186,#10187,#10188,#10189,
#10190,#10191,#10192,#10193,#10194,#10195,#10196,#10197,#10198,#10199,#10200,
#10201),.UNSPECIFIED.,.F.,.F.)
B_SPLINE_CURVE_WITH_KNOTS((6,1,1,1,1,1,1,1,1,1,1,1,1,1,1,6),(0.,0.0666666666666667,
0.133333333333333,0.2,0.266666666666667,0.333333333333333,0.4,0.466666666666667,
0.533333333333333,0.6,0.666666666666667,0.733333333333333,0.8,0.866666666666667,
0.933333333333333,1.),.UNSPECIFIED.)
CURVE()
GEOMETRIC_REPRESENTATION_ITEM()
RATIONAL_B_SPLINE_CURVE((1.,1.,1.,1.,1.,1.,1.,1.,1.,1.,1.,1.,1.,1.,1.,1.,
1.,1.,1.,1.))
REPRESENTATION_ITEM('')
);
#28=(
BOUNDED_CURVE()
B_SPLINE_CURVE(5,(#10204,#10205,#10206,#10207,#10208,#10209,#10210,#10211,
#10212,#10213,#10214,#10215,#10216,#10217,#10218,#10219,#10220,#10221,#10222,
#10223),.UNSPECIFIED.,.F.,.F.)
B_SPLINE_CURVE_WITH_KNOTS((6,1,1,1,1,1,1,1,1,1,1,1,1,1,1,6),(0.,0.0666666666666667,
0.133333333333333,0.2,0.266666666666667,0.333333333333333,0.4,0.466666666666667,
0.533333333333333,0.6,0.666666666666667,0.733333333333333,0.8,0.866666666666667,
0.933333333333333,1.),.UNSPECIFIED.)
CURVE()
GEOMETRIC_REPRESENTATION_ITEM()
RATIONAL_B_SPLINE_CURVE((1.,1.,1.,1.,1.,1.,1.,1.,1.,1.,1.,1.,1.,1.,1.,1.,
1.,1.,1.,1.))
REPRESENTATION_ITEM('')
);
#29=(
BOUNDED_CURVE()
B_SPLINE_CURVE(5,(#10264,#10265,#10266,#10267,#10268,#10269,#10270,#10271,
#10272,#10273,#10274,#10275,#10276,#10277,#10278,#10279,#10280,#10281,#10282,
#10283),.UNSPECIFIED.,.F.,.F.)
B_SPLINE_CURVE_WITH_KNOTS((6,1,1,1,1,1,1,1,1,1,1,1,1,1,1,6),(-1.,-0.933333333333333,
-0.866666666666667,-0.8,-0.733333333333333,-0.666666666666667,-0.6,-0.533333333333333,
-0.466666666666667,-0.4,-0.333333333333333,-0.266666666666667,-0.2,-0.133333333333333,
-0.0666666666666667,0.),.UNSPECIFIED.)
CURVE()
GEOMETRIC_REPRESENTATION_ITEM()
RATIONAL_B_SPLINE_CURVE((1.,1.,1.,1.,1.,1.,1.,1.,1.,1.,1.,1.,1.,1.,1.,1.,
1.,1.,1.,1.))
REPRESENTATION_ITEM('')
);
#30=(
BOUNDED_CURVE()
B_SPLINE_CURVE(5,(#10284,#10285,#10286,#10287,#10288,#10289,#10290,#10291,
#10292,#10293,#10294,#10295,#10296,#10297,#10298,#10299,#10300,#10301,#10302,
#10303),.UNSPECIFIED.,.F.,.F.)
B_SPLINE_CURVE_WITH_KNOTS((6,1,1,1,1,1,1,1,1,1,1,1,1,1,1,6),(-1.,-0.933333333333333,
-0.866666666666667,-0.8,-0.733333333333333,-0.666666666666667,-0.6,-0.533333333333333,
-0.466666666666667,-0.4,-0.333333333333333,-0.266666666666667,-0.2,-0.133333333333333,
-0.0666666666666667,0.),.UNSPECIFIED.)
CURVE()
GEOMETRIC_REPRESENTATION_ITEM()
RATIONAL_B_SPLINE_CURVE((1.,1.,1.,1.,1.,1.,1.,1.,1.,1.,1.,1.,1.,1.,1.,1.,
1.,1.,1.,1.))
REPRESENTATION_ITEM('')
);
#31=(
BOUNDED_SURFACE()
B_SPLINE_SURFACE(2,2,((#9678,#9679,#9680,#9681,#9682,#9683,#9684,#9685,
#9686),(#9687,#9688,#9689,#9690,#9691,#9692,#9693,#9694,#9695),(#9696,#9697,
#9698,#9699,#9700,#9701,#9702,#9703,#9704)),.UNSPECIFIED.,.F.,.T.,.F.)
B_SPLINE_SURFACE_WITH_KNOTS((3,3),(3,2,2,2,3),(-1.57079632679493,1.06571368165026E-14),
(-3.14159265358979,-1.5707963267949,0.,1.5707963267949,3.14159265358979),
 .UNSPECIFIED.)
GEOMETRIC_REPRESENTATION_ITEM()
RATIONAL_B_SPLINE_SURFACE(((1.,0.707106781186548,1.,0.707106781186548,1.,
0.707106781186548,1.,0.707106781186548,1.),(0.707106781186533,0.49999999999999,
0.707106781186533,0.49999999999999,0.707106781186533,0.49999999999999,0.707106781186533,
0.49999999999999,0.707106781186533),(1.,0.707106781186548,1.,0.707106781186548,
1.,0.707106781186548,1.,0.707106781186548,1.)))
REPRESENTATION_ITEM('')
SURFACE()
);
#32=(
BOUNDED_SURFACE()
B_SPLINE_SURFACE(2,2,((#9715,#9716,#9717,#9718,#9719,#9720,#9721,#9722,
#9723),(#9724,#9725,#9726,#9727,#9728,#9729,#9730,#9731,#9732),(#9733,#9734,
#9735,#9736,#9737,#9738,#9739,#9740,#9741)),.UNSPECIFIED.,.F.,.T.,.F.)
B_SPLINE_SURFACE_WITH_KNOTS((3,3),(3,2,2,2,3),(-1.57079632679493,1.07434147746872E-14),
(-3.14159265358979,-1.5707963267949,0.,1.5707963267949,3.14159265358979),
 .UNSPECIFIED.)
GEOMETRIC_REPRESENTATION_ITEM()
RATIONAL_B_SPLINE_SURFACE(((1.,0.707106781186548,1.,0.707106781186548,1.,
0.707106781186548,1.,0.707106781186548,1.),(0.707106781186533,0.49999999999999,
0.707106781186533,0.49999999999999,0.707106781186533,0.49999999999999,0.707106781186533,
0.49999999999999,0.707106781186533),(1.,0.707106781186548,1.,0.707106781186548,
1.,0.707106781186548,1.,0.707106781186548,1.)))
REPRESENTATION_ITEM('')
SURFACE()
);
#33=(
BOUNDED_SURFACE()
B_SPLINE_SURFACE(2,2,((#9752,#9753,#9754,#9755,#9756,#9757,#9758,#9759,
#9760),(#9761,#9762,#9763,#9764,#9765,#9766,#9767,#9768,#9769),(#9770,#9771,
#9772,#9773,#9774,#9775,#9776,#9777,#9778)),.UNSPECIFIED.,.F.,.T.,.F.)
B_SPLINE_SURFACE_WITH_KNOTS((3,3),(3,2,2,2,3),(-1.5707963267949,1.08751462205562E-14),
(-3.14159265358979,-1.5707963267949,0.,1.5707963267949,3.14159265358979),
 .UNSPECIFIED.)
GEOMETRIC_REPRESENTATION_ITEM()
RATIONAL_B_SPLINE_SURFACE(((1.,0.707106781186548,1.,0.707106781186548,1.,
0.707106781186548,1.,0.707106781186548,1.),(0.707106781186536,0.499999999999992,
0.707106781186536,0.499999999999992,0.707106781186536,0.499999999999992,
0.707106781186536,0.499999999999992,0.707106781186536),(1.,0.707106781186548,
1.,0.707106781186548,1.,0.707106781186548,1.,0.707106781186548,1.)))
REPRESENTATION_ITEM('')
SURFACE()
);
#34=(
BOUNDED_SURFACE()
B_SPLINE_SURFACE(2,2,((#9789,#9790,#9791,#9792,#9793,#9794,#9795,#9796,
#9797),(#9798,#9799,#9800,#9801,#9802,#9803,#9804,#9805,#9806),(#9807,#9808,
#9809,#9810,#9811,#9812,#9813,#9814,#9815)),.UNSPECIFIED.,.F.,.T.,.F.)
B_SPLINE_SURFACE_WITH_KNOTS((3,3),(3,2,2,2,3),(-1.5707963267949,1.08642481603726E-14),
(-3.14159265358979,-1.5707963267949,0.,1.5707963267949,3.14159265358979),
 .UNSPECIFIED.)
GEOMETRIC_REPRESENTATION_ITEM()
RATIONAL_B_SPLINE_SURFACE(((1.,0.707106781186548,1.,0.707106781186548,1.,
0.707106781186548,1.,0.707106781186548,1.),(0.707106781186536,0.499999999999992,
0.707106781186536,0.499999999999992,0.707106781186536,0.499999999999992,
0.707106781186536,0.499999999999992,0.707106781186536),(1.,0.707106781186548,
1.,0.707106781186548,1.,0.707106781186548,1.,0.707106781186548,1.)))
REPRESENTATION_ITEM('')
SURFACE()
);
#35=(
BOUNDED_SURFACE()
B_SPLINE_SURFACE(5,1,((#9823,#9824),(#9825,#9826),(#9827,#9828),(#9829,
#9830),(#9831,#9832),(#9833,#9834),(#9835,#9836),(#9837,#9838),(#9839,#9840),
(#9841,#9842),(#9843,#9844),(#9845,#9846),(#9847,#9848),(#9849,#9850),(#9851,
#9852)),.UNSPECIFIED.,.F.,.F.,.F.)
B_SPLINE_SURFACE_WITH_KNOTS((6,1,1,1,1,1,1,1,1,1,6),(2,2),(-1.,-0.9,-0.8,
-0.7,-0.6,-0.5,-0.4,-0.3,-0.2,-0.1,0.),(0.,0.0299999999999998),
 .UNSPECIFIED.)
GEOMETRIC_REPRESENTATION_ITEM()
RATIONAL_B_SPLINE_SURFACE(((1.,1.),(1.,1.),(1.,1.),(1.,1.),(1.,1.),(1.,
1.),(1.,1.),(1.,1.),(1.,1.),(1.,1.),(1.,1.),(1.,1.),(1.,1.),(1.,1.),(1.,
1.)))
REPRESENTATION_ITEM('')
SURFACE()
);
#36=(
BOUNDED_SURFACE()
B_SPLINE_SURFACE(5,1,((#9889,#9890),(#9891,#9892),(#9893,#9894),(#9895,
#9896),(#9897,#9898),(#9899,#9900),(#9901,#9902),(#9903,#9904),(#9905,#9906),
(#9907,#9908),(#9909,#9910),(#9911,#9912),(#9913,#9914),(#9915,#9916),(#9917,
#9918)),.UNSPECIFIED.,.F.,.F.,.F.)
B_SPLINE_SURFACE_WITH_KNOTS((6,1,1,1,1,1,1,1,1,1,6),(2,2),(0.,0.1,0.2,0.3,
0.4,0.5,0.6,0.7,0.8,0.9,1.),(0.,0.0299999999999998),.UNSPECIFIED.)
GEOMETRIC_REPRESENTATION_ITEM()
RATIONAL_B_SPLINE_SURFACE(((1.,1.),(1.,1.),(1.,1.),(1.,1.),(1.,1.),(1.,
1.),(1.,1.),(1.,1.),(1.,1.),(1.,1.),(1.,1.),(1.,1.),(1.,1.),(1.,1.),(1.,
1.)))
REPRESENTATION_ITEM('')
SURFACE()
);
#37=(
BOUNDED_SURFACE()
B_SPLINE_SURFACE(5,1,((#9949,#9950),(#9951,#9952),(#9953,#9954),(#9955,
#9956),(#9957,#9958),(#9959,#9960),(#9961,#9962),(#9963,#9964),(#9965,#9966),
(#9967,#9968),(#9969,#9970),(#9971,#9972),(#9973,#9974),(#9975,#9976),(#9977,
#9978)),.UNSPECIFIED.,.F.,.F.,.F.)
B_SPLINE_SURFACE_WITH_KNOTS((6,1,1,1,1,1,1,1,1,1,6),(2,2),(-1.,-0.9,-0.8,
-0.7,-0.6,-0.5,-0.4,-0.3,-0.2,-0.1,0.),(0.,0.0299999999999998),
 .UNSPECIFIED.)
GEOMETRIC_REPRESENTATION_ITEM()
RATIONAL_B_SPLINE_SURFACE(((1.,1.),(1.,1.),(1.,1.),(1.,1.),(1.,1.),(1.,
1.),(1.,1.),(1.,1.),(1.,1.),(1.,1.),(1.,1.),(1.,1.),(1.,1.),(1.,1.),(1.,
1.)))
REPRESENTATION_ITEM('')
SURFACE()
);
#38=(
BOUNDED_SURFACE()
B_SPLINE_SURFACE(5,1,((#10015,#10016),(#10017,#10018),(#10019,#10020),(#10021,
#10022),(#10023,#10024),(#10025,#10026),(#10027,#10028),(#10029,#10030),
(#10031,#10032),(#10033,#10034),(#10035,#10036),(#10037,#10038),(#10039,
#10040),(#10041,#10042),(#10043,#10044)),.UNSPECIFIED.,.F.,.F.,.F.)
B_SPLINE_SURFACE_WITH_KNOTS((6,1,1,1,1,1,1,1,1,1,6),(2,2),(-1.,-0.9,-0.8,
-0.7,-0.6,-0.5,-0.4,-0.3,-0.2,-0.1,0.),(0.,0.0299999999999998),
 .UNSPECIFIED.)
GEOMETRIC_REPRESENTATION_ITEM()
RATIONAL_B_SPLINE_SURFACE(((1.,1.),(1.,1.),(1.,1.),(1.,1.),(1.,1.),(1.,
1.),(1.,1.),(1.,1.),(1.,1.),(1.,1.),(1.,1.),(1.,1.),(1.,1.),(1.,1.),(1.,
1.)))
REPRESENTATION_ITEM('')
SURFACE()
);
#39=(
BOUNDED_SURFACE()
B_SPLINE_SURFACE(5,1,((#10075,#10076),(#10077,#10078),(#10079,#10080),(#10081,
#10082),(#10083,#10084),(#10085,#10086),(#10087,#10088),(#10089,#10090),
(#10091,#10092),(#10093,#10094),(#10095,#10096),(#10097,#10098),(#10099,
#10100),(#10101,#10102),(#10103,#10104)),.UNSPECIFIED.,.F.,.F.,.F.)
B_SPLINE_SURFACE_WITH_KNOTS((6,1,1,1,1,1,1,1,1,1,6),(2,2),(0.,0.1,0.2,0.3,
0.4,0.5,0.6,0.7,0.8,0.9,1.),(0.,0.0299999999999998),.UNSPECIFIED.)
GEOMETRIC_REPRESENTATION_ITEM()
RATIONAL_B_SPLINE_SURFACE(((1.,1.),(1.,1.),(1.,1.),(1.,1.),(1.,1.),(1.,
1.),(1.,1.),(1.,1.),(1.,1.),(1.,1.),(1.,1.),(1.,1.),(1.,1.),(1.,1.),(1.,
1.)))
REPRESENTATION_ITEM('')
SURFACE()
);
#40=(
BOUNDED_SURFACE()
B_SPLINE_SURFACE(5,1,((#10141,#10142),(#10143,#10144),(#10145,#10146),(#10147,
#10148),(#10149,#10150),(#10151,#10152),(#10153,#10154),(#10155,#10156),
(#10157,#10158),(#10159,#10160),(#10161,#10162),(#10163,#10164),(#10165,
#10166),(#10167,#10168),(#10169,#10170),(#10171,#10172),(#10173,#10174),
(#10175,#10176),(#10177,#10178),(#10179,#10180)),.UNSPECIFIED.,.F.,.F.,
 .F.)
B_SPLINE_SURFACE_WITH_KNOTS((6,1,1,1,1,1,1,1,1,1,1,1,1,1,1,6),(2,2),(0.,
0.0666666666666667,0.133333333333333,0.2,0.266666666666667,0.333333333333333,
0.4,0.466666666666667,0.533333333333333,0.6,0.666666666666667,0.733333333333333,
0.8,0.866666666666667,0.933333333333333,1.),(0.,0.0299999999999998),
 .UNSPECIFIED.)
GEOMETRIC_REPRESENTATION_ITEM()
RATIONAL_B_SPLINE_SURFACE(((1.,1.),(1.,1.),(1.,1.),(1.,1.),(1.,1.),(1.,
1.),(1.,1.),(1.,1.),(1.,1.),(1.,1.),(1.,1.),(1.,1.),(1.,1.),(1.,1.),(1.,
1.),(1.,1.),(1.,1.),(1.,1.),(1.,1.),(1.,1.)))
REPRESENTATION_ITEM('')
SURFACE()
);
#41=(
BOUNDED_SURFACE()
B_SPLINE_SURFACE(5,1,((#10224,#10225),(#10226,#10227),(#10228,#10229),(#10230,
#10231),(#10232,#10233),(#10234,#10235),(#10236,#10237),(#10238,#10239),
(#10240,#10241),(#10242,#10243),(#10244,#10245),(#10246,#10247),(#10248,
#10249),(#10250,#10251),(#10252,#10253),(#10254,#10255),(#10256,#10257),
(#10258,#10259),(#10260,#10261),(#10262,#10263)),.UNSPECIFIED.,.F.,.F.,
 .F.)
B_SPLINE_SURFACE_WITH_KNOTS((6,1,1,1,1,1,1,1,1,1,1,1,1,1,1,6),(2,2),(-1.,
-0.933333333333333,-0.866666666666667,-0.8,-0.733333333333333,-0.666666666666667,
-0.6,-0.533333333333333,-0.466666666666667,-0.4,-0.333333333333333,-0.266666666666667,
-0.2,-0.133333333333333,-0.0666666666666667,0.),(0.,0.0299999999999998),
 .UNSPECIFIED.)
GEOMETRIC_REPRESENTATION_ITEM()
RATIONAL_B_SPLINE_SURFACE(((1.,1.),(1.,1.),(1.,1.),(1.,1.),(1.,1.),(1.,
1.),(1.,1.),(1.,1.),(1.,1.),(1.,1.),(1.,1.),(1.,1.),(1.,1.),(1.,1.),(1.,
1.),(1.,1.),(1.,1.),(1.,1.),(1.,1.),(1.,1.)))
REPRESENTATION_ITEM('')
SURFACE()
);
#42=ELLIPSE('',#6330,0.300000300835379,0.299999999999975);
#43=ELLIPSE('',#6331,0.300000300835379,0.299999999999976);
#44=ELLIPSE('',#6332,0.300000300835379,0.299999999999976);
#45=ELLIPSE('',#6333,0.300000300835379,0.299999999999976);
#46=B_SPLINE_CURVE_WITH_KNOTS('',3,(#9064,#9065,#9066,#9067,#9068,#9069,
#9070,#9071,#9072,#9073,#9074,#9075,#9076,#9077,#9078,#9079,#9080,#9081),
 .UNSPECIFIED.,.F.,.F.,(4,2,2,2,2,2,2,2,4),(0.,0.282825543594393,0.565651087188785,
0.84939275784716,1.13313442850553,1.41565592498166,1.69817742145779,1.98087427770793,
2.26357113395807),.UNSPECIFIED.);
#47=B_SPLINE_CURVE_WITH_KNOTS('',3,(#9082,#9083,#9084,#9085,#9086,#9087,
#9088,#9089,#9090,#9091,#9092,#9093,#9094,#9095,#9096,#9097,#9098,#9099),
 .UNSPECIFIED.,.F.,.F.,(4,2,2,2,2,2,2,2,4),(2.26357113395807,2.54626799020822,
2.82896484645836,3.11148634293449,3.39400783941061,3.67774951006899,3.96149118072736,
4.24431672432176,4.52714226791615),.UNSPECIFIED.);
#48=B_SPLINE_CURVE_WITH_KNOTS('',3,(#9189,#9190,#9191,#9192,#9193,#9194,
#9195,#9196,#9197,#9198,#9199,#9200,#9201,#9202,#9203,#9204,#9205,#9206),
 .UNSPECIFIED.,.F.,.F.,(4,2,2,2,2,2,2,2,4),(0.,0.282696856246784,0.565393712493568,
0.847915208973196,1.13043670545282,1.41417837615779,1.69792004686276,1.98074559045836,
2.26357113405397),.UNSPECIFIED.);
#49=B_SPLINE_CURVE_WITH_KNOTS('',3,(#9207,#9208,#9209,#9210,#9211,#9212,
#9213,#9214,#9215,#9216,#9217,#9218,#9219,#9220,#9221,#9222,#9223,#9224),
 .UNSPECIFIED.,.F.,.F.,(4,2,2,2,2,2,2,2,4),(2.26357113405397,2.54639667764957,
2.82922222124517,3.11296389195014,3.39670556265511,3.67922705913474,3.96174855561436,
4.24444541186115,4.52714226810793),.UNSPECIFIED.);
#50=B_SPLINE_CURVE_WITH_KNOTS('',3,(#9245,#9246,#9247,#9248,#9249,#9250,
#9251,#9252,#9253,#9254),.UNSPECIFIED.,.F.,.F.,(4,2,2,2,4),(0.135879600631903,
0.147225473504753,0.158571346377604,0.169869453777603,0.181108444843651),
 .UNSPECIFIED.);
#51=B_SPLINE_CURVE_WITH_KNOTS('',3,(#9258,#9259,#9260,#9261,#9262,#9263,
#9264,#9265,#9266,#9267),.UNSPECIFIED.,.F.,.F.,(4,2,2,2,4),(0.,0.0112981073999997,
0.0225962147999994,0.0339420876728498,0.0452879605457001),.UNSPECIFIED.);
#52=B_SPLINE_CURVE_WITH_KNOTS('',3,(#9271,#9272,#9273,#9274,#9275,#9276,
#9277,#9278,#9279,#9280),.UNSPECIFIED.,.F.,.F.,(4,2,2,2,4),(0.0462166192084189,
0.058063669322871,0.0699107194373231,0.0811867632955039,0.0924628071536847),
 .UNSPECIFIED.);
#53=B_SPLINE_CURVE_WITH_KNOTS('',3,(#9283,#9284,#9285,#9286,#9287,#9288,
#9289,#9290,#9291,#9292),.UNSPECIFIED.,.F.,.F.,(4,2,2,2,4),(0.0925228748035304,
0.103739801399215,0.115015845257395,0.126862895371848,0.1387099454863),
 .UNSPECIFIED.);
#54=B_SPLINE_CURVE_WITH_KNOTS('',3,(#9295,#9296,#9297,#9298,#9299,#9300,
#9301,#9302,#9303,#9304,#9305,#9306,#9307,#9308,#9309,#9310,#9311,#9312),
 .UNSPECIFIED.,.F.,.F.,(4,2,2,2,2,2,2,2,4),(0.,0.188356760922597,0.376713521845194,
0.565352727008324,0.753991932171455,0.943589298402606,1.13318666463376,
1.32162249067802,1.51005831672229),.UNSPECIFIED.);
#55=B_SPLINE_CURVE_WITH_KNOTS('',3,(#9313,#9314,#9315,#9316,#9317,#9318,
#9319,#9320,#9321,#9322,#9323,#9324,#9325,#9326,#9327,#9328,#9329,#9330),
 .UNSPECIFIED.,.F.,.F.,(4,2,2,2,2,2,2,2,4),(1.51005831672229,1.69849414276655,
1.88692996881081,2.07652733504196,2.26612470127312,2.4547815021068,2.64343830294048,
2.83177747002468,3.02011663710887),.UNSPECIFIED.);
#56=B_SPLINE_CURVE_WITH_KNOTS('',3,(#9333,#9334,#9335,#9336,#9337,#9338,
#9339,#9340,#9341,#9342,#9343,#9344,#9345,#9346,#9347,#9348,#9349,#9350),
 .UNSPECIFIED.,.F.,.F.,(4,2,2,2,2,2,2,2,4),(0.,0.188356760922597,0.376713521845194,
0.565352727008325,0.753991932171455,0.943254918401313,1.13251790463117,
1.32128824550967,1.51005858638817),.UNSPECIFIED.);
#57=B_SPLINE_CURVE_WITH_KNOTS('',3,(#9351,#9352,#9353,#9354,#9355,#9356,
#9357,#9358,#9359,#9360,#9361,#9362,#9363,#9364,#9365,#9366,#9367,#9368),
 .UNSPECIFIED.,.F.,.F.,(4,2,2,2,2,2,2,2,4),(1.51005858638817,1.69849441243244,
1.8869302384767,2.07652760470785,2.266124970939,2.45478177177269,2.64343857260637,
2.83177773969056,3.02011690677476),.UNSPECIFIED.);
#58=B_SPLINE_CURVE_WITH_KNOTS('',3,(#9371,#9372,#9373,#9374,#9375,#9376,
#9377,#9378,#9379,#9380,#9381,#9382,#9383,#9384,#9385,#9386,#9387,#9388),
 .UNSPECIFIED.,.F.,.F.,(4,2,2,2,2,2,2,2,4),(0.,0.188628941769281,0.377257883538563,
0.566141269365881,0.755024655193199,0.943481860004622,1.13193906481604,
1.32028574595246,1.50863242708889),.UNSPECIFIED.);
#59=B_SPLINE_CURVE_WITH_KNOTS('',3,(#9389,#9390,#9391,#9392,#9393,#9394,
#9395,#9396,#9397,#9398,#9399,#9400,#9401,#9402,#9403,#9404,#9405,#9406),
 .UNSPECIFIED.,.F.,.F.,(4,2,2,2,2,2,2,2,4),(1.50863242708889,1.6970044249647,
1.88537642284052,2.07380830835314,2.26224019386576,2.4513147291714,2.64038926447704,
2.82882701029236,3.01726475610769),.UNSPECIFIED.);
#60=B_SPLINE_CURVE_WITH_KNOTS('',3,(#9409,#9410,#9411,#9412,#9413,#9414,
#9415,#9416,#9417,#9418,#9419,#9420,#9421,#9422,#9423,#9424,#9425,#9426),
 .UNSPECIFIED.,.F.,.F.,(4,2,2,2,2,2,2,2,4),(0.,0.188628941769281,0.377257883538562,
0.566141269365881,0.755024655193199,0.943456540705817,1.13188842621844,
1.32026042409425,1.50863242197007),.UNSPECIFIED.);
#61=B_SPLINE_CURVE_WITH_KNOTS('',3,(#9427,#9428,#9429,#9430,#9431,#9432,
#9433,#9434,#9435,#9436,#9437,#9438,#9439,#9440,#9441,#9442,#9443,#9444),
 .UNSPECIFIED.,.F.,.F.,(4,2,2,2,2,2,2,2,4),(1.50863242197007,1.69700441984589,
1.8853764177217,2.07380830323432,2.26224018874694,2.45131472405258,2.64038925935822,
2.82882700517355,3.01726475098887),.UNSPECIFIED.);
#62=STYLED_ITEM('',(#10592),#84);
#63=STYLED_ITEM('',(#10592),#85);
#64=STYLED_ITEM('',(#10594),#5897);
#65=STYLED_ITEM('',(#10594),#5898);
#66=STYLED_ITEM('',(#10594),#5899);
#67=STYLED_ITEM('',(#10594),#5900);
#68=STYLED_ITEM('',(#10594),#5901);
#69=STYLED_ITEM('',(#10594),#5902);
#70=STYLED_ITEM('',(#10594),#5903);
#71=STYLED_ITEM('',(#10594),#5904);
#72=STYLED_ITEM('',(#10594),#5905);
#73=STYLED_ITEM('',(#10594),#5906);
#74=STYLED_ITEM('',(#10594),#5907);
#75=STYLED_ITEM('',(#10594),#5908);
#76=STYLED_ITEM('',(#10593),#86);
#77=STYLED_ITEM('',(#10595),#5916);
#78=STYLED_ITEM('',(#10593),#5917);
#79=STYLED_ITEM('',(#10596),#5918);
#80=STYLED_ITEM('',(#10596),#5921);
#81=STYLED_ITEM('',(#10592),#87);
#82=STYLED_ITEM('',(#10597),#88);
#83=STYLED_ITEM('',(#10597),#89);
#84=MANIFOLD_SOLID_BREP('Main',#5977);
#85=MANIFOLD_SOLID_BREP('Cover',#5978);
#86=MANIFOLD_SOLID_BREP('Shell',#5979);
#87=MANIFOLD_SOLID_BREP('Bottom',#5980);
#88=MANIFOLD_SOLID_BREP('Shell Bell (Pokemon Reference??)',#5981);
#89=MANIFOLD_SOLID_BREP('Silksong Bell',#5982);
#90=CIRCLE('',#6045,0.299999999999976);
#91=CIRCLE('',#6046,0.299999999999976);
#92=CIRCLE('',#6049,0.299999999999976);
#93=CIRCLE('',#6050,0.299999999999976);
#94=CIRCLE('',#6053,0.299999999999974);
#95=CIRCLE('',#6054,0.299999999999974);
#96=CIRCLE('',#6057,0.299999999999976);
#97=CIRCLE('',#6058,0.299999999999976);
#98=CIRCLE('',#6089,1.8);
#99=CIRCLE('',#6090,1.8);
#100=CIRCLE('',#6092,3.00000000000001);
#101=CIRCLE('',#6093,3.00000000000001);
#102=CIRCLE('',#6096,3.00000000000001);
#103=CIRCLE('',#6098,1.8);
#104=CIRCLE('',#6099,1.8);
#105=CIRCLE('',#6101,3.00000000000001);
#106=CIRCLE('',#6153,1.65000000000001);
#107=CIRCLE('',#6154,1.65000000000001);
#108=CIRCLE('',#6156,2.65000000000001);
#109=CIRCLE('',#6157,1.8);
#110=CIRCLE('',#6158,2.65000000000001);
#111=CIRCLE('',#6159,1.8);
#112=CIRCLE('',#6161,2.65000000000001);
#113=CIRCLE('',#6162,1.8);
#114=CIRCLE('',#6163,2.65000000000001);
#115=CIRCLE('',#6164,1.8);
#116=CIRCLE('',#6166,1.8);
#117=CIRCLE('',#6168,1.8);
#118=CIRCLE('',#6170,2.65000000000001);
#119=CIRCLE('',#6172,2.65000000000001);
#120=CIRCLE('',#6174,1.8);
#121=CIRCLE('',#6176,2.65000000000001);
#122=CIRCLE('',#6178,1.65000000000001);
#123=CIRCLE('',#6179,1.65000000000001);
#124=CIRCLE('',#6181,2.65000000000001);
#125=CIRCLE('',#6182,1.8);
#126=CIRCLE('',#6183,2.65000000000001);
#127=CIRCLE('',#6184,1.8);
#128=CIRCLE('',#6186,2.65000000000001);
#129=CIRCLE('',#6187,1.8);
#130=CIRCLE('',#6188,2.65000000000001);
#131=CIRCLE('',#6189,1.8);
#132=CIRCLE('',#6191,1.8);
#133=CIRCLE('',#6193,1.8);
#134=CIRCLE('',#6195,2.65000000000001);
#135=CIRCLE('',#6197,2.65000000000001);
#136=CIRCLE('',#6199,1.8);
#137=CIRCLE('',#6201,2.65000000000001);
#138=CIRCLE('',#6203,4.35000000000003);
#139=CIRCLE('',#6204,4.35000000000003);
#140=CIRCLE('',#6206,1.8);
#141=CIRCLE('',#6207,1.8);
#142=CIRCLE('',#6209,7.50000000000001);
#143=CIRCLE('',#6210,7.50000000000001);
#144=CIRCLE('',#6212,5.4313670720639);
#145=CIRCLE('',#6213,5.4313670720639);
#146=CIRCLE('',#6215,1.8);
#147=CIRCLE('',#6216,4.35000000000003);
#148=CIRCLE('',#6218,1.8);
#149=CIRCLE('',#6219,4.35000000000003);
#150=CIRCLE('',#6220,1.8);
#151=CIRCLE('',#6221,4.35000000000003);
#152=CIRCLE('',#6223,1.8);
#153=CIRCLE('',#6225,4.35000000000003);
#154=CIRCLE('',#6227,4.35000000000003);
#155=CIRCLE('',#6229,1.8);
#156=CIRCLE('',#6231,1.8);
#157=CIRCLE('',#6233,4.35000000000003);
#158=CIRCLE('',#6235,7.5);
#159=CIRCLE('',#6237,7.5);
#160=CIRCLE('',#6238,7.5);
#161=CIRCLE('',#6241,2.65000000000001);
#162=CIRCLE('',#6243,1.8);
#163=CIRCLE('',#6246,2.65000000000001);
#164=CIRCLE('',#6248,1.8);
#165=CIRCLE('',#6251,4.35000000000002);
#166=CIRCLE('',#6252,4.35000000000002);
#167=CIRCLE('',#6254,1.8);
#168=CIRCLE('',#6255,1.8);
#169=CIRCLE('',#6257,7.5);
#170=CIRCLE('',#6258,7.5);
#171=CIRCLE('',#6260,5.4313670720639);
#172=CIRCLE('',#6261,5.4313670720639);
#173=CIRCLE('',#6263,1.8);
#174=CIRCLE('',#6264,4.35000000000002);
#175=CIRCLE('',#6266,1.8);
#176=CIRCLE('',#6267,4.35000000000002);
#177=CIRCLE('',#6268,1.8);
#178=CIRCLE('',#6269,4.35000000000002);
#179=CIRCLE('',#6271,1.8);
#180=CIRCLE('',#6273,4.35000000000002);
#181=CIRCLE('',#6275,4.35000000000002);
#182=CIRCLE('',#6277,1.8);
#183=CIRCLE('',#6279,1.8);
#184=CIRCLE('',#6281,4.35000000000002);
#185=CIRCLE('',#6283,7.5);
#186=CIRCLE('',#6285,7.5);
#187=CIRCLE('',#6286,7.5);
#188=CIRCLE('',#6291,66.2033620298916);
#189=CIRCLE('',#6292,54.);
#190=CIRCLE('',#6294,66.2033620298916);
#191=CIRCLE('',#6295,54.);
#192=CIRCLE('',#6297,66.2033620298916);
#193=CIRCLE('',#6298,66.2033620298916);
#194=CIRCLE('',#6300,54.);
#195=CIRCLE('',#6301,54.);
#196=CIRCLE('',#6302,54.);
#197=CIRCLE('',#6303,54.);
#198=CIRCLE('',#6304,54.);
#199=CIRCLE('',#6305,54.);
#200=CIRCLE('',#6306,54.);
#201=CIRCLE('',#6307,54.);
#202=CIRCLE('',#6309,54.);
#203=CIRCLE('',#6357,2.5);
#204=CIRCLE('',#6358,5.);
#205=CIRCLE('',#6359,2.5);
#206=CIRCLE('',#6360,5.);
#207=CIRCLE('',#6363,2.5);
#208=CIRCLE('',#6364,5.);
#209=CIRCLE('',#6365,2.5);
#210=CIRCLE('',#6366,5.);
#211=CIRCLE('',#6369,2.5);
#212=CIRCLE('',#6370,5.);
#213=CIRCLE('',#6371,2.5);
#214=CIRCLE('',#6372,5.);
#215=CIRCLE('',#6375,2.5);
#216=CIRCLE('',#6376,5.);
#217=CIRCLE('',#6377,2.5);
#218=CIRCLE('',#6378,5.);
#219=CIRCLE('',#6382,53.8);
#220=CIRCLE('',#6385,53.8);
#221=CIRCLE('',#6418,0.749999999999993);
#222=CIRCLE('',#6419,0.749999999999993);
#223=CIRCLE('',#6421,1.49999999999999);
#224=CIRCLE('',#6422,1.49999999999999);
#225=CIRCLE('',#6426,0.749999999999993);
#226=CIRCLE('',#6427,0.749999999999993);
#227=CIRCLE('',#6429,1.49999999999999);
#228=CIRCLE('',#6430,1.49999999999999);
#229=CIRCLE('',#6434,7.5);
#230=CIRCLE('',#6436,7.5);
#231=CIRCLE('',#6437,7.5);
#232=CIRCLE('',#6439,30.);
#233=CIRCLE('',#6440,30.);
#234=CIRCLE('',#6442,35.);
#235=CIRCLE('',#6444,35.);
#236=CIRCLE('',#6446,0.749999999999993);
#237=CIRCLE('',#6447,0.749999999999993);
#238=CIRCLE('',#6449,1.49999999999999);
#239=CIRCLE('',#6450,1.49999999999999);
#240=CIRCLE('',#6454,0.749999999999993);
#241=CIRCLE('',#6455,0.749999999999993);
#242=CIRCLE('',#6457,1.49999999999999);
#243=CIRCLE('',#6458,1.49999999999999);
#244=CIRCLE('',#6462,7.5);
#245=CIRCLE('',#6464,7.5);
#246=CIRCLE('',#6465,7.5);
#247=CIRCLE('',#6467,30.);
#248=CIRCLE('',#6468,30.);
#249=CIRCLE('',#6470,35.);
#250=CIRCLE('',#6472,35.);
#251=CYLINDRICAL_SURFACE('',#6044,0.299999999999976);
#252=CYLINDRICAL_SURFACE('',#6048,0.299999999999976);
#253=CYLINDRICAL_SURFACE('',#6052,0.299999999999974);
#254=CYLINDRICAL_SURFACE('',#6056,0.299999999999976);
#255=CYLINDRICAL_SURFACE('',#6088,1.8);
#256=CYLINDRICAL_SURFACE('',#6091,3.00000000000001);
#257=CYLINDRICAL_SURFACE('',#6097,1.8);
#258=CYLINDRICAL_SURFACE('',#6100,3.00000000000001);
#259=CYLINDRICAL_SURFACE('',#6152,1.65000000000001);
#260=CYLINDRICAL_SURFACE('',#6165,1.8);
#261=CYLINDRICAL_SURFACE('',#6167,1.8);
#262=CYLINDRICAL_SURFACE('',#6169,2.65000000000001);
#263=CYLINDRICAL_SURFACE('',#6171,2.65000000000001);
#264=CYLINDRICAL_SURFACE('',#6173,1.8);
#265=CYLINDRICAL_SURFACE('',#6175,2.65000000000001);
#266=CYLINDRICAL_SURFACE('',#6177,1.65000000000001);
#267=CYLINDRICAL_SURFACE('',#6190,1.8);
#268=CYLINDRICAL_SURFACE('',#6192,1.8);
#269=CYLINDRICAL_SURFACE('',#6194,2.65000000000001);
#270=CYLINDRICAL_SURFACE('',#6196,2.65000000000001);
#271=CYLINDRICAL_SURFACE('',#6198,1.8);
#272=CYLINDRICAL_SURFACE('',#6200,2.65000000000001);
#273=CYLINDRICAL_SURFACE('',#6202,4.35000000000003);
#274=CYLINDRICAL_SURFACE('',#6205,1.8);
#275=CYLINDRICAL_SURFACE('',#6208,7.50000000000001);
#276=CYLINDRICAL_SURFACE('',#6211,5.4313670720639);
#277=CYLINDRICAL_SURFACE('',#6222,1.8);
#278=CYLINDRICAL_SURFACE('',#6224,4.35000000000003);
#279=CYLINDRICAL_SURFACE('',#6226,4.35000000000003);
#280=CYLINDRICAL_SURFACE('',#6228,1.8);
#281=CYLINDRICAL_SURFACE('',#6230,1.8);
#282=CYLINDRICAL_SURFACE('',#6232,4.35000000000003);
#283=CYLINDRICAL_SURFACE('',#6236,7.5);
#284=CYLINDRICAL_SURFACE('',#6240,2.65000000000001);
#285=CYLINDRICAL_SURFACE('',#6242,1.8);
#286=CYLINDRICAL_SURFACE('',#6245,2.65000000000001);
#287=CYLINDRICAL_SURFACE('',#6247,1.8);
#288=CYLINDRICAL_SURFACE('',#6250,4.35000000000002);
#289=CYLINDRICAL_SURFACE('',#6253,1.8);
#290=CYLINDRICAL_SURFACE('',#6256,7.5);
#291=CYLINDRICAL_SURFACE('',#6259,5.4313670720639);
#292=CYLINDRICAL_SURFACE('',#6270,1.8);
#293=CYLINDRICAL_SURFACE('',#6272,4.35000000000002);
#294=CYLINDRICAL_SURFACE('',#6274,4.35000000000002);
#295=CYLINDRICAL_SURFACE('',#6276,1.8);
#296=CYLINDRICAL_SURFACE('',#6278,1.8);
#297=CYLINDRICAL_SURFACE('',#6280,4.35000000000002);
#298=CYLINDRICAL_SURFACE('',#6284,7.5);
#299=CYLINDRICAL_SURFACE('',#6296,66.2033620298916);
#300=CYLINDRICAL_SURFACE('',#6299,54.);
#301=CYLINDRICAL_SURFACE('',#6308,54.);
#302=CYLINDRICAL_SURFACE('',#6348,0.299999999999975);
#303=CYLINDRICAL_SURFACE('',#6350,0.299999999999976);
#304=CYLINDRICAL_SURFACE('',#6352,0.299999999999976);
#305=CYLINDRICAL_SURFACE('',#6354,0.299999999999976);
#306=CYLINDRICAL_SURFACE('',#6361,5.);
#307=CYLINDRICAL_SURFACE('',#6367,5.);
#308=CYLINDRICAL_SURFACE('',#6373,5.);
#309=CYLINDRICAL_SURFACE('',#6379,5.);
#310=CYLINDRICAL_SURFACE('',#6386,53.8);
#311=CYLINDRICAL_SURFACE('',#6417,0.749999999999993);
#312=CYLINDRICAL_SURFACE('',#6420,1.49999999999999);
#313=CYLINDRICAL_SURFACE('',#6425,0.749999999999993);
#314=CYLINDRICAL_SURFACE('',#6428,1.49999999999999);
#315=CYLINDRICAL_SURFACE('',#6435,7.5);
#316=CYLINDRICAL_SURFACE('',#6445,0.749999999999993);
#317=CYLINDRICAL_SURFACE('',#6448,1.49999999999999);
#318=CYLINDRICAL_SURFACE('',#6453,0.749999999999993);
#319=CYLINDRICAL_SURFACE('',#6456,1.49999999999999);
#320=CYLINDRICAL_SURFACE('',#6463,7.5);
#321=FACE_BOUND('',#772,.T.);
#322=FACE_BOUND('',#773,.T.);
#323=FACE_BOUND('',#774,.T.);
#324=FACE_BOUND('',#775,.T.);
#325=FACE_BOUND('',#778,.T.);
#326=FACE_BOUND('',#779,.T.);
#327=FACE_BOUND('',#781,.T.);
#328=FACE_BOUND('',#782,.T.);
#329=FACE_BOUND('',#796,.T.);
#330=FACE_BOUND('',#798,.T.);
#331=FACE_BOUND('',#829,.T.);
#332=FACE_BOUND('',#831,.T.);
#333=FACE_BOUND('',#832,.T.);
#334=FACE_BOUND('',#833,.T.);
#335=FACE_BOUND('',#834,.T.);
#336=FACE_BOUND('',#835,.T.);
#337=FACE_BOUND('',#836,.T.);
#338=FACE_BOUND('',#840,.T.);
#339=FACE_BOUND('',#889,.T.);
#340=FACE_BOUND('',#891,.T.);
#341=FACE_BOUND('',#892,.T.);
#342=FACE_BOUND('',#893,.T.);
#343=FACE_BOUND('',#894,.T.);
#344=FACE_BOUND('',#895,.T.);
#345=FACE_BOUND('',#898,.T.);
#346=FACE_BOUND('',#900,.T.);
#347=FACE_BOUND('',#909,.T.);
#348=FACE_BOUND('',#911,.T.);
#349=FACE_BOUND('',#923,.T.);
#350=FACE_BOUND('',#925,.T.);
#351=FACE_BOUND('',#933,.T.);
#352=FACE_BOUND('',#936,.T.);
#353=FACE_BOUND('',#948,.T.);
#354=FACE_BOUND('',#950,.T.);
#355=FACE_BOUND('',#958,.T.);
#356=FACE_BOUND('',#961,.T.);
#357=FACE_BOUND('',#965,.T.);
#358=FACE_BOUND('',#967,.T.);
#359=FACE_BOUND('',#969,.T.);
#360=FACE_BOUND('',#970,.T.);
#361=FACE_BOUND('',#971,.T.);
#362=FACE_BOUND('',#972,.T.);
#363=FACE_BOUND('',#973,.T.);
#364=FACE_BOUND('',#974,.T.);
#365=FACE_BOUND('',#975,.T.);
#366=FACE_BOUND('',#979,.T.);
#367=FACE_BOUND('',#980,.T.);
#368=FACE_BOUND('',#990,.T.);
#369=FACE_BOUND('',#991,.T.);
#370=FACE_BOUND('',#1002,.T.);
#371=FACE_BOUND('',#1045,.T.);
#372=FACE_BOUND('',#1046,.T.);
#373=FACE_BOUND('',#1048,.T.);
#374=FACE_BOUND('',#1051,.T.);
#375=FACE_BOUND('',#1087,.T.);
#376=FACE_BOUND('',#1092,.T.);
#377=FACE_BOUND('',#1094,.T.);
#378=FACE_BOUND('',#1095,.T.);
#379=FACE_BOUND('',#1099,.T.);
#380=FACE_BOUND('',#1105,.T.);
#381=FACE_BOUND('',#1110,.T.);
#382=FACE_BOUND('',#1112,.T.);
#383=FACE_BOUND('',#1113,.T.);
#384=FACE_BOUND('',#1117,.T.);
#385=FACE_OUTER_BOUND('',#720,.T.);
#386=FACE_OUTER_BOUND('',#721,.T.);
#387=FACE_OUTER_BOUND('',#722,.T.);
#388=FACE_OUTER_BOUND('',#723,.T.);
#389=FACE_OUTER_BOUND('',#724,.T.);
#390=FACE_OUTER_BOUND('',#725,.T.);
#391=FACE_OUTER_BOUND('',#726,.T.);
#392=FACE_OUTER_BOUND('',#727,.T.);
#393=FACE_OUTER_BOUND('',#728,.T.);
#394=FACE_OUTER_BOUND('',#729,.T.);
#395=FACE_OUTER_BOUND('',#730,.T.);
#396=FACE_OUTER_BOUND('',#731,.T.);
#397=FACE_OUTER_BOUND('',#732,.T.);
#398=FACE_OUTER_BOUND('',#733,.T.);
#399=FACE_OUTER_BOUND('',#734,.T.);
#400=FACE_OUTER_BOUND('',#735,.T.);
#401=FACE_OUTER_BOUND('',#736,.T.);
#402=FACE_OUTER_BOUND('',#737,.T.);
#403=FACE_OUTER_BOUND('',#738,.T.);
#404=FACE_OUTER_BOUND('',#739,.T.);
#405=FACE_OUTER_BOUND('',#740,.T.);
#406=FACE_OUTER_BOUND('',#741,.T.);
#407=FACE_OUTER_BOUND('',#742,.T.);
#408=FACE_OUTER_BOUND('',#743,.T.);
#409=FACE_OUTER_BOUND('',#744,.T.);
#410=FACE_OUTER_BOUND('',#745,.T.);
#411=FACE_OUTER_BOUND('',#746,.T.);
#412=FACE_OUTER_BOUND('',#747,.T.);
#413=FACE_OUTER_BOUND('',#748,.T.);
#414=FACE_OUTER_BOUND('',#749,.T.);
#415=FACE_OUTER_BOUND('',#750,.T.);
#416=FACE_OUTER_BOUND('',#751,.T.);
#417=FACE_OUTER_BOUND('',#752,.T.);
#418=FACE_OUTER_BOUND('',#753,.T.);
#419=FACE_OUTER_BOUND('',#754,.T.);
#420=FACE_OUTER_BOUND('',#755,.T.);
#421=FACE_OUTER_BOUND('',#756,.T.);
#422=FACE_OUTER_BOUND('',#757,.T.);
#423=FACE_OUTER_BOUND('',#758,.T.);
#424=FACE_OUTER_BOUND('',#759,.T.);
#425=FACE_OUTER_BOUND('',#760,.T.);
#426=FACE_OUTER_BOUND('',#761,.T.);
#427=FACE_OUTER_BOUND('',#762,.T.);
#428=FACE_OUTER_BOUND('',#763,.T.);
#429=FACE_OUTER_BOUND('',#764,.T.);
#430=FACE_OUTER_BOUND('',#765,.T.);
#431=FACE_OUTER_BOUND('',#766,.T.);
#432=FACE_OUTER_BOUND('',#767,.T.);
#433=FACE_OUTER_BOUND('',#768,.T.);
#434=FACE_OUTER_BOUND('',#769,.T.);
#435=FACE_OUTER_BOUND('',#770,.T.);
#436=FACE_OUTER_BOUND('',#771,.T.);
#437=FACE_OUTER_BOUND('',#776,.T.);
#438=FACE_OUTER_BOUND('',#777,.T.);
#439=FACE_OUTER_BOUND('',#780,.T.);
#440=FACE_OUTER_BOUND('',#783,.T.);
#441=FACE_OUTER_BOUND('',#784,.T.);
#442=FACE_OUTER_BOUND('',#785,.T.);
#443=FACE_OUTER_BOUND('',#786,.T.);
#444=FACE_OUTER_BOUND('',#787,.T.);
#445=FACE_OUTER_BOUND('',#788,.T.);
#446=FACE_OUTER_BOUND('',#789,.T.);
#447=FACE_OUTER_BOUND('',#790,.T.);
#448=FACE_OUTER_BOUND('',#791,.T.);
#449=FACE_OUTER_BOUND('',#792,.T.);
#450=FACE_OUTER_BOUND('',#793,.T.);
#451=FACE_OUTER_BOUND('',#794,.T.);
#452=FACE_OUTER_BOUND('',#795,.T.);
#453=FACE_OUTER_BOUND('',#797,.T.);
#454=FACE_OUTER_BOUND('',#799,.T.);
#455=FACE_OUTER_BOUND('',#800,.T.);
#456=FACE_OUTER_BOUND('',#801,.T.);
#457=FACE_OUTER_BOUND('',#802,.T.);
#458=FACE_OUTER_BOUND('',#803,.T.);
#459=FACE_OUTER_BOUND('',#804,.T.);
#460=FACE_OUTER_BOUND('',#805,.T.);
#461=FACE_OUTER_BOUND('',#806,.T.);
#462=FACE_OUTER_BOUND('',#807,.T.);
#463=FACE_OUTER_BOUND('',#808,.T.);
#464=FACE_OUTER_BOUND('',#809,.T.);
#465=FACE_OUTER_BOUND('',#810,.T.);
#466=FACE_OUTER_BOUND('',#811,.T.);
#467=FACE_OUTER_BOUND('',#812,.T.);
#468=FACE_OUTER_BOUND('',#813,.T.);
#469=FACE_OUTER_BOUND('',#814,.T.);
#470=FACE_OUTER_BOUND('',#815,.T.);
#471=FACE_OUTER_BOUND('',#816,.T.);
#472=FACE_OUTER_BOUND('',#817,.T.);
#473=FACE_OUTER_BOUND('',#818,.T.);
#474=FACE_OUTER_BOUND('',#819,.T.);
#475=FACE_OUTER_BOUND('',#820,.T.);
#476=FACE_OUTER_BOUND('',#821,.T.);
#477=FACE_OUTER_BOUND('',#822,.T.);
#478=FACE_OUTER_BOUND('',#823,.T.);
#479=FACE_OUTER_BOUND('',#824,.T.);
#480=FACE_OUTER_BOUND('',#825,.T.);
#481=FACE_OUTER_BOUND('',#826,.T.);
#482=FACE_OUTER_BOUND('',#827,.T.);
#483=FACE_OUTER_BOUND('',#828,.T.);
#484=FACE_OUTER_BOUND('',#830,.T.);
#485=FACE_OUTER_BOUND('',#837,.T.);
#486=FACE_OUTER_BOUND('',#838,.T.);
#487=FACE_OUTER_BOUND('',#839,.T.);
#488=FACE_OUTER_BOUND('',#841,.T.);
#489=FACE_OUTER_BOUND('',#842,.T.);
#490=FACE_OUTER_BOUND('',#843,.T.);
#491=FACE_OUTER_BOUND('',#844,.T.);
#492=FACE_OUTER_BOUND('',#845,.T.);
#493=FACE_OUTER_BOUND('',#846,.T.);
#494=FACE_OUTER_BOUND('',#847,.T.);
#495=FACE_OUTER_BOUND('',#848,.T.);
#496=FACE_OUTER_BOUND('',#849,.T.);
#497=FACE_OUTER_BOUND('',#850,.T.);
#498=FACE_OUTER_BOUND('',#851,.T.);
#499=FACE_OUTER_BOUND('',#852,.T.);
#500=FACE_OUTER_BOUND('',#853,.T.);
#501=FACE_OUTER_BOUND('',#854,.T.);
#502=FACE_OUTER_BOUND('',#855,.T.);
#503=FACE_OUTER_BOUND('',#856,.T.);
#504=FACE_OUTER_BOUND('',#857,.T.);
#505=FACE_OUTER_BOUND('',#858,.T.);
#506=FACE_OUTER_BOUND('',#859,.T.);
#507=FACE_OUTER_BOUND('',#860,.T.);
#508=FACE_OUTER_BOUND('',#861,.T.);
#509=FACE_OUTER_BOUND('',#862,.T.);
#510=FACE_OUTER_BOUND('',#863,.T.);
#511=FACE_OUTER_BOUND('',#864,.T.);
#512=FACE_OUTER_BOUND('',#865,.T.);
#513=FACE_OUTER_BOUND('',#866,.T.);
#514=FACE_OUTER_BOUND('',#867,.T.);
#515=FACE_OUTER_BOUND('',#868,.T.);
#516=FACE_OUTER_BOUND('',#869,.T.);
#517=FACE_OUTER_BOUND('',#870,.T.);
#518=FACE_OUTER_BOUND('',#871,.T.);
#519=FACE_OUTER_BOUND('',#872,.T.);
#520=FACE_OUTER_BOUND('',#873,.T.);
#521=FACE_OUTER_BOUND('',#874,.T.);
#522=FACE_OUTER_BOUND('',#875,.T.);
#523=FACE_OUTER_BOUND('',#876,.T.);
#524=FACE_OUTER_BOUND('',#877,.T.);
#525=FACE_OUTER_BOUND('',#878,.T.);
#526=FACE_OUTER_BOUND('',#879,.T.);
#527=FACE_OUTER_BOUND('',#880,.T.);
#528=FACE_OUTER_BOUND('',#881,.T.);
#529=FACE_OUTER_BOUND('',#882,.T.);
#530=FACE_OUTER_BOUND('',#883,.T.);
#531=FACE_OUTER_BOUND('',#884,.T.);
#532=FACE_OUTER_BOUND('',#885,.T.);
#533=FACE_OUTER_BOUND('',#886,.T.);
#534=FACE_OUTER_BOUND('',#887,.T.);
#535=FACE_OUTER_BOUND('',#888,.T.);
#536=FACE_OUTER_BOUND('',#890,.T.);
#537=FACE_OUTER_BOUND('',#896,.T.);
#538=FACE_OUTER_BOUND('',#897,.T.);
#539=FACE_OUTER_BOUND('',#899,.T.);
#540=FACE_OUTER_BOUND('',#901,.T.);
#541=FACE_OUTER_BOUND('',#902,.T.);
#542=FACE_OUTER_BOUND('',#903,.T.);
#543=FACE_OUTER_BOUND('',#904,.T.);
#544=FACE_OUTER_BOUND('',#905,.T.);
#545=FACE_OUTER_BOUND('',#906,.T.);
#546=FACE_OUTER_BOUND('',#907,.T.);
#547=FACE_OUTER_BOUND('',#908,.T.);
#548=FACE_OUTER_BOUND('',#910,.T.);
#549=FACE_OUTER_BOUND('',#912,.T.);
#550=FACE_OUTER_BOUND('',#913,.T.);
#551=FACE_OUTER_BOUND('',#914,.T.);
#552=FACE_OUTER_BOUND('',#915,.T.);
#553=FACE_OUTER_BOUND('',#916,.T.);
#554=FACE_OUTER_BOUND('',#917,.T.);
#555=FACE_OUTER_BOUND('',#918,.T.);
#556=FACE_OUTER_BOUND('',#919,.T.);
#557=FACE_OUTER_BOUND('',#920,.T.);
#558=FACE_OUTER_BOUND('',#921,.T.);
#559=FACE_OUTER_BOUND('',#922,.T.);
#560=FACE_OUTER_BOUND('',#924,.T.);
#561=FACE_OUTER_BOUND('',#926,.T.);
#562=FACE_OUTER_BOUND('',#927,.T.);
#563=FACE_OUTER_BOUND('',#928,.T.);
#564=FACE_OUTER_BOUND('',#929,.T.);
#565=FACE_OUTER_BOUND('',#930,.T.);
#566=FACE_OUTER_BOUND('',#931,.T.);
#567=FACE_OUTER_BOUND('',#932,.T.);
#568=FACE_OUTER_BOUND('',#934,.T.);
#569=FACE_OUTER_BOUND('',#935,.T.);
#570=FACE_OUTER_BOUND('',#937,.T.);
#571=FACE_OUTER_BOUND('',#938,.T.);
#572=FACE_OUTER_BOUND('',#939,.T.);
#573=FACE_OUTER_BOUND('',#940,.T.);
#574=FACE_OUTER_BOUND('',#941,.T.);
#575=FACE_OUTER_BOUND('',#942,.T.);
#576=FACE_OUTER_BOUND('',#943,.T.);
#577=FACE_OUTER_BOUND('',#944,.T.);
#578=FACE_OUTER_BOUND('',#945,.T.);
#579=FACE_OUTER_BOUND('',#946,.T.);
#580=FACE_OUTER_BOUND('',#947,.T.);
#581=FACE_OUTER_BOUND('',#949,.T.);
#582=FACE_OUTER_BOUND('',#951,.T.);
#583=FACE_OUTER_BOUND('',#952,.T.);
#584=FACE_OUTER_BOUND('',#953,.T.);
#585=FACE_OUTER_BOUND('',#954,.T.);
#586=FACE_OUTER_BOUND('',#955,.T.);
#587=FACE_OUTER_BOUND('',#956,.T.);
#588=FACE_OUTER_BOUND('',#957,.T.);
#589=FACE_OUTER_BOUND('',#959,.T.);
#590=FACE_OUTER_BOUND('',#960,.T.);
#591=FACE_OUTER_BOUND('',#962,.T.);
#592=FACE_OUTER_BOUND('',#963,.T.);
#593=FACE_OUTER_BOUND('',#964,.T.);
#594=FACE_OUTER_BOUND('',#966,.T.);
#595=FACE_OUTER_BOUND('',#968,.T.);
#596=FACE_OUTER_BOUND('',#976,.T.);
#597=FACE_OUTER_BOUND('',#977,.T.);
#598=FACE_OUTER_BOUND('',#978,.T.);
#599=FACE_OUTER_BOUND('',#981,.T.);
#600=FACE_OUTER_BOUND('',#982,.T.);
#601=FACE_OUTER_BOUND('',#983,.T.);
#602=FACE_OUTER_BOUND('',#984,.T.);
#603=FACE_OUTER_BOUND('',#985,.T.);
#604=FACE_OUTER_BOUND('',#986,.T.);
#605=FACE_OUTER_BOUND('',#987,.T.);
#606=FACE_OUTER_BOUND('',#988,.T.);
#607=FACE_OUTER_BOUND('',#989,.T.);
#608=FACE_OUTER_BOUND('',#992,.T.);
#609=FACE_OUTER_BOUND('',#993,.T.);
#610=FACE_OUTER_BOUND('',#994,.T.);
#611=FACE_OUTER_BOUND('',#995,.T.);
#612=FACE_OUTER_BOUND('',#996,.T.);
#613=FACE_OUTER_BOUND('',#997,.T.);
#614=FACE_OUTER_BOUND('',#998,.T.);
#615=FACE_OUTER_BOUND('',#999,.T.);
#616=FACE_OUTER_BOUND('',#1000,.T.);
#617=FACE_OUTER_BOUND('',#1001,.T.);
#618=FACE_OUTER_BOUND('',#1003,.T.);
#619=FACE_OUTER_BOUND('',#1004,.T.);
#620=FACE_OUTER_BOUND('',#1005,.T.);
#621=FACE_OUTER_BOUND('',#1006,.T.);
#622=FACE_OUTER_BOUND('',#1007,.T.);
#623=FACE_OUTER_BOUND('',#1008,.T.);
#624=FACE_OUTER_BOUND('',#1009,.T.);
#625=FACE_OUTER_BOUND('',#1010,.T.);
#626=FACE_OUTER_BOUND('',#1011,.T.);
#627=FACE_OUTER_BOUND('',#1012,.T.);
#628=FACE_OUTER_BOUND('',#1013,.T.);
#629=FACE_OUTER_BOUND('',#1014,.T.);
#630=FACE_OUTER_BOUND('',#1015,.T.);
#631=FACE_OUTER_BOUND('',#1016,.T.);
#632=FACE_OUTER_BOUND('',#1017,.T.);
#633=FACE_OUTER_BOUND('',#1018,.T.);
#634=FACE_OUTER_BOUND('',#1019,.T.);
#635=FACE_OUTER_BOUND('',#1020,.T.);
#636=FACE_OUTER_BOUND('',#1021,.T.);
#637=FACE_OUTER_BOUND('',#1022,.T.);
#638=FACE_OUTER_BOUND('',#1023,.T.);
#639=FACE_OUTER_BOUND('',#1024,.T.);
#640=FACE_OUTER_BOUND('',#1025,.T.);
#641=FACE_OUTER_BOUND('',#1026,.T.);
#642=FACE_OUTER_BOUND('',#1027,.T.);
#643=FACE_OUTER_BOUND('',#1028,.T.);
#644=FACE_OUTER_BOUND('',#1029,.T.);
#645=FACE_OUTER_BOUND('',#1030,.T.);
#646=FACE_OUTER_BOUND('',#1031,.T.);
#647=FACE_OUTER_BOUND('',#1032,.T.);
#648=FACE_OUTER_BOUND('',#1033,.T.);
#649=FACE_OUTER_BOUND('',#1034,.T.);
#650=FACE_OUTER_BOUND('',#1035,.T.);
#651=FACE_OUTER_BOUND('',#1036,.T.);
#652=FACE_OUTER_BOUND('',#1037,.T.);
#653=FACE_OUTER_BOUND('',#1038,.T.);
#654=FACE_OUTER_BOUND('',#1039,.T.);
#655=FACE_OUTER_BOUND('',#1040,.T.);
#656=FACE_OUTER_BOUND('',#1041,.T.);
#657=FACE_OUTER_BOUND('',#1042,.T.);
#658=FACE_OUTER_BOUND('',#1043,.T.);
#659=FACE_OUTER_BOUND('',#1044,.T.);
#660=FACE_OUTER_BOUND('',#1047,.T.);
#661=FACE_OUTER_BOUND('',#1049,.T.);
#662=FACE_OUTER_BOUND('',#1050,.T.);
#663=FACE_OUTER_BOUND('',#1052,.T.);
#664=FACE_OUTER_BOUND('',#1053,.T.);
#665=FACE_OUTER_BOUND('',#1054,.T.);
#666=FACE_OUTER_BOUND('',#1055,.T.);
#667=FACE_OUTER_BOUND('',#1056,.T.);
#668=FACE_OUTER_BOUND('',#1057,.T.);
#669=FACE_OUTER_BOUND('',#1058,.T.);
#670=FACE_OUTER_BOUND('',#1059,.T.);
#671=FACE_OUTER_BOUND('',#1060,.T.);
#672=FACE_OUTER_BOUND('',#1061,.T.);
#673=FACE_OUTER_BOUND('',#1062,.T.);
#674=FACE_OUTER_BOUND('',#1063,.T.);
#675=FACE_OUTER_BOUND('',#1064,.T.);
#676=FACE_OUTER_BOUND('',#1065,.T.);
#677=FACE_OUTER_BOUND('',#1066,.T.);
#678=FACE_OUTER_BOUND('',#1067,.T.);
#679=FACE_OUTER_BOUND('',#1068,.T.);
#680=FACE_OUTER_BOUND('',#1069,.T.);
#681=FACE_OUTER_BOUND('',#1070,.T.);
#682=FACE_OUTER_BOUND('',#1071,.T.);
#683=FACE_OUTER_BOUND('',#1072,.T.);
#684=FACE_OUTER_BOUND('',#1073,.T.);
#685=FACE_OUTER_BOUND('',#1074,.T.);
#686=FACE_OUTER_BOUND('',#1075,.T.);
#687=FACE_OUTER_BOUND('',#1076,.T.);
#688=FACE_OUTER_BOUND('',#1077,.T.);
#689=FACE_OUTER_BOUND('',#1078,.T.);
#690=FACE_OUTER_BOUND('',#1079,.T.);
#691=FACE_OUTER_BOUND('',#1080,.T.);
#692=FACE_OUTER_BOUND('',#1081,.T.);
#693=FACE_OUTER_BOUND('',#1082,.T.);
#694=FACE_OUTER_BOUND('',#1083,.T.);
#695=FACE_OUTER_BOUND('',#1084,.T.);
#696=FACE_OUTER_BOUND('',#1085,.T.);
#697=FACE_OUTER_BOUND('',#1086,.T.);
#698=FACE_OUTER_BOUND('',#1088,.T.);
#699=FACE_OUTER_BOUND('',#1089,.T.);
#700=FACE_OUTER_BOUND('',#1090,.T.);
#701=FACE_OUTER_BOUND('',#1091,.T.);
#702=FACE_OUTER_BOUND('',#1093,.T.);
#703=FACE_OUTER_BOUND('',#1096,.T.);
#704=FACE_OUTER_BOUND('',#1097,.T.);
#705=FACE_OUTER_BOUND('',#1098,.T.);
#706=FACE_OUTER_BOUND('',#1100,.T.);
#707=FACE_OUTER_BOUND('',#1101,.T.);
#708=FACE_OUTER_BOUND('',#1102,.T.);
#709=FACE_OUTER_BOUND('',#1103,.T.);
#710=FACE_OUTER_BOUND('',#1104,.T.);
#711=FACE_OUTER_BOUND('',#1106,.T.);
#712=FACE_OUTER_BOUND('',#1107,.T.);
#713=FACE_OUTER_BOUND('',#1108,.T.);
#714=FACE_OUTER_BOUND('',#1109,.T.);
#715=FACE_OUTER_BOUND('',#1111,.T.);
#716=FACE_OUTER_BOUND('',#1114,.T.);
#717=FACE_OUTER_BOUND('',#1115,.T.);
#718=FACE_OUTER_BOUND('',#1116,.T.);
#719=FACE_OUTER_BOUND('',#1118,.T.);
#720=EDGE_LOOP('',(#3748,#3749,#3750,#3751));
#721=EDGE_LOOP('',(#3752,#3753,#3754,#3755));
#722=EDGE_LOOP('',(#3756,#3757,#3758,#3759));
#723=EDGE_LOOP('',(#3760,#3761,#3762,#3763));
#724=EDGE_LOOP('',(#3764,#3765,#3766,#3767));
#725=EDGE_LOOP('',(#3768,#3769,#3770,#3771));
#726=EDGE_LOOP('',(#3772,#3773,#3774,#3775));
#727=EDGE_LOOP('',(#3776,#3777,#3778,#3779));
#728=EDGE_LOOP('',(#3780,#3781,#3782,#3783));
#729=EDGE_LOOP('',(#3784,#3785,#3786,#3787));
#730=EDGE_LOOP('',(#3788,#3789,#3790,#3791));
#731=EDGE_LOOP('',(#3792,#3793,#3794,#3795));
#732=EDGE_LOOP('',(#3796,#3797,#3798,#3799));
#733=EDGE_LOOP('',(#3800,#3801,#3802,#3803));
#734=EDGE_LOOP('',(#3804,#3805,#3806,#3807));
#735=EDGE_LOOP('',(#3808,#3809,#3810,#3811));
#736=EDGE_LOOP('',(#3812,#3813,#3814,#3815));
#737=EDGE_LOOP('',(#3816,#3817,#3818,#3819));
#738=EDGE_LOOP('',(#3820,#3821,#3822,#3823));
#739=EDGE_LOOP('',(#3824,#3825,#3826,#3827));
#740=EDGE_LOOP('',(#3828,#3829,#3830,#3831));
#741=EDGE_LOOP('',(#3832,#3833,#3834));
#742=EDGE_LOOP('',(#3835,#3836,#3837,#3838,#3839,#3840));
#743=EDGE_LOOP('',(#3841,#3842,#3843,#3844));
#744=EDGE_LOOP('',(#3845,#3846,#3847));
#745=EDGE_LOOP('',(#3848,#3849,#3850,#3851,#3852,#3853));
#746=EDGE_LOOP('',(#3854,#3855,#3856,#3857));
#747=EDGE_LOOP('',(#3858,#3859,#3860));
#748=EDGE_LOOP('',(#3861,#3862,#3863,#3864,#3865,#3866));
#749=EDGE_LOOP('',(#3867,#3868,#3869,#3870,#3871,#3872));
#750=EDGE_LOOP('',(#3873,#3874,#3875,#3876));
#751=EDGE_LOOP('',(#3877,#3878,#3879));
#752=EDGE_LOOP('',(#3880,#3881,#3882,#3883,#3884,#3885));
#753=EDGE_LOOP('',(#3886,#3887,#3888,#3889));
#754=EDGE_LOOP('',(#3890,#3891,#3892));
#755=EDGE_LOOP('',(#3893,#3894,#3895,#3896,#3897,#3898));
#756=EDGE_LOOP('',(#3899,#3900,#3901,#3902,#3903,#3904));
#757=EDGE_LOOP('',(#3905,#3906,#3907,#3908));
#758=EDGE_LOOP('',(#3909,#3910,#3911));
#759=EDGE_LOOP('',(#3912,#3913,#3914,#3915,#3916,#3917));
#760=EDGE_LOOP('',(#3918,#3919,#3920,#3921));
#761=EDGE_LOOP('',(#3922,#3923,#3924));
#762=EDGE_LOOP('',(#3925,#3926,#3927,#3928,#3929,#3930));
#763=EDGE_LOOP('',(#3931,#3932,#3933,#3934,#3935,#3936));
#764=EDGE_LOOP('',(#3937,#3938,#3939,#3940));
#765=EDGE_LOOP('',(#3941,#3942,#3943,#3944,#3945,#3946));
#766=EDGE_LOOP('',(#3947,#3948,#3949,#3950));
#767=EDGE_LOOP('',(#3951,#3952,#3953));
#768=EDGE_LOOP('',(#3954,#3955,#3956,#3957,#3958,#3959));
#769=EDGE_LOOP('',(#3960,#3961,#3962,#3963));
#770=EDGE_LOOP('',(#3964,#3965,#3966,#3967,#3968,#3969,#3970,#3971,#3972));
#771=EDGE_LOOP('',(#3973,#3974,#3975,#3976,#3977,#3978,#3979,#3980,#3981,
#3982));
#772=EDGE_LOOP('',(#3983,#3984,#3985,#3986,#3987,#3988,#3989,#3990));
#773=EDGE_LOOP('',(#3991,#3992,#3993,#3994,#3995,#3996,#3997,#3998));
#774=EDGE_LOOP('',(#3999,#4000,#4001,#4002,#4003,#4004,#4005,#4006));
#775=EDGE_LOOP('',(#4007,#4008,#4009,#4010,#4011,#4012,#4013,#4014));
#776=EDGE_LOOP('',(#4015,#4016,#4017,#4018));
#777=EDGE_LOOP('',(#4019,#4020,#4021,#4022));
#778=EDGE_LOOP('',(#4023,#4024,#4025,#4026));
#779=EDGE_LOOP('',(#4027,#4028,#4029,#4030));
#780=EDGE_LOOP('',(#4031,#4032,#4033,#4034,#4035));
#781=EDGE_LOOP('',(#4036,#4037,#4038,#4039));
#782=EDGE_LOOP('',(#4040,#4041,#4042,#4043));
#783=EDGE_LOOP('',(#4044,#4045,#4046,#4047));
#784=EDGE_LOOP('',(#4048,#4049,#4050,#4051));
#785=EDGE_LOOP('',(#4052,#4053,#4054,#4055));
#786=EDGE_LOOP('',(#4056,#4057,#4058,#4059));
#787=EDGE_LOOP('',(#4060,#4061,#4062,#4063));
#788=EDGE_LOOP('',(#4064,#4065,#4066,#4067));
#789=EDGE_LOOP('',(#4068,#4069,#4070,#4071));
#790=EDGE_LOOP('',(#4072,#4073,#4074,#4075));
#791=EDGE_LOOP('',(#4076,#4077,#4078,#4079));
#792=EDGE_LOOP('',(#4080,#4081,#4082,#4083));
#793=EDGE_LOOP('',(#4084,#4085,#4086,#4087));
#794=EDGE_LOOP('',(#4088,#4089,#4090,#4091));
#795=EDGE_LOOP('',(#4092,#4093,#4094,#4095,#4096,#4097,#4098,#4099,#4100,
#4101,#4102));
#796=EDGE_LOOP('',(#4103,#4104,#4105,#4106,#4107,#4108,#4109,#4110));
#797=EDGE_LOOP('',(#4111,#4112,#4113,#4114,#4115,#4116,#4117));
#798=EDGE_LOOP('',(#4118,#4119,#4120,#4121,#4122,#4123,#4124,#4125));
#799=EDGE_LOOP('',(#4126,#4127,#4128,#4129,#4130,#4131,#4132));
#800=EDGE_LOOP('',(#4133,#4134,#4135,#4136));
#801=EDGE_LOOP('',(#4137,#4138,#4139,#4140));
#802=EDGE_LOOP('',(#4141,#4142,#4143,#4144,#4145,#4146));
#803=EDGE_LOOP('',(#4147,#4148,#4149,#4150));
#804=EDGE_LOOP('',(#4151,#4152,#4153,#4154));
#805=EDGE_LOOP('',(#4155,#4156,#4157,#4158,#4159,#4160,#4161,#4162));
#806=EDGE_LOOP('',(#4163,#4164,#4165,#4166));
#807=EDGE_LOOP('',(#4167,#4168,#4169,#4170));
#808=EDGE_LOOP('',(#4171,#4172,#4173,#4174));
#809=EDGE_LOOP('',(#4175,#4176,#4177,#4178));
#810=EDGE_LOOP('',(#4179,#4180,#4181,#4182));
#811=EDGE_LOOP('',(#4183,#4184,#4185,#4186));
#812=EDGE_LOOP('',(#4187,#4188,#4189,#4190));
#813=EDGE_LOOP('',(#4191,#4192,#4193,#4194));
#814=EDGE_LOOP('',(#4195,#4196,#4197,#4198));
#815=EDGE_LOOP('',(#4199,#4200,#4201,#4202));
#816=EDGE_LOOP('',(#4203,#4204,#4205,#4206));
#817=EDGE_LOOP('',(#4207,#4208,#4209,#4210));
#818=EDGE_LOOP('',(#4211,#4212,#4213,#4214));
#819=EDGE_LOOP('',(#4215,#4216,#4217,#4218));
#820=EDGE_LOOP('',(#4219,#4220,#4221,#4222));
#821=EDGE_LOOP('',(#4223,#4224,#4225,#4226));
#822=EDGE_LOOP('',(#4227,#4228,#4229,#4230));
#823=EDGE_LOOP('',(#4231,#4232,#4233,#4234));
#824=EDGE_LOOP('',(#4235,#4236,#4237,#4238));
#825=EDGE_LOOP('',(#4239,#4240,#4241,#4242));
#826=EDGE_LOOP('',(#4243,#4244,#4245,#4246));
#827=EDGE_LOOP('',(#4247,#4248,#4249,#4250));
#828=EDGE_LOOP('',(#4251));
#829=EDGE_LOOP('',(#4252));
#830=EDGE_LOOP('',(#4253,#4254,#4255,#4256));
#831=EDGE_LOOP('',(#4257,#4258,#4259,#4260));
#832=EDGE_LOOP('',(#4261,#4262,#4263,#4264));
#833=EDGE_LOOP('',(#4265,#4266,#4267,#4268));
#834=EDGE_LOOP('',(#4269,#4270,#4271,#4272));
#835=EDGE_LOOP('',(#4273));
#836=EDGE_LOOP('',(#4274));
#837=EDGE_LOOP('',(#4275,#4276,#4277,#4278));
#838=EDGE_LOOP('',(#4279,#4280,#4281,#4282));
#839=EDGE_LOOP('',(#4283));
#840=EDGE_LOOP('',(#4284));
#841=EDGE_LOOP('',(#4285));
#842=EDGE_LOOP('',(#4286,#4287,#4288,#4289,#4290,#4291,#4292));
#843=EDGE_LOOP('',(#4293));
#844=EDGE_LOOP('',(#4294,#4295,#4296,#4297));
#845=EDGE_LOOP('',(#4298,#4299,#4300,#4301));
#846=EDGE_LOOP('',(#4302,#4303,#4304,#4305));
#847=EDGE_LOOP('',(#4306,#4307,#4308,#4309));
#848=EDGE_LOOP('',(#4310,#4311,#4312,#4313));
#849=EDGE_LOOP('',(#4314,#4315,#4316,#4317));
#850=EDGE_LOOP('',(#4318,#4319,#4320,#4321));
#851=EDGE_LOOP('',(#4322,#4323,#4324,#4325,#4326,#4327,#4328,#4329));
#852=EDGE_LOOP('',(#4330,#4331,#4332,#4333,#4334,#4335,#4336,#4337));
#853=EDGE_LOOP('',(#4338,#4339,#4340,#4341));
#854=EDGE_LOOP('',(#4342,#4343,#4344,#4345));
#855=EDGE_LOOP('',(#4346,#4347,#4348,#4349));
#856=EDGE_LOOP('',(#4350,#4351,#4352,#4353));
#857=EDGE_LOOP('',(#4354,#4355,#4356,#4357));
#858=EDGE_LOOP('',(#4358,#4359,#4360,#4361));
#859=EDGE_LOOP('',(#4362,#4363,#4364,#4365));
#860=EDGE_LOOP('',(#4366,#4367,#4368,#4369,#4370,#4371,#4372,#4373));
#861=EDGE_LOOP('',(#4374,#4375,#4376,#4377,#4378,#4379,#4380,#4381));
#862=EDGE_LOOP('',(#4382,#4383,#4384,#4385));
#863=EDGE_LOOP('',(#4386,#4387,#4388,#4389));
#864=EDGE_LOOP('',(#4390,#4391,#4392,#4393));
#865=EDGE_LOOP('',(#4394,#4395,#4396,#4397));
#866=EDGE_LOOP('',(#4398,#4399,#4400,#4401));
#867=EDGE_LOOP('',(#4402,#4403,#4404,#4405));
#868=EDGE_LOOP('',(#4406,#4407,#4408,#4409));
#869=EDGE_LOOP('',(#4410,#4411,#4412,#4413,#4414,#4415,#4416,#4417));
#870=EDGE_LOOP('',(#4418,#4419,#4420,#4421,#4422,#4423,#4424,#4425));
#871=EDGE_LOOP('',(#4426,#4427,#4428,#4429));
#872=EDGE_LOOP('',(#4430,#4431,#4432,#4433));
#873=EDGE_LOOP('',(#4434,#4435,#4436,#4437));
#874=EDGE_LOOP('',(#4438,#4439,#4440,#4441));
#875=EDGE_LOOP('',(#4442,#4443,#4444,#4445));
#876=EDGE_LOOP('',(#4446,#4447,#4448,#4449));
#877=EDGE_LOOP('',(#4450,#4451,#4452,#4453));
#878=EDGE_LOOP('',(#4454,#4455,#4456,#4457,#4458,#4459,#4460,#4461));
#879=EDGE_LOOP('',(#4462,#4463,#4464,#4465,#4466,#4467,#4468,#4469));
#880=EDGE_LOOP('',(#4470,#4471,#4472,#4473));
#881=EDGE_LOOP('',(#4474,#4475,#4476,#4477));
#882=EDGE_LOOP('',(#4478,#4479,#4480,#4481));
#883=EDGE_LOOP('',(#4482,#4483,#4484,#4485));
#884=EDGE_LOOP('',(#4486,#4487,#4488,#4489));
#885=EDGE_LOOP('',(#4490,#4491,#4492,#4493));
#886=EDGE_LOOP('',(#4494,#4495,#4496,#4497));
#887=EDGE_LOOP('',(#4498,#4499,#4500,#4501));
#888=EDGE_LOOP('',(#4502,#4503,#4504,#4505));
#889=EDGE_LOOP('',(#4506,#4507,#4508,#4509));
#890=EDGE_LOOP('',(#4510,#4511,#4512,#4513));
#891=EDGE_LOOP('',(#4514,#4515,#4516,#4517));
#892=EDGE_LOOP('',(#4518,#4519,#4520,#4521));
#893=EDGE_LOOP('',(#4522,#4523,#4524,#4525));
#894=EDGE_LOOP('',(#4526,#4527,#4528,#4529));
#895=EDGE_LOOP('',(#4530,#4531,#4532,#4533));
#896=EDGE_LOOP('',(#4534,#4535,#4536,#4537));
#897=EDGE_LOOP('',(#4538,#4539,#4540,#4541));
#898=EDGE_LOOP('',(#4542));
#899=EDGE_LOOP('',(#4543,#4544,#4545,#4546));
#900=EDGE_LOOP('',(#4547));
#901=EDGE_LOOP('',(#4548,#4549,#4550,#4551));
#902=EDGE_LOOP('',(#4552,#4553,#4554,#4555));
#903=EDGE_LOOP('',(#4556,#4557,#4558,#4559));
#904=EDGE_LOOP('',(#4560,#4561,#4562,#4563));
#905=EDGE_LOOP('',(#4564,#4565,#4566,#4567));
#906=EDGE_LOOP('',(#4568,#4569,#4570,#4571));
#907=EDGE_LOOP('',(#4572,#4573,#4574,#4575));
#908=EDGE_LOOP('',(#4576,#4577,#4578,#4579));
#909=EDGE_LOOP('',(#4580));
#910=EDGE_LOOP('',(#4581,#4582,#4583,#4584));
#911=EDGE_LOOP('',(#4585));
#912=EDGE_LOOP('',(#4586,#4587,#4588,#4589));
#913=EDGE_LOOP('',(#4590,#4591,#4592,#4593));
#914=EDGE_LOOP('',(#4594,#4595,#4596,#4597));
#915=EDGE_LOOP('',(#4598,#4599,#4600,#4601));
#916=EDGE_LOOP('',(#4602,#4603,#4604,#4605));
#917=EDGE_LOOP('',(#4606,#4607,#4608,#4609));
#918=EDGE_LOOP('',(#4610,#4611,#4612,#4613));
#919=EDGE_LOOP('',(#4614,#4615,#4616,#4617));
#920=EDGE_LOOP('',(#4618,#4619,#4620,#4621));
#921=EDGE_LOOP('',(#4622,#4623,#4624,#4625));
#922=EDGE_LOOP('',(#4626));
#923=EDGE_LOOP('',(#4627,#4628,#4629,#4630));
#924=EDGE_LOOP('',(#4631));
#925=EDGE_LOOP('',(#4632,#4633,#4634,#4635));
#926=EDGE_LOOP('',(#4636,#4637,#4638,#4639));
#927=EDGE_LOOP('',(#4640,#4641,#4642,#4643));
#928=EDGE_LOOP('',(#4644,#4645,#4646,#4647));
#929=EDGE_LOOP('',(#4648,#4649,#4650,#4651));
#930=EDGE_LOOP('',(#4652,#4653,#4654,#4655));
#931=EDGE_LOOP('',(#4656,#4657,#4658,#4659));
#932=EDGE_LOOP('',(#4660,#4661));
#933=EDGE_LOOP('',(#4662,#4663,#4664,#4665));
#934=EDGE_LOOP('',(#4666,#4667,#4668,#4669,#4670,#4671,#4672,#4673,#4674));
#935=EDGE_LOOP('',(#4675,#4676,#4677,#4678));
#936=EDGE_LOOP('',(#4679,#4680,#4681,#4682));
#937=EDGE_LOOP('',(#4683,#4684,#4685,#4686));
#938=EDGE_LOOP('',(#4687,#4688,#4689,#4690));
#939=EDGE_LOOP('',(#4691,#4692,#4693,#4694));
#940=EDGE_LOOP('',(#4695,#4696,#4697,#4698));
#941=EDGE_LOOP('',(#4699,#4700,#4701,#4702));
#942=EDGE_LOOP('',(#4703,#4704,#4705,#4706));
#943=EDGE_LOOP('',(#4707,#4708,#4709,#4710));
#944=EDGE_LOOP('',(#4711,#4712,#4713,#4714));
#945=EDGE_LOOP('',(#4715,#4716,#4717,#4718));
#946=EDGE_LOOP('',(#4719,#4720,#4721,#4722));
#947=EDGE_LOOP('',(#4723));
#948=EDGE_LOOP('',(#4724,#4725,#4726,#4727));
#949=EDGE_LOOP('',(#4728));
#950=EDGE_LOOP('',(#4729,#4730,#4731,#4732));
#951=EDGE_LOOP('',(#4733,#4734,#4735,#4736));
#952=EDGE_LOOP('',(#4737,#4738,#4739,#4740));
#953=EDGE_LOOP('',(#4741,#4742,#4743,#4744));
#954=EDGE_LOOP('',(#4745,#4746,#4747,#4748));
#955=EDGE_LOOP('',(#4749,#4750,#4751,#4752));
#956=EDGE_LOOP('',(#4753,#4754,#4755,#4756));
#957=EDGE_LOOP('',(#4757,#4758));
#958=EDGE_LOOP('',(#4759,#4760,#4761,#4762));
#959=EDGE_LOOP('',(#4763,#4764,#4765,#4766,#4767,#4768,#4769,#4770,#4771));
#960=EDGE_LOOP('',(#4772,#4773,#4774,#4775));
#961=EDGE_LOOP('',(#4776,#4777,#4778,#4779));
#962=EDGE_LOOP('',(#4780,#4781,#4782));
#963=EDGE_LOOP('',(#4783,#4784,#4785));
#964=EDGE_LOOP('',(#4786));
#965=EDGE_LOOP('',(#4787));
#966=EDGE_LOOP('',(#4788));
#967=EDGE_LOOP('',(#4789));
#968=EDGE_LOOP('',(#4790,#4791,#4792,#4793));
#969=EDGE_LOOP('',(#4794,#4795));
#970=EDGE_LOOP('',(#4796,#4797));
#971=EDGE_LOOP('',(#4798,#4799,#4800,#4801,#4802,#4803,#4804,#4805));
#972=EDGE_LOOP('',(#4806,#4807));
#973=EDGE_LOOP('',(#4808,#4809));
#974=EDGE_LOOP('',(#4810,#4811));
#975=EDGE_LOOP('',(#4812,#4813));
#976=EDGE_LOOP('',(#4814,#4815,#4816,#4817,#4818,#4819,#4820,#4821,#4822,
#4823,#4824,#4825,#4826,#4827,#4828,#4829,#4830));
#977=EDGE_LOOP('',(#4831,#4832,#4833,#4834));
#978=EDGE_LOOP('',(#4835));
#979=EDGE_LOOP('',(#4836,#4837,#4838,#4839));
#980=EDGE_LOOP('',(#4840,#4841,#4842,#4843));
#981=EDGE_LOOP('',(#4844,#4845,#4846,#4847));
#982=EDGE_LOOP('',(#4848,#4849,#4850,#4851));
#983=EDGE_LOOP('',(#4852,#4853,#4854,#4855));
#984=EDGE_LOOP('',(#4856,#4857,#4858,#4859));
#985=EDGE_LOOP('',(#4860,#4861,#4862,#4863));
#986=EDGE_LOOP('',(#4864,#4865,#4866,#4867));
#987=EDGE_LOOP('',(#4868,#4869,#4870,#4871));
#988=EDGE_LOOP('',(#4872,#4873,#4874,#4875));
#989=EDGE_LOOP('',(#4876,#4877,#4878,#4879,#4880,#4881,#4882,#4883,#4884,
#4885,#4886,#4887,#4888,#4889,#4890,#4891,#4892,#4893,#4894,#4895,#4896,
#4897,#4898));
#990=EDGE_LOOP('',(#4899,#4900,#4901,#4902));
#991=EDGE_LOOP('',(#4903,#4904,#4905,#4906));
#992=EDGE_LOOP('',(#4907,#4908,#4909,#4910));
#993=EDGE_LOOP('',(#4911,#4912,#4913,#4914));
#994=EDGE_LOOP('',(#4915,#4916,#4917,#4918));
#995=EDGE_LOOP('',(#4919,#4920,#4921,#4922));
#996=EDGE_LOOP('',(#4923,#4924,#4925,#4926));
#997=EDGE_LOOP('',(#4927,#4928,#4929,#4930));
#998=EDGE_LOOP('',(#4931,#4932,#4933,#4934));
#999=EDGE_LOOP('',(#4935,#4936,#4937,#4938));
#1000=EDGE_LOOP('',(#4939,#4940,#4941,#4942));
#1001=EDGE_LOOP('',(#4943,#4944,#4945,#4946));
#1002=EDGE_LOOP('',(#4947,#4948,#4949,#4950,#4951,#4952,#4953,#4954));
#1003=EDGE_LOOP('',(#4955,#4956,#4957,#4958));
#1004=EDGE_LOOP('',(#4959,#4960,#4961,#4962));
#1005=EDGE_LOOP('',(#4963,#4964,#4965,#4966));
#1006=EDGE_LOOP('',(#4967,#4968,#4969,#4970));
#1007=EDGE_LOOP('',(#4971,#4972,#4973,#4974));
#1008=EDGE_LOOP('',(#4975,#4976,#4977,#4978));
#1009=EDGE_LOOP('',(#4979,#4980,#4981,#4982));
#1010=EDGE_LOOP('',(#4983,#4984,#4985,#4986));
#1011=EDGE_LOOP('',(#4987,#4988,#4989,#4990));
#1012=EDGE_LOOP('',(#4991,#4992,#4993,#4994));
#1013=EDGE_LOOP('',(#4995,#4996,#4997));
#1014=EDGE_LOOP('',(#4998,#4999));
#1015=EDGE_LOOP('',(#5000,#5001,#5002,#5003,#5004,#5005,#5006,#5007,#5008,
#5009));
#1016=EDGE_LOOP('',(#5010,#5011,#5012,#5013,#5014,#5015,#5016,#5017,#5018,
#5019));
#1017=EDGE_LOOP('',(#5020,#5021,#5022,#5023));
#1018=EDGE_LOOP('',(#5024,#5025,#5026,#5027));
#1019=EDGE_LOOP('',(#5028,#5029,#5030,#5031));
#1020=EDGE_LOOP('',(#5032,#5033,#5034,#5035));
#1021=EDGE_LOOP('',(#5036,#5037,#5038,#5039));
#1022=EDGE_LOOP('',(#5040,#5041,#5042,#5043));
#1023=EDGE_LOOP('',(#5044,#5045,#5046,#5047));
#1024=EDGE_LOOP('',(#5048,#5049,#5050,#5051));
#1025=EDGE_LOOP('',(#5052));
#1026=EDGE_LOOP('',(#5053,#5054,#5055,#5056,#5057));
#1027=EDGE_LOOP('',(#5058,#5059,#5060,#5061,#5062,#5063));
#1028=EDGE_LOOP('',(#5064));
#1029=EDGE_LOOP('',(#5065,#5066,#5067,#5068,#5069));
#1030=EDGE_LOOP('',(#5070,#5071,#5072,#5073,#5074,#5075));
#1031=EDGE_LOOP('',(#5076));
#1032=EDGE_LOOP('',(#5077,#5078,#5079,#5080,#5081));
#1033=EDGE_LOOP('',(#5082,#5083,#5084,#5085,#5086,#5087));
#1034=EDGE_LOOP('',(#5088));
#1035=EDGE_LOOP('',(#5089,#5090,#5091,#5092,#5093));
#1036=EDGE_LOOP('',(#5094,#5095,#5096,#5097,#5098,#5099));
#1037=EDGE_LOOP('',(#5100,#5101,#5102,#5103));
#1038=EDGE_LOOP('',(#5104,#5105,#5106,#5107));
#1039=EDGE_LOOP('',(#5108,#5109,#5110,#5111));
#1040=EDGE_LOOP('',(#5112,#5113,#5114,#5115));
#1041=EDGE_LOOP('',(#5116,#5117,#5118,#5119));
#1042=EDGE_LOOP('',(#5120,#5121,#5122,#5123));
#1043=EDGE_LOOP('',(#5124,#5125,#5126,#5127));
#1044=EDGE_LOOP('',(#5128,#5129,#5130));
#1045=EDGE_LOOP('',(#5131,#5132));
#1046=EDGE_LOOP('',(#5133,#5134));
#1047=EDGE_LOOP('',(#5135));
#1048=EDGE_LOOP('',(#5136,#5137,#5138));
#1049=EDGE_LOOP('',(#5139,#5140));
#1050=EDGE_LOOP('',(#5141));
#1051=EDGE_LOOP('',(#5142,#5143,#5144,#5145,#5146,#5147,#5148,#5149,#5150,
#5151,#5152,#5153,#5154,#5155,#5156,#5157,#5158,#5159,#5160,#5161,#5162,
#5163,#5164));
#1052=EDGE_LOOP('',(#5165,#5166,#5167,#5168));
#1053=EDGE_LOOP('',(#5169,#5170));
#1054=EDGE_LOOP('',(#5171,#5172,#5173,#5174));
#1055=EDGE_LOOP('',(#5175,#5176,#5177,#5178));
#1056=EDGE_LOOP('',(#5179,#5180,#5181,#5182,#5183));
#1057=EDGE_LOOP('',(#5184,#5185,#5186,#5187));
#1058=EDGE_LOOP('',(#5188,#5189,#5190,#5191,#5192));
#1059=EDGE_LOOP('',(#5193,#5194,#5195,#5196));
#1060=EDGE_LOOP('',(#5197,#5198,#5199,#5200));
#1061=EDGE_LOOP('',(#5201,#5202,#5203,#5204));
#1062=EDGE_LOOP('',(#5205,#5206,#5207,#5208));
#1063=EDGE_LOOP('',(#5209,#5210,#5211,#5212));
#1064=EDGE_LOOP('',(#5213,#5214,#5215,#5216,#5217));
#1065=EDGE_LOOP('',(#5218,#5219,#5220,#5221,#5222));
#1066=EDGE_LOOP('',(#5223,#5224,#5225,#5226));
#1067=EDGE_LOOP('',(#5227,#5228,#5229,#5230));
#1068=EDGE_LOOP('',(#5231,#5232,#5233,#5234));
#1069=EDGE_LOOP('',(#5235,#5236,#5237,#5238,#5239,#5240,#5241,#5242));
#1070=EDGE_LOOP('',(#5243,#5244,#5245,#5246));
#1071=EDGE_LOOP('',(#5247,#5248,#5249,#5250,#5251,#5252));
#1072=EDGE_LOOP('',(#5253,#5254,#5255,#5256,#5257,#5258,#5259,#5260,#5261,
#5262,#5263,#5264,#5265,#5266,#5267));
#1073=EDGE_LOOP('',(#5268,#5269,#5270,#5271));
#1074=EDGE_LOOP('',(#5272,#5273,#5274,#5275));
#1075=EDGE_LOOP('',(#5276,#5277,#5278,#5279));
#1076=EDGE_LOOP('',(#5280,#5281,#5282,#5283,#5284));
#1077=EDGE_LOOP('',(#5285,#5286,#5287,#5288,#5289));
#1078=EDGE_LOOP('',(#5290,#5291,#5292,#5293));
#1079=EDGE_LOOP('',(#5294,#5295,#5296,#5297));
#1080=EDGE_LOOP('',(#5298,#5299,#5300,#5301,#5302));
#1081=EDGE_LOOP('',(#5303,#5304,#5305,#5306));
#1082=EDGE_LOOP('',(#5307,#5308,#5309,#5310,#5311));
#1083=EDGE_LOOP('',(#5312,#5313,#5314,#5315));
#1084=EDGE_LOOP('',(#5316,#5317,#5318,#5319));
#1085=EDGE_LOOP('',(#5320));
#1086=EDGE_LOOP('',(#5321));
#1087=EDGE_LOOP('',(#5322));
#1088=EDGE_LOOP('',(#5323,#5324,#5325,#5326));
#1089=EDGE_LOOP('',(#5327,#5328,#5329,#5330));
#1090=EDGE_LOOP('',(#5331));
#1091=EDGE_LOOP('',(#5332));
#1092=EDGE_LOOP('',(#5333));
#1093=EDGE_LOOP('',(#5334));
#1094=EDGE_LOOP('',(#5335));
#1095=EDGE_LOOP('',(#5336));
#1096=EDGE_LOOP('',(#5337,#5338,#5339,#5340,#5341));
#1097=EDGE_LOOP('',(#5342,#5343,#5344,#5345,#5346));
#1098=EDGE_LOOP('',(#5347));
#1099=EDGE_LOOP('',(#5348));
#1100=EDGE_LOOP('',(#5349,#5350,#5351));
#1101=EDGE_LOOP('',(#5352,#5353,#5354,#5355));
#1102=EDGE_LOOP('',(#5356,#5357,#5358,#5359));
#1103=EDGE_LOOP('',(#5360));
#1104=EDGE_LOOP('',(#5361));
#1105=EDGE_LOOP('',(#5362));
#1106=EDGE_LOOP('',(#5363,#5364,#5365,#5366));
#1107=EDGE_LOOP('',(#5367,#5368,#5369,#5370));
#1108=EDGE_LOOP('',(#5371));
#1109=EDGE_LOOP('',(#5372));
#1110=EDGE_LOOP('',(#5373));
#1111=EDGE_LOOP('',(#5374));
#1112=EDGE_LOOP('',(#5375));
#1113=EDGE_LOOP('',(#5376));
#1114=EDGE_LOOP('',(#5377,#5378,#5379,#5380,#5381));
#1115=EDGE_LOOP('',(#5382,#5383,#5384,#5385,#5386));
#1116=EDGE_LOOP('',(#5387));
#1117=EDGE_LOOP('',(#5388));
#1118=EDGE_LOOP('',(#5389,#5390,#5391));
#1119=LINE('',#8084,#1746);
#1120=LINE('',#8086,#1747);
#1121=LINE('',#8088,#1748);
#1122=LINE('',#8089,#1749);
#1123=LINE('',#8092,#1750);
#1124=LINE('',#8094,#1751);
#1125=LINE('',#8095,#1752);
#1126=LINE('',#8098,#1753);
#1127=LINE('',#8100,#1754);
#1128=LINE('',#8101,#1755);
#1129=LINE('',#8103,#1756);
#1130=LINE('',#8105,#1757);
#1131=LINE('',#8109,#1758);
#1132=LINE('',#8111,#1759);
#1133=LINE('',#8113,#1760);
#1134=LINE('',#8114,#1761);
#1135=LINE('',#8117,#1762);
#1136=LINE('',#8119,#1763);
#1137=LINE('',#8120,#1764);
#1138=LINE('',#8123,#1765);
#1139=LINE('',#8125,#1766);
#1140=LINE('',#8126,#1767);
#1141=LINE('',#8128,#1768);
#1142=LINE('',#8130,#1769);
#1143=LINE('',#8134,#1770);
#1144=LINE('',#8136,#1771);
#1145=LINE('',#8138,#1772);
#1146=LINE('',#8139,#1773);
#1147=LINE('',#8142,#1774);
#1148=LINE('',#8144,#1775);
#1149=LINE('',#8145,#1776);
#1150=LINE('',#8148,#1777);
#1151=LINE('',#8150,#1778);
#1152=LINE('',#8151,#1779);
#1153=LINE('',#8153,#1780);
#1154=LINE('',#8155,#1781);
#1155=LINE('',#8159,#1782);
#1156=LINE('',#8161,#1783);
#1157=LINE('',#8163,#1784);
#1158=LINE('',#8164,#1785);
#1159=LINE('',#8167,#1786);
#1160=LINE('',#8169,#1787);
#1161=LINE('',#8170,#1788);
#1162=LINE('',#8173,#1789);
#1163=LINE('',#8175,#1790);
#1164=LINE('',#8176,#1791);
#1165=LINE('',#8178,#1792);
#1166=LINE('',#8180,#1793);
#1167=LINE('',#8184,#1794);
#1168=LINE('',#8186,#1795);
#1169=LINE('',#8188,#1796);
#1170=LINE('',#8189,#1797);
#1171=LINE('',#8192,#1798);
#1172=LINE('',#8193,#1799);
#1173=LINE('',#8196,#1800);
#1174=LINE('',#8198,#1801);
#1175=LINE('',#8200,#1802);
#1176=LINE('',#8201,#1803);
#1177=LINE('',#8205,#1804);
#1178=LINE('',#8207,#1805);
#1179=LINE('',#8209,#1806);
#1180=LINE('',#8210,#1807);
#1181=LINE('',#8213,#1808);
#1182=LINE('',#8214,#1809);
#1183=LINE('',#8217,#1810);
#1184=LINE('',#8218,#1811);
#1185=LINE('',#8219,#1812);
#1186=LINE('',#8223,#1813);
#1187=LINE('',#8225,#1814);
#1188=LINE('',#8227,#1815);
#1189=LINE('',#8228,#1816);
#1190=LINE('',#8231,#1817);
#1191=LINE('',#8232,#1818);
#1192=LINE('',#8235,#1819);
#1193=LINE('',#8237,#1820);
#1194=LINE('',#8239,#1821);
#1195=LINE('',#8240,#1822);
#1196=LINE('',#8243,#1823);
#1197=LINE('',#8245,#1824);
#1198=LINE('',#8247,#1825);
#1199=LINE('',#8248,#1826);
#1200=LINE('',#8251,#1827);
#1201=LINE('',#8253,#1828);
#1202=LINE('',#8254,#1829);
#1203=LINE('',#8257,#1830);
#1204=LINE('',#8258,#1831);
#1205=LINE('',#8261,#1832);
#1206=LINE('',#8263,#1833);
#1207=LINE('',#8264,#1834);
#1208=LINE('',#8268,#1835);
#1209=LINE('',#8270,#1836);
#1210=LINE('',#8272,#1837);
#1211=LINE('',#8273,#1838);
#1212=LINE('',#8276,#1839);
#1213=LINE('',#8277,#1840);
#1214=LINE('',#8280,#1841);
#1215=LINE('',#8282,#1842);
#1216=LINE('',#8284,#1843);
#1217=LINE('',#8285,#1844);
#1218=LINE('',#8288,#1845);
#1219=LINE('',#8290,#1846);
#1220=LINE('',#8292,#1847);
#1221=LINE('',#8293,#1848);
#1222=LINE('',#8296,#1849);
#1223=LINE('',#8298,#1850);
#1224=LINE('',#8299,#1851);
#1225=LINE('',#8302,#1852);
#1226=LINE('',#8303,#1853);
#1227=LINE('',#8306,#1854);
#1228=LINE('',#8308,#1855);
#1229=LINE('',#8309,#1856);
#1230=LINE('',#8313,#1857);
#1231=LINE('',#8315,#1858);
#1232=LINE('',#8317,#1859);
#1233=LINE('',#8318,#1860);
#1234=LINE('',#8321,#1861);
#1235=LINE('',#8322,#1862);
#1236=LINE('',#8325,#1863);
#1237=LINE('',#8327,#1864);
#1238=LINE('',#8329,#1865);
#1239=LINE('',#8330,#1866);
#1240=LINE('',#8333,#1867);
#1241=LINE('',#8335,#1868);
#1242=LINE('',#8337,#1869);
#1243=LINE('',#8338,#1870);
#1244=LINE('',#8342,#1871);
#1245=LINE('',#8344,#1872);
#1246=LINE('',#8346,#1873);
#1247=LINE('',#8347,#1874);
#1248=LINE('',#8351,#1875);
#1249=LINE('',#8353,#1876);
#1250=LINE('',#8355,#1877);
#1251=LINE('',#8357,#1878);
#1252=LINE('',#8359,#1879);
#1253=LINE('',#8360,#1880);
#1254=LINE('',#8363,#1881);
#1255=LINE('',#8365,#1882);
#1256=LINE('',#8366,#1883);
#1257=LINE('',#8369,#1884);
#1258=LINE('',#8370,#1885);
#1259=LINE('',#8373,#1886);
#1260=LINE('',#8375,#1887);
#1261=LINE('',#8376,#1888);
#1262=LINE('',#8380,#1889);
#1263=LINE('',#8382,#1890);
#1264=LINE('',#8384,#1891);
#1265=LINE('',#8385,#1892);
#1266=LINE('',#8387,#1893);
#1267=LINE('',#8389,#1894);
#1268=LINE('',#8391,#1895);
#1269=LINE('',#8393,#1896);
#1270=LINE('',#8394,#1897);
#1271=LINE('',#8395,#1898);
#1272=LINE('',#8398,#1899);
#1273=LINE('',#8400,#1900);
#1274=LINE('',#8401,#1901);
#1275=LINE('',#8403,#1902);
#1276=LINE('',#8405,#1903);
#1277=LINE('',#8407,#1904);
#1278=LINE('',#8409,#1905);
#1279=LINE('',#8410,#1906);
#1280=LINE('',#8412,#1907);
#1281=LINE('',#8413,#1908);
#1282=LINE('',#8414,#1909);
#1283=LINE('',#8415,#1910);
#1284=LINE('',#8416,#1911);
#1285=LINE('',#8419,#1912);
#1286=LINE('',#8421,#1913);
#1287=LINE('',#8422,#1914);
#1288=LINE('',#8426,#1915);
#1289=LINE('',#8427,#1916);
#1290=LINE('',#8428,#1917);
#1291=LINE('',#8432,#1918);
#1292=LINE('',#8434,#1919);
#1293=LINE('',#8435,#1920);
#1294=LINE('',#8436,#1921);
#1295=LINE('',#8438,#1922);
#1296=LINE('',#8441,#1923);
#1297=LINE('',#8446,#1924);
#1298=LINE('',#8448,#1925);
#1299=LINE('',#8450,#1926);
#1300=LINE('',#8451,#1927);
#1301=LINE('',#8456,#1928);
#1302=LINE('',#8460,#1929);
#1303=LINE('',#8462,#1930);
#1304=LINE('',#8463,#1931);
#1305=LINE('',#8468,#1932);
#1306=LINE('',#8472,#1933);
#1307=LINE('',#8474,#1934);
#1308=LINE('',#8475,#1935);
#1309=LINE('',#8480,#1936);
#1310=LINE('',#8484,#1937);
#1311=LINE('',#8486,#1938);
#1312=LINE('',#8487,#1939);
#1313=LINE('',#8494,#1940);
#1314=LINE('',#8495,#1941);
#1315=LINE('',#8496,#1942);
#1316=LINE('',#8498,#1943);
#1317=LINE('',#8500,#1944);
#1318=LINE('',#8502,#1945);
#1319=LINE('',#8506,#1946);
#1320=LINE('',#8507,#1947);
#1321=LINE('',#8509,#1948);
#1322=LINE('',#8513,#1949);
#1323=LINE('',#8514,#1950);
#1324=LINE('',#8518,#1951);
#1325=LINE('',#8520,#1952);
#1326=LINE('',#8522,#1953);
#1327=LINE('',#8523,#1954);
#1328=LINE('',#8526,#1955);
#1329=LINE('',#8528,#1956);
#1330=LINE('',#8529,#1957);
#1331=LINE('',#8532,#1958);
#1332=LINE('',#8534,#1959);
#1333=LINE('',#8535,#1960);
#1334=LINE('',#8537,#1961);
#1335=LINE('',#8538,#1962);
#1336=LINE('',#8543,#1963);
#1337=LINE('',#8545,#1964);
#1338=LINE('',#8547,#1965);
#1339=LINE('',#8548,#1966);
#1340=LINE('',#8551,#1967);
#1341=LINE('',#8553,#1968);
#1342=LINE('',#8554,#1969);
#1343=LINE('',#8557,#1970);
#1344=LINE('',#8559,#1971);
#1345=LINE('',#8560,#1972);
#1346=LINE('',#8562,#1973);
#1347=LINE('',#8563,#1974);
#1348=LINE('',#8568,#1975);
#1349=LINE('',#8570,#1976);
#1350=LINE('',#8572,#1977);
#1351=LINE('',#8573,#1978);
#1352=LINE('',#8576,#1979);
#1353=LINE('',#8578,#1980);
#1354=LINE('',#8579,#1981);
#1355=LINE('',#8582,#1982);
#1356=LINE('',#8584,#1983);
#1357=LINE('',#8585,#1984);
#1358=LINE('',#8587,#1985);
#1359=LINE('',#8588,#1986);
#1360=LINE('',#8593,#1987);
#1361=LINE('',#8595,#1988);
#1362=LINE('',#8597,#1989);
#1363=LINE('',#8598,#1990);
#1364=LINE('',#8601,#1991);
#1365=LINE('',#8603,#1992);
#1366=LINE('',#8604,#1993);
#1367=LINE('',#8607,#1994);
#1368=LINE('',#8609,#1995);
#1369=LINE('',#8610,#1996);
#1370=LINE('',#8612,#1997);
#1371=LINE('',#8613,#1998);
#1372=LINE('',#8619,#1999);
#1373=LINE('',#8625,#2000);
#1374=LINE('',#8635,#2001);
#1375=LINE('',#8640,#2002);
#1376=LINE('',#8648,#2003);
#1377=LINE('',#8650,#2004);
#1378=LINE('',#8652,#2005);
#1379=LINE('',#8653,#2006);
#1380=LINE('',#8657,#2007);
#1381=LINE('',#8659,#2008);
#1382=LINE('',#8661,#2009);
#1383=LINE('',#8662,#2010);
#1384=LINE('',#8665,#2011);
#1385=LINE('',#8667,#2012);
#1386=LINE('',#8668,#2013);
#1387=LINE('',#8671,#2014);
#1388=LINE('',#8673,#2015);
#1389=LINE('',#8674,#2016);
#1390=LINE('',#8677,#2017);
#1391=LINE('',#8679,#2018);
#1392=LINE('',#8680,#2019);
#1393=LINE('',#8683,#2020);
#1394=LINE('',#8685,#2021);
#1395=LINE('',#8686,#2022);
#1396=LINE('',#8688,#2023);
#1397=LINE('',#8689,#2024);
#1398=LINE('',#8691,#2025);
#1399=LINE('',#8693,#2026);
#1400=LINE('',#8697,#2027);
#1401=LINE('',#8699,#2028);
#1402=LINE('',#8701,#2029);
#1403=LINE('',#8702,#2030);
#1404=LINE('',#8706,#2031);
#1405=LINE('',#8708,#2032);
#1406=LINE('',#8710,#2033);
#1407=LINE('',#8711,#2034);
#1408=LINE('',#8714,#2035);
#1409=LINE('',#8716,#2036);
#1410=LINE('',#8717,#2037);
#1411=LINE('',#8720,#2038);
#1412=LINE('',#8722,#2039);
#1413=LINE('',#8723,#2040);
#1414=LINE('',#8726,#2041);
#1415=LINE('',#8728,#2042);
#1416=LINE('',#8729,#2043);
#1417=LINE('',#8732,#2044);
#1418=LINE('',#8734,#2045);
#1419=LINE('',#8735,#2046);
#1420=LINE('',#8737,#2047);
#1421=LINE('',#8738,#2048);
#1422=LINE('',#8740,#2049);
#1423=LINE('',#8742,#2050);
#1424=LINE('',#8746,#2051);
#1425=LINE('',#8748,#2052);
#1426=LINE('',#8750,#2053);
#1427=LINE('',#8751,#2054);
#1428=LINE('',#8755,#2055);
#1429=LINE('',#8757,#2056);
#1430=LINE('',#8759,#2057);
#1431=LINE('',#8760,#2058);
#1432=LINE('',#8763,#2059);
#1433=LINE('',#8765,#2060);
#1434=LINE('',#8766,#2061);
#1435=LINE('',#8769,#2062);
#1436=LINE('',#8771,#2063);
#1437=LINE('',#8772,#2064);
#1438=LINE('',#8775,#2065);
#1439=LINE('',#8777,#2066);
#1440=LINE('',#8778,#2067);
#1441=LINE('',#8781,#2068);
#1442=LINE('',#8783,#2069);
#1443=LINE('',#8784,#2070);
#1444=LINE('',#8786,#2071);
#1445=LINE('',#8787,#2072);
#1446=LINE('',#8789,#2073);
#1447=LINE('',#8791,#2074);
#1448=LINE('',#8795,#2075);
#1449=LINE('',#8797,#2076);
#1450=LINE('',#8799,#2077);
#1451=LINE('',#8800,#2078);
#1452=LINE('',#8804,#2079);
#1453=LINE('',#8806,#2080);
#1454=LINE('',#8808,#2081);
#1455=LINE('',#8809,#2082);
#1456=LINE('',#8812,#2083);
#1457=LINE('',#8814,#2084);
#1458=LINE('',#8815,#2085);
#1459=LINE('',#8818,#2086);
#1460=LINE('',#8820,#2087);
#1461=LINE('',#8821,#2088);
#1462=LINE('',#8824,#2089);
#1463=LINE('',#8826,#2090);
#1464=LINE('',#8827,#2091);
#1465=LINE('',#8830,#2092);
#1466=LINE('',#8832,#2093);
#1467=LINE('',#8833,#2094);
#1468=LINE('',#8835,#2095);
#1469=LINE('',#8836,#2096);
#1470=LINE('',#8838,#2097);
#1471=LINE('',#8840,#2098);
#1472=LINE('',#8844,#2099);
#1473=LINE('',#8846,#2100);
#1474=LINE('',#8848,#2101);
#1475=LINE('',#8849,#2102);
#1476=LINE('',#8852,#2103);
#1477=LINE('',#8854,#2104);
#1478=LINE('',#8855,#2105);
#1479=LINE('',#8858,#2106);
#1480=LINE('',#8860,#2107);
#1481=LINE('',#8861,#2108);
#1482=LINE('',#8863,#2109);
#1483=LINE('',#8864,#2110);
#1484=LINE('',#8868,#2111);
#1485=LINE('',#8870,#2112);
#1486=LINE('',#8872,#2113);
#1487=LINE('',#8873,#2114);
#1488=LINE('',#8876,#2115);
#1489=LINE('',#8878,#2116);
#1490=LINE('',#8879,#2117);
#1491=LINE('',#8882,#2118);
#1492=LINE('',#8884,#2119);
#1493=LINE('',#8885,#2120);
#1494=LINE('',#8887,#2121);
#1495=LINE('',#8888,#2122);
#1496=LINE('',#8895,#2123);
#1497=LINE('',#8917,#2124);
#1498=LINE('',#8920,#2125);
#1499=LINE('',#8923,#2126);
#1500=LINE('',#8926,#2127);
#1501=LINE('',#8929,#2128);
#1502=LINE('',#8934,#2129);
#1503=LINE('',#8937,#2130);
#1504=LINE('',#8945,#2131);
#1505=LINE('',#8967,#2132);
#1506=LINE('',#8970,#2133);
#1507=LINE('',#8973,#2134);
#1508=LINE('',#8976,#2135);
#1509=LINE('',#8979,#2136);
#1510=LINE('',#8984,#2137);
#1511=LINE('',#8987,#2138);
#1512=LINE('',#8996,#2139);
#1513=LINE('',#8999,#2140);
#1514=LINE('',#9004,#2141);
#1515=LINE('',#9009,#2142);
#1516=LINE('',#9013,#2143);
#1517=LINE('',#9019,#2144);
#1518=LINE('',#9036,#2145);
#1519=LINE('',#9039,#2146);
#1520=LINE('',#9043,#2147);
#1521=LINE('',#9046,#2148);
#1522=LINE('',#9053,#2149);
#1523=LINE('',#9062,#2150);
#1524=LINE('',#9104,#2151);
#1525=LINE('',#9111,#2152);
#1526=LINE('',#9121,#2153);
#1527=LINE('',#9124,#2154);
#1528=LINE('',#9129,#2155);
#1529=LINE('',#9134,#2156);
#1530=LINE('',#9138,#2157);
#1531=LINE('',#9144,#2158);
#1532=LINE('',#9161,#2159);
#1533=LINE('',#9164,#2160);
#1534=LINE('',#9168,#2161);
#1535=LINE('',#9171,#2162);
#1536=LINE('',#9178,#2163);
#1537=LINE('',#9187,#2164);
#1538=LINE('',#9240,#2165);
#1539=LINE('',#9256,#2166);
#1540=LINE('',#9282,#2167);
#1541=LINE('',#9447,#2168);
#1542=LINE('',#9451,#2169);
#1543=LINE('',#9455,#2170);
#1544=LINE('',#9459,#2171);
#1545=LINE('',#9463,#2172);
#1546=LINE('',#9469,#2173);
#1547=LINE('',#9473,#2174);
#1548=LINE('',#9478,#2175);
#1549=LINE('',#9482,#2176);
#1550=LINE('',#9484,#2177);
#1551=LINE('',#9486,#2178);
#1552=LINE('',#9487,#2179);
#1553=LINE('',#9490,#2180);
#1554=LINE('',#9492,#2181);
#1555=LINE('',#9494,#2182);
#1556=LINE('',#9495,#2183);
#1557=LINE('',#9499,#2184);
#1558=LINE('',#9500,#2185);
#1559=LINE('',#9501,#2186);
#1560=LINE('',#9504,#2187);
#1561=LINE('',#9505,#2188);
#1562=LINE('',#9508,#2189);
#1563=LINE('',#9509,#2190);
#1564=LINE('',#9511,#2191);
#1565=LINE('',#9515,#2192);
#1566=LINE('',#9516,#2193);
#1567=LINE('',#9517,#2194);
#1568=LINE('',#9520,#2195);
#1569=LINE('',#9521,#2196);
#1570=LINE('',#9524,#2197);
#1571=LINE('',#9525,#2198);
#1572=LINE('',#9527,#2199);
#1573=LINE('',#9529,#2200);
#1574=LINE('',#9531,#2201);
#1575=LINE('',#9533,#2202);
#1576=LINE('',#9535,#2203);
#1577=LINE('',#9537,#2204);
#1578=LINE('',#9539,#2205);
#1579=LINE('',#9541,#2206);
#1580=LINE('',#9543,#2207);
#1581=LINE('',#9545,#2208);
#1582=LINE('',#9547,#2209);
#1583=LINE('',#9548,#2210);
#1584=LINE('',#9550,#2211);
#1585=LINE('',#9552,#2212);
#1586=LINE('',#9554,#2213);
#1587=LINE('',#9556,#2214);
#1588=LINE('',#9558,#2215);
#1589=LINE('',#9560,#2216);
#1590=LINE('',#9562,#2217);
#1591=LINE('',#9564,#2218);
#1592=LINE('',#9565,#2219);
#1593=LINE('',#9568,#2220);
#1594=LINE('',#9569,#2221);
#1595=LINE('',#9572,#2222);
#1596=LINE('',#9573,#2223);
#1597=LINE('',#9576,#2224);
#1598=LINE('',#9577,#2225);
#1599=LINE('',#9580,#2226);
#1600=LINE('',#9581,#2227);
#1601=LINE('',#9584,#2228);
#1602=LINE('',#9585,#2229);
#1603=LINE('',#9588,#2230);
#1604=LINE('',#9589,#2231);
#1605=LINE('',#9592,#2232);
#1606=LINE('',#9593,#2233);
#1607=LINE('',#9596,#2234);
#1608=LINE('',#9597,#2235);
#1609=LINE('',#9599,#2236);
#1610=LINE('',#9601,#2237);
#1611=LINE('',#9602,#2238);
#1612=LINE('',#9605,#2239);
#1613=LINE('',#9609,#2240);
#1614=LINE('',#9613,#2241);
#1615=LINE('',#9617,#2242);
#1616=LINE('',#9621,#2243);
#1617=LINE('',#9622,#2244);
#1618=LINE('',#9625,#2245);
#1619=LINE('',#9626,#2246);
#1620=LINE('',#9629,#2247);
#1621=LINE('',#9630,#2248);
#1622=LINE('',#9633,#2249);
#1623=LINE('',#9634,#2250);
#1624=LINE('',#9637,#2251);
#1625=LINE('',#9638,#2252);
#1626=LINE('',#9641,#2253);
#1627=LINE('',#9642,#2254);
#1628=LINE('',#9645,#2255);
#1629=LINE('',#9646,#2256);
#1630=LINE('',#9649,#2257);
#1631=LINE('',#9650,#2258);
#1632=LINE('',#9652,#2259);
#1633=LINE('',#9654,#2260);
#1634=LINE('',#9660,#2261);
#1635=LINE('',#9661,#2262);
#1636=LINE('',#9663,#2263);
#1637=LINE('',#9665,#2264);
#1638=LINE('',#9667,#2265);
#1639=LINE('',#9669,#2266);
#1640=LINE('',#9671,#2267);
#1641=LINE('',#9673,#2268);
#1642=LINE('',#9711,#2269);
#1643=LINE('',#9748,#2270);
#1644=LINE('',#9785,#2271);
#1645=LINE('',#9822,#2272);
#1646=LINE('',#9871,#2273);
#1647=LINE('',#9888,#2274);
#1648=LINE('',#9997,#2275);
#1649=LINE('',#10014,#2276);
#1650=LINE('',#10123,#2277);
#1651=LINE('',#10140,#2278);
#1652=LINE('',#10203,#2279);
#1653=LINE('',#10314,#2280);
#1654=LINE('',#10316,#2281);
#1655=LINE('',#10318,#2282);
#1656=LINE('',#10320,#2283);
#1657=LINE('',#10322,#2284);
#1658=LINE('',#10324,#2285);
#1659=LINE('',#10326,#2286);
#1660=LINE('',#10328,#2287);
#1661=LINE('',#10330,#2288);
#1662=LINE('',#10332,#2289);
#1663=LINE('',#10334,#2290);
#1664=LINE('',#10336,#2291);
#1665=LINE('',#10338,#2292);
#1666=LINE('',#10340,#2293);
#1667=LINE('',#10342,#2294);
#1668=LINE('',#10344,#2295);
#1669=LINE('',#10346,#2296);
#1670=LINE('',#10348,#2297);
#1671=LINE('',#10350,#2298);
#1672=LINE('',#10352,#2299);
#1673=LINE('',#10354,#2300);
#1674=LINE('',#10356,#2301);
#1675=LINE('',#10357,#2302);
#1676=LINE('',#10359,#2303);
#1677=LINE('',#10364,#2304);
#1678=LINE('',#10366,#2305);
#1679=LINE('',#10368,#2306);
#1680=LINE('',#10369,#2307);
#1681=LINE('',#10371,#2308);
#1682=LINE('',#10372,#2309);
#1683=LINE('',#10375,#2310);
#1684=LINE('',#10376,#2311);
#1685=LINE('',#10379,#2312);
#1686=LINE('',#10380,#2313);
#1687=LINE('',#10382,#2314);
#1688=LINE('',#10385,#2315);
#1689=LINE('',#10386,#2316);
#1690=LINE('',#10389,#2317);
#1691=LINE('',#10390,#2318);
#1692=LINE('',#10394,#2319);
#1693=LINE('',#10396,#2320);
#1694=LINE('',#10398,#2321);
#1695=LINE('',#10399,#2322);
#1696=LINE('',#10402,#2323);
#1697=LINE('',#10404,#2324);
#1698=LINE('',#10405,#2325);
#1699=LINE('',#10407,#2326);
#1700=LINE('',#10408,#2327);
#1701=LINE('',#10410,#2328);
#1702=LINE('',#10412,#2329);
#1703=LINE('',#10415,#2330);
#1704=LINE('',#10416,#2331);
#1705=LINE('',#10419,#2332);
#1706=LINE('',#10420,#2333);
#1707=LINE('',#10423,#2334);
#1708=LINE('',#10425,#2335);
#1709=LINE('',#10426,#2336);
#1710=LINE('',#10429,#2337);
#1711=LINE('',#10431,#2338);
#1712=LINE('',#10432,#2339);
#1713=LINE('',#10435,#2340);
#1714=LINE('',#10437,#2341);
#1715=LINE('',#10438,#2342);
#1716=LINE('',#10441,#2343);
#1717=LINE('',#10442,#2344);
#1718=LINE('',#10444,#2345);
#1719=LINE('',#10445,#2346);
#1720=LINE('',#10448,#2347);
#1721=LINE('',#10450,#2348);
#1722=LINE('',#10451,#2349);
#1723=LINE('',#10454,#2350);
#1724=LINE('',#10456,#2351);
#1725=LINE('',#10457,#2352);
#1726=LINE('',#10459,#2353);
#1727=LINE('',#10460,#2354);
#1728=LINE('',#10466,#2355);
#1729=LINE('',#10468,#2356);
#1730=LINE('',#10470,#2357);
#1731=LINE('',#10471,#2358);
#1732=LINE('',#10473,#2359);
#1733=LINE('',#10474,#2360);
#1734=LINE('',#10476,#2361);
#1735=LINE('',#10478,#2362);
#1736=LINE('',#10484,#2363);
#1737=LINE('',#10490,#2364);
#1738=LINE('',#10498,#2365);
#1739=LINE('',#10504,#2366);
#1740=LINE('',#10515,#2367);
#1741=LINE('',#10531,#2368);
#1742=LINE('',#10537,#2369);
#1743=LINE('',#10545,#2370);
#1744=LINE('',#10551,#2371);
#1745=LINE('',#10562,#2372);
#1746=VECTOR('',#6477,10.);
#1747=VECTOR('',#6478,10.);
#1748=VECTOR('',#6479,10.);
#1749=VECTOR('',#6480,10.);
#1750=VECTOR('',#6483,10.);
#1751=VECTOR('',#6484,10.);
#1752=VECTOR('',#6485,10.);
#1753=VECTOR('',#6488,10.);
#1754=VECTOR('',#6489,10.);
#1755=VECTOR('',#6490,10.);
#1756=VECTOR('',#6493,10.);
#1757=VECTOR('',#6496,10.);
#1758=VECTOR('',#6499,10.);
#1759=VECTOR('',#6500,10.);
#1760=VECTOR('',#6501,10.);
#1761=VECTOR('',#6502,10.);
#1762=VECTOR('',#6505,10.);
#1763=VECTOR('',#6506,10.);
#1764=VECTOR('',#6507,10.);
#1765=VECTOR('',#6510,10.);
#1766=VECTOR('',#6511,10.);
#1767=VECTOR('',#6512,10.);
#1768=VECTOR('',#6515,10.);
#1769=VECTOR('',#6518,10.);
#1770=VECTOR('',#6521,10.);
#1771=VECTOR('',#6522,10.);
#1772=VECTOR('',#6523,10.);
#1773=VECTOR('',#6524,10.);
#1774=VECTOR('',#6527,10.);
#1775=VECTOR('',#6528,10.);
#1776=VECTOR('',#6529,10.);
#1777=VECTOR('',#6532,10.);
#1778=VECTOR('',#6533,10.);
#1779=VECTOR('',#6534,10.);
#1780=VECTOR('',#6537,10.);
#1781=VECTOR('',#6540,10.);
#1782=VECTOR('',#6543,10.);
#1783=VECTOR('',#6544,10.);
#1784=VECTOR('',#6545,10.);
#1785=VECTOR('',#6546,10.);
#1786=VECTOR('',#6549,10.);
#1787=VECTOR('',#6550,10.);
#1788=VECTOR('',#6551,10.);
#1789=VECTOR('',#6554,10.);
#1790=VECTOR('',#6555,10.);
#1791=VECTOR('',#6556,10.);
#1792=VECTOR('',#6559,10.);
#1793=VECTOR('',#6562,10.);
#1794=VECTOR('',#6565,10.);
#1795=VECTOR('',#6566,10.);
#1796=VECTOR('',#6567,10.);
#1797=VECTOR('',#6568,10.);
#1798=VECTOR('',#6571,10.);
#1799=VECTOR('',#6572,10.);
#1800=VECTOR('',#6575,10.);
#1801=VECTOR('',#6576,10.);
#1802=VECTOR('',#6577,10.);
#1803=VECTOR('',#6578,10.);
#1804=VECTOR('',#6581,10.);
#1805=VECTOR('',#6582,10.);
#1806=VECTOR('',#6583,10.);
#1807=VECTOR('',#6584,10.);
#1808=VECTOR('',#6587,10.);
#1809=VECTOR('',#6588,10.);
#1810=VECTOR('',#6591,10.);
#1811=VECTOR('',#6592,10.);
#1812=VECTOR('',#6593,10.);
#1813=VECTOR('',#6596,10.);
#1814=VECTOR('',#6597,10.);
#1815=VECTOR('',#6598,10.);
#1816=VECTOR('',#6599,10.);
#1817=VECTOR('',#6602,10.);
#1818=VECTOR('',#6603,10.);
#1819=VECTOR('',#6606,10.);
#1820=VECTOR('',#6607,10.);
#1821=VECTOR('',#6608,10.);
#1822=VECTOR('',#6609,10.);
#1823=VECTOR('',#6612,10.);
#1824=VECTOR('',#6613,10.);
#1825=VECTOR('',#6614,10.);
#1826=VECTOR('',#6615,10.);
#1827=VECTOR('',#6618,10.);
#1828=VECTOR('',#6619,10.);
#1829=VECTOR('',#6620,10.);
#1830=VECTOR('',#6623,10.);
#1831=VECTOR('',#6624,10.);
#1832=VECTOR('',#6627,10.);
#1833=VECTOR('',#6628,10.);
#1834=VECTOR('',#6629,10.);
#1835=VECTOR('',#6632,10.);
#1836=VECTOR('',#6633,10.);
#1837=VECTOR('',#6634,10.);
#1838=VECTOR('',#6635,10.);
#1839=VECTOR('',#6638,10.);
#1840=VECTOR('',#6639,10.);
#1841=VECTOR('',#6642,10.);
#1842=VECTOR('',#6643,10.);
#1843=VECTOR('',#6644,10.);
#1844=VECTOR('',#6645,10.);
#1845=VECTOR('',#6648,10.);
#1846=VECTOR('',#6649,10.);
#1847=VECTOR('',#6650,10.);
#1848=VECTOR('',#6651,10.);
#1849=VECTOR('',#6654,10.);
#1850=VECTOR('',#6655,10.);
#1851=VECTOR('',#6656,10.);
#1852=VECTOR('',#6659,10.);
#1853=VECTOR('',#6660,10.);
#1854=VECTOR('',#6663,10.);
#1855=VECTOR('',#6664,10.);
#1856=VECTOR('',#6665,10.);
#1857=VECTOR('',#6668,10.);
#1858=VECTOR('',#6669,10.);
#1859=VECTOR('',#6670,10.);
#1860=VECTOR('',#6671,10.);
#1861=VECTOR('',#6674,10.);
#1862=VECTOR('',#6675,10.);
#1863=VECTOR('',#6678,10.);
#1864=VECTOR('',#6679,10.);
#1865=VECTOR('',#6680,10.);
#1866=VECTOR('',#6681,10.);
#1867=VECTOR('',#6684,10.);
#1868=VECTOR('',#6685,10.);
#1869=VECTOR('',#6686,10.);
#1870=VECTOR('',#6687,10.);
#1871=VECTOR('',#6690,10.);
#1872=VECTOR('',#6691,10.);
#1873=VECTOR('',#6692,10.);
#1874=VECTOR('',#6693,10.);
#1875=VECTOR('',#6696,10.);
#1876=VECTOR('',#6697,10.);
#1877=VECTOR('',#6698,10.);
#1878=VECTOR('',#6699,10.);
#1879=VECTOR('',#6700,10.);
#1880=VECTOR('',#6701,10.);
#1881=VECTOR('',#6704,10.);
#1882=VECTOR('',#6705,10.);
#1883=VECTOR('',#6706,10.);
#1884=VECTOR('',#6709,10.);
#1885=VECTOR('',#6710,10.);
#1886=VECTOR('',#6713,10.);
#1887=VECTOR('',#6714,10.);
#1888=VECTOR('',#6715,10.);
#1889=VECTOR('',#6718,10.);
#1890=VECTOR('',#6719,10.);
#1891=VECTOR('',#6720,10.);
#1892=VECTOR('',#6721,10.);
#1893=VECTOR('',#6724,10.);
#1894=VECTOR('',#6725,10.);
#1895=VECTOR('',#6726,10.);
#1896=VECTOR('',#6727,10.);
#1897=VECTOR('',#6728,10.);
#1898=VECTOR('',#6729,10.);
#1899=VECTOR('',#6732,10.);
#1900=VECTOR('',#6733,10.);
#1901=VECTOR('',#6734,10.);
#1902=VECTOR('',#6735,10.);
#1903=VECTOR('',#6736,10.);
#1904=VECTOR('',#6737,10.);
#1905=VECTOR('',#6738,10.);
#1906=VECTOR('',#6739,10.);
#1907=VECTOR('',#6740,10.);
#1908=VECTOR('',#6741,10.);
#1909=VECTOR('',#6742,10.);
#1910=VECTOR('',#6743,10.);
#1911=VECTOR('',#6744,10.);
#1912=VECTOR('',#6747,10.);
#1913=VECTOR('',#6748,10.);
#1914=VECTOR('',#6749,10.);
#1915=VECTOR('',#6752,10.);
#1916=VECTOR('',#6753,10.);
#1917=VECTOR('',#6754,10.);
#1918=VECTOR('',#6757,10.);
#1919=VECTOR('',#6758,10.);
#1920=VECTOR('',#6759,10.);
#1921=VECTOR('',#6760,10.);
#1922=VECTOR('',#6763,10.);
#1923=VECTOR('',#6768,10.);
#1924=VECTOR('',#6773,10.);
#1925=VECTOR('',#6774,10.);
#1926=VECTOR('',#6775,10.);
#1927=VECTOR('',#6776,10.);
#1928=VECTOR('',#6781,10.);
#1929=VECTOR('',#6786,10.);
#1930=VECTOR('',#6787,10.);
#1931=VECTOR('',#6788,10.);
#1932=VECTOR('',#6793,10.);
#1933=VECTOR('',#6798,10.);
#1934=VECTOR('',#6799,10.);
#1935=VECTOR('',#6800,10.);
#1936=VECTOR('',#6805,10.);
#1937=VECTOR('',#6810,10.);
#1938=VECTOR('',#6811,10.);
#1939=VECTOR('',#6812,10.);
#1940=VECTOR('',#6821,10.);
#1941=VECTOR('',#6822,10.);
#1942=VECTOR('',#6823,10.);
#1943=VECTOR('',#6826,10.);
#1944=VECTOR('',#6829,10.);
#1945=VECTOR('',#6832,10.);
#1946=VECTOR('',#6837,10.);
#1947=VECTOR('',#6838,10.);
#1948=VECTOR('',#6841,10.);
#1949=VECTOR('',#6846,10.);
#1950=VECTOR('',#6847,10.);
#1951=VECTOR('',#6850,10.);
#1952=VECTOR('',#6851,10.);
#1953=VECTOR('',#6852,10.);
#1954=VECTOR('',#6853,10.);
#1955=VECTOR('',#6856,10.);
#1956=VECTOR('',#6857,10.);
#1957=VECTOR('',#6858,10.);
#1958=VECTOR('',#6861,10.);
#1959=VECTOR('',#6862,10.);
#1960=VECTOR('',#6863,10.);
#1961=VECTOR('',#6866,10.);
#1962=VECTOR('',#6867,10.);
#1963=VECTOR('',#6872,10.);
#1964=VECTOR('',#6873,10.);
#1965=VECTOR('',#6874,10.);
#1966=VECTOR('',#6875,10.);
#1967=VECTOR('',#6878,10.);
#1968=VECTOR('',#6879,10.);
#1969=VECTOR('',#6880,10.);
#1970=VECTOR('',#6883,10.);
#1971=VECTOR('',#6884,10.);
#1972=VECTOR('',#6885,10.);
#1973=VECTOR('',#6888,10.);
#1974=VECTOR('',#6889,10.);
#1975=VECTOR('',#6894,10.);
#1976=VECTOR('',#6895,10.);
#1977=VECTOR('',#6896,10.);
#1978=VECTOR('',#6897,10.);
#1979=VECTOR('',#6900,10.);
#1980=VECTOR('',#6901,10.);
#1981=VECTOR('',#6902,10.);
#1982=VECTOR('',#6905,10.);
#1983=VECTOR('',#6906,10.);
#1984=VECTOR('',#6907,10.);
#1985=VECTOR('',#6910,10.);
#1986=VECTOR('',#6911,10.);
#1987=VECTOR('',#6916,10.);
#1988=VECTOR('',#6917,10.);
#1989=VECTOR('',#6918,10.);
#1990=VECTOR('',#6919,10.);
#1991=VECTOR('',#6922,10.);
#1992=VECTOR('',#6923,10.);
#1993=VECTOR('',#6924,10.);
#1994=VECTOR('',#6927,10.);
#1995=VECTOR('',#6928,10.);
#1996=VECTOR('',#6929,10.);
#1997=VECTOR('',#6932,10.);
#1998=VECTOR('',#6933,10.);
#1999=VECTOR('',#6940,1.8);
#2000=VECTOR('',#6947,3.00000000000001);
#2001=VECTOR('',#6960,1.8);
#2002=VECTOR('',#6967,3.00000000000001);
#2003=VECTOR('',#6978,10.);
#2004=VECTOR('',#6979,10.);
#2005=VECTOR('',#6980,10.);
#2006=VECTOR('',#6981,10.);
#2007=VECTOR('',#6984,10.);
#2008=VECTOR('',#6985,10.);
#2009=VECTOR('',#6986,10.);
#2010=VECTOR('',#6987,10.);
#2011=VECTOR('',#6990,10.);
#2012=VECTOR('',#6991,10.);
#2013=VECTOR('',#6992,10.);
#2014=VECTOR('',#6995,10.);
#2015=VECTOR('',#6996,10.);
#2016=VECTOR('',#6997,10.);
#2017=VECTOR('',#7000,10.);
#2018=VECTOR('',#7001,10.);
#2019=VECTOR('',#7002,10.);
#2020=VECTOR('',#7005,10.);
#2021=VECTOR('',#7006,10.);
#2022=VECTOR('',#7007,10.);
#2023=VECTOR('',#7010,10.);
#2024=VECTOR('',#7011,10.);
#2025=VECTOR('',#7014,10.);
#2026=VECTOR('',#7017,10.);
#2027=VECTOR('',#7020,10.);
#2028=VECTOR('',#7021,10.);
#2029=VECTOR('',#7022,10.);
#2030=VECTOR('',#7023,10.);
#2031=VECTOR('',#7026,10.);
#2032=VECTOR('',#7027,10.);
#2033=VECTOR('',#7028,10.);
#2034=VECTOR('',#7029,10.);
#2035=VECTOR('',#7032,10.);
#2036=VECTOR('',#7033,10.);
#2037=VECTOR('',#7034,10.);
#2038=VECTOR('',#7037,10.);
#2039=VECTOR('',#7038,10.);
#2040=VECTOR('',#7039,10.);
#2041=VECTOR('',#7042,10.);
#2042=VECTOR('',#7043,10.);
#2043=VECTOR('',#7044,10.);
#2044=VECTOR('',#7047,10.);
#2045=VECTOR('',#7048,10.);
#2046=VECTOR('',#7049,10.);
#2047=VECTOR('',#7052,10.);
#2048=VECTOR('',#7053,10.);
#2049=VECTOR('',#7056,10.);
#2050=VECTOR('',#7059,10.);
#2051=VECTOR('',#7062,10.);
#2052=VECTOR('',#7063,10.);
#2053=VECTOR('',#7064,10.);
#2054=VECTOR('',#7065,10.);
#2055=VECTOR('',#7068,10.);
#2056=VECTOR('',#7069,10.);
#2057=VECTOR('',#7070,10.);
#2058=VECTOR('',#7071,10.);
#2059=VECTOR('',#7074,10.);
#2060=VECTOR('',#7075,10.);
#2061=VECTOR('',#7076,10.);
#2062=VECTOR('',#7079,10.);
#2063=VECTOR('',#7080,10.);
#2064=VECTOR('',#7081,10.);
#2065=VECTOR('',#7084,10.);
#2066=VECTOR('',#7085,10.);
#2067=VECTOR('',#7086,10.);
#2068=VECTOR('',#7089,10.);
#2069=VECTOR('',#7090,10.);
#2070=VECTOR('',#7091,10.);
#2071=VECTOR('',#7094,10.);
#2072=VECTOR('',#7095,10.);
#2073=VECTOR('',#7098,10.);
#2074=VECTOR('',#7101,10.);
#2075=VECTOR('',#7104,10.);
#2076=VECTOR('',#7105,10.);
#2077=VECTOR('',#7106,10.);
#2078=VECTOR('',#7107,10.);
#2079=VECTOR('',#7110,10.);
#2080=VECTOR('',#7111,10.);
#2081=VECTOR('',#7112,10.);
#2082=VECTOR('',#7113,10.);
#2083=VECTOR('',#7116,10.);
#2084=VECTOR('',#7117,10.);
#2085=VECTOR('',#7118,10.);
#2086=VECTOR('',#7121,10.);
#2087=VECTOR('',#7122,10.);
#2088=VECTOR('',#7123,10.);
#2089=VECTOR('',#7126,10.);
#2090=VECTOR('',#7127,10.);
#2091=VECTOR('',#7128,10.);
#2092=VECTOR('',#7131,10.);
#2093=VECTOR('',#7132,10.);
#2094=VECTOR('',#7133,10.);
#2095=VECTOR('',#7136,10.);
#2096=VECTOR('',#7137,10.);
#2097=VECTOR('',#7140,10.);
#2098=VECTOR('',#7143,10.);
#2099=VECTOR('',#7146,10.);
#2100=VECTOR('',#7147,10.);
#2101=VECTOR('',#7148,10.);
#2102=VECTOR('',#7149,10.);
#2103=VECTOR('',#7152,10.);
#2104=VECTOR('',#7153,10.);
#2105=VECTOR('',#7154,10.);
#2106=VECTOR('',#7157,10.);
#2107=VECTOR('',#7158,10.);
#2108=VECTOR('',#7159,10.);
#2109=VECTOR('',#7162,10.);
#2110=VECTOR('',#7163,10.);
#2111=VECTOR('',#7166,10.);
#2112=VECTOR('',#7167,10.);
#2113=VECTOR('',#7168,10.);
#2114=VECTOR('',#7169,10.);
#2115=VECTOR('',#7172,10.);
#2116=VECTOR('',#7173,10.);
#2117=VECTOR('',#7174,10.);
#2118=VECTOR('',#7177,10.);
#2119=VECTOR('',#7178,10.);
#2120=VECTOR('',#7179,10.);
#2121=VECTOR('',#7182,10.);
#2122=VECTOR('',#7183,10.);
#2123=VECTOR('',#7192,1.65000000000001);
#2124=VECTOR('',#7217,10.);
#2125=VECTOR('',#7220,10.);
#2126=VECTOR('',#7223,10.);
#2127=VECTOR('',#7226,10.);
#2128=VECTOR('',#7229,10.);
#2129=VECTOR('',#7236,10.);
#2130=VECTOR('',#7239,10.);
#2131=VECTOR('',#7250,1.65000000000001);
#2132=VECTOR('',#7275,10.);
#2133=VECTOR('',#7278,10.);
#2134=VECTOR('',#7281,10.);
#2135=VECTOR('',#7284,10.);
#2136=VECTOR('',#7287,10.);
#2137=VECTOR('',#7294,10.);
#2138=VECTOR('',#7297,10.);
#2139=VECTOR('',#7308,10.);
#2140=VECTOR('',#7311,10.);
#2141=VECTOR('',#7316,10.);
#2142=VECTOR('',#7321,10.);
#2143=VECTOR('',#7324,10.);
#2144=VECTOR('',#7331,5.4313670720639);
#2145=VECTOR('',#7352,10.);
#2146=VECTOR('',#7355,10.);
#2147=VECTOR('',#7360,10.);
#2148=VECTOR('',#7363,10.);
#2149=VECTOR('',#7374,10.);
#2150=VECTOR('',#7387,7.5);
#2151=VECTOR('',#7394,10.);
#2152=VECTOR('',#7405,10.);
#2153=VECTOR('',#7418,10.);
#2154=VECTOR('',#7421,10.);
#2155=VECTOR('',#7426,10.);
#2156=VECTOR('',#7431,10.);
#2157=VECTOR('',#7434,10.);
#2158=VECTOR('',#7441,5.4313670720639);
#2159=VECTOR('',#7462,10.);
#2160=VECTOR('',#7465,10.);
#2161=VECTOR('',#7470,10.);
#2162=VECTOR('',#7473,10.);
#2163=VECTOR('',#7484,10.);
#2164=VECTOR('',#7497,7.5);
#2165=VECTOR('',#7520,66.2033620298916);
#2166=VECTOR('',#7523,10.);
#2167=VECTOR('',#7526,10.);
#2168=VECTOR('',#7529,54.);
#2169=VECTOR('',#7532,10.);
#2170=VECTOR('',#7535,10.);
#2171=VECTOR('',#7538,10.);
#2172=VECTOR('',#7541,10.);
#2173=VECTOR('',#7546,10.);
#2174=VECTOR('',#7549,10.);
#2175=VECTOR('',#7556,54.);
#2176=VECTOR('',#7559,10.);
#2177=VECTOR('',#7560,10.);
#2178=VECTOR('',#7561,10.);
#2179=VECTOR('',#7562,10.);
#2180=VECTOR('',#7563,10.);
#2181=VECTOR('',#7564,10.);
#2182=VECTOR('',#7565,10.);
#2183=VECTOR('',#7566,10.);
#2184=VECTOR('',#7569,10.);
#2185=VECTOR('',#7570,10.);
#2186=VECTOR('',#7571,10.);
#2187=VECTOR('',#7574,10.);
#2188=VECTOR('',#7575,10.);
#2189=VECTOR('',#7578,10.);
#2190=VECTOR('',#7579,10.);
#2191=VECTOR('',#7582,10.);
#2192=VECTOR('',#7585,10.);
#2193=VECTOR('',#7586,10.);
#2194=VECTOR('',#7587,10.);
#2195=VECTOR('',#7590,10.);
#2196=VECTOR('',#7591,10.);
#2197=VECTOR('',#7594,10.);
#2198=VECTOR('',#7595,10.);
#2199=VECTOR('',#7598,10.);
#2200=VECTOR('',#7601,10.);
#2201=VECTOR('',#7602,10.);
#2202=VECTOR('',#7603,10.);
#2203=VECTOR('',#7604,10.);
#2204=VECTOR('',#7605,10.);
#2205=VECTOR('',#7606,10.);
#2206=VECTOR('',#7607,10.);
#2207=VECTOR('',#7608,10.);
#2208=VECTOR('',#7609,10.);
#2209=VECTOR('',#7610,10.);
#2210=VECTOR('',#7611,10.);
#2211=VECTOR('',#7612,10.);
#2212=VECTOR('',#7613,10.);
#2213=VECTOR('',#7614,10.);
#2214=VECTOR('',#7615,10.);
#2215=VECTOR('',#7616,10.);
#2216=VECTOR('',#7617,10.);
#2217=VECTOR('',#7618,10.);
#2218=VECTOR('',#7619,10.);
#2219=VECTOR('',#7620,10.);
#2220=VECTOR('',#7623,10.);
#2221=VECTOR('',#7624,10.);
#2222=VECTOR('',#7627,10.);
#2223=VECTOR('',#7628,10.);
#2224=VECTOR('',#7631,10.);
#2225=VECTOR('',#7632,10.);
#2226=VECTOR('',#7635,10.);
#2227=VECTOR('',#7636,10.);
#2228=VECTOR('',#7639,10.);
#2229=VECTOR('',#7640,10.);
#2230=VECTOR('',#7643,10.);
#2231=VECTOR('',#7644,10.);
#2232=VECTOR('',#7647,10.);
#2233=VECTOR('',#7648,10.);
#2234=VECTOR('',#7651,10.);
#2235=VECTOR('',#7652,10.);
#2236=VECTOR('',#7655,10.);
#2237=VECTOR('',#7658,10.);
#2238=VECTOR('',#7659,10.);
#2239=VECTOR('',#7660,10.);
#2240=VECTOR('',#7663,10.);
#2241=VECTOR('',#7666,10.);
#2242=VECTOR('',#7669,10.);
#2243=VECTOR('',#7674,10.);
#2244=VECTOR('',#7675,10.);
#2245=VECTOR('',#7678,10.);
#2246=VECTOR('',#7679,10.);
#2247=VECTOR('',#7682,10.);
#2248=VECTOR('',#7683,10.);
#2249=VECTOR('',#7686,10.);
#2250=VECTOR('',#7687,10.);
#2251=VECTOR('',#7690,10.);
#2252=VECTOR('',#7691,10.);
#2253=VECTOR('',#7694,10.);
#2254=VECTOR('',#7695,10.);
#2255=VECTOR('',#7698,10.);
#2256=VECTOR('',#7699,10.);
#2257=VECTOR('',#7702,10.);
#2258=VECTOR('',#7703,10.);
#2259=VECTOR('',#7706,10.);
#2260=VECTOR('',#7709,10.);
#2261=VECTOR('',#7720,10.);
#2262=VECTOR('',#7721,10.);
#2263=VECTOR('',#7724,10.);
#2264=VECTOR('',#7727,10.);
#2265=VECTOR('',#7730,10.);
#2266=VECTOR('',#7733,10.);
#2267=VECTOR('',#7736,10.);
#2268=VECTOR('',#7739,10.);
#2269=VECTOR('',#7754,5.);
#2270=VECTOR('',#7767,5.);
#2271=VECTOR('',#7780,5.);
#2272=VECTOR('',#7793,5.);
#2273=VECTOR('',#7794,10.);
#2274=VECTOR('',#7795,10.);
#2275=VECTOR('',#7796,10.);
#2276=VECTOR('',#7797,10.);
#2277=VECTOR('',#7798,10.);
#2278=VECTOR('',#7799,10.);
#2279=VECTOR('',#7800,10.);
#2280=VECTOR('',#7813,10.);
#2281=VECTOR('',#7814,10.);
#2282=VECTOR('',#7815,10.);
#2283=VECTOR('',#7816,10.);
#2284=VECTOR('',#7817,10.);
#2285=VECTOR('',#7818,10.);
#2286=VECTOR('',#7819,10.);
#2287=VECTOR('',#7820,10.);
#2288=VECTOR('',#7821,10.);
#2289=VECTOR('',#7822,10.);
#2290=VECTOR('',#7823,10.);
#2291=VECTOR('',#7824,10.);
#2292=VECTOR('',#7825,10.);
#2293=VECTOR('',#7826,10.);
#2294=VECTOR('',#7827,10.);
#2295=VECTOR('',#7828,10.);
#2296=VECTOR('',#7829,10.);
#2297=VECTOR('',#7830,10.);
#2298=VECTOR('',#7831,10.);
#2299=VECTOR('',#7832,10.);
#2300=VECTOR('',#7833,10.);
#2301=VECTOR('',#7834,10.);
#2302=VECTOR('',#7835,10.);
#2303=VECTOR('',#7838,53.8);
#2304=VECTOR('',#7843,10.);
#2305=VECTOR('',#7844,10.);
#2306=VECTOR('',#7845,10.);
#2307=VECTOR('',#7846,10.);
#2308=VECTOR('',#7849,10.);
#2309=VECTOR('',#7850,10.);
#2310=VECTOR('',#7853,10.);
#2311=VECTOR('',#7854,10.);
#2312=VECTOR('',#7857,10.);
#2313=VECTOR('',#7858,10.);
#2314=VECTOR('',#7861,10.);
#2315=VECTOR('',#7864,10.);
#2316=VECTOR('',#7865,10.);
#2317=VECTOR('',#7868,10.);
#2318=VECTOR('',#7869,10.);
#2319=VECTOR('',#7872,10.);
#2320=VECTOR('',#7873,10.);
#2321=VECTOR('',#7874,10.);
#2322=VECTOR('',#7875,10.);
#2323=VECTOR('',#7878,10.);
#2324=VECTOR('',#7879,10.);
#2325=VECTOR('',#7880,10.);
#2326=VECTOR('',#7883,10.);
#2327=VECTOR('',#7884,10.);
#2328=VECTOR('',#7887,10.);
#2329=VECTOR('',#7890,10.);
#2330=VECTOR('',#7893,10.);
#2331=VECTOR('',#7894,10.);
#2332=VECTOR('',#7897,10.);
#2333=VECTOR('',#7898,10.);
#2334=VECTOR('',#7901,10.);
#2335=VECTOR('',#7902,10.);
#2336=VECTOR('',#7903,10.);
#2337=VECTOR('',#7906,10.);
#2338=VECTOR('',#7907,10.);
#2339=VECTOR('',#7908,10.);
#2340=VECTOR('',#7911,10.);
#2341=VECTOR('',#7912,10.);
#2342=VECTOR('',#7913,10.);
#2343=VECTOR('',#7916,10.);
#2344=VECTOR('',#7917,10.);
#2345=VECTOR('',#7920,10.);
#2346=VECTOR('',#7921,10.);
#2347=VECTOR('',#7924,10.);
#2348=VECTOR('',#7925,10.);
#2349=VECTOR('',#7926,10.);
#2350=VECTOR('',#7929,10.);
#2351=VECTOR('',#7930,10.);
#2352=VECTOR('',#7931,10.);
#2353=VECTOR('',#7934,10.);
#2354=VECTOR('',#7935,10.);
#2355=VECTOR('',#7942,10.);
#2356=VECTOR('',#7943,10.);
#2357=VECTOR('',#7944,10.);
#2358=VECTOR('',#7945,10.);
#2359=VECTOR('',#7948,10.);
#2360=VECTOR('',#7949,10.);
#2361=VECTOR('',#7952,10.);
#2362=VECTOR('',#7955,10.);
#2363=VECTOR('',#7962,0.749999999999993);
#2364=VECTOR('',#7969,1.49999999999999);
#2365=VECTOR('',#7980,0.749999999999993);
#2366=VECTOR('',#7987,1.49999999999999);
#2367=VECTOR('',#8002,7.5);
#2368=VECTOR('',#8023,0.749999999999993);
#2369=VECTOR('',#8030,1.49999999999999);
#2370=VECTOR('',#8041,0.749999999999993);
#2371=VECTOR('',#8048,1.49999999999999);
#2372=VECTOR('',#8063,7.5);
#2373=VERTEX_POINT('',#8082);
#2374=VERTEX_POINT('',#8083);
#2375=VERTEX_POINT('',#8085);
#2376=VERTEX_POINT('',#8087);
#2377=VERTEX_POINT('',#8091);
#2378=VERTEX_POINT('',#8093);
#2379=VERTEX_POINT('',#8097);
#2380=VERTEX_POINT('',#8099);
#2381=VERTEX_POINT('',#8107);
#2382=VERTEX_POINT('',#8108);
#2383=VERTEX_POINT('',#8110);
#2384=VERTEX_POINT('',#8112);
#2385=VERTEX_POINT('',#8116);
#2386=VERTEX_POINT('',#8118);
#2387=VERTEX_POINT('',#8122);
#2388=VERTEX_POINT('',#8124);
#2389=VERTEX_POINT('',#8132);
#2390=VERTEX_POINT('',#8133);
#2391=VERTEX_POINT('',#8135);
#2392=VERTEX_POINT('',#8137);
#2393=VERTEX_POINT('',#8141);
#2394=VERTEX_POINT('',#8143);
#2395=VERTEX_POINT('',#8147);
#2396=VERTEX_POINT('',#8149);
#2397=VERTEX_POINT('',#8157);
#2398=VERTEX_POINT('',#8158);
#2399=VERTEX_POINT('',#8160);
#2400=VERTEX_POINT('',#8162);
#2401=VERTEX_POINT('',#8166);
#2402=VERTEX_POINT('',#8168);
#2403=VERTEX_POINT('',#8172);
#2404=VERTEX_POINT('',#8174);
#2405=VERTEX_POINT('',#8182);
#2406=VERTEX_POINT('',#8183);
#2407=VERTEX_POINT('',#8185);
#2408=VERTEX_POINT('',#8187);
#2409=VERTEX_POINT('',#8191);
#2410=VERTEX_POINT('',#8195);
#2411=VERTEX_POINT('',#8197);
#2412=VERTEX_POINT('',#8199);
#2413=VERTEX_POINT('',#8203);
#2414=VERTEX_POINT('',#8204);
#2415=VERTEX_POINT('',#8206);
#2416=VERTEX_POINT('',#8208);
#2417=VERTEX_POINT('',#8212);
#2418=VERTEX_POINT('',#8216);
#2419=VERTEX_POINT('',#8221);
#2420=VERTEX_POINT('',#8222);
#2421=VERTEX_POINT('',#8224);
#2422=VERTEX_POINT('',#8226);
#2423=VERTEX_POINT('',#8230);
#2424=VERTEX_POINT('',#8234);
#2425=VERTEX_POINT('',#8236);
#2426=VERTEX_POINT('',#8238);
#2427=VERTEX_POINT('',#8242);
#2428=VERTEX_POINT('',#8244);
#2429=VERTEX_POINT('',#8246);
#2430=VERTEX_POINT('',#8250);
#2431=VERTEX_POINT('',#8252);
#2432=VERTEX_POINT('',#8256);
#2433=VERTEX_POINT('',#8260);
#2434=VERTEX_POINT('',#8262);
#2435=VERTEX_POINT('',#8266);
#2436=VERTEX_POINT('',#8267);
#2437=VERTEX_POINT('',#8269);
#2438=VERTEX_POINT('',#8271);
#2439=VERTEX_POINT('',#8275);
#2440=VERTEX_POINT('',#8279);
#2441=VERTEX_POINT('',#8281);
#2442=VERTEX_POINT('',#8283);
#2443=VERTEX_POINT('',#8287);
#2444=VERTEX_POINT('',#8289);
#2445=VERTEX_POINT('',#8291);
#2446=VERTEX_POINT('',#8295);
#2447=VERTEX_POINT('',#8297);
#2448=VERTEX_POINT('',#8301);
#2449=VERTEX_POINT('',#8305);
#2450=VERTEX_POINT('',#8307);
#2451=VERTEX_POINT('',#8311);
#2452=VERTEX_POINT('',#8312);
#2453=VERTEX_POINT('',#8314);
#2454=VERTEX_POINT('',#8316);
#2455=VERTEX_POINT('',#8320);
#2456=VERTEX_POINT('',#8324);
#2457=VERTEX_POINT('',#8326);
#2458=VERTEX_POINT('',#8328);
#2459=VERTEX_POINT('',#8332);
#2460=VERTEX_POINT('',#8334);
#2461=VERTEX_POINT('',#8336);
#2462=VERTEX_POINT('',#8340);
#2463=VERTEX_POINT('',#8341);
#2464=VERTEX_POINT('',#8343);
#2465=VERTEX_POINT('',#8345);
#2466=VERTEX_POINT('',#8349);
#2467=VERTEX_POINT('',#8350);
#2468=VERTEX_POINT('',#8352);
#2469=VERTEX_POINT('',#8354);
#2470=VERTEX_POINT('',#8356);
#2471=VERTEX_POINT('',#8358);
#2472=VERTEX_POINT('',#8362);
#2473=VERTEX_POINT('',#8364);
#2474=VERTEX_POINT('',#8368);
#2475=VERTEX_POINT('',#8372);
#2476=VERTEX_POINT('',#8374);
#2477=VERTEX_POINT('',#8378);
#2478=VERTEX_POINT('',#8379);
#2479=VERTEX_POINT('',#8381);
#2480=VERTEX_POINT('',#8383);
#2481=VERTEX_POINT('',#8388);
#2482=VERTEX_POINT('',#8390);
#2483=VERTEX_POINT('',#8392);
#2484=VERTEX_POINT('',#8397);
#2485=VERTEX_POINT('',#8399);
#2486=VERTEX_POINT('',#8402);
#2487=VERTEX_POINT('',#8404);
#2488=VERTEX_POINT('',#8406);
#2489=VERTEX_POINT('',#8408);
#2490=VERTEX_POINT('',#8411);
#2491=VERTEX_POINT('',#8418);
#2492=VERTEX_POINT('',#8420);
#2493=VERTEX_POINT('',#8424);
#2494=VERTEX_POINT('',#8425);
#2495=VERTEX_POINT('',#8430);
#2496=VERTEX_POINT('',#8431);
#2497=VERTEX_POINT('',#8433);
#2498=VERTEX_POINT('',#8444);
#2499=VERTEX_POINT('',#8445);
#2500=VERTEX_POINT('',#8447);
#2501=VERTEX_POINT('',#8449);
#2502=VERTEX_POINT('',#8453);
#2503=VERTEX_POINT('',#8455);
#2504=VERTEX_POINT('',#8459);
#2505=VERTEX_POINT('',#8461);
#2506=VERTEX_POINT('',#8465);
#2507=VERTEX_POINT('',#8467);
#2508=VERTEX_POINT('',#8471);
#2509=VERTEX_POINT('',#8473);
#2510=VERTEX_POINT('',#8477);
#2511=VERTEX_POINT('',#8479);
#2512=VERTEX_POINT('',#8483);
#2513=VERTEX_POINT('',#8485);
#2514=VERTEX_POINT('',#8492);
#2515=VERTEX_POINT('',#8493);
#2516=VERTEX_POINT('',#8505);
#2517=VERTEX_POINT('',#8512);
#2518=VERTEX_POINT('',#8516);
#2519=VERTEX_POINT('',#8517);
#2520=VERTEX_POINT('',#8519);
#2521=VERTEX_POINT('',#8521);
#2522=VERTEX_POINT('',#8525);
#2523=VERTEX_POINT('',#8527);
#2524=VERTEX_POINT('',#8531);
#2525=VERTEX_POINT('',#8533);
#2526=VERTEX_POINT('',#8541);
#2527=VERTEX_POINT('',#8542);
#2528=VERTEX_POINT('',#8544);
#2529=VERTEX_POINT('',#8546);
#2530=VERTEX_POINT('',#8550);
#2531=VERTEX_POINT('',#8552);
#2532=VERTEX_POINT('',#8556);
#2533=VERTEX_POINT('',#8558);
#2534=VERTEX_POINT('',#8566);
#2535=VERTEX_POINT('',#8567);
#2536=VERTEX_POINT('',#8569);
#2537=VERTEX_POINT('',#8571);
#2538=VERTEX_POINT('',#8575);
#2539=VERTEX_POINT('',#8577);
#2540=VERTEX_POINT('',#8581);
#2541=VERTEX_POINT('',#8583);
#2542=VERTEX_POINT('',#8591);
#2543=VERTEX_POINT('',#8592);
#2544=VERTEX_POINT('',#8594);
#2545=VERTEX_POINT('',#8596);
#2546=VERTEX_POINT('',#8600);
#2547=VERTEX_POINT('',#8602);
#2548=VERTEX_POINT('',#8606);
#2549=VERTEX_POINT('',#8608);
#2550=VERTEX_POINT('',#8616);
#2551=VERTEX_POINT('',#8618);
#2552=VERTEX_POINT('',#8622);
#2553=VERTEX_POINT('',#8624);
#2554=VERTEX_POINT('',#8629);
#2555=VERTEX_POINT('',#8632);
#2556=VERTEX_POINT('',#8634);
#2557=VERTEX_POINT('',#8638);
#2558=VERTEX_POINT('',#8646);
#2559=VERTEX_POINT('',#8647);
#2560=VERTEX_POINT('',#8649);
#2561=VERTEX_POINT('',#8651);
#2562=VERTEX_POINT('',#8655);
#2563=VERTEX_POINT('',#8656);
#2564=VERTEX_POINT('',#8658);
#2565=VERTEX_POINT('',#8660);
#2566=VERTEX_POINT('',#8664);
#2567=VERTEX_POINT('',#8666);
#2568=VERTEX_POINT('',#8670);
#2569=VERTEX_POINT('',#8672);
#2570=VERTEX_POINT('',#8676);
#2571=VERTEX_POINT('',#8678);
#2572=VERTEX_POINT('',#8682);
#2573=VERTEX_POINT('',#8684);
#2574=VERTEX_POINT('',#8695);
#2575=VERTEX_POINT('',#8696);
#2576=VERTEX_POINT('',#8698);
#2577=VERTEX_POINT('',#8700);
#2578=VERTEX_POINT('',#8704);
#2579=VERTEX_POINT('',#8705);
#2580=VERTEX_POINT('',#8707);
#2581=VERTEX_POINT('',#8709);
#2582=VERTEX_POINT('',#8713);
#2583=VERTEX_POINT('',#8715);
#2584=VERTEX_POINT('',#8719);
#2585=VERTEX_POINT('',#8721);
#2586=VERTEX_POINT('',#8725);
#2587=VERTEX_POINT('',#8727);
#2588=VERTEX_POINT('',#8731);
#2589=VERTEX_POINT('',#8733);
#2590=VERTEX_POINT('',#8744);
#2591=VERTEX_POINT('',#8745);
#2592=VERTEX_POINT('',#8747);
#2593=VERTEX_POINT('',#8749);
#2594=VERTEX_POINT('',#8753);
#2595=VERTEX_POINT('',#8754);
#2596=VERTEX_POINT('',#8756);
#2597=VERTEX_POINT('',#8758);
#2598=VERTEX_POINT('',#8762);
#2599=VERTEX_POINT('',#8764);
#2600=VERTEX_POINT('',#8768);
#2601=VERTEX_POINT('',#8770);
#2602=VERTEX_POINT('',#8774);
#2603=VERTEX_POINT('',#8776);
#2604=VERTEX_POINT('',#8780);
#2605=VERTEX_POINT('',#8782);
#2606=VERTEX_POINT('',#8793);
#2607=VERTEX_POINT('',#8794);
#2608=VERTEX_POINT('',#8796);
#2609=VERTEX_POINT('',#8798);
#2610=VERTEX_POINT('',#8802);
#2611=VERTEX_POINT('',#8803);
#2612=VERTEX_POINT('',#8805);
#2613=VERTEX_POINT('',#8807);
#2614=VERTEX_POINT('',#8811);
#2615=VERTEX_POINT('',#8813);
#2616=VERTEX_POINT('',#8817);
#2617=VERTEX_POINT('',#8819);
#2618=VERTEX_POINT('',#8823);
#2619=VERTEX_POINT('',#8825);
#2620=VERTEX_POINT('',#8829);
#2621=VERTEX_POINT('',#8831);
#2622=VERTEX_POINT('',#8842);
#2623=VERTEX_POINT('',#8843);
#2624=VERTEX_POINT('',#8845);
#2625=VERTEX_POINT('',#8847);
#2626=VERTEX_POINT('',#8851);
#2627=VERTEX_POINT('',#8853);
#2628=VERTEX_POINT('',#8857);
#2629=VERTEX_POINT('',#8859);
#2630=VERTEX_POINT('',#8866);
#2631=VERTEX_POINT('',#8867);
#2632=VERTEX_POINT('',#8869);
#2633=VERTEX_POINT('',#8871);
#2634=VERTEX_POINT('',#8875);
#2635=VERTEX_POINT('',#8877);
#2636=VERTEX_POINT('',#8881);
#2637=VERTEX_POINT('',#8883);
#2638=VERTEX_POINT('',#8892);
#2639=VERTEX_POINT('',#8894);
#2640=VERTEX_POINT('',#8898);
#2641=VERTEX_POINT('',#8899);
#2642=VERTEX_POINT('',#8901);
#2643=VERTEX_POINT('',#8903);
#2644=VERTEX_POINT('',#8907);
#2645=VERTEX_POINT('',#8908);
#2646=VERTEX_POINT('',#8910);
#2647=VERTEX_POINT('',#8912);
#2648=VERTEX_POINT('',#8916);
#2649=VERTEX_POINT('',#8918);
#2650=VERTEX_POINT('',#8922);
#2651=VERTEX_POINT('',#8924);
#2652=VERTEX_POINT('',#8928);
#2653=VERTEX_POINT('',#8932);
#2654=VERTEX_POINT('',#8936);
#2655=VERTEX_POINT('',#8942);
#2656=VERTEX_POINT('',#8944);
#2657=VERTEX_POINT('',#8948);
#2658=VERTEX_POINT('',#8949);
#2659=VERTEX_POINT('',#8951);
#2660=VERTEX_POINT('',#8953);
#2661=VERTEX_POINT('',#8957);
#2662=VERTEX_POINT('',#8958);
#2663=VERTEX_POINT('',#8960);
#2664=VERTEX_POINT('',#8962);
#2665=VERTEX_POINT('',#8966);
#2666=VERTEX_POINT('',#8968);
#2667=VERTEX_POINT('',#8972);
#2668=VERTEX_POINT('',#8974);
#2669=VERTEX_POINT('',#8978);
#2670=VERTEX_POINT('',#8982);
#2671=VERTEX_POINT('',#8986);
#2672=VERTEX_POINT('',#8992);
#2673=VERTEX_POINT('',#8993);
#2674=VERTEX_POINT('',#8995);
#2675=VERTEX_POINT('',#8997);
#2676=VERTEX_POINT('',#9001);
#2677=VERTEX_POINT('',#9003);
#2678=VERTEX_POINT('',#9007);
#2679=VERTEX_POINT('',#9008);
#2680=VERTEX_POINT('',#9010);
#2681=VERTEX_POINT('',#9012);
#2682=VERTEX_POINT('',#9016);
#2683=VERTEX_POINT('',#9018);
#2684=VERTEX_POINT('',#9022);
#2685=VERTEX_POINT('',#9026);
#2686=VERTEX_POINT('',#9027);
#2687=VERTEX_POINT('',#9029);
#2688=VERTEX_POINT('',#9031);
#2689=VERTEX_POINT('',#9035);
#2690=VERTEX_POINT('',#9037);
#2691=VERTEX_POINT('',#9041);
#2692=VERTEX_POINT('',#9045);
#2693=VERTEX_POINT('',#9051);
#2694=VERTEX_POINT('',#9059);
#2695=VERTEX_POINT('',#9061);
#2696=VERTEX_POINT('',#9063);
#2697=VERTEX_POINT('',#9103);
#2698=VERTEX_POINT('',#9110);
#2699=VERTEX_POINT('',#9117);
#2700=VERTEX_POINT('',#9118);
#2701=VERTEX_POINT('',#9120);
#2702=VERTEX_POINT('',#9122);
#2703=VERTEX_POINT('',#9126);
#2704=VERTEX_POINT('',#9128);
#2705=VERTEX_POINT('',#9132);
#2706=VERTEX_POINT('',#9133);
#2707=VERTEX_POINT('',#9135);
#2708=VERTEX_POINT('',#9137);
#2709=VERTEX_POINT('',#9141);
#2710=VERTEX_POINT('',#9143);
#2711=VERTEX_POINT('',#9147);
#2712=VERTEX_POINT('',#9151);
#2713=VERTEX_POINT('',#9152);
#2714=VERTEX_POINT('',#9154);
#2715=VERTEX_POINT('',#9156);
#2716=VERTEX_POINT('',#9160);
#2717=VERTEX_POINT('',#9162);
#2718=VERTEX_POINT('',#9166);
#2719=VERTEX_POINT('',#9170);
#2720=VERTEX_POINT('',#9176);
#2721=VERTEX_POINT('',#9184);
#2722=VERTEX_POINT('',#9186);
#2723=VERTEX_POINT('',#9188);
#2724=VERTEX_POINT('',#9230);
#2725=VERTEX_POINT('',#9232);
#2726=VERTEX_POINT('',#9235);
#2727=VERTEX_POINT('',#9237);
#2728=VERTEX_POINT('',#9241);
#2729=VERTEX_POINT('',#9242);
#2730=VERTEX_POINT('',#9244);
#2731=VERTEX_POINT('',#9255);
#2732=VERTEX_POINT('',#9257);
#2733=VERTEX_POINT('',#9268);
#2734=VERTEX_POINT('',#9270);
#2735=VERTEX_POINT('',#9281);
#2736=VERTEX_POINT('',#9293);
#2737=VERTEX_POINT('',#9294);
#2738=VERTEX_POINT('',#9331);
#2739=VERTEX_POINT('',#9332);
#2740=VERTEX_POINT('',#9369);
#2741=VERTEX_POINT('',#9370);
#2742=VERTEX_POINT('',#9407);
#2743=VERTEX_POINT('',#9408);
#2744=VERTEX_POINT('',#9446);
#2745=VERTEX_POINT('',#9448);
#2746=VERTEX_POINT('',#9450);
#2747=VERTEX_POINT('',#9452);
#2748=VERTEX_POINT('',#9454);
#2749=VERTEX_POINT('',#9456);
#2750=VERTEX_POINT('',#9458);
#2751=VERTEX_POINT('',#9460);
#2752=VERTEX_POINT('',#9462);
#2753=VERTEX_POINT('',#9464);
#2754=VERTEX_POINT('',#9466);
#2755=VERTEX_POINT('',#9468);
#2756=VERTEX_POINT('',#9470);
#2757=VERTEX_POINT('',#9472);
#2758=VERTEX_POINT('',#9476);
#2759=VERTEX_POINT('',#9480);
#2760=VERTEX_POINT('',#9481);
#2761=VERTEX_POINT('',#9483);
#2762=VERTEX_POINT('',#9485);
#2763=VERTEX_POINT('',#9488);
#2764=VERTEX_POINT('',#9489);
#2765=VERTEX_POINT('',#9491);
#2766=VERTEX_POINT('',#9493);
#2767=VERTEX_POINT('',#9497);
#2768=VERTEX_POINT('',#9498);
#2769=VERTEX_POINT('',#9503);
#2770=VERTEX_POINT('',#9507);
#2771=VERTEX_POINT('',#9513);
#2772=VERTEX_POINT('',#9514);
#2773=VERTEX_POINT('',#9519);
#2774=VERTEX_POINT('',#9523);
#2775=VERTEX_POINT('',#9530);
#2776=VERTEX_POINT('',#9532);
#2777=VERTEX_POINT('',#9534);
#2778=VERTEX_POINT('',#9536);
#2779=VERTEX_POINT('',#9538);
#2780=VERTEX_POINT('',#9540);
#2781=VERTEX_POINT('',#9542);
#2782=VERTEX_POINT('',#9544);
#2783=VERTEX_POINT('',#9546);
#2784=VERTEX_POINT('',#9549);
#2785=VERTEX_POINT('',#9551);
#2786=VERTEX_POINT('',#9553);
#2787=VERTEX_POINT('',#9555);
#2788=VERTEX_POINT('',#9557);
#2789=VERTEX_POINT('',#9559);
#2790=VERTEX_POINT('',#9561);
#2791=VERTEX_POINT('',#9563);
#2792=VERTEX_POINT('',#9567);
#2793=VERTEX_POINT('',#9571);
#2794=VERTEX_POINT('',#9575);
#2795=VERTEX_POINT('',#9579);
#2796=VERTEX_POINT('',#9583);
#2797=VERTEX_POINT('',#9587);
#2798=VERTEX_POINT('',#9591);
#2799=VERTEX_POINT('',#9595);
#2800=VERTEX_POINT('',#9603);
#2801=VERTEX_POINT('',#9604);
#2802=VERTEX_POINT('',#9606);
#2803=VERTEX_POINT('',#9608);
#2804=VERTEX_POINT('',#9610);
#2805=VERTEX_POINT('',#9612);
#2806=VERTEX_POINT('',#9614);
#2807=VERTEX_POINT('',#9616);
#2808=VERTEX_POINT('',#9620);
#2809=VERTEX_POINT('',#9624);
#2810=VERTEX_POINT('',#9628);
#2811=VERTEX_POINT('',#9632);
#2812=VERTEX_POINT('',#9636);
#2813=VERTEX_POINT('',#9640);
#2814=VERTEX_POINT('',#9644);
#2815=VERTEX_POINT('',#9648);
#2816=VERTEX_POINT('',#9676);
#2817=VERTEX_POINT('',#9705);
#2818=VERTEX_POINT('',#9706);
#2819=VERTEX_POINT('',#9713);
#2820=VERTEX_POINT('',#9742);
#2821=VERTEX_POINT('',#9743);
#2822=VERTEX_POINT('',#9750);
#2823=VERTEX_POINT('',#9779);
#2824=VERTEX_POINT('',#9780);
#2825=VERTEX_POINT('',#9787);
#2826=VERTEX_POINT('',#9816);
#2827=VERTEX_POINT('',#9817);
#2828=VERTEX_POINT('',#9853);
#2829=VERTEX_POINT('',#9854);
#2830=VERTEX_POINT('',#9870);
#2831=VERTEX_POINT('',#9872);
#2832=VERTEX_POINT('',#9979);
#2833=VERTEX_POINT('',#9980);
#2834=VERTEX_POINT('',#9996);
#2835=VERTEX_POINT('',#9998);
#2836=VERTEX_POINT('',#10105);
#2837=VERTEX_POINT('',#10106);
#2838=VERTEX_POINT('',#10122);
#2839=VERTEX_POINT('',#10124);
#2840=VERTEX_POINT('',#10181);
#2841=VERTEX_POINT('',#10202);
#2842=VERTEX_POINT('',#10306);
#2843=VERTEX_POINT('',#10310);
#2844=VERTEX_POINT('',#10312);
#2845=VERTEX_POINT('',#10313);
#2846=VERTEX_POINT('',#10315);
#2847=VERTEX_POINT('',#10317);
#2848=VERTEX_POINT('',#10319);
#2849=VERTEX_POINT('',#10321);
#2850=VERTEX_POINT('',#10323);
#2851=VERTEX_POINT('',#10325);
#2852=VERTEX_POINT('',#10327);
#2853=VERTEX_POINT('',#10329);
#2854=VERTEX_POINT('',#10331);
#2855=VERTEX_POINT('',#10333);
#2856=VERTEX_POINT('',#10335);
#2857=VERTEX_POINT('',#10337);
#2858=VERTEX_POINT('',#10339);
#2859=VERTEX_POINT('',#10341);
#2860=VERTEX_POINT('',#10343);
#2861=VERTEX_POINT('',#10345);
#2862=VERTEX_POINT('',#10347);
#2863=VERTEX_POINT('',#10349);
#2864=VERTEX_POINT('',#10351);
#2865=VERTEX_POINT('',#10353);
#2866=VERTEX_POINT('',#10355);
#2867=VERTEX_POINT('',#10362);
#2868=VERTEX_POINT('',#10363);
#2869=VERTEX_POINT('',#10365);
#2870=VERTEX_POINT('',#10367);
#2871=VERTEX_POINT('',#10374);
#2872=VERTEX_POINT('',#10378);
#2873=VERTEX_POINT('',#10384);
#2874=VERTEX_POINT('',#10388);
#2875=VERTEX_POINT('',#10392);
#2876=VERTEX_POINT('',#10393);
#2877=VERTEX_POINT('',#10395);
#2878=VERTEX_POINT('',#10397);
#2879=VERTEX_POINT('',#10401);
#2880=VERTEX_POINT('',#10403);
#2881=VERTEX_POINT('',#10414);
#2882=VERTEX_POINT('',#10418);
#2883=VERTEX_POINT('',#10422);
#2884=VERTEX_POINT('',#10424);
#2885=VERTEX_POINT('',#10428);
#2886=VERTEX_POINT('',#10430);
#2887=VERTEX_POINT('',#10434);
#2888=VERTEX_POINT('',#10436);
#2889=VERTEX_POINT('',#10440);
#2890=VERTEX_POINT('',#10447);
#2891=VERTEX_POINT('',#10449);
#2892=VERTEX_POINT('',#10453);
#2893=VERTEX_POINT('',#10455);
#2894=VERTEX_POINT('',#10464);
#2895=VERTEX_POINT('',#10465);
#2896=VERTEX_POINT('',#10467);
#2897=VERTEX_POINT('',#10469);
#2898=VERTEX_POINT('',#10481);
#2899=VERTEX_POINT('',#10483);
#2900=VERTEX_POINT('',#10487);
#2901=VERTEX_POINT('',#10489);
#2902=VERTEX_POINT('',#10495);
#2903=VERTEX_POINT('',#10497);
#2904=VERTEX_POINT('',#10501);
#2905=VERTEX_POINT('',#10503);
#2906=VERTEX_POINT('',#10509);
#2907=VERTEX_POINT('',#10512);
#2908=VERTEX_POINT('',#10513);
#2909=VERTEX_POINT('',#10518);
#2910=VERTEX_POINT('',#10522);
#2911=VERTEX_POINT('',#10525);
#2912=VERTEX_POINT('',#10528);
#2913=VERTEX_POINT('',#10530);
#2914=VERTEX_POINT('',#10534);
#2915=VERTEX_POINT('',#10536);
#2916=VERTEX_POINT('',#10542);
#2917=VERTEX_POINT('',#10544);
#2918=VERTEX_POINT('',#10548);
#2919=VERTEX_POINT('',#10550);
#2920=VERTEX_POINT('',#10556);
#2921=VERTEX_POINT('',#10559);
#2922=VERTEX_POINT('',#10560);
#2923=VERTEX_POINT('',#10565);
#2924=VERTEX_POINT('',#10569);
#2925=VERTEX_POINT('',#10572);
#2926=EDGE_CURVE('',#2373,#2374,#1119,.T.);
#2927=EDGE_CURVE('',#2373,#2375,#1120,.T.);
#2928=EDGE_CURVE('',#2376,#2375,#1121,.T.);
#2929=EDGE_CURVE('',#2374,#2376,#1122,.T.);
#2930=EDGE_CURVE('',#2374,#2377,#1123,.T.);
#2931=EDGE_CURVE('',#2378,#2376,#1124,.T.);
#2932=EDGE_CURVE('',#2377,#2378,#1125,.T.);
#2933=EDGE_CURVE('',#2373,#2379,#1126,.T.);
#2934=EDGE_CURVE('',#2380,#2379,#1127,.T.);
#2935=EDGE_CURVE('',#2375,#2380,#1128,.T.);
#2936=EDGE_CURVE('',#2378,#2380,#1129,.T.);
#2937=EDGE_CURVE('',#2379,#2377,#1130,.T.);
#2938=EDGE_CURVE('',#2381,#2382,#1131,.T.);
#2939=EDGE_CURVE('',#2381,#2383,#1132,.T.);
#2940=EDGE_CURVE('',#2384,#2383,#1133,.T.);
#2941=EDGE_CURVE('',#2382,#2384,#1134,.T.);
#2942=EDGE_CURVE('',#2382,#2385,#1135,.T.);
#2943=EDGE_CURVE('',#2386,#2384,#1136,.T.);
#2944=EDGE_CURVE('',#2385,#2386,#1137,.T.);
#2945=EDGE_CURVE('',#2381,#2387,#1138,.T.);
#2946=EDGE_CURVE('',#2388,#2387,#1139,.T.);
#2947=EDGE_CURVE('',#2383,#2388,#1140,.T.);
#2948=EDGE_CURVE('',#2386,#2388,#1141,.T.);
#2949=EDGE_CURVE('',#2387,#2385,#1142,.T.);
#2950=EDGE_CURVE('',#2389,#2390,#1143,.T.);
#2951=EDGE_CURVE('',#2389,#2391,#1144,.T.);
#2952=EDGE_CURVE('',#2392,#2391,#1145,.T.);
#2953=EDGE_CURVE('',#2390,#2392,#1146,.T.);
#2954=EDGE_CURVE('',#2390,#2393,#1147,.T.);
#2955=EDGE_CURVE('',#2394,#2392,#1148,.T.);
#2956=EDGE_CURVE('',#2393,#2394,#1149,.T.);
#2957=EDGE_CURVE('',#2389,#2395,#1150,.T.);
#2958=EDGE_CURVE('',#2396,#2395,#1151,.T.);
#2959=EDGE_CURVE('',#2391,#2396,#1152,.T.);
#2960=EDGE_CURVE('',#2394,#2396,#1153,.T.);
#2961=EDGE_CURVE('',#2395,#2393,#1154,.T.);
#2962=EDGE_CURVE('',#2397,#2398,#1155,.T.);
#2963=EDGE_CURVE('',#2397,#2399,#1156,.T.);
#2964=EDGE_CURVE('',#2400,#2399,#1157,.T.);
#2965=EDGE_CURVE('',#2398,#2400,#1158,.T.);
#2966=EDGE_CURVE('',#2398,#2401,#1159,.T.);
#2967=EDGE_CURVE('',#2402,#2400,#1160,.T.);
#2968=EDGE_CURVE('',#2401,#2402,#1161,.T.);
#2969=EDGE_CURVE('',#2397,#2403,#1162,.T.);
#2970=EDGE_CURVE('',#2404,#2403,#1163,.T.);
#2971=EDGE_CURVE('',#2399,#2404,#1164,.T.);
#2972=EDGE_CURVE('',#2402,#2404,#1165,.T.);
#2973=EDGE_CURVE('',#2403,#2401,#1166,.T.);
#2974=EDGE_CURVE('',#2405,#2406,#1167,.T.);
#2975=EDGE_CURVE('',#2405,#2407,#1168,.T.);
#2976=EDGE_CURVE('',#2408,#2407,#1169,.T.);
#2977=EDGE_CURVE('',#2406,#2408,#1170,.T.);
#2978=EDGE_CURVE('',#2408,#2409,#1171,.T.);
#2979=EDGE_CURVE('',#2407,#2409,#1172,.T.);
#2980=EDGE_CURVE('',#2410,#2409,#1173,.T.);
#2981=EDGE_CURVE('',#2410,#2411,#1174,.T.);
#2982=EDGE_CURVE('',#2411,#2412,#1175,.T.);
#2983=EDGE_CURVE('',#2406,#2412,#1176,.T.);
#2984=EDGE_CURVE('',#2413,#2414,#1177,.T.);
#2985=EDGE_CURVE('',#2415,#2413,#1178,.T.);
#2986=EDGE_CURVE('',#2416,#2415,#1179,.T.);
#2987=EDGE_CURVE('',#2414,#2416,#1180,.T.);
#2988=EDGE_CURVE('',#2417,#2415,#1181,.T.);
#2989=EDGE_CURVE('',#2417,#2416,#1182,.T.);
#2990=EDGE_CURVE('',#2412,#2418,#1183,.T.);
#2991=EDGE_CURVE('',#2413,#2418,#1184,.T.);
#2992=EDGE_CURVE('',#2405,#2414,#1185,.T.);
#2993=EDGE_CURVE('',#2419,#2420,#1186,.T.);
#2994=EDGE_CURVE('',#2421,#2419,#1187,.T.);
#2995=EDGE_CURVE('',#2422,#2421,#1188,.T.);
#2996=EDGE_CURVE('',#2420,#2422,#1189,.T.);
#2997=EDGE_CURVE('',#2423,#2421,#1190,.T.);
#2998=EDGE_CURVE('',#2423,#2422,#1191,.T.);
#2999=EDGE_CURVE('',#2419,#2424,#1192,.T.);
#3000=EDGE_CURVE('',#2424,#2425,#1193,.T.);
#3001=EDGE_CURVE('',#2426,#2425,#1194,.T.);
#3002=EDGE_CURVE('',#2423,#2426,#1195,.T.);
#3003=EDGE_CURVE('',#2427,#2420,#1196,.T.);
#3004=EDGE_CURVE('',#2427,#2428,#1197,.T.);
#3005=EDGE_CURVE('',#2428,#2429,#1198,.T.);
#3006=EDGE_CURVE('',#2429,#2424,#1199,.T.);
#3007=EDGE_CURVE('',#2427,#2430,#1200,.T.);
#3008=EDGE_CURVE('',#2431,#2430,#1201,.T.);
#3009=EDGE_CURVE('',#2428,#2431,#1202,.T.);
#3010=EDGE_CURVE('',#2431,#2432,#1203,.T.);
#3011=EDGE_CURVE('',#2430,#2432,#1204,.T.);
#3012=EDGE_CURVE('',#2433,#2432,#1205,.T.);
#3013=EDGE_CURVE('',#2433,#2434,#1206,.T.);
#3014=EDGE_CURVE('',#2434,#2429,#1207,.T.);
#3015=EDGE_CURVE('',#2435,#2436,#1208,.T.);
#3016=EDGE_CURVE('',#2437,#2435,#1209,.T.);
#3017=EDGE_CURVE('',#2438,#2437,#1210,.T.);
#3018=EDGE_CURVE('',#2436,#2438,#1211,.T.);
#3019=EDGE_CURVE('',#2439,#2437,#1212,.T.);
#3020=EDGE_CURVE('',#2439,#2438,#1213,.T.);
#3021=EDGE_CURVE('',#2435,#2440,#1214,.T.);
#3022=EDGE_CURVE('',#2440,#2441,#1215,.T.);
#3023=EDGE_CURVE('',#2442,#2441,#1216,.T.);
#3024=EDGE_CURVE('',#2439,#2442,#1217,.T.);
#3025=EDGE_CURVE('',#2443,#2436,#1218,.T.);
#3026=EDGE_CURVE('',#2443,#2444,#1219,.T.);
#3027=EDGE_CURVE('',#2444,#2445,#1220,.T.);
#3028=EDGE_CURVE('',#2445,#2440,#1221,.T.);
#3029=EDGE_CURVE('',#2443,#2446,#1222,.T.);
#3030=EDGE_CURVE('',#2447,#2446,#1223,.T.);
#3031=EDGE_CURVE('',#2444,#2447,#1224,.T.);
#3032=EDGE_CURVE('',#2447,#2448,#1225,.T.);
#3033=EDGE_CURVE('',#2446,#2448,#1226,.T.);
#3034=EDGE_CURVE('',#2449,#2448,#1227,.T.);
#3035=EDGE_CURVE('',#2449,#2450,#1228,.T.);
#3036=EDGE_CURVE('',#2450,#2445,#1229,.T.);
#3037=EDGE_CURVE('',#2451,#2452,#1230,.T.);
#3038=EDGE_CURVE('',#2453,#2451,#1231,.T.);
#3039=EDGE_CURVE('',#2454,#2453,#1232,.T.);
#3040=EDGE_CURVE('',#2452,#2454,#1233,.T.);
#3041=EDGE_CURVE('',#2455,#2453,#1234,.T.);
#3042=EDGE_CURVE('',#2455,#2454,#1235,.T.);
#3043=EDGE_CURVE('',#2451,#2456,#1236,.T.);
#3044=EDGE_CURVE('',#2456,#2457,#1237,.T.);
#3045=EDGE_CURVE('',#2458,#2457,#1238,.T.);
#3046=EDGE_CURVE('',#2455,#2458,#1239,.T.);
#3047=EDGE_CURVE('',#2459,#2452,#1240,.T.);
#3048=EDGE_CURVE('',#2459,#2460,#1241,.T.);
#3049=EDGE_CURVE('',#2460,#2461,#1242,.T.);
#3050=EDGE_CURVE('',#2461,#2456,#1243,.T.);
#3051=EDGE_CURVE('',#2462,#2463,#1244,.T.);
#3052=EDGE_CURVE('',#2464,#2462,#1245,.T.);
#3053=EDGE_CURVE('',#2465,#2464,#1246,.T.);
#3054=EDGE_CURVE('',#2463,#2465,#1247,.T.);
#3055=EDGE_CURVE('',#2466,#2467,#1248,.T.);
#3056=EDGE_CURVE('',#2468,#2467,#1249,.T.);
#3057=EDGE_CURVE('',#2468,#2469,#1250,.T.);
#3058=EDGE_CURVE('',#2469,#2470,#1251,.T.);
#3059=EDGE_CURVE('',#2471,#2470,#1252,.T.);
#3060=EDGE_CURVE('',#2466,#2471,#1253,.T.);
#3061=EDGE_CURVE('',#2459,#2472,#1254,.T.);
#3062=EDGE_CURVE('',#2473,#2472,#1255,.T.);
#3063=EDGE_CURVE('',#2460,#2473,#1256,.T.);
#3064=EDGE_CURVE('',#2473,#2474,#1257,.T.);
#3065=EDGE_CURVE('',#2472,#2474,#1258,.T.);
#3066=EDGE_CURVE('',#2475,#2474,#1259,.T.);
#3067=EDGE_CURVE('',#2475,#2476,#1260,.T.);
#3068=EDGE_CURVE('',#2476,#2461,#1261,.T.);
#3069=EDGE_CURVE('',#2477,#2478,#1262,.T.);
#3070=EDGE_CURVE('',#2479,#2477,#1263,.T.);
#3071=EDGE_CURVE('',#2480,#2479,#1264,.T.);
#3072=EDGE_CURVE('',#2478,#2480,#1265,.T.);
#3073=EDGE_CURVE('',#2464,#2467,#1266,.T.);
#3074=EDGE_CURVE('',#2462,#2481,#1267,.T.);
#3075=EDGE_CURVE('',#2481,#2482,#1268,.T.);
#3076=EDGE_CURVE('',#2482,#2483,#1269,.T.);
#3077=EDGE_CURVE('',#2477,#2483,#1270,.T.);
#3078=EDGE_CURVE('',#2478,#2468,#1271,.T.);
#3079=EDGE_CURVE('',#2484,#2465,#1272,.T.);
#3080=EDGE_CURVE('',#2485,#2484,#1273,.T.);
#3081=EDGE_CURVE('',#2485,#2480,#1274,.T.);
#3082=EDGE_CURVE('',#2486,#2479,#1275,.T.);
#3083=EDGE_CURVE('',#2487,#2486,#1276,.T.);
#3084=EDGE_CURVE('',#2488,#2487,#1277,.T.);
#3085=EDGE_CURVE('',#2488,#2489,#1278,.T.);
#3086=EDGE_CURVE('',#2489,#2463,#1279,.T.);
#3087=EDGE_CURVE('',#2417,#2490,#1280,.T.);
#3088=EDGE_CURVE('',#2490,#2410,#1281,.T.);
#3089=EDGE_CURVE('',#2426,#2433,#1282,.T.);
#3090=EDGE_CURVE('',#2442,#2449,#1283,.T.);
#3091=EDGE_CURVE('',#2458,#2475,#1284,.T.);
#3092=EDGE_CURVE('',#2491,#2484,#1285,.T.);
#3093=EDGE_CURVE('',#2492,#2491,#1286,.T.);
#3094=EDGE_CURVE('',#2492,#2485,#1287,.T.);
#3095=EDGE_CURVE('',#2493,#2494,#1288,.T.);
#3096=EDGE_CURVE('',#2494,#2488,#1289,.T.);
#3097=EDGE_CURVE('',#2487,#2493,#1290,.T.);
#3098=EDGE_CURVE('',#2495,#2496,#1291,.T.);
#3099=EDGE_CURVE('',#2496,#2497,#1292,.T.);
#3100=EDGE_CURVE('',#2497,#2482,#1293,.T.);
#3101=EDGE_CURVE('',#2495,#2481,#1294,.T.);
#3102=EDGE_CURVE('',#2441,#2450,#1295,.T.);
#3103=EDGE_CURVE('',#2457,#2476,#1296,.T.);
#3104=EDGE_CURVE('',#2498,#2499,#1297,.T.);
#3105=EDGE_CURVE('',#2498,#2500,#1298,.T.);
#3106=EDGE_CURVE('',#2501,#2500,#1299,.T.);
#3107=EDGE_CURVE('',#2499,#2501,#1300,.T.);
#3108=EDGE_CURVE('',#2502,#2498,#90,.T.);
#3109=EDGE_CURVE('',#2502,#2503,#1301,.T.);
#3110=EDGE_CURVE('',#2500,#2503,#91,.T.);
#3111=EDGE_CURVE('',#2504,#2502,#1302,.T.);
#3112=EDGE_CURVE('',#2504,#2505,#1303,.T.);
#3113=EDGE_CURVE('',#2503,#2505,#1304,.T.);
#3114=EDGE_CURVE('',#2506,#2504,#92,.T.);
#3115=EDGE_CURVE('',#2506,#2507,#1305,.T.);
#3116=EDGE_CURVE('',#2505,#2507,#93,.T.);
#3117=EDGE_CURVE('',#2508,#2506,#1306,.T.);
#3118=EDGE_CURVE('',#2508,#2509,#1307,.T.);
#3119=EDGE_CURVE('',#2507,#2509,#1308,.T.);
#3120=EDGE_CURVE('',#2510,#2508,#94,.T.);
#3121=EDGE_CURVE('',#2510,#2511,#1309,.T.);
#3122=EDGE_CURVE('',#2509,#2511,#95,.T.);
#3123=EDGE_CURVE('',#2512,#2510,#1310,.T.);
#3124=EDGE_CURVE('',#2512,#2513,#1311,.T.);
#3125=EDGE_CURVE('',#2511,#2513,#1312,.T.);
#3126=EDGE_CURVE('',#2499,#2512,#96,.T.);
#3127=EDGE_CURVE('',#2513,#2501,#97,.T.);
#3128=EDGE_CURVE('',#2514,#2515,#1313,.T.);
#3129=EDGE_CURVE('',#2493,#2515,#1314,.T.);
#3130=EDGE_CURVE('',#2514,#2496,#1315,.T.);
#3131=EDGE_CURVE('',#2470,#2492,#1316,.T.);
#3132=EDGE_CURVE('',#2491,#2471,#1317,.T.);
#3133=EDGE_CURVE('',#2425,#2434,#1318,.T.);
#3134=EDGE_CURVE('',#2418,#2516,#1319,.T.);
#3135=EDGE_CURVE('',#2490,#2516,#1320,.T.);
#3136=EDGE_CURVE('',#2516,#2411,#1321,.T.);
#3137=EDGE_CURVE('',#2494,#2517,#1322,.T.);
#3138=EDGE_CURVE('',#2517,#2495,#1323,.T.);
#3139=EDGE_CURVE('',#2518,#2519,#1324,.T.);
#3140=EDGE_CURVE('',#2518,#2520,#1325,.T.);
#3141=EDGE_CURVE('',#2521,#2520,#1326,.T.);
#3142=EDGE_CURVE('',#2519,#2521,#1327,.T.);
#3143=EDGE_CURVE('',#2519,#2522,#1328,.T.);
#3144=EDGE_CURVE('',#2523,#2521,#1329,.T.);
#3145=EDGE_CURVE('',#2522,#2523,#1330,.T.);
#3146=EDGE_CURVE('',#2522,#2524,#1331,.T.);
#3147=EDGE_CURVE('',#2525,#2523,#1332,.T.);
#3148=EDGE_CURVE('',#2524,#2525,#1333,.T.);
#3149=EDGE_CURVE('',#2524,#2518,#1334,.T.);
#3150=EDGE_CURVE('',#2520,#2525,#1335,.T.);
#3151=EDGE_CURVE('',#2526,#2527,#1336,.T.);
#3152=EDGE_CURVE('',#2526,#2528,#1337,.T.);
#3153=EDGE_CURVE('',#2529,#2528,#1338,.T.);
#3154=EDGE_CURVE('',#2527,#2529,#1339,.T.);
#3155=EDGE_CURVE('',#2527,#2530,#1340,.T.);
#3156=EDGE_CURVE('',#2531,#2529,#1341,.T.);
#3157=EDGE_CURVE('',#2530,#2531,#1342,.T.);
#3158=EDGE_CURVE('',#2530,#2532,#1343,.T.);
#3159=EDGE_CURVE('',#2533,#2531,#1344,.T.);
#3160=EDGE_CURVE('',#2532,#2533,#1345,.T.);
#3161=EDGE_CURVE('',#2532,#2526,#1346,.T.);
#3162=EDGE_CURVE('',#2528,#2533,#1347,.T.);
#3163=EDGE_CURVE('',#2534,#2535,#1348,.T.);
#3164=EDGE_CURVE('',#2535,#2536,#1349,.T.);
#3165=EDGE_CURVE('',#2537,#2536,#1350,.T.);
#3166=EDGE_CURVE('',#2534,#2537,#1351,.T.);
#3167=EDGE_CURVE('',#2538,#2534,#1352,.T.);
#3168=EDGE_CURVE('',#2539,#2537,#1353,.T.);
#3169=EDGE_CURVE('',#2538,#2539,#1354,.T.);
#3170=EDGE_CURVE('',#2540,#2538,#1355,.T.);
#3171=EDGE_CURVE('',#2541,#2539,#1356,.T.);
#3172=EDGE_CURVE('',#2540,#2541,#1357,.T.);
#3173=EDGE_CURVE('',#2535,#2540,#1358,.T.);
#3174=EDGE_CURVE('',#2536,#2541,#1359,.T.);
#3175=EDGE_CURVE('',#2542,#2543,#1360,.T.);
#3176=EDGE_CURVE('',#2542,#2544,#1361,.T.);
#3177=EDGE_CURVE('',#2545,#2544,#1362,.T.);
#3178=EDGE_CURVE('',#2543,#2545,#1363,.T.);
#3179=EDGE_CURVE('',#2543,#2546,#1364,.T.);
#3180=EDGE_CURVE('',#2547,#2545,#1365,.T.);
#3181=EDGE_CURVE('',#2546,#2547,#1366,.T.);
#3182=EDGE_CURVE('',#2546,#2548,#1367,.T.);
#3183=EDGE_CURVE('',#2549,#2547,#1368,.T.);
#3184=EDGE_CURVE('',#2548,#2549,#1369,.T.);
#3185=EDGE_CURVE('',#2548,#2542,#1370,.T.);
#3186=EDGE_CURVE('',#2544,#2549,#1371,.T.);
#3187=EDGE_CURVE('',#2550,#2550,#98,.T.);
#3188=EDGE_CURVE('',#2550,#2551,#1372,.T.);
#3189=EDGE_CURVE('',#2551,#2551,#99,.T.);
#3190=EDGE_CURVE('',#2552,#2552,#100,.T.);
#3191=EDGE_CURVE('',#2552,#2553,#1373,.T.);
#3192=EDGE_CURVE('',#2553,#2553,#101,.T.);
#3193=EDGE_CURVE('',#2554,#2554,#102,.T.);
#3194=EDGE_CURVE('',#2555,#2555,#103,.T.);
#3195=EDGE_CURVE('',#2555,#2556,#1374,.T.);
#3196=EDGE_CURVE('',#2556,#2556,#104,.T.);
#3197=EDGE_CURVE('',#2557,#2557,#105,.T.);
#3198=EDGE_CURVE('',#2557,#2554,#1375,.T.);
#3199=EDGE_CURVE('',#2558,#2559,#1376,.T.);
#3200=EDGE_CURVE('',#2558,#2560,#1377,.T.);
#3201=EDGE_CURVE('',#2561,#2560,#1378,.T.);
#3202=EDGE_CURVE('',#2559,#2561,#1379,.T.);
#3203=EDGE_CURVE('',#2562,#2563,#1380,.T.);
#3204=EDGE_CURVE('',#2563,#2564,#1381,.T.);
#3205=EDGE_CURVE('',#2565,#2564,#1382,.T.);
#3206=EDGE_CURVE('',#2562,#2565,#1383,.T.);
#3207=EDGE_CURVE('',#2566,#2562,#1384,.T.);
#3208=EDGE_CURVE('',#2566,#2567,#1385,.T.);
#3209=EDGE_CURVE('',#2563,#2567,#1386,.T.);
#3210=EDGE_CURVE('',#2568,#2566,#1387,.T.);
#3211=EDGE_CURVE('',#2568,#2569,#1388,.T.);
#3212=EDGE_CURVE('',#2567,#2569,#1389,.T.);
#3213=EDGE_CURVE('',#2570,#2568,#1390,.T.);
#3214=EDGE_CURVE('',#2570,#2571,#1391,.T.);
#3215=EDGE_CURVE('',#2569,#2571,#1392,.T.);
#3216=EDGE_CURVE('',#2572,#2570,#1393,.T.);
#3217=EDGE_CURVE('',#2572,#2573,#1394,.T.);
#3218=EDGE_CURVE('',#2571,#2573,#1395,.T.);
#3219=EDGE_CURVE('',#2558,#2572,#1396,.T.);
#3220=EDGE_CURVE('',#2573,#2559,#1397,.T.);
#3221=EDGE_CURVE('',#2560,#2565,#1398,.T.);
#3222=EDGE_CURVE('',#2564,#2561,#1399,.T.);
#3223=EDGE_CURVE('',#2574,#2575,#1400,.T.);
#3224=EDGE_CURVE('',#2574,#2576,#1401,.T.);
#3225=EDGE_CURVE('',#2577,#2576,#1402,.T.);
#3226=EDGE_CURVE('',#2575,#2577,#1403,.T.);
#3227=EDGE_CURVE('',#2578,#2579,#1404,.T.);
#3228=EDGE_CURVE('',#2579,#2580,#1405,.T.);
#3229=EDGE_CURVE('',#2581,#2580,#1406,.T.);
#3230=EDGE_CURVE('',#2578,#2581,#1407,.T.);
#3231=EDGE_CURVE('',#2582,#2578,#1408,.T.);
#3232=EDGE_CURVE('',#2582,#2583,#1409,.T.);
#3233=EDGE_CURVE('',#2579,#2583,#1410,.T.);
#3234=EDGE_CURVE('',#2584,#2582,#1411,.T.);
#3235=EDGE_CURVE('',#2584,#2585,#1412,.T.);
#3236=EDGE_CURVE('',#2583,#2585,#1413,.T.);
#3237=EDGE_CURVE('',#2586,#2584,#1414,.T.);
#3238=EDGE_CURVE('',#2586,#2587,#1415,.T.);
#3239=EDGE_CURVE('',#2585,#2587,#1416,.T.);
#3240=EDGE_CURVE('',#2588,#2586,#1417,.T.);
#3241=EDGE_CURVE('',#2588,#2589,#1418,.T.);
#3242=EDGE_CURVE('',#2587,#2589,#1419,.T.);
#3243=EDGE_CURVE('',#2574,#2588,#1420,.T.);
#3244=EDGE_CURVE('',#2589,#2575,#1421,.T.);
#3245=EDGE_CURVE('',#2576,#2581,#1422,.T.);
#3246=EDGE_CURVE('',#2580,#2577,#1423,.T.);
#3247=EDGE_CURVE('',#2590,#2591,#1424,.T.);
#3248=EDGE_CURVE('',#2590,#2592,#1425,.T.);
#3249=EDGE_CURVE('',#2593,#2592,#1426,.T.);
#3250=EDGE_CURVE('',#2591,#2593,#1427,.T.);
#3251=EDGE_CURVE('',#2594,#2595,#1428,.T.);
#3252=EDGE_CURVE('',#2595,#2596,#1429,.T.);
#3253=EDGE_CURVE('',#2597,#2596,#1430,.T.);
#3254=EDGE_CURVE('',#2594,#2597,#1431,.T.);
#3255=EDGE_CURVE('',#2598,#2594,#1432,.T.);
#3256=EDGE_CURVE('',#2598,#2599,#1433,.T.);
#3257=EDGE_CURVE('',#2595,#2599,#1434,.T.);
#3258=EDGE_CURVE('',#2600,#2598,#1435,.T.);
#3259=EDGE_CURVE('',#2600,#2601,#1436,.T.);
#3260=EDGE_CURVE('',#2599,#2601,#1437,.T.);
#3261=EDGE_CURVE('',#2602,#2600,#1438,.T.);
#3262=EDGE_CURVE('',#2602,#2603,#1439,.T.);
#3263=EDGE_CURVE('',#2601,#2603,#1440,.T.);
#3264=EDGE_CURVE('',#2604,#2602,#1441,.T.);
#3265=EDGE_CURVE('',#2604,#2605,#1442,.T.);
#3266=EDGE_CURVE('',#2603,#2605,#1443,.T.);
#3267=EDGE_CURVE('',#2590,#2604,#1444,.T.);
#3268=EDGE_CURVE('',#2605,#2591,#1445,.T.);
#3269=EDGE_CURVE('',#2592,#2597,#1446,.T.);
#3270=EDGE_CURVE('',#2596,#2593,#1447,.T.);
#3271=EDGE_CURVE('',#2606,#2607,#1448,.T.);
#3272=EDGE_CURVE('',#2606,#2608,#1449,.T.);
#3273=EDGE_CURVE('',#2609,#2608,#1450,.T.);
#3274=EDGE_CURVE('',#2607,#2609,#1451,.T.);
#3275=EDGE_CURVE('',#2610,#2611,#1452,.T.);
#3276=EDGE_CURVE('',#2611,#2612,#1453,.T.);
#3277=EDGE_CURVE('',#2613,#2612,#1454,.T.);
#3278=EDGE_CURVE('',#2610,#2613,#1455,.T.);
#3279=EDGE_CURVE('',#2614,#2610,#1456,.T.);
#3280=EDGE_CURVE('',#2614,#2615,#1457,.T.);
#3281=EDGE_CURVE('',#2611,#2615,#1458,.T.);
#3282=EDGE_CURVE('',#2616,#2614,#1459,.T.);
#3283=EDGE_CURVE('',#2616,#2617,#1460,.T.);
#3284=EDGE_CURVE('',#2615,#2617,#1461,.T.);
#3285=EDGE_CURVE('',#2618,#2616,#1462,.T.);
#3286=EDGE_CURVE('',#2618,#2619,#1463,.T.);
#3287=EDGE_CURVE('',#2617,#2619,#1464,.T.);
#3288=EDGE_CURVE('',#2620,#2618,#1465,.T.);
#3289=EDGE_CURVE('',#2620,#2621,#1466,.T.);
#3290=EDGE_CURVE('',#2619,#2621,#1467,.T.);
#3291=EDGE_CURVE('',#2606,#2620,#1468,.T.);
#3292=EDGE_CURVE('',#2621,#2607,#1469,.T.);
#3293=EDGE_CURVE('',#2608,#2613,#1470,.T.);
#3294=EDGE_CURVE('',#2612,#2609,#1471,.T.);
#3295=EDGE_CURVE('',#2622,#2623,#1472,.T.);
#3296=EDGE_CURVE('',#2623,#2624,#1473,.T.);
#3297=EDGE_CURVE('',#2625,#2624,#1474,.T.);
#3298=EDGE_CURVE('',#2622,#2625,#1475,.T.);
#3299=EDGE_CURVE('',#2626,#2622,#1476,.T.);
#3300=EDGE_CURVE('',#2627,#2625,#1477,.T.);
#3301=EDGE_CURVE('',#2626,#2627,#1478,.T.);
#3302=EDGE_CURVE('',#2628,#2626,#1479,.T.);
#3303=EDGE_CURVE('',#2629,#2627,#1480,.T.);
#3304=EDGE_CURVE('',#2628,#2629,#1481,.T.);
#3305=EDGE_CURVE('',#2623,#2628,#1482,.T.);
#3306=EDGE_CURVE('',#2624,#2629,#1483,.T.);
#3307=EDGE_CURVE('',#2630,#2631,#1484,.T.);
#3308=EDGE_CURVE('',#2630,#2632,#1485,.T.);
#3309=EDGE_CURVE('',#2633,#2632,#1486,.T.);
#3310=EDGE_CURVE('',#2631,#2633,#1487,.T.);
#3311=EDGE_CURVE('',#2631,#2634,#1488,.T.);
#3312=EDGE_CURVE('',#2635,#2633,#1489,.T.);
#3313=EDGE_CURVE('',#2634,#2635,#1490,.T.);
#3314=EDGE_CURVE('',#2634,#2636,#1491,.T.);
#3315=EDGE_CURVE('',#2637,#2635,#1492,.T.);
#3316=EDGE_CURVE('',#2636,#2637,#1493,.T.);
#3317=EDGE_CURVE('',#2636,#2630,#1494,.T.);
#3318=EDGE_CURVE('',#2632,#2637,#1495,.T.);
#3319=EDGE_CURVE('',#2638,#2638,#106,.T.);
#3320=EDGE_CURVE('',#2638,#2639,#1496,.T.);
#3321=EDGE_CURVE('',#2639,#2639,#107,.T.);
#3322=EDGE_CURVE('',#2640,#2641,#108,.T.);
#3323=EDGE_CURVE('',#2642,#2640,#109,.T.);
#3324=EDGE_CURVE('',#2643,#2642,#110,.T.);
#3325=EDGE_CURVE('',#2641,#2643,#111,.T.);
#3326=EDGE_CURVE('',#2644,#2645,#112,.T.);
#3327=EDGE_CURVE('',#2646,#2644,#113,.T.);
#3328=EDGE_CURVE('',#2647,#2646,#114,.T.);
#3329=EDGE_CURVE('',#2645,#2647,#115,.T.);
#3330=EDGE_CURVE('',#2647,#2648,#1497,.T.);
#3331=EDGE_CURVE('',#2649,#2648,#116,.T.);
#3332=EDGE_CURVE('',#2645,#2649,#1498,.T.);
#3333=EDGE_CURVE('',#2650,#2640,#1499,.T.);
#3334=EDGE_CURVE('',#2651,#2650,#117,.T.);
#3335=EDGE_CURVE('',#2651,#2642,#1500,.T.);
#3336=EDGE_CURVE('',#2646,#2652,#1501,.T.);
#3337=EDGE_CURVE('',#2648,#2652,#118,.T.);
#3338=EDGE_CURVE('',#2651,#2653,#119,.T.);
#3339=EDGE_CURVE('',#2653,#2643,#1502,.T.);
#3340=EDGE_CURVE('',#2644,#2654,#1503,.T.);
#3341=EDGE_CURVE('',#2652,#2654,#120,.T.);
#3342=EDGE_CURVE('',#2654,#2649,#121,.T.);
#3343=EDGE_CURVE('',#2655,#2655,#122,.T.);
#3344=EDGE_CURVE('',#2655,#2656,#1504,.T.);
#3345=EDGE_CURVE('',#2656,#2656,#123,.T.);
#3346=EDGE_CURVE('',#2657,#2658,#124,.T.);
#3347=EDGE_CURVE('',#2659,#2657,#125,.T.);
#3348=EDGE_CURVE('',#2660,#2659,#126,.T.);
#3349=EDGE_CURVE('',#2658,#2660,#127,.T.);
#3350=EDGE_CURVE('',#2661,#2662,#128,.T.);
#3351=EDGE_CURVE('',#2663,#2661,#129,.T.);
#3352=EDGE_CURVE('',#2664,#2663,#130,.T.);
#3353=EDGE_CURVE('',#2662,#2664,#131,.T.);
#3354=EDGE_CURVE('',#2664,#2665,#1505,.T.);
#3355=EDGE_CURVE('',#2666,#2665,#132,.T.);
#3356=EDGE_CURVE('',#2662,#2666,#1506,.T.);
#3357=EDGE_CURVE('',#2667,#2657,#1507,.T.);
#3358=EDGE_CURVE('',#2668,#2667,#133,.T.);
#3359=EDGE_CURVE('',#2668,#2659,#1508,.T.);
#3360=EDGE_CURVE('',#2663,#2669,#1509,.T.);
#3361=EDGE_CURVE('',#2665,#2669,#134,.T.);
#3362=EDGE_CURVE('',#2668,#2670,#135,.T.);
#3363=EDGE_CURVE('',#2670,#2660,#1510,.T.);
#3364=EDGE_CURVE('',#2661,#2671,#1511,.T.);
#3365=EDGE_CURVE('',#2669,#2671,#136,.T.);
#3366=EDGE_CURVE('',#2671,#2666,#137,.T.);
#3367=EDGE_CURVE('',#2672,#2673,#138,.T.);
#3368=EDGE_CURVE('',#2674,#2672,#1512,.T.);
#3369=EDGE_CURVE('',#2674,#2675,#139,.T.);
#3370=EDGE_CURVE('',#2675,#2673,#1513,.T.);
#3371=EDGE_CURVE('',#2676,#2672,#140,.T.);
#3372=EDGE_CURVE('',#2677,#2676,#1514,.T.);
#3373=EDGE_CURVE('',#2677,#2674,#141,.T.);
#3374=EDGE_CURVE('',#2678,#2679,#1515,.T.);
#3375=EDGE_CURVE('',#2680,#2678,#142,.T.);
#3376=EDGE_CURVE('',#2681,#2680,#1516,.T.);
#3377=EDGE_CURVE('',#2681,#2679,#143,.T.);
#3378=EDGE_CURVE('',#2682,#2682,#144,.T.);
#3379=EDGE_CURVE('',#2682,#2683,#1517,.T.);
#3380=EDGE_CURVE('',#2683,#2683,#145,.T.);
#3381=EDGE_CURVE('',#2675,#2684,#146,.T.);
#3382=EDGE_CURVE('',#2684,#2677,#147,.T.);
#3383=EDGE_CURVE('',#2685,#2686,#148,.T.);
#3384=EDGE_CURVE('',#2687,#2685,#149,.T.);
#3385=EDGE_CURVE('',#2688,#2687,#150,.T.);
#3386=EDGE_CURVE('',#2686,#2688,#151,.T.);
#3387=EDGE_CURVE('',#2689,#2687,#1518,.T.);
#3388=EDGE_CURVE('',#2689,#2690,#152,.T.);
#3389=EDGE_CURVE('',#2690,#2688,#1519,.T.);
#3390=EDGE_CURVE('',#2690,#2691,#153,.T.);
#3391=EDGE_CURVE('',#2691,#2686,#1520,.T.);
#3392=EDGE_CURVE('',#2692,#2685,#1521,.T.);
#3393=EDGE_CURVE('',#2692,#2689,#154,.T.);
#3394=EDGE_CURVE('',#2691,#2692,#155,.T.);
#3395=EDGE_CURVE('',#2673,#2693,#156,.T.);
#3396=EDGE_CURVE('',#2684,#2693,#1522,.T.);
#3397=EDGE_CURVE('',#2693,#2676,#157,.T.);
#3398=EDGE_CURVE('',#2679,#2681,#158,.T.);
#3399=EDGE_CURVE('',#2694,#2680,#159,.T.);
#3400=EDGE_CURVE('',#2694,#2695,#1523,.T.);
#3401=EDGE_CURVE('',#2696,#2695,#46,.T.);
#3402=EDGE_CURVE('',#2695,#2696,#47,.T.);
#3403=EDGE_CURVE('',#2678,#2694,#160,.T.);
#3404=EDGE_CURVE('',#2697,#2658,#1524,.T.);
#3405=EDGE_CURVE('',#2697,#2667,#161,.T.);
#3406=EDGE_CURVE('',#2697,#2670,#162,.T.);
#3407=EDGE_CURVE('',#2698,#2641,#1525,.T.);
#3408=EDGE_CURVE('',#2698,#2650,#163,.T.);
#3409=EDGE_CURVE('',#2698,#2653,#164,.T.);
#3410=EDGE_CURVE('',#2699,#2700,#165,.T.);
#3411=EDGE_CURVE('',#2701,#2699,#1526,.T.);
#3412=EDGE_CURVE('',#2701,#2702,#166,.T.);
#3413=EDGE_CURVE('',#2702,#2700,#1527,.T.);
#3414=EDGE_CURVE('',#2703,#2699,#167,.T.);
#3415=EDGE_CURVE('',#2704,#2703,#1528,.T.);
#3416=EDGE_CURVE('',#2704,#2701,#168,.T.);
#3417=EDGE_CURVE('',#2705,#2706,#1529,.T.);
#3418=EDGE_CURVE('',#2707,#2705,#169,.T.);
#3419=EDGE_CURVE('',#2708,#2707,#1530,.T.);
#3420=EDGE_CURVE('',#2708,#2706,#170,.T.);
#3421=EDGE_CURVE('',#2709,#2709,#171,.T.);
#3422=EDGE_CURVE('',#2709,#2710,#1531,.T.);
#3423=EDGE_CURVE('',#2710,#2710,#172,.T.);
#3424=EDGE_CURVE('',#2702,#2711,#173,.T.);
#3425=EDGE_CURVE('',#2711,#2704,#174,.T.);
#3426=EDGE_CURVE('',#2712,#2713,#175,.T.);
#3427=EDGE_CURVE('',#2714,#2712,#176,.T.);
#3428=EDGE_CURVE('',#2715,#2714,#177,.T.);
#3429=EDGE_CURVE('',#2713,#2715,#178,.T.);
#3430=EDGE_CURVE('',#2716,#2714,#1532,.T.);
#3431=EDGE_CURVE('',#2716,#2717,#179,.T.);
#3432=EDGE_CURVE('',#2717,#2715,#1533,.T.);
#3433=EDGE_CURVE('',#2717,#2718,#180,.T.);
#3434=EDGE_CURVE('',#2718,#2713,#1534,.T.);
#3435=EDGE_CURVE('',#2719,#2712,#1535,.T.);
#3436=EDGE_CURVE('',#2719,#2716,#181,.T.);
#3437=EDGE_CURVE('',#2718,#2719,#182,.T.);
#3438=EDGE_CURVE('',#2700,#2720,#183,.T.);
#3439=EDGE_CURVE('',#2711,#2720,#1536,.T.);
#3440=EDGE_CURVE('',#2720,#2703,#184,.T.);
#3441=EDGE_CURVE('',#2706,#2708,#185,.T.);
#3442=EDGE_CURVE('',#2721,#2707,#186,.T.);
#3443=EDGE_CURVE('',#2721,#2722,#1537,.T.);
#3444=EDGE_CURVE('',#2723,#2722,#48,.T.);
#3445=EDGE_CURVE('',#2722,#2723,#49,.T.);
#3446=EDGE_CURVE('',#2705,#2721,#187,.T.);
#3447=EDGE_CURVE('',#2724,#2724,#188,.T.);
#3448=EDGE_CURVE('',#2725,#2725,#189,.T.);
#3449=EDGE_CURVE('',#2726,#2726,#190,.T.);
#3450=EDGE_CURVE('',#2727,#2727,#191,.T.);
#3451=EDGE_CURVE('',#2724,#2726,#1538,.T.);
#3452=EDGE_CURVE('',#2728,#2729,#192,.T.);
#3453=EDGE_CURVE('',#2729,#2730,#50,.T.);
#3454=EDGE_CURVE('',#2730,#2731,#1539,.T.);
#3455=EDGE_CURVE('',#2731,#2732,#51,.T.);
#3456=EDGE_CURVE('',#2732,#2733,#193,.T.);
#3457=EDGE_CURVE('',#2733,#2734,#52,.T.);
#3458=EDGE_CURVE('',#2734,#2735,#1540,.T.);
#3459=EDGE_CURVE('',#2735,#2728,#53,.T.);
#3460=EDGE_CURVE('',#2736,#2737,#54,.T.);
#3461=EDGE_CURVE('',#2737,#2736,#55,.T.);
#3462=EDGE_CURVE('',#2738,#2739,#56,.T.);
#3463=EDGE_CURVE('',#2739,#2738,#57,.T.);
#3464=EDGE_CURVE('',#2740,#2741,#58,.T.);
#3465=EDGE_CURVE('',#2741,#2740,#59,.T.);
#3466=EDGE_CURVE('',#2742,#2743,#60,.T.);
#3467=EDGE_CURVE('',#2743,#2742,#61,.T.);
#3468=EDGE_CURVE('',#2725,#2744,#1541,.T.);
#3469=EDGE_CURVE('',#2744,#2745,#194,.T.);
#3470=EDGE_CURVE('',#2745,#2746,#1542,.T.);
#3471=EDGE_CURVE('',#2746,#2747,#195,.T.);
#3472=EDGE_CURVE('',#2747,#2748,#1543,.T.);
#3473=EDGE_CURVE('',#2748,#2749,#196,.T.);
#3474=EDGE_CURVE('',#2749,#2750,#1544,.T.);
#3475=EDGE_CURVE('',#2750,#2751,#197,.T.);
#3476=EDGE_CURVE('',#2751,#2752,#1545,.T.);
#3477=EDGE_CURVE('',#2752,#2753,#198,.T.);
#3478=EDGE_CURVE('',#2753,#2754,#199,.T.);
#3479=EDGE_CURVE('',#2754,#2755,#1546,.T.);
#3480=EDGE_CURVE('',#2755,#2756,#200,.T.);
#3481=EDGE_CURVE('',#2756,#2757,#1547,.T.);
#3482=EDGE_CURVE('',#2757,#2744,#201,.T.);
#3483=EDGE_CURVE('',#2758,#2758,#202,.T.);
#3484=EDGE_CURVE('',#2758,#2727,#1548,.T.);
#3485=EDGE_CURVE('',#2759,#2760,#1549,.T.);
#3486=EDGE_CURVE('',#2760,#2761,#1550,.T.);
#3487=EDGE_CURVE('',#2761,#2762,#1551,.T.);
#3488=EDGE_CURVE('',#2762,#2759,#1552,.T.);
#3489=EDGE_CURVE('',#2763,#2764,#1553,.T.);
#3490=EDGE_CURVE('',#2764,#2765,#1554,.T.);
#3491=EDGE_CURVE('',#2765,#2766,#1555,.T.);
#3492=EDGE_CURVE('',#2766,#2763,#1556,.T.);
#3493=EDGE_CURVE('',#2767,#2768,#1557,.T.);
#3494=EDGE_CURVE('',#2768,#2764,#1558,.T.);
#3495=EDGE_CURVE('',#2767,#2763,#1559,.T.);
#3496=EDGE_CURVE('',#2768,#2769,#1560,.T.);
#3497=EDGE_CURVE('',#2769,#2765,#1561,.T.);
#3498=EDGE_CURVE('',#2769,#2770,#1562,.T.);
#3499=EDGE_CURVE('',#2770,#2766,#1563,.T.);
#3500=EDGE_CURVE('',#2770,#2767,#1564,.T.);
#3501=EDGE_CURVE('',#2771,#2772,#1565,.T.);
#3502=EDGE_CURVE('',#2759,#2771,#1566,.T.);
#3503=EDGE_CURVE('',#2762,#2772,#1567,.T.);
#3504=EDGE_CURVE('',#2773,#2771,#1568,.T.);
#3505=EDGE_CURVE('',#2760,#2773,#1569,.T.);
#3506=EDGE_CURVE('',#2774,#2773,#1570,.T.);
#3507=EDGE_CURVE('',#2761,#2774,#1571,.T.);
#3508=EDGE_CURVE('',#2772,#2774,#1572,.T.);
#3509=EDGE_CURVE('',#2746,#2756,#1573,.T.);
#3510=EDGE_CURVE('',#2755,#2775,#1574,.T.);
#3511=EDGE_CURVE('',#2775,#2776,#1575,.T.);
#3512=EDGE_CURVE('',#2776,#2777,#1576,.T.);
#3513=EDGE_CURVE('',#2777,#2778,#1577,.T.);
#3514=EDGE_CURVE('',#2778,#2779,#1578,.T.);
#3515=EDGE_CURVE('',#2779,#2780,#1579,.T.);
#3516=EDGE_CURVE('',#2780,#2781,#1580,.T.);
#3517=EDGE_CURVE('',#2781,#2782,#1581,.T.);
#3518=EDGE_CURVE('',#2782,#2783,#1582,.T.);
#3519=EDGE_CURVE('',#2783,#2751,#1583,.T.);
#3520=EDGE_CURVE('',#2750,#2784,#1584,.T.);
#3521=EDGE_CURVE('',#2784,#2785,#1585,.T.);
#3522=EDGE_CURVE('',#2785,#2786,#1586,.T.);
#3523=EDGE_CURVE('',#2786,#2787,#1587,.T.);
#3524=EDGE_CURVE('',#2787,#2788,#1588,.T.);
#3525=EDGE_CURVE('',#2788,#2789,#1589,.T.);
#3526=EDGE_CURVE('',#2789,#2790,#1590,.T.);
#3527=EDGE_CURVE('',#2790,#2791,#1591,.T.);
#3528=EDGE_CURVE('',#2791,#2747,#1592,.T.);
#3529=EDGE_CURVE('',#2792,#2784,#1593,.T.);
#3530=EDGE_CURVE('',#2792,#2749,#1594,.T.);
#3531=EDGE_CURVE('',#2785,#2793,#1595,.T.);
#3532=EDGE_CURVE('',#2793,#2792,#1596,.T.);
#3533=EDGE_CURVE('',#2786,#2794,#1597,.T.);
#3534=EDGE_CURVE('',#2794,#2793,#1598,.T.);
#3535=EDGE_CURVE('',#2787,#2795,#1599,.T.);
#3536=EDGE_CURVE('',#2795,#2794,#1600,.T.);
#3537=EDGE_CURVE('',#2788,#2796,#1601,.T.);
#3538=EDGE_CURVE('',#2796,#2795,#1602,.T.);
#3539=EDGE_CURVE('',#2789,#2797,#1603,.T.);
#3540=EDGE_CURVE('',#2797,#2796,#1604,.T.);
#3541=EDGE_CURVE('',#2790,#2798,#1605,.T.);
#3542=EDGE_CURVE('',#2798,#2797,#1606,.T.);
#3543=EDGE_CURVE('',#2791,#2799,#1607,.T.);
#3544=EDGE_CURVE('',#2799,#2798,#1608,.T.);
#3545=EDGE_CURVE('',#2748,#2799,#1609,.T.);
#3546=EDGE_CURVE('',#2783,#2753,#1610,.T.);
#3547=EDGE_CURVE('',#2752,#2753,#1611,.T.);
#3548=EDGE_CURVE('',#2800,#2801,#1612,.T.);
#3549=EDGE_CURVE('',#2801,#2802,#42,.T.);
#3550=EDGE_CURVE('',#2802,#2803,#1613,.T.);
#3551=EDGE_CURVE('',#2803,#2804,#43,.T.);
#3552=EDGE_CURVE('',#2804,#2805,#1614,.T.);
#3553=EDGE_CURVE('',#2805,#2806,#44,.T.);
#3554=EDGE_CURVE('',#2806,#2807,#1615,.T.);
#3555=EDGE_CURVE('',#2807,#2800,#45,.T.);
#3556=EDGE_CURVE('',#2808,#2775,#1616,.T.);
#3557=EDGE_CURVE('',#2808,#2754,#1617,.T.);
#3558=EDGE_CURVE('',#2776,#2809,#1618,.T.);
#3559=EDGE_CURVE('',#2809,#2808,#1619,.T.);
#3560=EDGE_CURVE('',#2777,#2810,#1620,.T.);
#3561=EDGE_CURVE('',#2810,#2809,#1621,.T.);
#3562=EDGE_CURVE('',#2778,#2811,#1622,.T.);
#3563=EDGE_CURVE('',#2811,#2810,#1623,.T.);
#3564=EDGE_CURVE('',#2779,#2812,#1624,.T.);
#3565=EDGE_CURVE('',#2812,#2811,#1625,.T.);
#3566=EDGE_CURVE('',#2780,#2813,#1626,.T.);
#3567=EDGE_CURVE('',#2813,#2812,#1627,.T.);
#3568=EDGE_CURVE('',#2781,#2814,#1628,.T.);
#3569=EDGE_CURVE('',#2814,#2813,#1629,.T.);
#3570=EDGE_CURVE('',#2782,#2815,#1630,.T.);
#3571=EDGE_CURVE('',#2815,#2814,#1631,.T.);
#3572=EDGE_CURVE('',#2753,#2815,#1632,.T.);
#3573=EDGE_CURVE('',#2757,#2745,#1633,.T.);
#3574=EDGE_CURVE('',#2801,#2728,#1634,.T.);
#3575=EDGE_CURVE('',#2802,#2735,#1635,.T.);
#3576=EDGE_CURVE('',#2803,#2734,#1636,.T.);
#3577=EDGE_CURVE('',#2804,#2733,#1637,.T.);
#3578=EDGE_CURVE('',#2800,#2729,#1638,.T.);
#3579=EDGE_CURVE('',#2807,#2730,#1639,.T.);
#3580=EDGE_CURVE('',#2806,#2731,#1640,.T.);
#3581=EDGE_CURVE('',#2805,#2732,#1641,.T.);
#3582=EDGE_CURVE('',#2816,#2816,#203,.T.);
#3583=EDGE_CURVE('',#2817,#2818,#204,.T.);
#3584=EDGE_CURVE('',#2818,#2816,#205,.T.);
#3585=EDGE_CURVE('',#2818,#2817,#206,.T.);
#3586=EDGE_CURVE('',#2743,#2817,#1642,.T.);
#3587=EDGE_CURVE('',#2819,#2819,#207,.T.);
#3588=EDGE_CURVE('',#2820,#2821,#208,.T.);
#3589=EDGE_CURVE('',#2821,#2819,#209,.T.);
#3590=EDGE_CURVE('',#2821,#2820,#210,.T.);
#3591=EDGE_CURVE('',#2741,#2820,#1643,.T.);
#3592=EDGE_CURVE('',#2822,#2822,#211,.T.);
#3593=EDGE_CURVE('',#2823,#2824,#212,.T.);
#3594=EDGE_CURVE('',#2824,#2822,#213,.T.);
#3595=EDGE_CURVE('',#2824,#2823,#214,.T.);
#3596=EDGE_CURVE('',#2739,#2823,#1644,.T.);
#3597=EDGE_CURVE('',#2825,#2825,#215,.T.);
#3598=EDGE_CURVE('',#2826,#2827,#216,.T.);
#3599=EDGE_CURVE('',#2827,#2825,#217,.T.);
#3600=EDGE_CURVE('',#2827,#2826,#218,.T.);
#3601=EDGE_CURVE('',#2737,#2826,#1645,.T.);
#3602=EDGE_CURVE('',#2828,#2829,#17,.T.);
#3603=EDGE_CURVE('',#2828,#2830,#1646,.T.);
#3604=EDGE_CURVE('',#2830,#2831,#18,.T.);
#3605=EDGE_CURVE('',#2829,#2831,#1647,.T.);
#3606=EDGE_CURVE('',#2829,#2828,#19,.T.);
#3607=EDGE_CURVE('',#2831,#2830,#20,.T.);
#3608=EDGE_CURVE('',#2832,#2833,#21,.T.);
#3609=EDGE_CURVE('',#2832,#2834,#1648,.T.);
#3610=EDGE_CURVE('',#2834,#2835,#22,.T.);
#3611=EDGE_CURVE('',#2833,#2835,#1649,.T.);
#3612=EDGE_CURVE('',#2833,#2832,#23,.T.);
#3613=EDGE_CURVE('',#2835,#2834,#24,.T.);
#3614=EDGE_CURVE('',#2836,#2837,#25,.T.);
#3615=EDGE_CURVE('',#2836,#2838,#1650,.T.);
#3616=EDGE_CURVE('',#2838,#2839,#26,.T.);
#3617=EDGE_CURVE('',#2837,#2839,#1651,.T.);
#3618=EDGE_CURVE('',#2840,#2836,#27,.T.);
#3619=EDGE_CURVE('',#2840,#2841,#1652,.T.);
#3620=EDGE_CURVE('',#2841,#2838,#28,.T.);
#3621=EDGE_CURVE('',#2837,#2840,#29,.T.);
#3622=EDGE_CURVE('',#2839,#2841,#30,.T.);
#3623=EDGE_CURVE('',#2842,#2842,#219,.T.);
#3624=EDGE_CURVE('',#2843,#2843,#220,.T.);
#3625=EDGE_CURVE('',#2844,#2845,#1653,.T.);
#3626=EDGE_CURVE('',#2845,#2846,#1654,.T.);
#3627=EDGE_CURVE('',#2846,#2847,#1655,.T.);
#3628=EDGE_CURVE('',#2848,#2847,#1656,.T.);
#3629=EDGE_CURVE('',#2848,#2849,#1657,.T.);
#3630=EDGE_CURVE('',#2849,#2850,#1658,.T.);
#3631=EDGE_CURVE('',#2850,#2851,#1659,.T.);
#3632=EDGE_CURVE('',#2851,#2852,#1660,.T.);
#3633=EDGE_CURVE('',#2852,#2853,#1661,.T.);
#3634=EDGE_CURVE('',#2853,#2854,#1662,.T.);
#3635=EDGE_CURVE('',#2854,#2855,#1663,.T.);
#3636=EDGE_CURVE('',#2855,#2856,#1664,.T.);
#3637=EDGE_CURVE('',#2856,#2857,#1665,.T.);
#3638=EDGE_CURVE('',#2857,#2858,#1666,.T.);
#3639=EDGE_CURVE('',#2858,#2859,#1667,.T.);
#3640=EDGE_CURVE('',#2859,#2860,#1668,.T.);
#3641=EDGE_CURVE('',#2860,#2861,#1669,.T.);
#3642=EDGE_CURVE('',#2861,#2862,#1670,.T.);
#3643=EDGE_CURVE('',#2862,#2863,#1671,.T.);
#3644=EDGE_CURVE('',#2863,#2864,#1672,.T.);
#3645=EDGE_CURVE('',#2864,#2865,#1673,.T.);
#3646=EDGE_CURVE('',#2865,#2866,#1674,.T.);
#3647=EDGE_CURVE('',#2844,#2866,#1675,.T.);
#3648=EDGE_CURVE('',#2842,#2843,#1676,.T.);
#3649=EDGE_CURVE('',#2867,#2868,#1677,.T.);
#3650=EDGE_CURVE('',#2868,#2869,#1678,.T.);
#3651=EDGE_CURVE('',#2869,#2870,#1679,.T.);
#3652=EDGE_CURVE('',#2870,#2867,#1680,.T.);
#3653=EDGE_CURVE('',#2860,#2868,#1681,.T.);
#3654=EDGE_CURVE('',#2869,#2859,#1682,.T.);
#3655=EDGE_CURVE('',#2871,#2858,#1683,.T.);
#3656=EDGE_CURVE('',#2870,#2871,#1684,.T.);
#3657=EDGE_CURVE('',#2872,#2871,#1685,.T.);
#3658=EDGE_CURVE('',#2867,#2872,#1686,.T.);
#3659=EDGE_CURVE('',#2861,#2872,#1687,.T.);
#3660=EDGE_CURVE('',#2873,#2857,#1688,.T.);
#3661=EDGE_CURVE('',#2871,#2873,#1689,.T.);
#3662=EDGE_CURVE('',#2874,#2872,#1690,.T.);
#3663=EDGE_CURVE('',#2874,#2862,#1691,.T.);
#3664=EDGE_CURVE('',#2875,#2876,#1692,.T.);
#3665=EDGE_CURVE('',#2875,#2877,#1693,.T.);
#3666=EDGE_CURVE('',#2878,#2877,#1694,.T.);
#3667=EDGE_CURVE('',#2876,#2878,#1695,.T.);
#3668=EDGE_CURVE('',#2879,#2878,#1696,.T.);
#3669=EDGE_CURVE('',#2877,#2880,#1697,.T.);
#3670=EDGE_CURVE('',#2880,#2879,#1698,.T.);
#3671=EDGE_CURVE('',#2848,#2879,#1699,.T.);
#3672=EDGE_CURVE('',#2849,#2880,#1700,.T.);
#3673=EDGE_CURVE('',#2850,#2875,#1701,.T.);
#3674=EDGE_CURVE('',#2876,#2847,#1702,.T.);
#3675=EDGE_CURVE('',#2881,#2875,#1703,.T.);
#3676=EDGE_CURVE('',#2881,#2851,#1704,.T.);
#3677=EDGE_CURVE('',#2846,#2882,#1705,.T.);
#3678=EDGE_CURVE('',#2876,#2882,#1706,.T.);
#3679=EDGE_CURVE('',#2866,#2883,#1707,.T.);
#3680=EDGE_CURVE('',#2884,#2865,#1708,.T.);
#3681=EDGE_CURVE('',#2883,#2884,#1709,.T.);
#3682=EDGE_CURVE('',#2874,#2885,#1710,.T.);
#3683=EDGE_CURVE('',#2886,#2885,#1711,.T.);
#3684=EDGE_CURVE('',#2886,#2884,#1712,.T.);
#3685=EDGE_CURVE('',#2887,#2854,#1713,.T.);
#3686=EDGE_CURVE('',#2888,#2853,#1714,.T.);
#3687=EDGE_CURVE('',#2887,#2888,#1715,.T.);
#3688=EDGE_CURVE('',#2889,#2881,#1716,.T.);
#3689=EDGE_CURVE('',#2888,#2889,#1717,.T.);
#3690=EDGE_CURVE('',#2883,#2882,#1718,.T.);
#3691=EDGE_CURVE('',#2887,#2873,#1719,.T.);
#3692=EDGE_CURVE('',#2890,#2873,#1720,.T.);
#3693=EDGE_CURVE('',#2891,#2890,#1721,.T.);
#3694=EDGE_CURVE('',#2891,#2887,#1722,.T.);
#3695=EDGE_CURVE('',#2890,#2892,#1723,.T.);
#3696=EDGE_CURVE('',#2892,#2893,#1724,.T.);
#3697=EDGE_CURVE('',#2893,#2891,#1725,.T.);
#3698=EDGE_CURVE('',#2856,#2892,#1726,.T.);
#3699=EDGE_CURVE('',#2893,#2855,#1727,.T.);
#3700=EDGE_CURVE('',#2894,#2895,#1728,.T.);
#3701=EDGE_CURVE('',#2895,#2896,#1729,.T.);
#3702=EDGE_CURVE('',#2896,#2897,#1730,.T.);
#3703=EDGE_CURVE('',#2897,#2894,#1731,.T.);
#3704=EDGE_CURVE('',#2844,#2894,#1732,.T.);
#3705=EDGE_CURVE('',#2845,#2897,#1733,.T.);
#3706=EDGE_CURVE('',#2882,#2896,#1734,.T.);
#3707=EDGE_CURVE('',#2883,#2895,#1735,.T.);
#3708=EDGE_CURVE('',#2898,#2898,#221,.T.);
#3709=EDGE_CURVE('',#2898,#2899,#1736,.T.);
#3710=EDGE_CURVE('',#2899,#2899,#222,.T.);
#3711=EDGE_CURVE('',#2900,#2900,#223,.T.);
#3712=EDGE_CURVE('',#2900,#2901,#1737,.T.);
#3713=EDGE_CURVE('',#2901,#2901,#224,.T.);
#3714=EDGE_CURVE('',#2902,#2902,#225,.T.);
#3715=EDGE_CURVE('',#2902,#2903,#1738,.T.);
#3716=EDGE_CURVE('',#2903,#2903,#226,.T.);
#3717=EDGE_CURVE('',#2904,#2904,#227,.T.);
#3718=EDGE_CURVE('',#2904,#2905,#1739,.T.);
#3719=EDGE_CURVE('',#2905,#2905,#228,.T.);
#3720=EDGE_CURVE('',#2906,#2906,#229,.T.);
#3721=EDGE_CURVE('',#2907,#2908,#230,.T.);
#3722=EDGE_CURVE('',#2907,#2906,#1740,.T.);
#3723=EDGE_CURVE('',#2908,#2907,#231,.T.);
#3724=EDGE_CURVE('',#2909,#2909,#232,.T.);
#3725=EDGE_CURVE('',#2909,#2908,#233,.T.);
#3726=EDGE_CURVE('',#2910,#2910,#234,.T.);
#3727=EDGE_CURVE('',#2911,#2910,#235,.T.);
#3728=EDGE_CURVE('',#2912,#2912,#236,.T.);
#3729=EDGE_CURVE('',#2912,#2913,#1741,.T.);
#3730=EDGE_CURVE('',#2913,#2913,#237,.T.);
#3731=EDGE_CURVE('',#2914,#2914,#238,.T.);
#3732=EDGE_CURVE('',#2914,#2915,#1742,.T.);
#3733=EDGE_CURVE('',#2915,#2915,#239,.T.);
#3734=EDGE_CURVE('',#2916,#2916,#240,.T.);
#3735=EDGE_CURVE('',#2916,#2917,#1743,.T.);
#3736=EDGE_CURVE('',#2917,#2917,#241,.T.);
#3737=EDGE_CURVE('',#2918,#2918,#242,.T.);
#3738=EDGE_CURVE('',#2918,#2919,#1744,.T.);
#3739=EDGE_CURVE('',#2919,#2919,#243,.T.);
#3740=EDGE_CURVE('',#2920,#2920,#244,.T.);
#3741=EDGE_CURVE('',#2921,#2922,#245,.T.);
#3742=EDGE_CURVE('',#2921,#2920,#1745,.T.);
#3743=EDGE_CURVE('',#2922,#2921,#246,.T.);
#3744=EDGE_CURVE('',#2923,#2923,#247,.T.);
#3745=EDGE_CURVE('',#2923,#2922,#248,.T.);
#3746=EDGE_CURVE('',#2924,#2924,#249,.T.);
#3747=EDGE_CURVE('',#2925,#2924,#250,.T.);
#3748=ORIENTED_EDGE('',*,*,#2926,.F.);
#3749=ORIENTED_EDGE('',*,*,#2927,.T.);
#3750=ORIENTED_EDGE('',*,*,#2928,.F.);
#3751=ORIENTED_EDGE('',*,*,#2929,.F.);
#3752=ORIENTED_EDGE('',*,*,#2930,.F.);
#3753=ORIENTED_EDGE('',*,*,#2929,.T.);
#3754=ORIENTED_EDGE('',*,*,#2931,.F.);
#3755=ORIENTED_EDGE('',*,*,#2932,.F.);
#3756=ORIENTED_EDGE('',*,*,#2933,.T.);
#3757=ORIENTED_EDGE('',*,*,#2934,.F.);
#3758=ORIENTED_EDGE('',*,*,#2935,.F.);
#3759=ORIENTED_EDGE('',*,*,#2927,.F.);
#3760=ORIENTED_EDGE('',*,*,#2935,.T.);
#3761=ORIENTED_EDGE('',*,*,#2936,.F.);
#3762=ORIENTED_EDGE('',*,*,#2931,.T.);
#3763=ORIENTED_EDGE('',*,*,#2928,.T.);
#3764=ORIENTED_EDGE('',*,*,#2933,.F.);
#3765=ORIENTED_EDGE('',*,*,#2926,.T.);
#3766=ORIENTED_EDGE('',*,*,#2930,.T.);
#3767=ORIENTED_EDGE('',*,*,#2937,.F.);
#3768=ORIENTED_EDGE('',*,*,#2938,.F.);
#3769=ORIENTED_EDGE('',*,*,#2939,.T.);
#3770=ORIENTED_EDGE('',*,*,#2940,.F.);
#3771=ORIENTED_EDGE('',*,*,#2941,.F.);
#3772=ORIENTED_EDGE('',*,*,#2942,.F.);
#3773=ORIENTED_EDGE('',*,*,#2941,.T.);
#3774=ORIENTED_EDGE('',*,*,#2943,.F.);
#3775=ORIENTED_EDGE('',*,*,#2944,.F.);
#3776=ORIENTED_EDGE('',*,*,#2945,.T.);
#3777=ORIENTED_EDGE('',*,*,#2946,.F.);
#3778=ORIENTED_EDGE('',*,*,#2947,.F.);
#3779=ORIENTED_EDGE('',*,*,#2939,.F.);
#3780=ORIENTED_EDGE('',*,*,#2947,.T.);
#3781=ORIENTED_EDGE('',*,*,#2948,.F.);
#3782=ORIENTED_EDGE('',*,*,#2943,.T.);
#3783=ORIENTED_EDGE('',*,*,#2940,.T.);
#3784=ORIENTED_EDGE('',*,*,#2945,.F.);
#3785=ORIENTED_EDGE('',*,*,#2938,.T.);
#3786=ORIENTED_EDGE('',*,*,#2942,.T.);
#3787=ORIENTED_EDGE('',*,*,#2949,.F.);
#3788=ORIENTED_EDGE('',*,*,#2950,.F.);
#3789=ORIENTED_EDGE('',*,*,#2951,.T.);
#3790=ORIENTED_EDGE('',*,*,#2952,.F.);
#3791=ORIENTED_EDGE('',*,*,#2953,.F.);
#3792=ORIENTED_EDGE('',*,*,#2954,.F.);
#3793=ORIENTED_EDGE('',*,*,#2953,.T.);
#3794=ORIENTED_EDGE('',*,*,#2955,.F.);
#3795=ORIENTED_EDGE('',*,*,#2956,.F.);
#3796=ORIENTED_EDGE('',*,*,#2957,.T.);
#3797=ORIENTED_EDGE('',*,*,#2958,.F.);
#3798=ORIENTED_EDGE('',*,*,#2959,.F.);
#3799=ORIENTED_EDGE('',*,*,#2951,.F.);
#3800=ORIENTED_EDGE('',*,*,#2959,.T.);
#3801=ORIENTED_EDGE('',*,*,#2960,.F.);
#3802=ORIENTED_EDGE('',*,*,#2955,.T.);
#3803=ORIENTED_EDGE('',*,*,#2952,.T.);
#3804=ORIENTED_EDGE('',*,*,#2957,.F.);
#3805=ORIENTED_EDGE('',*,*,#2950,.T.);
#3806=ORIENTED_EDGE('',*,*,#2954,.T.);
#3807=ORIENTED_EDGE('',*,*,#2961,.F.);
#3808=ORIENTED_EDGE('',*,*,#2962,.F.);
#3809=ORIENTED_EDGE('',*,*,#2963,.T.);
#3810=ORIENTED_EDGE('',*,*,#2964,.F.);
#3811=ORIENTED_EDGE('',*,*,#2965,.F.);
#3812=ORIENTED_EDGE('',*,*,#2966,.F.);
#3813=ORIENTED_EDGE('',*,*,#2965,.T.);
#3814=ORIENTED_EDGE('',*,*,#2967,.F.);
#3815=ORIENTED_EDGE('',*,*,#2968,.F.);
#3816=ORIENTED_EDGE('',*,*,#2969,.T.);
#3817=ORIENTED_EDGE('',*,*,#2970,.F.);
#3818=ORIENTED_EDGE('',*,*,#2971,.F.);
#3819=ORIENTED_EDGE('',*,*,#2963,.F.);
#3820=ORIENTED_EDGE('',*,*,#2971,.T.);
#3821=ORIENTED_EDGE('',*,*,#2972,.F.);
#3822=ORIENTED_EDGE('',*,*,#2967,.T.);
#3823=ORIENTED_EDGE('',*,*,#2964,.T.);
#3824=ORIENTED_EDGE('',*,*,#2969,.F.);
#3825=ORIENTED_EDGE('',*,*,#2962,.T.);
#3826=ORIENTED_EDGE('',*,*,#2966,.T.);
#3827=ORIENTED_EDGE('',*,*,#2973,.F.);
#3828=ORIENTED_EDGE('',*,*,#2974,.F.);
#3829=ORIENTED_EDGE('',*,*,#2975,.T.);
#3830=ORIENTED_EDGE('',*,*,#2976,.F.);
#3831=ORIENTED_EDGE('',*,*,#2977,.F.);
#3832=ORIENTED_EDGE('',*,*,#2978,.F.);
#3833=ORIENTED_EDGE('',*,*,#2976,.T.);
#3834=ORIENTED_EDGE('',*,*,#2979,.T.);
#3835=ORIENTED_EDGE('',*,*,#2977,.T.);
#3836=ORIENTED_EDGE('',*,*,#2978,.T.);
#3837=ORIENTED_EDGE('',*,*,#2980,.F.);
#3838=ORIENTED_EDGE('',*,*,#2981,.T.);
#3839=ORIENTED_EDGE('',*,*,#2982,.T.);
#3840=ORIENTED_EDGE('',*,*,#2983,.F.);
#3841=ORIENTED_EDGE('',*,*,#2984,.F.);
#3842=ORIENTED_EDGE('',*,*,#2985,.F.);
#3843=ORIENTED_EDGE('',*,*,#2986,.F.);
#3844=ORIENTED_EDGE('',*,*,#2987,.F.);
#3845=ORIENTED_EDGE('',*,*,#2986,.T.);
#3846=ORIENTED_EDGE('',*,*,#2988,.F.);
#3847=ORIENTED_EDGE('',*,*,#2989,.T.);
#3848=ORIENTED_EDGE('',*,*,#2974,.T.);
#3849=ORIENTED_EDGE('',*,*,#2983,.T.);
#3850=ORIENTED_EDGE('',*,*,#2990,.T.);
#3851=ORIENTED_EDGE('',*,*,#2991,.F.);
#3852=ORIENTED_EDGE('',*,*,#2984,.T.);
#3853=ORIENTED_EDGE('',*,*,#2992,.F.);
#3854=ORIENTED_EDGE('',*,*,#2993,.F.);
#3855=ORIENTED_EDGE('',*,*,#2994,.F.);
#3856=ORIENTED_EDGE('',*,*,#2995,.F.);
#3857=ORIENTED_EDGE('',*,*,#2996,.F.);
#3858=ORIENTED_EDGE('',*,*,#2995,.T.);
#3859=ORIENTED_EDGE('',*,*,#2997,.F.);
#3860=ORIENTED_EDGE('',*,*,#2998,.T.);
#3861=ORIENTED_EDGE('',*,*,#2997,.T.);
#3862=ORIENTED_EDGE('',*,*,#2994,.T.);
#3863=ORIENTED_EDGE('',*,*,#2999,.T.);
#3864=ORIENTED_EDGE('',*,*,#3000,.T.);
#3865=ORIENTED_EDGE('',*,*,#3001,.F.);
#3866=ORIENTED_EDGE('',*,*,#3002,.F.);
#3867=ORIENTED_EDGE('',*,*,#2993,.T.);
#3868=ORIENTED_EDGE('',*,*,#3003,.F.);
#3869=ORIENTED_EDGE('',*,*,#3004,.T.);
#3870=ORIENTED_EDGE('',*,*,#3005,.T.);
#3871=ORIENTED_EDGE('',*,*,#3006,.T.);
#3872=ORIENTED_EDGE('',*,*,#2999,.F.);
#3873=ORIENTED_EDGE('',*,*,#3004,.F.);
#3874=ORIENTED_EDGE('',*,*,#3007,.T.);
#3875=ORIENTED_EDGE('',*,*,#3008,.F.);
#3876=ORIENTED_EDGE('',*,*,#3009,.F.);
#3877=ORIENTED_EDGE('',*,*,#3010,.F.);
#3878=ORIENTED_EDGE('',*,*,#3008,.T.);
#3879=ORIENTED_EDGE('',*,*,#3011,.T.);
#3880=ORIENTED_EDGE('',*,*,#3009,.T.);
#3881=ORIENTED_EDGE('',*,*,#3010,.T.);
#3882=ORIENTED_EDGE('',*,*,#3012,.F.);
#3883=ORIENTED_EDGE('',*,*,#3013,.T.);
#3884=ORIENTED_EDGE('',*,*,#3014,.T.);
#3885=ORIENTED_EDGE('',*,*,#3005,.F.);
#3886=ORIENTED_EDGE('',*,*,#3015,.F.);
#3887=ORIENTED_EDGE('',*,*,#3016,.F.);
#3888=ORIENTED_EDGE('',*,*,#3017,.F.);
#3889=ORIENTED_EDGE('',*,*,#3018,.F.);
#3890=ORIENTED_EDGE('',*,*,#3017,.T.);
#3891=ORIENTED_EDGE('',*,*,#3019,.F.);
#3892=ORIENTED_EDGE('',*,*,#3020,.T.);
#3893=ORIENTED_EDGE('',*,*,#3019,.T.);
#3894=ORIENTED_EDGE('',*,*,#3016,.T.);
#3895=ORIENTED_EDGE('',*,*,#3021,.T.);
#3896=ORIENTED_EDGE('',*,*,#3022,.T.);
#3897=ORIENTED_EDGE('',*,*,#3023,.F.);
#3898=ORIENTED_EDGE('',*,*,#3024,.F.);
#3899=ORIENTED_EDGE('',*,*,#3015,.T.);
#3900=ORIENTED_EDGE('',*,*,#3025,.F.);
#3901=ORIENTED_EDGE('',*,*,#3026,.T.);
#3902=ORIENTED_EDGE('',*,*,#3027,.T.);
#3903=ORIENTED_EDGE('',*,*,#3028,.T.);
#3904=ORIENTED_EDGE('',*,*,#3021,.F.);
#3905=ORIENTED_EDGE('',*,*,#3026,.F.);
#3906=ORIENTED_EDGE('',*,*,#3029,.T.);
#3907=ORIENTED_EDGE('',*,*,#3030,.F.);
#3908=ORIENTED_EDGE('',*,*,#3031,.F.);
#3909=ORIENTED_EDGE('',*,*,#3032,.F.);
#3910=ORIENTED_EDGE('',*,*,#3030,.T.);
#3911=ORIENTED_EDGE('',*,*,#3033,.T.);
#3912=ORIENTED_EDGE('',*,*,#3031,.T.);
#3913=ORIENTED_EDGE('',*,*,#3032,.T.);
#3914=ORIENTED_EDGE('',*,*,#3034,.F.);
#3915=ORIENTED_EDGE('',*,*,#3035,.T.);
#3916=ORIENTED_EDGE('',*,*,#3036,.T.);
#3917=ORIENTED_EDGE('',*,*,#3027,.F.);
#3918=ORIENTED_EDGE('',*,*,#3037,.F.);
#3919=ORIENTED_EDGE('',*,*,#3038,.F.);
#3920=ORIENTED_EDGE('',*,*,#3039,.F.);
#3921=ORIENTED_EDGE('',*,*,#3040,.F.);
#3922=ORIENTED_EDGE('',*,*,#3039,.T.);
#3923=ORIENTED_EDGE('',*,*,#3041,.F.);
#3924=ORIENTED_EDGE('',*,*,#3042,.T.);
#3925=ORIENTED_EDGE('',*,*,#3041,.T.);
#3926=ORIENTED_EDGE('',*,*,#3038,.T.);
#3927=ORIENTED_EDGE('',*,*,#3043,.T.);
#3928=ORIENTED_EDGE('',*,*,#3044,.T.);
#3929=ORIENTED_EDGE('',*,*,#3045,.F.);
#3930=ORIENTED_EDGE('',*,*,#3046,.F.);
#3931=ORIENTED_EDGE('',*,*,#3037,.T.);
#3932=ORIENTED_EDGE('',*,*,#3047,.F.);
#3933=ORIENTED_EDGE('',*,*,#3048,.T.);
#3934=ORIENTED_EDGE('',*,*,#3049,.T.);
#3935=ORIENTED_EDGE('',*,*,#3050,.T.);
#3936=ORIENTED_EDGE('',*,*,#3043,.F.);
#3937=ORIENTED_EDGE('',*,*,#3051,.F.);
#3938=ORIENTED_EDGE('',*,*,#3052,.F.);
#3939=ORIENTED_EDGE('',*,*,#3053,.F.);
#3940=ORIENTED_EDGE('',*,*,#3054,.F.);
#3941=ORIENTED_EDGE('',*,*,#3055,.T.);
#3942=ORIENTED_EDGE('',*,*,#3056,.F.);
#3943=ORIENTED_EDGE('',*,*,#3057,.T.);
#3944=ORIENTED_EDGE('',*,*,#3058,.T.);
#3945=ORIENTED_EDGE('',*,*,#3059,.F.);
#3946=ORIENTED_EDGE('',*,*,#3060,.F.);
#3947=ORIENTED_EDGE('',*,*,#3048,.F.);
#3948=ORIENTED_EDGE('',*,*,#3061,.T.);
#3949=ORIENTED_EDGE('',*,*,#3062,.F.);
#3950=ORIENTED_EDGE('',*,*,#3063,.F.);
#3951=ORIENTED_EDGE('',*,*,#3064,.F.);
#3952=ORIENTED_EDGE('',*,*,#3062,.T.);
#3953=ORIENTED_EDGE('',*,*,#3065,.T.);
#3954=ORIENTED_EDGE('',*,*,#3063,.T.);
#3955=ORIENTED_EDGE('',*,*,#3064,.T.);
#3956=ORIENTED_EDGE('',*,*,#3066,.F.);
#3957=ORIENTED_EDGE('',*,*,#3067,.T.);
#3958=ORIENTED_EDGE('',*,*,#3068,.T.);
#3959=ORIENTED_EDGE('',*,*,#3049,.F.);
#3960=ORIENTED_EDGE('',*,*,#3069,.F.);
#3961=ORIENTED_EDGE('',*,*,#3070,.F.);
#3962=ORIENTED_EDGE('',*,*,#3071,.F.);
#3963=ORIENTED_EDGE('',*,*,#3072,.F.);
#3964=ORIENTED_EDGE('',*,*,#3056,.T.);
#3965=ORIENTED_EDGE('',*,*,#3073,.F.);
#3966=ORIENTED_EDGE('',*,*,#3052,.T.);
#3967=ORIENTED_EDGE('',*,*,#3074,.T.);
#3968=ORIENTED_EDGE('',*,*,#3075,.T.);
#3969=ORIENTED_EDGE('',*,*,#3076,.T.);
#3970=ORIENTED_EDGE('',*,*,#3077,.F.);
#3971=ORIENTED_EDGE('',*,*,#3069,.T.);
#3972=ORIENTED_EDGE('',*,*,#3078,.T.);
#3973=ORIENTED_EDGE('',*,*,#3054,.T.);
#3974=ORIENTED_EDGE('',*,*,#3079,.F.);
#3975=ORIENTED_EDGE('',*,*,#3080,.F.);
#3976=ORIENTED_EDGE('',*,*,#3081,.T.);
#3977=ORIENTED_EDGE('',*,*,#3071,.T.);
#3978=ORIENTED_EDGE('',*,*,#3082,.F.);
#3979=ORIENTED_EDGE('',*,*,#3083,.F.);
#3980=ORIENTED_EDGE('',*,*,#3084,.F.);
#3981=ORIENTED_EDGE('',*,*,#3085,.T.);
#3982=ORIENTED_EDGE('',*,*,#3086,.T.);
#3983=ORIENTED_EDGE('',*,*,#3087,.T.);
#3984=ORIENTED_EDGE('',*,*,#3088,.T.);
#3985=ORIENTED_EDGE('',*,*,#2980,.T.);
#3986=ORIENTED_EDGE('',*,*,#2979,.F.);
#3987=ORIENTED_EDGE('',*,*,#2975,.F.);
#3988=ORIENTED_EDGE('',*,*,#2992,.T.);
#3989=ORIENTED_EDGE('',*,*,#2987,.T.);
#3990=ORIENTED_EDGE('',*,*,#2989,.F.);
#3991=ORIENTED_EDGE('',*,*,#3003,.T.);
#3992=ORIENTED_EDGE('',*,*,#2996,.T.);
#3993=ORIENTED_EDGE('',*,*,#2998,.F.);
#3994=ORIENTED_EDGE('',*,*,#3002,.T.);
#3995=ORIENTED_EDGE('',*,*,#3089,.T.);
#3996=ORIENTED_EDGE('',*,*,#3012,.T.);
#3997=ORIENTED_EDGE('',*,*,#3011,.F.);
#3998=ORIENTED_EDGE('',*,*,#3007,.F.);
#3999=ORIENTED_EDGE('',*,*,#3025,.T.);
#4000=ORIENTED_EDGE('',*,*,#3018,.T.);
#4001=ORIENTED_EDGE('',*,*,#3020,.F.);
#4002=ORIENTED_EDGE('',*,*,#3024,.T.);
#4003=ORIENTED_EDGE('',*,*,#3090,.T.);
#4004=ORIENTED_EDGE('',*,*,#3034,.T.);
#4005=ORIENTED_EDGE('',*,*,#3033,.F.);
#4006=ORIENTED_EDGE('',*,*,#3029,.F.);
#4007=ORIENTED_EDGE('',*,*,#3047,.T.);
#4008=ORIENTED_EDGE('',*,*,#3040,.T.);
#4009=ORIENTED_EDGE('',*,*,#3042,.F.);
#4010=ORIENTED_EDGE('',*,*,#3046,.T.);
#4011=ORIENTED_EDGE('',*,*,#3091,.T.);
#4012=ORIENTED_EDGE('',*,*,#3066,.T.);
#4013=ORIENTED_EDGE('',*,*,#3065,.F.);
#4014=ORIENTED_EDGE('',*,*,#3061,.F.);
#4015=ORIENTED_EDGE('',*,*,#3092,.F.);
#4016=ORIENTED_EDGE('',*,*,#3093,.F.);
#4017=ORIENTED_EDGE('',*,*,#3094,.T.);
#4018=ORIENTED_EDGE('',*,*,#3080,.T.);
#4019=ORIENTED_EDGE('',*,*,#3095,.T.);
#4020=ORIENTED_EDGE('',*,*,#3096,.T.);
#4021=ORIENTED_EDGE('',*,*,#3084,.T.);
#4022=ORIENTED_EDGE('',*,*,#3097,.T.);
#4023=ORIENTED_EDGE('',*,*,#2946,.T.);
#4024=ORIENTED_EDGE('',*,*,#2949,.T.);
#4025=ORIENTED_EDGE('',*,*,#2944,.T.);
#4026=ORIENTED_EDGE('',*,*,#2948,.T.);
#4027=ORIENTED_EDGE('',*,*,#2970,.T.);
#4028=ORIENTED_EDGE('',*,*,#2973,.T.);
#4029=ORIENTED_EDGE('',*,*,#2968,.T.);
#4030=ORIENTED_EDGE('',*,*,#2972,.T.);
#4031=ORIENTED_EDGE('',*,*,#3098,.T.);
#4032=ORIENTED_EDGE('',*,*,#3099,.T.);
#4033=ORIENTED_EDGE('',*,*,#3100,.T.);
#4034=ORIENTED_EDGE('',*,*,#3075,.F.);
#4035=ORIENTED_EDGE('',*,*,#3101,.F.);
#4036=ORIENTED_EDGE('',*,*,#2934,.T.);
#4037=ORIENTED_EDGE('',*,*,#2937,.T.);
#4038=ORIENTED_EDGE('',*,*,#2932,.T.);
#4039=ORIENTED_EDGE('',*,*,#2936,.T.);
#4040=ORIENTED_EDGE('',*,*,#2958,.T.);
#4041=ORIENTED_EDGE('',*,*,#2961,.T.);
#4042=ORIENTED_EDGE('',*,*,#2956,.T.);
#4043=ORIENTED_EDGE('',*,*,#2960,.T.);
#4044=ORIENTED_EDGE('',*,*,#3090,.F.);
#4045=ORIENTED_EDGE('',*,*,#3023,.T.);
#4046=ORIENTED_EDGE('',*,*,#3102,.T.);
#4047=ORIENTED_EDGE('',*,*,#3035,.F.);
#4048=ORIENTED_EDGE('',*,*,#3022,.F.);
#4049=ORIENTED_EDGE('',*,*,#3028,.F.);
#4050=ORIENTED_EDGE('',*,*,#3036,.F.);
#4051=ORIENTED_EDGE('',*,*,#3102,.F.);
#4052=ORIENTED_EDGE('',*,*,#3091,.F.);
#4053=ORIENTED_EDGE('',*,*,#3045,.T.);
#4054=ORIENTED_EDGE('',*,*,#3103,.T.);
#4055=ORIENTED_EDGE('',*,*,#3067,.F.);
#4056=ORIENTED_EDGE('',*,*,#3044,.F.);
#4057=ORIENTED_EDGE('',*,*,#3050,.F.);
#4058=ORIENTED_EDGE('',*,*,#3068,.F.);
#4059=ORIENTED_EDGE('',*,*,#3103,.F.);
#4060=ORIENTED_EDGE('',*,*,#3104,.F.);
#4061=ORIENTED_EDGE('',*,*,#3105,.T.);
#4062=ORIENTED_EDGE('',*,*,#3106,.F.);
#4063=ORIENTED_EDGE('',*,*,#3107,.F.);
#4064=ORIENTED_EDGE('',*,*,#3108,.F.);
#4065=ORIENTED_EDGE('',*,*,#3109,.T.);
#4066=ORIENTED_EDGE('',*,*,#3110,.F.);
#4067=ORIENTED_EDGE('',*,*,#3105,.F.);
#4068=ORIENTED_EDGE('',*,*,#3111,.F.);
#4069=ORIENTED_EDGE('',*,*,#3112,.T.);
#4070=ORIENTED_EDGE('',*,*,#3113,.F.);
#4071=ORIENTED_EDGE('',*,*,#3109,.F.);
#4072=ORIENTED_EDGE('',*,*,#3114,.F.);
#4073=ORIENTED_EDGE('',*,*,#3115,.T.);
#4074=ORIENTED_EDGE('',*,*,#3116,.F.);
#4075=ORIENTED_EDGE('',*,*,#3112,.F.);
#4076=ORIENTED_EDGE('',*,*,#3117,.F.);
#4077=ORIENTED_EDGE('',*,*,#3118,.T.);
#4078=ORIENTED_EDGE('',*,*,#3119,.F.);
#4079=ORIENTED_EDGE('',*,*,#3115,.F.);
#4080=ORIENTED_EDGE('',*,*,#3120,.F.);
#4081=ORIENTED_EDGE('',*,*,#3121,.T.);
#4082=ORIENTED_EDGE('',*,*,#3122,.F.);
#4083=ORIENTED_EDGE('',*,*,#3118,.F.);
#4084=ORIENTED_EDGE('',*,*,#3123,.F.);
#4085=ORIENTED_EDGE('',*,*,#3124,.T.);
#4086=ORIENTED_EDGE('',*,*,#3125,.F.);
#4087=ORIENTED_EDGE('',*,*,#3121,.F.);
#4088=ORIENTED_EDGE('',*,*,#3126,.F.);
#4089=ORIENTED_EDGE('',*,*,#3107,.T.);
#4090=ORIENTED_EDGE('',*,*,#3127,.F.);
#4091=ORIENTED_EDGE('',*,*,#3124,.F.);
#4092=ORIENTED_EDGE('',*,*,#3128,.T.);
#4093=ORIENTED_EDGE('',*,*,#3129,.F.);
#4094=ORIENTED_EDGE('',*,*,#3097,.F.);
#4095=ORIENTED_EDGE('',*,*,#3083,.T.);
#4096=ORIENTED_EDGE('',*,*,#3082,.T.);
#4097=ORIENTED_EDGE('',*,*,#3070,.T.);
#4098=ORIENTED_EDGE('',*,*,#3077,.T.);
#4099=ORIENTED_EDGE('',*,*,#3076,.F.);
#4100=ORIENTED_EDGE('',*,*,#3100,.F.);
#4101=ORIENTED_EDGE('',*,*,#3099,.F.);
#4102=ORIENTED_EDGE('',*,*,#3130,.F.);
#4103=ORIENTED_EDGE('',*,*,#3104,.T.);
#4104=ORIENTED_EDGE('',*,*,#3126,.T.);
#4105=ORIENTED_EDGE('',*,*,#3123,.T.);
#4106=ORIENTED_EDGE('',*,*,#3120,.T.);
#4107=ORIENTED_EDGE('',*,*,#3117,.T.);
#4108=ORIENTED_EDGE('',*,*,#3114,.T.);
#4109=ORIENTED_EDGE('',*,*,#3111,.T.);
#4110=ORIENTED_EDGE('',*,*,#3108,.T.);
#4111=ORIENTED_EDGE('',*,*,#3131,.F.);
#4112=ORIENTED_EDGE('',*,*,#3058,.F.);
#4113=ORIENTED_EDGE('',*,*,#3057,.F.);
#4114=ORIENTED_EDGE('',*,*,#3078,.F.);
#4115=ORIENTED_EDGE('',*,*,#3072,.T.);
#4116=ORIENTED_EDGE('',*,*,#3081,.F.);
#4117=ORIENTED_EDGE('',*,*,#3094,.F.);
#4118=ORIENTED_EDGE('',*,*,#3106,.T.);
#4119=ORIENTED_EDGE('',*,*,#3110,.T.);
#4120=ORIENTED_EDGE('',*,*,#3113,.T.);
#4121=ORIENTED_EDGE('',*,*,#3116,.T.);
#4122=ORIENTED_EDGE('',*,*,#3119,.T.);
#4123=ORIENTED_EDGE('',*,*,#3122,.T.);
#4124=ORIENTED_EDGE('',*,*,#3125,.T.);
#4125=ORIENTED_EDGE('',*,*,#3127,.T.);
#4126=ORIENTED_EDGE('',*,*,#3132,.F.);
#4127=ORIENTED_EDGE('',*,*,#3092,.T.);
#4128=ORIENTED_EDGE('',*,*,#3079,.T.);
#4129=ORIENTED_EDGE('',*,*,#3053,.T.);
#4130=ORIENTED_EDGE('',*,*,#3073,.T.);
#4131=ORIENTED_EDGE('',*,*,#3055,.F.);
#4132=ORIENTED_EDGE('',*,*,#3060,.T.);
#4133=ORIENTED_EDGE('',*,*,#3089,.F.);
#4134=ORIENTED_EDGE('',*,*,#3001,.T.);
#4135=ORIENTED_EDGE('',*,*,#3133,.T.);
#4136=ORIENTED_EDGE('',*,*,#3013,.F.);
#4137=ORIENTED_EDGE('',*,*,#3000,.F.);
#4138=ORIENTED_EDGE('',*,*,#3006,.F.);
#4139=ORIENTED_EDGE('',*,*,#3014,.F.);
#4140=ORIENTED_EDGE('',*,*,#3133,.F.);
#4141=ORIENTED_EDGE('',*,*,#2985,.T.);
#4142=ORIENTED_EDGE('',*,*,#2991,.T.);
#4143=ORIENTED_EDGE('',*,*,#3134,.T.);
#4144=ORIENTED_EDGE('',*,*,#3135,.F.);
#4145=ORIENTED_EDGE('',*,*,#3087,.F.);
#4146=ORIENTED_EDGE('',*,*,#2988,.T.);
#4147=ORIENTED_EDGE('',*,*,#3088,.F.);
#4148=ORIENTED_EDGE('',*,*,#3135,.T.);
#4149=ORIENTED_EDGE('',*,*,#3136,.T.);
#4150=ORIENTED_EDGE('',*,*,#2981,.F.);
#4151=ORIENTED_EDGE('',*,*,#3136,.F.);
#4152=ORIENTED_EDGE('',*,*,#3134,.F.);
#4153=ORIENTED_EDGE('',*,*,#2990,.F.);
#4154=ORIENTED_EDGE('',*,*,#2982,.F.);
#4155=ORIENTED_EDGE('',*,*,#3086,.F.);
#4156=ORIENTED_EDGE('',*,*,#3085,.F.);
#4157=ORIENTED_EDGE('',*,*,#3096,.F.);
#4158=ORIENTED_EDGE('',*,*,#3137,.T.);
#4159=ORIENTED_EDGE('',*,*,#3138,.T.);
#4160=ORIENTED_EDGE('',*,*,#3101,.T.);
#4161=ORIENTED_EDGE('',*,*,#3074,.F.);
#4162=ORIENTED_EDGE('',*,*,#3051,.T.);
#4163=ORIENTED_EDGE('',*,*,#3139,.F.);
#4164=ORIENTED_EDGE('',*,*,#3140,.T.);
#4165=ORIENTED_EDGE('',*,*,#3141,.F.);
#4166=ORIENTED_EDGE('',*,*,#3142,.F.);
#4167=ORIENTED_EDGE('',*,*,#3143,.F.);
#4168=ORIENTED_EDGE('',*,*,#3142,.T.);
#4169=ORIENTED_EDGE('',*,*,#3144,.F.);
#4170=ORIENTED_EDGE('',*,*,#3145,.F.);
#4171=ORIENTED_EDGE('',*,*,#3146,.F.);
#4172=ORIENTED_EDGE('',*,*,#3145,.T.);
#4173=ORIENTED_EDGE('',*,*,#3147,.F.);
#4174=ORIENTED_EDGE('',*,*,#3148,.F.);
#4175=ORIENTED_EDGE('',*,*,#3149,.F.);
#4176=ORIENTED_EDGE('',*,*,#3148,.T.);
#4177=ORIENTED_EDGE('',*,*,#3150,.F.);
#4178=ORIENTED_EDGE('',*,*,#3140,.F.);
#4179=ORIENTED_EDGE('',*,*,#3149,.T.);
#4180=ORIENTED_EDGE('',*,*,#3139,.T.);
#4181=ORIENTED_EDGE('',*,*,#3143,.T.);
#4182=ORIENTED_EDGE('',*,*,#3146,.T.);
#4183=ORIENTED_EDGE('',*,*,#3151,.F.);
#4184=ORIENTED_EDGE('',*,*,#3152,.T.);
#4185=ORIENTED_EDGE('',*,*,#3153,.F.);
#4186=ORIENTED_EDGE('',*,*,#3154,.F.);
#4187=ORIENTED_EDGE('',*,*,#3155,.F.);
#4188=ORIENTED_EDGE('',*,*,#3154,.T.);
#4189=ORIENTED_EDGE('',*,*,#3156,.F.);
#4190=ORIENTED_EDGE('',*,*,#3157,.F.);
#4191=ORIENTED_EDGE('',*,*,#3158,.F.);
#4192=ORIENTED_EDGE('',*,*,#3157,.T.);
#4193=ORIENTED_EDGE('',*,*,#3159,.F.);
#4194=ORIENTED_EDGE('',*,*,#3160,.F.);
#4195=ORIENTED_EDGE('',*,*,#3161,.F.);
#4196=ORIENTED_EDGE('',*,*,#3160,.T.);
#4197=ORIENTED_EDGE('',*,*,#3162,.F.);
#4198=ORIENTED_EDGE('',*,*,#3152,.F.);
#4199=ORIENTED_EDGE('',*,*,#3161,.T.);
#4200=ORIENTED_EDGE('',*,*,#3151,.T.);
#4201=ORIENTED_EDGE('',*,*,#3155,.T.);
#4202=ORIENTED_EDGE('',*,*,#3158,.T.);
#4203=ORIENTED_EDGE('',*,*,#3163,.T.);
#4204=ORIENTED_EDGE('',*,*,#3164,.T.);
#4205=ORIENTED_EDGE('',*,*,#3165,.F.);
#4206=ORIENTED_EDGE('',*,*,#3166,.F.);
#4207=ORIENTED_EDGE('',*,*,#3167,.T.);
#4208=ORIENTED_EDGE('',*,*,#3166,.T.);
#4209=ORIENTED_EDGE('',*,*,#3168,.F.);
#4210=ORIENTED_EDGE('',*,*,#3169,.F.);
#4211=ORIENTED_EDGE('',*,*,#3170,.T.);
#4212=ORIENTED_EDGE('',*,*,#3169,.T.);
#4213=ORIENTED_EDGE('',*,*,#3171,.F.);
#4214=ORIENTED_EDGE('',*,*,#3172,.F.);
#4215=ORIENTED_EDGE('',*,*,#3173,.T.);
#4216=ORIENTED_EDGE('',*,*,#3172,.T.);
#4217=ORIENTED_EDGE('',*,*,#3174,.F.);
#4218=ORIENTED_EDGE('',*,*,#3164,.F.);
#4219=ORIENTED_EDGE('',*,*,#3173,.F.);
#4220=ORIENTED_EDGE('',*,*,#3163,.F.);
#4221=ORIENTED_EDGE('',*,*,#3167,.F.);
#4222=ORIENTED_EDGE('',*,*,#3170,.F.);
#4223=ORIENTED_EDGE('',*,*,#3175,.F.);
#4224=ORIENTED_EDGE('',*,*,#3176,.T.);
#4225=ORIENTED_EDGE('',*,*,#3177,.F.);
#4226=ORIENTED_EDGE('',*,*,#3178,.F.);
#4227=ORIENTED_EDGE('',*,*,#3179,.F.);
#4228=ORIENTED_EDGE('',*,*,#3178,.T.);
#4229=ORIENTED_EDGE('',*,*,#3180,.F.);
#4230=ORIENTED_EDGE('',*,*,#3181,.F.);
#4231=ORIENTED_EDGE('',*,*,#3182,.F.);
#4232=ORIENTED_EDGE('',*,*,#3181,.T.);
#4233=ORIENTED_EDGE('',*,*,#3183,.F.);
#4234=ORIENTED_EDGE('',*,*,#3184,.F.);
#4235=ORIENTED_EDGE('',*,*,#3185,.F.);
#4236=ORIENTED_EDGE('',*,*,#3184,.T.);
#4237=ORIENTED_EDGE('',*,*,#3186,.F.);
#4238=ORIENTED_EDGE('',*,*,#3176,.F.);
#4239=ORIENTED_EDGE('',*,*,#3185,.T.);
#4240=ORIENTED_EDGE('',*,*,#3175,.T.);
#4241=ORIENTED_EDGE('',*,*,#3179,.T.);
#4242=ORIENTED_EDGE('',*,*,#3182,.T.);
#4243=ORIENTED_EDGE('',*,*,#3187,.F.);
#4244=ORIENTED_EDGE('',*,*,#3188,.T.);
#4245=ORIENTED_EDGE('',*,*,#3189,.F.);
#4246=ORIENTED_EDGE('',*,*,#3188,.F.);
#4247=ORIENTED_EDGE('',*,*,#3190,.F.);
#4248=ORIENTED_EDGE('',*,*,#3191,.T.);
#4249=ORIENTED_EDGE('',*,*,#3192,.F.);
#4250=ORIENTED_EDGE('',*,*,#3191,.F.);
#4251=ORIENTED_EDGE('',*,*,#3190,.T.);
#4252=ORIENTED_EDGE('',*,*,#3187,.T.);
#4253=ORIENTED_EDGE('',*,*,#3059,.T.);
#4254=ORIENTED_EDGE('',*,*,#3131,.T.);
#4255=ORIENTED_EDGE('',*,*,#3093,.T.);
#4256=ORIENTED_EDGE('',*,*,#3132,.T.);
#4257=ORIENTED_EDGE('',*,*,#3141,.T.);
#4258=ORIENTED_EDGE('',*,*,#3150,.T.);
#4259=ORIENTED_EDGE('',*,*,#3147,.T.);
#4260=ORIENTED_EDGE('',*,*,#3144,.T.);
#4261=ORIENTED_EDGE('',*,*,#3153,.T.);
#4262=ORIENTED_EDGE('',*,*,#3162,.T.);
#4263=ORIENTED_EDGE('',*,*,#3159,.T.);
#4264=ORIENTED_EDGE('',*,*,#3156,.T.);
#4265=ORIENTED_EDGE('',*,*,#3165,.T.);
#4266=ORIENTED_EDGE('',*,*,#3174,.T.);
#4267=ORIENTED_EDGE('',*,*,#3171,.T.);
#4268=ORIENTED_EDGE('',*,*,#3168,.T.);
#4269=ORIENTED_EDGE('',*,*,#3177,.T.);
#4270=ORIENTED_EDGE('',*,*,#3186,.T.);
#4271=ORIENTED_EDGE('',*,*,#3183,.T.);
#4272=ORIENTED_EDGE('',*,*,#3180,.T.);
#4273=ORIENTED_EDGE('',*,*,#3193,.T.);
#4274=ORIENTED_EDGE('',*,*,#3192,.T.);
#4275=ORIENTED_EDGE('',*,*,#3194,.F.);
#4276=ORIENTED_EDGE('',*,*,#3195,.T.);
#4277=ORIENTED_EDGE('',*,*,#3196,.F.);
#4278=ORIENTED_EDGE('',*,*,#3195,.F.);
#4279=ORIENTED_EDGE('',*,*,#3197,.F.);
#4280=ORIENTED_EDGE('',*,*,#3198,.T.);
#4281=ORIENTED_EDGE('',*,*,#3193,.F.);
#4282=ORIENTED_EDGE('',*,*,#3198,.F.);
#4283=ORIENTED_EDGE('',*,*,#3197,.T.);
#4284=ORIENTED_EDGE('',*,*,#3194,.T.);
#4285=ORIENTED_EDGE('',*,*,#3189,.T.);
#4286=ORIENTED_EDGE('',*,*,#3138,.F.);
#4287=ORIENTED_EDGE('',*,*,#3137,.F.);
#4288=ORIENTED_EDGE('',*,*,#3095,.F.);
#4289=ORIENTED_EDGE('',*,*,#3129,.T.);
#4290=ORIENTED_EDGE('',*,*,#3128,.F.);
#4291=ORIENTED_EDGE('',*,*,#3130,.T.);
#4292=ORIENTED_EDGE('',*,*,#3098,.F.);
#4293=ORIENTED_EDGE('',*,*,#3196,.T.);
#4294=ORIENTED_EDGE('',*,*,#3199,.F.);
#4295=ORIENTED_EDGE('',*,*,#3200,.T.);
#4296=ORIENTED_EDGE('',*,*,#3201,.F.);
#4297=ORIENTED_EDGE('',*,*,#3202,.F.);
#4298=ORIENTED_EDGE('',*,*,#3203,.T.);
#4299=ORIENTED_EDGE('',*,*,#3204,.T.);
#4300=ORIENTED_EDGE('',*,*,#3205,.F.);
#4301=ORIENTED_EDGE('',*,*,#3206,.F.);
#4302=ORIENTED_EDGE('',*,*,#3207,.F.);
#4303=ORIENTED_EDGE('',*,*,#3208,.T.);
#4304=ORIENTED_EDGE('',*,*,#3209,.F.);
#4305=ORIENTED_EDGE('',*,*,#3203,.F.);
#4306=ORIENTED_EDGE('',*,*,#3210,.F.);
#4307=ORIENTED_EDGE('',*,*,#3211,.T.);
#4308=ORIENTED_EDGE('',*,*,#3212,.F.);
#4309=ORIENTED_EDGE('',*,*,#3208,.F.);
#4310=ORIENTED_EDGE('',*,*,#3213,.F.);
#4311=ORIENTED_EDGE('',*,*,#3214,.T.);
#4312=ORIENTED_EDGE('',*,*,#3215,.F.);
#4313=ORIENTED_EDGE('',*,*,#3211,.F.);
#4314=ORIENTED_EDGE('',*,*,#3216,.F.);
#4315=ORIENTED_EDGE('',*,*,#3217,.T.);
#4316=ORIENTED_EDGE('',*,*,#3218,.F.);
#4317=ORIENTED_EDGE('',*,*,#3214,.F.);
#4318=ORIENTED_EDGE('',*,*,#3219,.F.);
#4319=ORIENTED_EDGE('',*,*,#3199,.T.);
#4320=ORIENTED_EDGE('',*,*,#3220,.F.);
#4321=ORIENTED_EDGE('',*,*,#3217,.F.);
#4322=ORIENTED_EDGE('',*,*,#3207,.T.);
#4323=ORIENTED_EDGE('',*,*,#3206,.T.);
#4324=ORIENTED_EDGE('',*,*,#3221,.F.);
#4325=ORIENTED_EDGE('',*,*,#3200,.F.);
#4326=ORIENTED_EDGE('',*,*,#3219,.T.);
#4327=ORIENTED_EDGE('',*,*,#3216,.T.);
#4328=ORIENTED_EDGE('',*,*,#3213,.T.);
#4329=ORIENTED_EDGE('',*,*,#3210,.T.);
#4330=ORIENTED_EDGE('',*,*,#3209,.T.);
#4331=ORIENTED_EDGE('',*,*,#3212,.T.);
#4332=ORIENTED_EDGE('',*,*,#3215,.T.);
#4333=ORIENTED_EDGE('',*,*,#3218,.T.);
#4334=ORIENTED_EDGE('',*,*,#3220,.T.);
#4335=ORIENTED_EDGE('',*,*,#3202,.T.);
#4336=ORIENTED_EDGE('',*,*,#3222,.F.);
#4337=ORIENTED_EDGE('',*,*,#3204,.F.);
#4338=ORIENTED_EDGE('',*,*,#3223,.F.);
#4339=ORIENTED_EDGE('',*,*,#3224,.T.);
#4340=ORIENTED_EDGE('',*,*,#3225,.F.);
#4341=ORIENTED_EDGE('',*,*,#3226,.F.);
#4342=ORIENTED_EDGE('',*,*,#3227,.T.);
#4343=ORIENTED_EDGE('',*,*,#3228,.T.);
#4344=ORIENTED_EDGE('',*,*,#3229,.F.);
#4345=ORIENTED_EDGE('',*,*,#3230,.F.);
#4346=ORIENTED_EDGE('',*,*,#3231,.F.);
#4347=ORIENTED_EDGE('',*,*,#3232,.T.);
#4348=ORIENTED_EDGE('',*,*,#3233,.F.);
#4349=ORIENTED_EDGE('',*,*,#3227,.F.);
#4350=ORIENTED_EDGE('',*,*,#3234,.F.);
#4351=ORIENTED_EDGE('',*,*,#3235,.T.);
#4352=ORIENTED_EDGE('',*,*,#3236,.F.);
#4353=ORIENTED_EDGE('',*,*,#3232,.F.);
#4354=ORIENTED_EDGE('',*,*,#3237,.F.);
#4355=ORIENTED_EDGE('',*,*,#3238,.T.);
#4356=ORIENTED_EDGE('',*,*,#3239,.F.);
#4357=ORIENTED_EDGE('',*,*,#3235,.F.);
#4358=ORIENTED_EDGE('',*,*,#3240,.F.);
#4359=ORIENTED_EDGE('',*,*,#3241,.T.);
#4360=ORIENTED_EDGE('',*,*,#3242,.F.);
#4361=ORIENTED_EDGE('',*,*,#3238,.F.);
#4362=ORIENTED_EDGE('',*,*,#3243,.F.);
#4363=ORIENTED_EDGE('',*,*,#3223,.T.);
#4364=ORIENTED_EDGE('',*,*,#3244,.F.);
#4365=ORIENTED_EDGE('',*,*,#3241,.F.);
#4366=ORIENTED_EDGE('',*,*,#3231,.T.);
#4367=ORIENTED_EDGE('',*,*,#3230,.T.);
#4368=ORIENTED_EDGE('',*,*,#3245,.F.);
#4369=ORIENTED_EDGE('',*,*,#3224,.F.);
#4370=ORIENTED_EDGE('',*,*,#3243,.T.);
#4371=ORIENTED_EDGE('',*,*,#3240,.T.);
#4372=ORIENTED_EDGE('',*,*,#3237,.T.);
#4373=ORIENTED_EDGE('',*,*,#3234,.T.);
#4374=ORIENTED_EDGE('',*,*,#3233,.T.);
#4375=ORIENTED_EDGE('',*,*,#3236,.T.);
#4376=ORIENTED_EDGE('',*,*,#3239,.T.);
#4377=ORIENTED_EDGE('',*,*,#3242,.T.);
#4378=ORIENTED_EDGE('',*,*,#3244,.T.);
#4379=ORIENTED_EDGE('',*,*,#3226,.T.);
#4380=ORIENTED_EDGE('',*,*,#3246,.F.);
#4381=ORIENTED_EDGE('',*,*,#3228,.F.);
#4382=ORIENTED_EDGE('',*,*,#3247,.F.);
#4383=ORIENTED_EDGE('',*,*,#3248,.T.);
#4384=ORIENTED_EDGE('',*,*,#3249,.F.);
#4385=ORIENTED_EDGE('',*,*,#3250,.F.);
#4386=ORIENTED_EDGE('',*,*,#3251,.T.);
#4387=ORIENTED_EDGE('',*,*,#3252,.T.);
#4388=ORIENTED_EDGE('',*,*,#3253,.F.);
#4389=ORIENTED_EDGE('',*,*,#3254,.F.);
#4390=ORIENTED_EDGE('',*,*,#3255,.F.);
#4391=ORIENTED_EDGE('',*,*,#3256,.T.);
#4392=ORIENTED_EDGE('',*,*,#3257,.F.);
#4393=ORIENTED_EDGE('',*,*,#3251,.F.);
#4394=ORIENTED_EDGE('',*,*,#3258,.F.);
#4395=ORIENTED_EDGE('',*,*,#3259,.T.);
#4396=ORIENTED_EDGE('',*,*,#3260,.F.);
#4397=ORIENTED_EDGE('',*,*,#3256,.F.);
#4398=ORIENTED_EDGE('',*,*,#3261,.F.);
#4399=ORIENTED_EDGE('',*,*,#3262,.T.);
#4400=ORIENTED_EDGE('',*,*,#3263,.F.);
#4401=ORIENTED_EDGE('',*,*,#3259,.F.);
#4402=ORIENTED_EDGE('',*,*,#3264,.F.);
#4403=ORIENTED_EDGE('',*,*,#3265,.T.);
#4404=ORIENTED_EDGE('',*,*,#3266,.F.);
#4405=ORIENTED_EDGE('',*,*,#3262,.F.);
#4406=ORIENTED_EDGE('',*,*,#3267,.F.);
#4407=ORIENTED_EDGE('',*,*,#3247,.T.);
#4408=ORIENTED_EDGE('',*,*,#3268,.F.);
#4409=ORIENTED_EDGE('',*,*,#3265,.F.);
#4410=ORIENTED_EDGE('',*,*,#3255,.T.);
#4411=ORIENTED_EDGE('',*,*,#3254,.T.);
#4412=ORIENTED_EDGE('',*,*,#3269,.F.);
#4413=ORIENTED_EDGE('',*,*,#3248,.F.);
#4414=ORIENTED_EDGE('',*,*,#3267,.T.);
#4415=ORIENTED_EDGE('',*,*,#3264,.T.);
#4416=ORIENTED_EDGE('',*,*,#3261,.T.);
#4417=ORIENTED_EDGE('',*,*,#3258,.T.);
#4418=ORIENTED_EDGE('',*,*,#3257,.T.);
#4419=ORIENTED_EDGE('',*,*,#3260,.T.);
#4420=ORIENTED_EDGE('',*,*,#3263,.T.);
#4421=ORIENTED_EDGE('',*,*,#3266,.T.);
#4422=ORIENTED_EDGE('',*,*,#3268,.T.);
#4423=ORIENTED_EDGE('',*,*,#3250,.T.);
#4424=ORIENTED_EDGE('',*,*,#3270,.F.);
#4425=ORIENTED_EDGE('',*,*,#3252,.F.);
#4426=ORIENTED_EDGE('',*,*,#3271,.F.);
#4427=ORIENTED_EDGE('',*,*,#3272,.T.);
#4428=ORIENTED_EDGE('',*,*,#3273,.F.);
#4429=ORIENTED_EDGE('',*,*,#3274,.F.);
#4430=ORIENTED_EDGE('',*,*,#3275,.T.);
#4431=ORIENTED_EDGE('',*,*,#3276,.T.);
#4432=ORIENTED_EDGE('',*,*,#3277,.F.);
#4433=ORIENTED_EDGE('',*,*,#3278,.F.);
#4434=ORIENTED_EDGE('',*,*,#3279,.F.);
#4435=ORIENTED_EDGE('',*,*,#3280,.T.);
#4436=ORIENTED_EDGE('',*,*,#3281,.F.);
#4437=ORIENTED_EDGE('',*,*,#3275,.F.);
#4438=ORIENTED_EDGE('',*,*,#3282,.F.);
#4439=ORIENTED_EDGE('',*,*,#3283,.T.);
#4440=ORIENTED_EDGE('',*,*,#3284,.F.);
#4441=ORIENTED_EDGE('',*,*,#3280,.F.);
#4442=ORIENTED_EDGE('',*,*,#3285,.F.);
#4443=ORIENTED_EDGE('',*,*,#3286,.T.);
#4444=ORIENTED_EDGE('',*,*,#3287,.F.);
#4445=ORIENTED_EDGE('',*,*,#3283,.F.);
#4446=ORIENTED_EDGE('',*,*,#3288,.F.);
#4447=ORIENTED_EDGE('',*,*,#3289,.T.);
#4448=ORIENTED_EDGE('',*,*,#3290,.F.);
#4449=ORIENTED_EDGE('',*,*,#3286,.F.);
#4450=ORIENTED_EDGE('',*,*,#3291,.F.);
#4451=ORIENTED_EDGE('',*,*,#3271,.T.);
#4452=ORIENTED_EDGE('',*,*,#3292,.F.);
#4453=ORIENTED_EDGE('',*,*,#3289,.F.);
#4454=ORIENTED_EDGE('',*,*,#3279,.T.);
#4455=ORIENTED_EDGE('',*,*,#3278,.T.);
#4456=ORIENTED_EDGE('',*,*,#3293,.F.);
#4457=ORIENTED_EDGE('',*,*,#3272,.F.);
#4458=ORIENTED_EDGE('',*,*,#3291,.T.);
#4459=ORIENTED_EDGE('',*,*,#3288,.T.);
#4460=ORIENTED_EDGE('',*,*,#3285,.T.);
#4461=ORIENTED_EDGE('',*,*,#3282,.T.);
#4462=ORIENTED_EDGE('',*,*,#3281,.T.);
#4463=ORIENTED_EDGE('',*,*,#3284,.T.);
#4464=ORIENTED_EDGE('',*,*,#3287,.T.);
#4465=ORIENTED_EDGE('',*,*,#3290,.T.);
#4466=ORIENTED_EDGE('',*,*,#3292,.T.);
#4467=ORIENTED_EDGE('',*,*,#3274,.T.);
#4468=ORIENTED_EDGE('',*,*,#3294,.F.);
#4469=ORIENTED_EDGE('',*,*,#3276,.F.);
#4470=ORIENTED_EDGE('',*,*,#3295,.T.);
#4471=ORIENTED_EDGE('',*,*,#3296,.T.);
#4472=ORIENTED_EDGE('',*,*,#3297,.F.);
#4473=ORIENTED_EDGE('',*,*,#3298,.F.);
#4474=ORIENTED_EDGE('',*,*,#3299,.T.);
#4475=ORIENTED_EDGE('',*,*,#3298,.T.);
#4476=ORIENTED_EDGE('',*,*,#3300,.F.);
#4477=ORIENTED_EDGE('',*,*,#3301,.F.);
#4478=ORIENTED_EDGE('',*,*,#3302,.T.);
#4479=ORIENTED_EDGE('',*,*,#3301,.T.);
#4480=ORIENTED_EDGE('',*,*,#3303,.F.);
#4481=ORIENTED_EDGE('',*,*,#3304,.F.);
#4482=ORIENTED_EDGE('',*,*,#3305,.T.);
#4483=ORIENTED_EDGE('',*,*,#3304,.T.);
#4484=ORIENTED_EDGE('',*,*,#3306,.F.);
#4485=ORIENTED_EDGE('',*,*,#3296,.F.);
#4486=ORIENTED_EDGE('',*,*,#3307,.F.);
#4487=ORIENTED_EDGE('',*,*,#3308,.T.);
#4488=ORIENTED_EDGE('',*,*,#3309,.F.);
#4489=ORIENTED_EDGE('',*,*,#3310,.F.);
#4490=ORIENTED_EDGE('',*,*,#3311,.F.);
#4491=ORIENTED_EDGE('',*,*,#3310,.T.);
#4492=ORIENTED_EDGE('',*,*,#3312,.F.);
#4493=ORIENTED_EDGE('',*,*,#3313,.F.);
#4494=ORIENTED_EDGE('',*,*,#3314,.F.);
#4495=ORIENTED_EDGE('',*,*,#3313,.T.);
#4496=ORIENTED_EDGE('',*,*,#3315,.F.);
#4497=ORIENTED_EDGE('',*,*,#3316,.F.);
#4498=ORIENTED_EDGE('',*,*,#3317,.F.);
#4499=ORIENTED_EDGE('',*,*,#3316,.T.);
#4500=ORIENTED_EDGE('',*,*,#3318,.F.);
#4501=ORIENTED_EDGE('',*,*,#3308,.F.);
#4502=ORIENTED_EDGE('',*,*,#3318,.T.);
#4503=ORIENTED_EDGE('',*,*,#3315,.T.);
#4504=ORIENTED_EDGE('',*,*,#3312,.T.);
#4505=ORIENTED_EDGE('',*,*,#3309,.T.);
#4506=ORIENTED_EDGE('',*,*,#3306,.T.);
#4507=ORIENTED_EDGE('',*,*,#3303,.T.);
#4508=ORIENTED_EDGE('',*,*,#3300,.T.);
#4509=ORIENTED_EDGE('',*,*,#3297,.T.);
#4510=ORIENTED_EDGE('',*,*,#3317,.T.);
#4511=ORIENTED_EDGE('',*,*,#3307,.T.);
#4512=ORIENTED_EDGE('',*,*,#3311,.T.);
#4513=ORIENTED_EDGE('',*,*,#3314,.T.);
#4514=ORIENTED_EDGE('',*,*,#3205,.T.);
#4515=ORIENTED_EDGE('',*,*,#3222,.T.);
#4516=ORIENTED_EDGE('',*,*,#3201,.T.);
#4517=ORIENTED_EDGE('',*,*,#3221,.T.);
#4518=ORIENTED_EDGE('',*,*,#3229,.T.);
#4519=ORIENTED_EDGE('',*,*,#3246,.T.);
#4520=ORIENTED_EDGE('',*,*,#3225,.T.);
#4521=ORIENTED_EDGE('',*,*,#3245,.T.);
#4522=ORIENTED_EDGE('',*,*,#3253,.T.);
#4523=ORIENTED_EDGE('',*,*,#3270,.T.);
#4524=ORIENTED_EDGE('',*,*,#3249,.T.);
#4525=ORIENTED_EDGE('',*,*,#3269,.T.);
#4526=ORIENTED_EDGE('',*,*,#3277,.T.);
#4527=ORIENTED_EDGE('',*,*,#3294,.T.);
#4528=ORIENTED_EDGE('',*,*,#3273,.T.);
#4529=ORIENTED_EDGE('',*,*,#3293,.T.);
#4530=ORIENTED_EDGE('',*,*,#3305,.F.);
#4531=ORIENTED_EDGE('',*,*,#3295,.F.);
#4532=ORIENTED_EDGE('',*,*,#3299,.F.);
#4533=ORIENTED_EDGE('',*,*,#3302,.F.);
#4534=ORIENTED_EDGE('',*,*,#3319,.F.);
#4535=ORIENTED_EDGE('',*,*,#3320,.T.);
#4536=ORIENTED_EDGE('',*,*,#3321,.T.);
#4537=ORIENTED_EDGE('',*,*,#3320,.F.);
#4538=ORIENTED_EDGE('',*,*,#3322,.F.);
#4539=ORIENTED_EDGE('',*,*,#3323,.F.);
#4540=ORIENTED_EDGE('',*,*,#3324,.F.);
#4541=ORIENTED_EDGE('',*,*,#3325,.F.);
#4542=ORIENTED_EDGE('',*,*,#3321,.F.);
#4543=ORIENTED_EDGE('',*,*,#3326,.F.);
#4544=ORIENTED_EDGE('',*,*,#3327,.F.);
#4545=ORIENTED_EDGE('',*,*,#3328,.F.);
#4546=ORIENTED_EDGE('',*,*,#3329,.F.);
#4547=ORIENTED_EDGE('',*,*,#3319,.T.);
#4548=ORIENTED_EDGE('',*,*,#3329,.T.);
#4549=ORIENTED_EDGE('',*,*,#3330,.T.);
#4550=ORIENTED_EDGE('',*,*,#3331,.F.);
#4551=ORIENTED_EDGE('',*,*,#3332,.F.);
#4552=ORIENTED_EDGE('',*,*,#3323,.T.);
#4553=ORIENTED_EDGE('',*,*,#3333,.F.);
#4554=ORIENTED_EDGE('',*,*,#3334,.F.);
#4555=ORIENTED_EDGE('',*,*,#3335,.T.);
#4556=ORIENTED_EDGE('',*,*,#3328,.T.);
#4557=ORIENTED_EDGE('',*,*,#3336,.T.);
#4558=ORIENTED_EDGE('',*,*,#3337,.F.);
#4559=ORIENTED_EDGE('',*,*,#3330,.F.);
#4560=ORIENTED_EDGE('',*,*,#3324,.T.);
#4561=ORIENTED_EDGE('',*,*,#3335,.F.);
#4562=ORIENTED_EDGE('',*,*,#3338,.T.);
#4563=ORIENTED_EDGE('',*,*,#3339,.T.);
#4564=ORIENTED_EDGE('',*,*,#3327,.T.);
#4565=ORIENTED_EDGE('',*,*,#3340,.T.);
#4566=ORIENTED_EDGE('',*,*,#3341,.F.);
#4567=ORIENTED_EDGE('',*,*,#3336,.F.);
#4568=ORIENTED_EDGE('',*,*,#3326,.T.);
#4569=ORIENTED_EDGE('',*,*,#3332,.T.);
#4570=ORIENTED_EDGE('',*,*,#3342,.F.);
#4571=ORIENTED_EDGE('',*,*,#3340,.F.);
#4572=ORIENTED_EDGE('',*,*,#3343,.F.);
#4573=ORIENTED_EDGE('',*,*,#3344,.T.);
#4574=ORIENTED_EDGE('',*,*,#3345,.T.);
#4575=ORIENTED_EDGE('',*,*,#3344,.F.);
#4576=ORIENTED_EDGE('',*,*,#3346,.F.);
#4577=ORIENTED_EDGE('',*,*,#3347,.F.);
#4578=ORIENTED_EDGE('',*,*,#3348,.F.);
#4579=ORIENTED_EDGE('',*,*,#3349,.F.);
#4580=ORIENTED_EDGE('',*,*,#3345,.F.);
#4581=ORIENTED_EDGE('',*,*,#3350,.F.);
#4582=ORIENTED_EDGE('',*,*,#3351,.F.);
#4583=ORIENTED_EDGE('',*,*,#3352,.F.);
#4584=ORIENTED_EDGE('',*,*,#3353,.F.);
#4585=ORIENTED_EDGE('',*,*,#3343,.T.);
#4586=ORIENTED_EDGE('',*,*,#3353,.T.);
#4587=ORIENTED_EDGE('',*,*,#3354,.T.);
#4588=ORIENTED_EDGE('',*,*,#3355,.F.);
#4589=ORIENTED_EDGE('',*,*,#3356,.F.);
#4590=ORIENTED_EDGE('',*,*,#3347,.T.);
#4591=ORIENTED_EDGE('',*,*,#3357,.F.);
#4592=ORIENTED_EDGE('',*,*,#3358,.F.);
#4593=ORIENTED_EDGE('',*,*,#3359,.T.);
#4594=ORIENTED_EDGE('',*,*,#3352,.T.);
#4595=ORIENTED_EDGE('',*,*,#3360,.T.);
#4596=ORIENTED_EDGE('',*,*,#3361,.F.);
#4597=ORIENTED_EDGE('',*,*,#3354,.F.);
#4598=ORIENTED_EDGE('',*,*,#3348,.T.);
#4599=ORIENTED_EDGE('',*,*,#3359,.F.);
#4600=ORIENTED_EDGE('',*,*,#3362,.T.);
#4601=ORIENTED_EDGE('',*,*,#3363,.T.);
#4602=ORIENTED_EDGE('',*,*,#3351,.T.);
#4603=ORIENTED_EDGE('',*,*,#3364,.T.);
#4604=ORIENTED_EDGE('',*,*,#3365,.F.);
#4605=ORIENTED_EDGE('',*,*,#3360,.F.);
#4606=ORIENTED_EDGE('',*,*,#3350,.T.);
#4607=ORIENTED_EDGE('',*,*,#3356,.T.);
#4608=ORIENTED_EDGE('',*,*,#3366,.F.);
#4609=ORIENTED_EDGE('',*,*,#3364,.F.);
#4610=ORIENTED_EDGE('',*,*,#3367,.F.);
#4611=ORIENTED_EDGE('',*,*,#3368,.F.);
#4612=ORIENTED_EDGE('',*,*,#3369,.T.);
#4613=ORIENTED_EDGE('',*,*,#3370,.T.);
#4614=ORIENTED_EDGE('',*,*,#3371,.F.);
#4615=ORIENTED_EDGE('',*,*,#3372,.F.);
#4616=ORIENTED_EDGE('',*,*,#3373,.T.);
#4617=ORIENTED_EDGE('',*,*,#3368,.T.);
#4618=ORIENTED_EDGE('',*,*,#3374,.F.);
#4619=ORIENTED_EDGE('',*,*,#3375,.F.);
#4620=ORIENTED_EDGE('',*,*,#3376,.F.);
#4621=ORIENTED_EDGE('',*,*,#3377,.T.);
#4622=ORIENTED_EDGE('',*,*,#3378,.F.);
#4623=ORIENTED_EDGE('',*,*,#3379,.T.);
#4624=ORIENTED_EDGE('',*,*,#3380,.T.);
#4625=ORIENTED_EDGE('',*,*,#3379,.F.);
#4626=ORIENTED_EDGE('',*,*,#3380,.F.);
#4627=ORIENTED_EDGE('',*,*,#3381,.F.);
#4628=ORIENTED_EDGE('',*,*,#3369,.F.);
#4629=ORIENTED_EDGE('',*,*,#3373,.F.);
#4630=ORIENTED_EDGE('',*,*,#3382,.F.);
#4631=ORIENTED_EDGE('',*,*,#3378,.T.);
#4632=ORIENTED_EDGE('',*,*,#3383,.F.);
#4633=ORIENTED_EDGE('',*,*,#3384,.F.);
#4634=ORIENTED_EDGE('',*,*,#3385,.F.);
#4635=ORIENTED_EDGE('',*,*,#3386,.F.);
#4636=ORIENTED_EDGE('',*,*,#3385,.T.);
#4637=ORIENTED_EDGE('',*,*,#3387,.F.);
#4638=ORIENTED_EDGE('',*,*,#3388,.T.);
#4639=ORIENTED_EDGE('',*,*,#3389,.T.);
#4640=ORIENTED_EDGE('',*,*,#3386,.T.);
#4641=ORIENTED_EDGE('',*,*,#3389,.F.);
#4642=ORIENTED_EDGE('',*,*,#3390,.T.);
#4643=ORIENTED_EDGE('',*,*,#3391,.T.);
#4644=ORIENTED_EDGE('',*,*,#3384,.T.);
#4645=ORIENTED_EDGE('',*,*,#3392,.F.);
#4646=ORIENTED_EDGE('',*,*,#3393,.T.);
#4647=ORIENTED_EDGE('',*,*,#3387,.T.);
#4648=ORIENTED_EDGE('',*,*,#3383,.T.);
#4649=ORIENTED_EDGE('',*,*,#3391,.F.);
#4650=ORIENTED_EDGE('',*,*,#3394,.T.);
#4651=ORIENTED_EDGE('',*,*,#3392,.T.);
#4652=ORIENTED_EDGE('',*,*,#3395,.F.);
#4653=ORIENTED_EDGE('',*,*,#3370,.F.);
#4654=ORIENTED_EDGE('',*,*,#3381,.T.);
#4655=ORIENTED_EDGE('',*,*,#3396,.T.);
#4656=ORIENTED_EDGE('',*,*,#3397,.F.);
#4657=ORIENTED_EDGE('',*,*,#3396,.F.);
#4658=ORIENTED_EDGE('',*,*,#3382,.T.);
#4659=ORIENTED_EDGE('',*,*,#3372,.T.);
#4660=ORIENTED_EDGE('',*,*,#3398,.F.);
#4661=ORIENTED_EDGE('',*,*,#3377,.F.);
#4662=ORIENTED_EDGE('',*,*,#3393,.F.);
#4663=ORIENTED_EDGE('',*,*,#3394,.F.);
#4664=ORIENTED_EDGE('',*,*,#3390,.F.);
#4665=ORIENTED_EDGE('',*,*,#3388,.F.);
#4666=ORIENTED_EDGE('',*,*,#3374,.T.);
#4667=ORIENTED_EDGE('',*,*,#3398,.T.);
#4668=ORIENTED_EDGE('',*,*,#3376,.T.);
#4669=ORIENTED_EDGE('',*,*,#3399,.F.);
#4670=ORIENTED_EDGE('',*,*,#3400,.T.);
#4671=ORIENTED_EDGE('',*,*,#3401,.F.);
#4672=ORIENTED_EDGE('',*,*,#3402,.F.);
#4673=ORIENTED_EDGE('',*,*,#3400,.F.);
#4674=ORIENTED_EDGE('',*,*,#3403,.F.);
#4675=ORIENTED_EDGE('',*,*,#3371,.T.);
#4676=ORIENTED_EDGE('',*,*,#3367,.T.);
#4677=ORIENTED_EDGE('',*,*,#3395,.T.);
#4678=ORIENTED_EDGE('',*,*,#3397,.T.);
#4679=ORIENTED_EDGE('',*,*,#3365,.T.);
#4680=ORIENTED_EDGE('',*,*,#3366,.T.);
#4681=ORIENTED_EDGE('',*,*,#3355,.T.);
#4682=ORIENTED_EDGE('',*,*,#3361,.T.);
#4683=ORIENTED_EDGE('',*,*,#3346,.T.);
#4684=ORIENTED_EDGE('',*,*,#3404,.F.);
#4685=ORIENTED_EDGE('',*,*,#3405,.T.);
#4686=ORIENTED_EDGE('',*,*,#3357,.T.);
#4687=ORIENTED_EDGE('',*,*,#3349,.T.);
#4688=ORIENTED_EDGE('',*,*,#3363,.F.);
#4689=ORIENTED_EDGE('',*,*,#3406,.F.);
#4690=ORIENTED_EDGE('',*,*,#3404,.T.);
#4691=ORIENTED_EDGE('',*,*,#3405,.F.);
#4692=ORIENTED_EDGE('',*,*,#3406,.T.);
#4693=ORIENTED_EDGE('',*,*,#3362,.F.);
#4694=ORIENTED_EDGE('',*,*,#3358,.T.);
#4695=ORIENTED_EDGE('',*,*,#3322,.T.);
#4696=ORIENTED_EDGE('',*,*,#3407,.F.);
#4697=ORIENTED_EDGE('',*,*,#3408,.T.);
#4698=ORIENTED_EDGE('',*,*,#3333,.T.);
#4699=ORIENTED_EDGE('',*,*,#3325,.T.);
#4700=ORIENTED_EDGE('',*,*,#3339,.F.);
#4701=ORIENTED_EDGE('',*,*,#3409,.F.);
#4702=ORIENTED_EDGE('',*,*,#3407,.T.);
#4703=ORIENTED_EDGE('',*,*,#3408,.F.);
#4704=ORIENTED_EDGE('',*,*,#3409,.T.);
#4705=ORIENTED_EDGE('',*,*,#3338,.F.);
#4706=ORIENTED_EDGE('',*,*,#3334,.T.);
#4707=ORIENTED_EDGE('',*,*,#3410,.F.);
#4708=ORIENTED_EDGE('',*,*,#3411,.F.);
#4709=ORIENTED_EDGE('',*,*,#3412,.T.);
#4710=ORIENTED_EDGE('',*,*,#3413,.T.);
#4711=ORIENTED_EDGE('',*,*,#3414,.F.);
#4712=ORIENTED_EDGE('',*,*,#3415,.F.);
#4713=ORIENTED_EDGE('',*,*,#3416,.T.);
#4714=ORIENTED_EDGE('',*,*,#3411,.T.);
#4715=ORIENTED_EDGE('',*,*,#3417,.F.);
#4716=ORIENTED_EDGE('',*,*,#3418,.F.);
#4717=ORIENTED_EDGE('',*,*,#3419,.F.);
#4718=ORIENTED_EDGE('',*,*,#3420,.T.);
#4719=ORIENTED_EDGE('',*,*,#3421,.F.);
#4720=ORIENTED_EDGE('',*,*,#3422,.T.);
#4721=ORIENTED_EDGE('',*,*,#3423,.T.);
#4722=ORIENTED_EDGE('',*,*,#3422,.F.);
#4723=ORIENTED_EDGE('',*,*,#3423,.F.);
#4724=ORIENTED_EDGE('',*,*,#3424,.F.);
#4725=ORIENTED_EDGE('',*,*,#3412,.F.);
#4726=ORIENTED_EDGE('',*,*,#3416,.F.);
#4727=ORIENTED_EDGE('',*,*,#3425,.F.);
#4728=ORIENTED_EDGE('',*,*,#3421,.T.);
#4729=ORIENTED_EDGE('',*,*,#3426,.F.);
#4730=ORIENTED_EDGE('',*,*,#3427,.F.);
#4731=ORIENTED_EDGE('',*,*,#3428,.F.);
#4732=ORIENTED_EDGE('',*,*,#3429,.F.);
#4733=ORIENTED_EDGE('',*,*,#3428,.T.);
#4734=ORIENTED_EDGE('',*,*,#3430,.F.);
#4735=ORIENTED_EDGE('',*,*,#3431,.T.);
#4736=ORIENTED_EDGE('',*,*,#3432,.T.);
#4737=ORIENTED_EDGE('',*,*,#3429,.T.);
#4738=ORIENTED_EDGE('',*,*,#3432,.F.);
#4739=ORIENTED_EDGE('',*,*,#3433,.T.);
#4740=ORIENTED_EDGE('',*,*,#3434,.T.);
#4741=ORIENTED_EDGE('',*,*,#3427,.T.);
#4742=ORIENTED_EDGE('',*,*,#3435,.F.);
#4743=ORIENTED_EDGE('',*,*,#3436,.T.);
#4744=ORIENTED_EDGE('',*,*,#3430,.T.);
#4745=ORIENTED_EDGE('',*,*,#3426,.T.);
#4746=ORIENTED_EDGE('',*,*,#3434,.F.);
#4747=ORIENTED_EDGE('',*,*,#3437,.T.);
#4748=ORIENTED_EDGE('',*,*,#3435,.T.);
#4749=ORIENTED_EDGE('',*,*,#3438,.F.);
#4750=ORIENTED_EDGE('',*,*,#3413,.F.);
#4751=ORIENTED_EDGE('',*,*,#3424,.T.);
#4752=ORIENTED_EDGE('',*,*,#3439,.T.);
#4753=ORIENTED_EDGE('',*,*,#3440,.F.);
#4754=ORIENTED_EDGE('',*,*,#3439,.F.);
#4755=ORIENTED_EDGE('',*,*,#3425,.T.);
#4756=ORIENTED_EDGE('',*,*,#3415,.T.);
#4757=ORIENTED_EDGE('',*,*,#3441,.F.);
#4758=ORIENTED_EDGE('',*,*,#3420,.F.);
#4759=ORIENTED_EDGE('',*,*,#3436,.F.);
#4760=ORIENTED_EDGE('',*,*,#3437,.F.);
#4761=ORIENTED_EDGE('',*,*,#3433,.F.);
#4762=ORIENTED_EDGE('',*,*,#3431,.F.);
#4763=ORIENTED_EDGE('',*,*,#3417,.T.);
#4764=ORIENTED_EDGE('',*,*,#3441,.T.);
#4765=ORIENTED_EDGE('',*,*,#3419,.T.);
#4766=ORIENTED_EDGE('',*,*,#3442,.F.);
#4767=ORIENTED_EDGE('',*,*,#3443,.T.);
#4768=ORIENTED_EDGE('',*,*,#3444,.F.);
#4769=ORIENTED_EDGE('',*,*,#3445,.F.);
#4770=ORIENTED_EDGE('',*,*,#3443,.F.);
#4771=ORIENTED_EDGE('',*,*,#3446,.F.);
#4772=ORIENTED_EDGE('',*,*,#3414,.T.);
#4773=ORIENTED_EDGE('',*,*,#3410,.T.);
#4774=ORIENTED_EDGE('',*,*,#3438,.T.);
#4775=ORIENTED_EDGE('',*,*,#3440,.T.);
#4776=ORIENTED_EDGE('',*,*,#3341,.T.);
#4777=ORIENTED_EDGE('',*,*,#3342,.T.);
#4778=ORIENTED_EDGE('',*,*,#3331,.T.);
#4779=ORIENTED_EDGE('',*,*,#3337,.T.);
#4780=ORIENTED_EDGE('',*,*,#3375,.T.);
#4781=ORIENTED_EDGE('',*,*,#3403,.T.);
#4782=ORIENTED_EDGE('',*,*,#3399,.T.);
#4783=ORIENTED_EDGE('',*,*,#3418,.T.);
#4784=ORIENTED_EDGE('',*,*,#3446,.T.);
#4785=ORIENTED_EDGE('',*,*,#3442,.T.);
#4786=ORIENTED_EDGE('',*,*,#3447,.T.);
#4787=ORIENTED_EDGE('',*,*,#3448,.T.);
#4788=ORIENTED_EDGE('',*,*,#3449,.T.);
#4789=ORIENTED_EDGE('',*,*,#3450,.T.);
#4790=ORIENTED_EDGE('',*,*,#3447,.F.);
#4791=ORIENTED_EDGE('',*,*,#3451,.T.);
#4792=ORIENTED_EDGE('',*,*,#3449,.F.);
#4793=ORIENTED_EDGE('',*,*,#3451,.F.);
#4794=ORIENTED_EDGE('',*,*,#3401,.T.);
#4795=ORIENTED_EDGE('',*,*,#3402,.T.);
#4796=ORIENTED_EDGE('',*,*,#3444,.T.);
#4797=ORIENTED_EDGE('',*,*,#3445,.T.);
#4798=ORIENTED_EDGE('',*,*,#3452,.T.);
#4799=ORIENTED_EDGE('',*,*,#3453,.T.);
#4800=ORIENTED_EDGE('',*,*,#3454,.T.);
#4801=ORIENTED_EDGE('',*,*,#3455,.T.);
#4802=ORIENTED_EDGE('',*,*,#3456,.T.);
#4803=ORIENTED_EDGE('',*,*,#3457,.T.);
#4804=ORIENTED_EDGE('',*,*,#3458,.T.);
#4805=ORIENTED_EDGE('',*,*,#3459,.T.);
#4806=ORIENTED_EDGE('',*,*,#3460,.T.);
#4807=ORIENTED_EDGE('',*,*,#3461,.T.);
#4808=ORIENTED_EDGE('',*,*,#3462,.T.);
#4809=ORIENTED_EDGE('',*,*,#3463,.T.);
#4810=ORIENTED_EDGE('',*,*,#3464,.T.);
#4811=ORIENTED_EDGE('',*,*,#3465,.T.);
#4812=ORIENTED_EDGE('',*,*,#3466,.T.);
#4813=ORIENTED_EDGE('',*,*,#3467,.T.);
#4814=ORIENTED_EDGE('',*,*,#3448,.F.);
#4815=ORIENTED_EDGE('',*,*,#3468,.T.);
#4816=ORIENTED_EDGE('',*,*,#3469,.T.);
#4817=ORIENTED_EDGE('',*,*,#3470,.T.);
#4818=ORIENTED_EDGE('',*,*,#3471,.T.);
#4819=ORIENTED_EDGE('',*,*,#3472,.T.);
#4820=ORIENTED_EDGE('',*,*,#3473,.T.);
#4821=ORIENTED_EDGE('',*,*,#3474,.T.);
#4822=ORIENTED_EDGE('',*,*,#3475,.T.);
#4823=ORIENTED_EDGE('',*,*,#3476,.T.);
#4824=ORIENTED_EDGE('',*,*,#3477,.T.);
#4825=ORIENTED_EDGE('',*,*,#3478,.T.);
#4826=ORIENTED_EDGE('',*,*,#3479,.T.);
#4827=ORIENTED_EDGE('',*,*,#3480,.T.);
#4828=ORIENTED_EDGE('',*,*,#3481,.T.);
#4829=ORIENTED_EDGE('',*,*,#3482,.T.);
#4830=ORIENTED_EDGE('',*,*,#3468,.F.);
#4831=ORIENTED_EDGE('',*,*,#3483,.T.);
#4832=ORIENTED_EDGE('',*,*,#3484,.T.);
#4833=ORIENTED_EDGE('',*,*,#3450,.F.);
#4834=ORIENTED_EDGE('',*,*,#3484,.F.);
#4835=ORIENTED_EDGE('',*,*,#3483,.F.);
#4836=ORIENTED_EDGE('',*,*,#3485,.T.);
#4837=ORIENTED_EDGE('',*,*,#3486,.T.);
#4838=ORIENTED_EDGE('',*,*,#3487,.T.);
#4839=ORIENTED_EDGE('',*,*,#3488,.T.);
#4840=ORIENTED_EDGE('',*,*,#3489,.T.);
#4841=ORIENTED_EDGE('',*,*,#3490,.T.);
#4842=ORIENTED_EDGE('',*,*,#3491,.T.);
#4843=ORIENTED_EDGE('',*,*,#3492,.T.);
#4844=ORIENTED_EDGE('',*,*,#3493,.T.);
#4845=ORIENTED_EDGE('',*,*,#3494,.T.);
#4846=ORIENTED_EDGE('',*,*,#3489,.F.);
#4847=ORIENTED_EDGE('',*,*,#3495,.F.);
#4848=ORIENTED_EDGE('',*,*,#3496,.T.);
#4849=ORIENTED_EDGE('',*,*,#3497,.T.);
#4850=ORIENTED_EDGE('',*,*,#3490,.F.);
#4851=ORIENTED_EDGE('',*,*,#3494,.F.);
#4852=ORIENTED_EDGE('',*,*,#3498,.T.);
#4853=ORIENTED_EDGE('',*,*,#3499,.T.);
#4854=ORIENTED_EDGE('',*,*,#3491,.F.);
#4855=ORIENTED_EDGE('',*,*,#3497,.F.);
#4856=ORIENTED_EDGE('',*,*,#3500,.T.);
#4857=ORIENTED_EDGE('',*,*,#3495,.T.);
#4858=ORIENTED_EDGE('',*,*,#3492,.F.);
#4859=ORIENTED_EDGE('',*,*,#3499,.F.);
#4860=ORIENTED_EDGE('',*,*,#3501,.F.);
#4861=ORIENTED_EDGE('',*,*,#3502,.F.);
#4862=ORIENTED_EDGE('',*,*,#3488,.F.);
#4863=ORIENTED_EDGE('',*,*,#3503,.T.);
#4864=ORIENTED_EDGE('',*,*,#3504,.F.);
#4865=ORIENTED_EDGE('',*,*,#3505,.F.);
#4866=ORIENTED_EDGE('',*,*,#3485,.F.);
#4867=ORIENTED_EDGE('',*,*,#3502,.T.);
#4868=ORIENTED_EDGE('',*,*,#3506,.F.);
#4869=ORIENTED_EDGE('',*,*,#3507,.F.);
#4870=ORIENTED_EDGE('',*,*,#3486,.F.);
#4871=ORIENTED_EDGE('',*,*,#3505,.T.);
#4872=ORIENTED_EDGE('',*,*,#3508,.F.);
#4873=ORIENTED_EDGE('',*,*,#3503,.F.);
#4874=ORIENTED_EDGE('',*,*,#3487,.F.);
#4875=ORIENTED_EDGE('',*,*,#3507,.T.);
#4876=ORIENTED_EDGE('',*,*,#3509,.T.);
#4877=ORIENTED_EDGE('',*,*,#3480,.F.);
#4878=ORIENTED_EDGE('',*,*,#3510,.T.);
#4879=ORIENTED_EDGE('',*,*,#3511,.T.);
#4880=ORIENTED_EDGE('',*,*,#3512,.T.);
#4881=ORIENTED_EDGE('',*,*,#3513,.T.);
#4882=ORIENTED_EDGE('',*,*,#3514,.T.);
#4883=ORIENTED_EDGE('',*,*,#3515,.T.);
#4884=ORIENTED_EDGE('',*,*,#3516,.T.);
#4885=ORIENTED_EDGE('',*,*,#3517,.T.);
#4886=ORIENTED_EDGE('',*,*,#3518,.T.);
#4887=ORIENTED_EDGE('',*,*,#3519,.T.);
#4888=ORIENTED_EDGE('',*,*,#3475,.F.);
#4889=ORIENTED_EDGE('',*,*,#3520,.T.);
#4890=ORIENTED_EDGE('',*,*,#3521,.T.);
#4891=ORIENTED_EDGE('',*,*,#3522,.T.);
#4892=ORIENTED_EDGE('',*,*,#3523,.T.);
#4893=ORIENTED_EDGE('',*,*,#3524,.T.);
#4894=ORIENTED_EDGE('',*,*,#3525,.T.);
#4895=ORIENTED_EDGE('',*,*,#3526,.T.);
#4896=ORIENTED_EDGE('',*,*,#3527,.T.);
#4897=ORIENTED_EDGE('',*,*,#3528,.T.);
#4898=ORIENTED_EDGE('',*,*,#3471,.F.);
#4899=ORIENTED_EDGE('',*,*,#3493,.F.);
#4900=ORIENTED_EDGE('',*,*,#3500,.F.);
#4901=ORIENTED_EDGE('',*,*,#3498,.F.);
#4902=ORIENTED_EDGE('',*,*,#3496,.F.);
#4903=ORIENTED_EDGE('',*,*,#3504,.T.);
#4904=ORIENTED_EDGE('',*,*,#3501,.T.);
#4905=ORIENTED_EDGE('',*,*,#3508,.T.);
#4906=ORIENTED_EDGE('',*,*,#3506,.T.);
#4907=ORIENTED_EDGE('',*,*,#3529,.T.);
#4908=ORIENTED_EDGE('',*,*,#3520,.F.);
#4909=ORIENTED_EDGE('',*,*,#3474,.F.);
#4910=ORIENTED_EDGE('',*,*,#3530,.F.);
#4911=ORIENTED_EDGE('',*,*,#3531,.F.);
#4912=ORIENTED_EDGE('',*,*,#3521,.F.);
#4913=ORIENTED_EDGE('',*,*,#3529,.F.);
#4914=ORIENTED_EDGE('',*,*,#3532,.F.);
#4915=ORIENTED_EDGE('',*,*,#3533,.F.);
#4916=ORIENTED_EDGE('',*,*,#3522,.F.);
#4917=ORIENTED_EDGE('',*,*,#3531,.T.);
#4918=ORIENTED_EDGE('',*,*,#3534,.F.);
#4919=ORIENTED_EDGE('',*,*,#3535,.F.);
#4920=ORIENTED_EDGE('',*,*,#3523,.F.);
#4921=ORIENTED_EDGE('',*,*,#3533,.T.);
#4922=ORIENTED_EDGE('',*,*,#3536,.F.);
#4923=ORIENTED_EDGE('',*,*,#3537,.F.);
#4924=ORIENTED_EDGE('',*,*,#3524,.F.);
#4925=ORIENTED_EDGE('',*,*,#3535,.T.);
#4926=ORIENTED_EDGE('',*,*,#3538,.F.);
#4927=ORIENTED_EDGE('',*,*,#3539,.F.);
#4928=ORIENTED_EDGE('',*,*,#3525,.F.);
#4929=ORIENTED_EDGE('',*,*,#3537,.T.);
#4930=ORIENTED_EDGE('',*,*,#3540,.F.);
#4931=ORIENTED_EDGE('',*,*,#3541,.F.);
#4932=ORIENTED_EDGE('',*,*,#3526,.F.);
#4933=ORIENTED_EDGE('',*,*,#3539,.T.);
#4934=ORIENTED_EDGE('',*,*,#3542,.F.);
#4935=ORIENTED_EDGE('',*,*,#3543,.F.);
#4936=ORIENTED_EDGE('',*,*,#3527,.F.);
#4937=ORIENTED_EDGE('',*,*,#3541,.T.);
#4938=ORIENTED_EDGE('',*,*,#3544,.F.);
#4939=ORIENTED_EDGE('',*,*,#3472,.F.);
#4940=ORIENTED_EDGE('',*,*,#3528,.F.);
#4941=ORIENTED_EDGE('',*,*,#3543,.T.);
#4942=ORIENTED_EDGE('',*,*,#3545,.F.);
#4943=ORIENTED_EDGE('',*,*,#3476,.F.);
#4944=ORIENTED_EDGE('',*,*,#3519,.F.);
#4945=ORIENTED_EDGE('',*,*,#3546,.T.);
#4946=ORIENTED_EDGE('',*,*,#3547,.F.);
#4947=ORIENTED_EDGE('',*,*,#3548,.T.);
#4948=ORIENTED_EDGE('',*,*,#3549,.T.);
#4949=ORIENTED_EDGE('',*,*,#3550,.T.);
#4950=ORIENTED_EDGE('',*,*,#3551,.T.);
#4951=ORIENTED_EDGE('',*,*,#3552,.T.);
#4952=ORIENTED_EDGE('',*,*,#3553,.T.);
#4953=ORIENTED_EDGE('',*,*,#3554,.T.);
#4954=ORIENTED_EDGE('',*,*,#3555,.T.);
#4955=ORIENTED_EDGE('',*,*,#3556,.T.);
#4956=ORIENTED_EDGE('',*,*,#3510,.F.);
#4957=ORIENTED_EDGE('',*,*,#3479,.F.);
#4958=ORIENTED_EDGE('',*,*,#3557,.F.);
#4959=ORIENTED_EDGE('',*,*,#3558,.F.);
#4960=ORIENTED_EDGE('',*,*,#3511,.F.);
#4961=ORIENTED_EDGE('',*,*,#3556,.F.);
#4962=ORIENTED_EDGE('',*,*,#3559,.F.);
#4963=ORIENTED_EDGE('',*,*,#3560,.F.);
#4964=ORIENTED_EDGE('',*,*,#3512,.F.);
#4965=ORIENTED_EDGE('',*,*,#3558,.T.);
#4966=ORIENTED_EDGE('',*,*,#3561,.F.);
#4967=ORIENTED_EDGE('',*,*,#3562,.F.);
#4968=ORIENTED_EDGE('',*,*,#3513,.F.);
#4969=ORIENTED_EDGE('',*,*,#3560,.T.);
#4970=ORIENTED_EDGE('',*,*,#3563,.F.);
#4971=ORIENTED_EDGE('',*,*,#3564,.F.);
#4972=ORIENTED_EDGE('',*,*,#3514,.F.);
#4973=ORIENTED_EDGE('',*,*,#3562,.T.);
#4974=ORIENTED_EDGE('',*,*,#3565,.F.);
#4975=ORIENTED_EDGE('',*,*,#3566,.F.);
#4976=ORIENTED_EDGE('',*,*,#3515,.F.);
#4977=ORIENTED_EDGE('',*,*,#3564,.T.);
#4978=ORIENTED_EDGE('',*,*,#3567,.F.);
#4979=ORIENTED_EDGE('',*,*,#3568,.F.);
#4980=ORIENTED_EDGE('',*,*,#3516,.F.);
#4981=ORIENTED_EDGE('',*,*,#3566,.T.);
#4982=ORIENTED_EDGE('',*,*,#3569,.F.);
#4983=ORIENTED_EDGE('',*,*,#3570,.F.);
#4984=ORIENTED_EDGE('',*,*,#3517,.F.);
#4985=ORIENTED_EDGE('',*,*,#3568,.T.);
#4986=ORIENTED_EDGE('',*,*,#3571,.F.);
#4987=ORIENTED_EDGE('',*,*,#3546,.F.);
#4988=ORIENTED_EDGE('',*,*,#3518,.F.);
#4989=ORIENTED_EDGE('',*,*,#3570,.T.);
#4990=ORIENTED_EDGE('',*,*,#3572,.F.);
#4991=ORIENTED_EDGE('',*,*,#3481,.F.);
#4992=ORIENTED_EDGE('',*,*,#3509,.F.);
#4993=ORIENTED_EDGE('',*,*,#3470,.F.);
#4994=ORIENTED_EDGE('',*,*,#3573,.F.);
#4995=ORIENTED_EDGE('',*,*,#3482,.F.);
#4996=ORIENTED_EDGE('',*,*,#3573,.T.);
#4997=ORIENTED_EDGE('',*,*,#3469,.F.);
#4998=ORIENTED_EDGE('',*,*,#3547,.T.);
#4999=ORIENTED_EDGE('',*,*,#3477,.F.);
#5000=ORIENTED_EDGE('',*,*,#3557,.T.);
#5001=ORIENTED_EDGE('',*,*,#3478,.F.);
#5002=ORIENTED_EDGE('',*,*,#3572,.T.);
#5003=ORIENTED_EDGE('',*,*,#3571,.T.);
#5004=ORIENTED_EDGE('',*,*,#3569,.T.);
#5005=ORIENTED_EDGE('',*,*,#3567,.T.);
#5006=ORIENTED_EDGE('',*,*,#3565,.T.);
#5007=ORIENTED_EDGE('',*,*,#3563,.T.);
#5008=ORIENTED_EDGE('',*,*,#3561,.T.);
#5009=ORIENTED_EDGE('',*,*,#3559,.T.);
#5010=ORIENTED_EDGE('',*,*,#3530,.T.);
#5011=ORIENTED_EDGE('',*,*,#3473,.F.);
#5012=ORIENTED_EDGE('',*,*,#3545,.T.);
#5013=ORIENTED_EDGE('',*,*,#3544,.T.);
#5014=ORIENTED_EDGE('',*,*,#3542,.T.);
#5015=ORIENTED_EDGE('',*,*,#3540,.T.);
#5016=ORIENTED_EDGE('',*,*,#3538,.T.);
#5017=ORIENTED_EDGE('',*,*,#3536,.T.);
#5018=ORIENTED_EDGE('',*,*,#3534,.T.);
#5019=ORIENTED_EDGE('',*,*,#3532,.T.);
#5020=ORIENTED_EDGE('',*,*,#3549,.F.);
#5021=ORIENTED_EDGE('',*,*,#3574,.T.);
#5022=ORIENTED_EDGE('',*,*,#3459,.F.);
#5023=ORIENTED_EDGE('',*,*,#3575,.F.);
#5024=ORIENTED_EDGE('',*,*,#3550,.F.);
#5025=ORIENTED_EDGE('',*,*,#3575,.T.);
#5026=ORIENTED_EDGE('',*,*,#3458,.F.);
#5027=ORIENTED_EDGE('',*,*,#3576,.F.);
#5028=ORIENTED_EDGE('',*,*,#3551,.F.);
#5029=ORIENTED_EDGE('',*,*,#3576,.T.);
#5030=ORIENTED_EDGE('',*,*,#3457,.F.);
#5031=ORIENTED_EDGE('',*,*,#3577,.F.);
#5032=ORIENTED_EDGE('',*,*,#3548,.F.);
#5033=ORIENTED_EDGE('',*,*,#3578,.T.);
#5034=ORIENTED_EDGE('',*,*,#3452,.F.);
#5035=ORIENTED_EDGE('',*,*,#3574,.F.);
#5036=ORIENTED_EDGE('',*,*,#3555,.F.);
#5037=ORIENTED_EDGE('',*,*,#3579,.T.);
#5038=ORIENTED_EDGE('',*,*,#3453,.F.);
#5039=ORIENTED_EDGE('',*,*,#3578,.F.);
#5040=ORIENTED_EDGE('',*,*,#3554,.F.);
#5041=ORIENTED_EDGE('',*,*,#3580,.T.);
#5042=ORIENTED_EDGE('',*,*,#3454,.F.);
#5043=ORIENTED_EDGE('',*,*,#3579,.F.);
#5044=ORIENTED_EDGE('',*,*,#3553,.F.);
#5045=ORIENTED_EDGE('',*,*,#3581,.T.);
#5046=ORIENTED_EDGE('',*,*,#3455,.F.);
#5047=ORIENTED_EDGE('',*,*,#3580,.F.);
#5048=ORIENTED_EDGE('',*,*,#3552,.F.);
#5049=ORIENTED_EDGE('',*,*,#3577,.T.);
#5050=ORIENTED_EDGE('',*,*,#3456,.F.);
#5051=ORIENTED_EDGE('',*,*,#3581,.F.);
#5052=ORIENTED_EDGE('',*,*,#3582,.F.);
#5053=ORIENTED_EDGE('',*,*,#3583,.T.);
#5054=ORIENTED_EDGE('',*,*,#3584,.T.);
#5055=ORIENTED_EDGE('',*,*,#3582,.T.);
#5056=ORIENTED_EDGE('',*,*,#3584,.F.);
#5057=ORIENTED_EDGE('',*,*,#3585,.T.);
#5058=ORIENTED_EDGE('',*,*,#3466,.F.);
#5059=ORIENTED_EDGE('',*,*,#3467,.F.);
#5060=ORIENTED_EDGE('',*,*,#3586,.T.);
#5061=ORIENTED_EDGE('',*,*,#3585,.F.);
#5062=ORIENTED_EDGE('',*,*,#3583,.F.);
#5063=ORIENTED_EDGE('',*,*,#3586,.F.);
#5064=ORIENTED_EDGE('',*,*,#3587,.F.);
#5065=ORIENTED_EDGE('',*,*,#3588,.T.);
#5066=ORIENTED_EDGE('',*,*,#3589,.T.);
#5067=ORIENTED_EDGE('',*,*,#3587,.T.);
#5068=ORIENTED_EDGE('',*,*,#3589,.F.);
#5069=ORIENTED_EDGE('',*,*,#3590,.T.);
#5070=ORIENTED_EDGE('',*,*,#3464,.F.);
#5071=ORIENTED_EDGE('',*,*,#3465,.F.);
#5072=ORIENTED_EDGE('',*,*,#3591,.T.);
#5073=ORIENTED_EDGE('',*,*,#3590,.F.);
#5074=ORIENTED_EDGE('',*,*,#3588,.F.);
#5075=ORIENTED_EDGE('',*,*,#3591,.F.);
#5076=ORIENTED_EDGE('',*,*,#3592,.F.);
#5077=ORIENTED_EDGE('',*,*,#3593,.T.);
#5078=ORIENTED_EDGE('',*,*,#3594,.T.);
#5079=ORIENTED_EDGE('',*,*,#3592,.T.);
#5080=ORIENTED_EDGE('',*,*,#3594,.F.);
#5081=ORIENTED_EDGE('',*,*,#3595,.T.);
#5082=ORIENTED_EDGE('',*,*,#3462,.F.);
#5083=ORIENTED_EDGE('',*,*,#3463,.F.);
#5084=ORIENTED_EDGE('',*,*,#3596,.T.);
#5085=ORIENTED_EDGE('',*,*,#3595,.F.);
#5086=ORIENTED_EDGE('',*,*,#3593,.F.);
#5087=ORIENTED_EDGE('',*,*,#3596,.F.);
#5088=ORIENTED_EDGE('',*,*,#3597,.F.);
#5089=ORIENTED_EDGE('',*,*,#3598,.T.);
#5090=ORIENTED_EDGE('',*,*,#3599,.T.);
#5091=ORIENTED_EDGE('',*,*,#3597,.T.);
#5092=ORIENTED_EDGE('',*,*,#3599,.F.);
#5093=ORIENTED_EDGE('',*,*,#3600,.T.);
#5094=ORIENTED_EDGE('',*,*,#3460,.F.);
#5095=ORIENTED_EDGE('',*,*,#3461,.F.);
#5096=ORIENTED_EDGE('',*,*,#3601,.T.);
#5097=ORIENTED_EDGE('',*,*,#3600,.F.);
#5098=ORIENTED_EDGE('',*,*,#3598,.F.);
#5099=ORIENTED_EDGE('',*,*,#3601,.F.);
#5100=ORIENTED_EDGE('',*,*,#3602,.F.);
#5101=ORIENTED_EDGE('',*,*,#3603,.T.);
#5102=ORIENTED_EDGE('',*,*,#3604,.T.);
#5103=ORIENTED_EDGE('',*,*,#3605,.F.);
#5104=ORIENTED_EDGE('',*,*,#3606,.F.);
#5105=ORIENTED_EDGE('',*,*,#3605,.T.);
#5106=ORIENTED_EDGE('',*,*,#3607,.T.);
#5107=ORIENTED_EDGE('',*,*,#3603,.F.);
#5108=ORIENTED_EDGE('',*,*,#3608,.F.);
#5109=ORIENTED_EDGE('',*,*,#3609,.T.);
#5110=ORIENTED_EDGE('',*,*,#3610,.T.);
#5111=ORIENTED_EDGE('',*,*,#3611,.F.);
#5112=ORIENTED_EDGE('',*,*,#3612,.F.);
#5113=ORIENTED_EDGE('',*,*,#3611,.T.);
#5114=ORIENTED_EDGE('',*,*,#3613,.T.);
#5115=ORIENTED_EDGE('',*,*,#3609,.F.);
#5116=ORIENTED_EDGE('',*,*,#3614,.F.);
#5117=ORIENTED_EDGE('',*,*,#3615,.T.);
#5118=ORIENTED_EDGE('',*,*,#3616,.T.);
#5119=ORIENTED_EDGE('',*,*,#3617,.F.);
#5120=ORIENTED_EDGE('',*,*,#3618,.F.);
#5121=ORIENTED_EDGE('',*,*,#3619,.T.);
#5122=ORIENTED_EDGE('',*,*,#3620,.T.);
#5123=ORIENTED_EDGE('',*,*,#3615,.F.);
#5124=ORIENTED_EDGE('',*,*,#3621,.F.);
#5125=ORIENTED_EDGE('',*,*,#3617,.T.);
#5126=ORIENTED_EDGE('',*,*,#3622,.T.);
#5127=ORIENTED_EDGE('',*,*,#3619,.F.);
#5128=ORIENTED_EDGE('',*,*,#3622,.F.);
#5129=ORIENTED_EDGE('',*,*,#3616,.F.);
#5130=ORIENTED_EDGE('',*,*,#3620,.F.);
#5131=ORIENTED_EDGE('',*,*,#3613,.F.);
#5132=ORIENTED_EDGE('',*,*,#3610,.F.);
#5133=ORIENTED_EDGE('',*,*,#3607,.F.);
#5134=ORIENTED_EDGE('',*,*,#3604,.F.);
#5135=ORIENTED_EDGE('',*,*,#3623,.T.);
#5136=ORIENTED_EDGE('',*,*,#3614,.T.);
#5137=ORIENTED_EDGE('',*,*,#3621,.T.);
#5138=ORIENTED_EDGE('',*,*,#3618,.T.);
#5139=ORIENTED_EDGE('',*,*,#3608,.T.);
#5140=ORIENTED_EDGE('',*,*,#3612,.T.);
#5141=ORIENTED_EDGE('',*,*,#3624,.F.);
#5142=ORIENTED_EDGE('',*,*,#3625,.T.);
#5143=ORIENTED_EDGE('',*,*,#3626,.T.);
#5144=ORIENTED_EDGE('',*,*,#3627,.T.);
#5145=ORIENTED_EDGE('',*,*,#3628,.F.);
#5146=ORIENTED_EDGE('',*,*,#3629,.T.);
#5147=ORIENTED_EDGE('',*,*,#3630,.T.);
#5148=ORIENTED_EDGE('',*,*,#3631,.T.);
#5149=ORIENTED_EDGE('',*,*,#3632,.T.);
#5150=ORIENTED_EDGE('',*,*,#3633,.T.);
#5151=ORIENTED_EDGE('',*,*,#3634,.T.);
#5152=ORIENTED_EDGE('',*,*,#3635,.T.);
#5153=ORIENTED_EDGE('',*,*,#3636,.T.);
#5154=ORIENTED_EDGE('',*,*,#3637,.T.);
#5155=ORIENTED_EDGE('',*,*,#3638,.T.);
#5156=ORIENTED_EDGE('',*,*,#3639,.T.);
#5157=ORIENTED_EDGE('',*,*,#3640,.T.);
#5158=ORIENTED_EDGE('',*,*,#3641,.T.);
#5159=ORIENTED_EDGE('',*,*,#3642,.T.);
#5160=ORIENTED_EDGE('',*,*,#3643,.T.);
#5161=ORIENTED_EDGE('',*,*,#3644,.T.);
#5162=ORIENTED_EDGE('',*,*,#3645,.T.);
#5163=ORIENTED_EDGE('',*,*,#3646,.T.);
#5164=ORIENTED_EDGE('',*,*,#3647,.F.);
#5165=ORIENTED_EDGE('',*,*,#3623,.F.);
#5166=ORIENTED_EDGE('',*,*,#3648,.T.);
#5167=ORIENTED_EDGE('',*,*,#3624,.T.);
#5168=ORIENTED_EDGE('',*,*,#3648,.F.);
#5169=ORIENTED_EDGE('',*,*,#3602,.T.);
#5170=ORIENTED_EDGE('',*,*,#3606,.T.);
#5171=ORIENTED_EDGE('',*,*,#3649,.T.);
#5172=ORIENTED_EDGE('',*,*,#3650,.T.);
#5173=ORIENTED_EDGE('',*,*,#3651,.T.);
#5174=ORIENTED_EDGE('',*,*,#3652,.T.);
#5175=ORIENTED_EDGE('',*,*,#3653,.F.);
#5176=ORIENTED_EDGE('',*,*,#3640,.F.);
#5177=ORIENTED_EDGE('',*,*,#3654,.F.);
#5178=ORIENTED_EDGE('',*,*,#3650,.F.);
#5179=ORIENTED_EDGE('',*,*,#3654,.T.);
#5180=ORIENTED_EDGE('',*,*,#3639,.F.);
#5181=ORIENTED_EDGE('',*,*,#3655,.F.);
#5182=ORIENTED_EDGE('',*,*,#3656,.F.);
#5183=ORIENTED_EDGE('',*,*,#3651,.F.);
#5184=ORIENTED_EDGE('',*,*,#3657,.F.);
#5185=ORIENTED_EDGE('',*,*,#3658,.F.);
#5186=ORIENTED_EDGE('',*,*,#3652,.F.);
#5187=ORIENTED_EDGE('',*,*,#3656,.T.);
#5188=ORIENTED_EDGE('',*,*,#3658,.T.);
#5189=ORIENTED_EDGE('',*,*,#3659,.F.);
#5190=ORIENTED_EDGE('',*,*,#3641,.F.);
#5191=ORIENTED_EDGE('',*,*,#3653,.T.);
#5192=ORIENTED_EDGE('',*,*,#3649,.F.);
#5193=ORIENTED_EDGE('',*,*,#3655,.T.);
#5194=ORIENTED_EDGE('',*,*,#3638,.F.);
#5195=ORIENTED_EDGE('',*,*,#3660,.F.);
#5196=ORIENTED_EDGE('',*,*,#3661,.F.);
#5197=ORIENTED_EDGE('',*,*,#3659,.T.);
#5198=ORIENTED_EDGE('',*,*,#3662,.F.);
#5199=ORIENTED_EDGE('',*,*,#3663,.T.);
#5200=ORIENTED_EDGE('',*,*,#3642,.F.);
#5201=ORIENTED_EDGE('',*,*,#3664,.F.);
#5202=ORIENTED_EDGE('',*,*,#3665,.T.);
#5203=ORIENTED_EDGE('',*,*,#3666,.F.);
#5204=ORIENTED_EDGE('',*,*,#3667,.F.);
#5205=ORIENTED_EDGE('',*,*,#3668,.T.);
#5206=ORIENTED_EDGE('',*,*,#3666,.T.);
#5207=ORIENTED_EDGE('',*,*,#3669,.T.);
#5208=ORIENTED_EDGE('',*,*,#3670,.T.);
#5209=ORIENTED_EDGE('',*,*,#3629,.F.);
#5210=ORIENTED_EDGE('',*,*,#3671,.T.);
#5211=ORIENTED_EDGE('',*,*,#3670,.F.);
#5212=ORIENTED_EDGE('',*,*,#3672,.F.);
#5213=ORIENTED_EDGE('',*,*,#3630,.F.);
#5214=ORIENTED_EDGE('',*,*,#3672,.T.);
#5215=ORIENTED_EDGE('',*,*,#3669,.F.);
#5216=ORIENTED_EDGE('',*,*,#3665,.F.);
#5217=ORIENTED_EDGE('',*,*,#3673,.F.);
#5218=ORIENTED_EDGE('',*,*,#3628,.T.);
#5219=ORIENTED_EDGE('',*,*,#3674,.F.);
#5220=ORIENTED_EDGE('',*,*,#3667,.T.);
#5221=ORIENTED_EDGE('',*,*,#3668,.F.);
#5222=ORIENTED_EDGE('',*,*,#3671,.F.);
#5223=ORIENTED_EDGE('',*,*,#3673,.T.);
#5224=ORIENTED_EDGE('',*,*,#3675,.F.);
#5225=ORIENTED_EDGE('',*,*,#3676,.T.);
#5226=ORIENTED_EDGE('',*,*,#3631,.F.);
#5227=ORIENTED_EDGE('',*,*,#3674,.T.);
#5228=ORIENTED_EDGE('',*,*,#3627,.F.);
#5229=ORIENTED_EDGE('',*,*,#3677,.T.);
#5230=ORIENTED_EDGE('',*,*,#3678,.F.);
#5231=ORIENTED_EDGE('',*,*,#3679,.F.);
#5232=ORIENTED_EDGE('',*,*,#3646,.F.);
#5233=ORIENTED_EDGE('',*,*,#3680,.F.);
#5234=ORIENTED_EDGE('',*,*,#3681,.F.);
#5235=ORIENTED_EDGE('',*,*,#3682,.T.);
#5236=ORIENTED_EDGE('',*,*,#3683,.F.);
#5237=ORIENTED_EDGE('',*,*,#3684,.T.);
#5238=ORIENTED_EDGE('',*,*,#3680,.T.);
#5239=ORIENTED_EDGE('',*,*,#3645,.F.);
#5240=ORIENTED_EDGE('',*,*,#3644,.F.);
#5241=ORIENTED_EDGE('',*,*,#3643,.F.);
#5242=ORIENTED_EDGE('',*,*,#3663,.F.);
#5243=ORIENTED_EDGE('',*,*,#3685,.T.);
#5244=ORIENTED_EDGE('',*,*,#3634,.F.);
#5245=ORIENTED_EDGE('',*,*,#3686,.F.);
#5246=ORIENTED_EDGE('',*,*,#3687,.F.);
#5247=ORIENTED_EDGE('',*,*,#3688,.F.);
#5248=ORIENTED_EDGE('',*,*,#3689,.F.);
#5249=ORIENTED_EDGE('',*,*,#3686,.T.);
#5250=ORIENTED_EDGE('',*,*,#3633,.F.);
#5251=ORIENTED_EDGE('',*,*,#3632,.F.);
#5252=ORIENTED_EDGE('',*,*,#3676,.F.);
#5253=ORIENTED_EDGE('',*,*,#3688,.T.);
#5254=ORIENTED_EDGE('',*,*,#3675,.T.);
#5255=ORIENTED_EDGE('',*,*,#3664,.T.);
#5256=ORIENTED_EDGE('',*,*,#3678,.T.);
#5257=ORIENTED_EDGE('',*,*,#3690,.F.);
#5258=ORIENTED_EDGE('',*,*,#3681,.T.);
#5259=ORIENTED_EDGE('',*,*,#3684,.F.);
#5260=ORIENTED_EDGE('',*,*,#3683,.T.);
#5261=ORIENTED_EDGE('',*,*,#3682,.F.);
#5262=ORIENTED_EDGE('',*,*,#3662,.T.);
#5263=ORIENTED_EDGE('',*,*,#3657,.T.);
#5264=ORIENTED_EDGE('',*,*,#3661,.T.);
#5265=ORIENTED_EDGE('',*,*,#3691,.F.);
#5266=ORIENTED_EDGE('',*,*,#3687,.T.);
#5267=ORIENTED_EDGE('',*,*,#3689,.T.);
#5268=ORIENTED_EDGE('',*,*,#3691,.T.);
#5269=ORIENTED_EDGE('',*,*,#3692,.F.);
#5270=ORIENTED_EDGE('',*,*,#3693,.F.);
#5271=ORIENTED_EDGE('',*,*,#3694,.T.);
#5272=ORIENTED_EDGE('',*,*,#3695,.T.);
#5273=ORIENTED_EDGE('',*,*,#3696,.T.);
#5274=ORIENTED_EDGE('',*,*,#3697,.T.);
#5275=ORIENTED_EDGE('',*,*,#3693,.T.);
#5276=ORIENTED_EDGE('',*,*,#3698,.F.);
#5277=ORIENTED_EDGE('',*,*,#3636,.F.);
#5278=ORIENTED_EDGE('',*,*,#3699,.F.);
#5279=ORIENTED_EDGE('',*,*,#3696,.F.);
#5280=ORIENTED_EDGE('',*,*,#3699,.T.);
#5281=ORIENTED_EDGE('',*,*,#3635,.F.);
#5282=ORIENTED_EDGE('',*,*,#3685,.F.);
#5283=ORIENTED_EDGE('',*,*,#3694,.F.);
#5284=ORIENTED_EDGE('',*,*,#3697,.F.);
#5285=ORIENTED_EDGE('',*,*,#3692,.T.);
#5286=ORIENTED_EDGE('',*,*,#3660,.T.);
#5287=ORIENTED_EDGE('',*,*,#3637,.F.);
#5288=ORIENTED_EDGE('',*,*,#3698,.T.);
#5289=ORIENTED_EDGE('',*,*,#3695,.F.);
#5290=ORIENTED_EDGE('',*,*,#3700,.T.);
#5291=ORIENTED_EDGE('',*,*,#3701,.T.);
#5292=ORIENTED_EDGE('',*,*,#3702,.T.);
#5293=ORIENTED_EDGE('',*,*,#3703,.T.);
#5294=ORIENTED_EDGE('',*,*,#3625,.F.);
#5295=ORIENTED_EDGE('',*,*,#3704,.T.);
#5296=ORIENTED_EDGE('',*,*,#3703,.F.);
#5297=ORIENTED_EDGE('',*,*,#3705,.F.);
#5298=ORIENTED_EDGE('',*,*,#3626,.F.);
#5299=ORIENTED_EDGE('',*,*,#3705,.T.);
#5300=ORIENTED_EDGE('',*,*,#3702,.F.);
#5301=ORIENTED_EDGE('',*,*,#3706,.F.);
#5302=ORIENTED_EDGE('',*,*,#3677,.F.);
#5303=ORIENTED_EDGE('',*,*,#3690,.T.);
#5304=ORIENTED_EDGE('',*,*,#3706,.T.);
#5305=ORIENTED_EDGE('',*,*,#3701,.F.);
#5306=ORIENTED_EDGE('',*,*,#3707,.F.);
#5307=ORIENTED_EDGE('',*,*,#3647,.T.);
#5308=ORIENTED_EDGE('',*,*,#3679,.T.);
#5309=ORIENTED_EDGE('',*,*,#3707,.T.);
#5310=ORIENTED_EDGE('',*,*,#3700,.F.);
#5311=ORIENTED_EDGE('',*,*,#3704,.F.);
#5312=ORIENTED_EDGE('',*,*,#3708,.F.);
#5313=ORIENTED_EDGE('',*,*,#3709,.T.);
#5314=ORIENTED_EDGE('',*,*,#3710,.F.);
#5315=ORIENTED_EDGE('',*,*,#3709,.F.);
#5316=ORIENTED_EDGE('',*,*,#3711,.F.);
#5317=ORIENTED_EDGE('',*,*,#3712,.T.);
#5318=ORIENTED_EDGE('',*,*,#3713,.T.);
#5319=ORIENTED_EDGE('',*,*,#3712,.F.);
#5320=ORIENTED_EDGE('',*,*,#3711,.T.);
#5321=ORIENTED_EDGE('',*,*,#3713,.F.);
#5322=ORIENTED_EDGE('',*,*,#3708,.T.);
#5323=ORIENTED_EDGE('',*,*,#3714,.F.);
#5324=ORIENTED_EDGE('',*,*,#3715,.T.);
#5325=ORIENTED_EDGE('',*,*,#3716,.F.);
#5326=ORIENTED_EDGE('',*,*,#3715,.F.);
#5327=ORIENTED_EDGE('',*,*,#3717,.F.);
#5328=ORIENTED_EDGE('',*,*,#3718,.T.);
#5329=ORIENTED_EDGE('',*,*,#3719,.T.);
#5330=ORIENTED_EDGE('',*,*,#3718,.F.);
#5331=ORIENTED_EDGE('',*,*,#3717,.T.);
#5332=ORIENTED_EDGE('',*,*,#3719,.F.);
#5333=ORIENTED_EDGE('',*,*,#3714,.T.);
#5334=ORIENTED_EDGE('',*,*,#3720,.F.);
#5335=ORIENTED_EDGE('',*,*,#3710,.T.);
#5336=ORIENTED_EDGE('',*,*,#3716,.T.);
#5337=ORIENTED_EDGE('',*,*,#3721,.F.);
#5338=ORIENTED_EDGE('',*,*,#3722,.T.);
#5339=ORIENTED_EDGE('',*,*,#3720,.T.);
#5340=ORIENTED_EDGE('',*,*,#3722,.F.);
#5341=ORIENTED_EDGE('',*,*,#3723,.F.);
#5342=ORIENTED_EDGE('',*,*,#3724,.F.);
#5343=ORIENTED_EDGE('',*,*,#3725,.T.);
#5344=ORIENTED_EDGE('',*,*,#3723,.T.);
#5345=ORIENTED_EDGE('',*,*,#3721,.T.);
#5346=ORIENTED_EDGE('',*,*,#3725,.F.);
#5347=ORIENTED_EDGE('',*,*,#3726,.F.);
#5348=ORIENTED_EDGE('',*,*,#3724,.T.);
#5349=ORIENTED_EDGE('',*,*,#3726,.T.);
#5350=ORIENTED_EDGE('',*,*,#3727,.F.);
#5351=ORIENTED_EDGE('',*,*,#3727,.T.);
#5352=ORIENTED_EDGE('',*,*,#3728,.F.);
#5353=ORIENTED_EDGE('',*,*,#3729,.T.);
#5354=ORIENTED_EDGE('',*,*,#3730,.F.);
#5355=ORIENTED_EDGE('',*,*,#3729,.F.);
#5356=ORIENTED_EDGE('',*,*,#3731,.F.);
#5357=ORIENTED_EDGE('',*,*,#3732,.T.);
#5358=ORIENTED_EDGE('',*,*,#3733,.T.);
#5359=ORIENTED_EDGE('',*,*,#3732,.F.);
#5360=ORIENTED_EDGE('',*,*,#3731,.T.);
#5361=ORIENTED_EDGE('',*,*,#3733,.F.);
#5362=ORIENTED_EDGE('',*,*,#3728,.T.);
#5363=ORIENTED_EDGE('',*,*,#3734,.F.);
#5364=ORIENTED_EDGE('',*,*,#3735,.T.);
#5365=ORIENTED_EDGE('',*,*,#3736,.F.);
#5366=ORIENTED_EDGE('',*,*,#3735,.F.);
#5367=ORIENTED_EDGE('',*,*,#3737,.F.);
#5368=ORIENTED_EDGE('',*,*,#3738,.T.);
#5369=ORIENTED_EDGE('',*,*,#3739,.T.);
#5370=ORIENTED_EDGE('',*,*,#3738,.F.);
#5371=ORIENTED_EDGE('',*,*,#3737,.T.);
#5372=ORIENTED_EDGE('',*,*,#3739,.F.);
#5373=ORIENTED_EDGE('',*,*,#3734,.T.);
#5374=ORIENTED_EDGE('',*,*,#3740,.F.);
#5375=ORIENTED_EDGE('',*,*,#3730,.T.);
#5376=ORIENTED_EDGE('',*,*,#3736,.T.);
#5377=ORIENTED_EDGE('',*,*,#3741,.F.);
#5378=ORIENTED_EDGE('',*,*,#3742,.T.);
#5379=ORIENTED_EDGE('',*,*,#3740,.T.);
#5380=ORIENTED_EDGE('',*,*,#3742,.F.);
#5381=ORIENTED_EDGE('',*,*,#3743,.F.);
#5382=ORIENTED_EDGE('',*,*,#3744,.F.);
#5383=ORIENTED_EDGE('',*,*,#3745,.T.);
#5384=ORIENTED_EDGE('',*,*,#3743,.T.);
#5385=ORIENTED_EDGE('',*,*,#3741,.T.);
#5386=ORIENTED_EDGE('',*,*,#3745,.F.);
#5387=ORIENTED_EDGE('',*,*,#3746,.F.);
#5388=ORIENTED_EDGE('',*,*,#3744,.T.);
#5389=ORIENTED_EDGE('',*,*,#3746,.T.);
#5390=ORIENTED_EDGE('',*,*,#3747,.F.);
#5391=ORIENTED_EDGE('',*,*,#3747,.T.);
#5392=PLANE('',#5984);
#5393=PLANE('',#5985);
#5394=PLANE('',#5986);
#5395=PLANE('',#5987);
#5396=PLANE('',#5988);
#5397=PLANE('',#5989);
#5398=PLANE('',#5990);
#5399=PLANE('',#5991);
#5400=PLANE('',#5992);
#5401=PLANE('',#5993);
#5402=PLANE('',#5994);
#5403=PLANE('',#5995);
#5404=PLANE('',#5996);
#5405=PLANE('',#5997);
#5406=PLANE('',#5998);
#5407=PLANE('',#5999);
#5408=PLANE('',#6000);
#5409=PLANE('',#6001);
#5410=PLANE('',#6002);
#5411=PLANE('',#6003);
#5412=PLANE('',#6004);
#5413=PLANE('',#6005);
#5414=PLANE('',#6006);
#5415=PLANE('',#6007);
#5416=PLANE('',#6008);
#5417=PLANE('',#6009);
#5418=PLANE('',#6010);
#5419=PLANE('',#6011);
#5420=PLANE('',#6012);
#5421=PLANE('',#6013);
#5422=PLANE('',#6014);
#5423=PLANE('',#6015);
#5424=PLANE('',#6016);
#5425=PLANE('',#6017);
#5426=PLANE('',#6018);
#5427=PLANE('',#6019);
#5428=PLANE('',#6020);
#5429=PLANE('',#6021);
#5430=PLANE('',#6022);
#5431=PLANE('',#6023);
#5432=PLANE('',#6024);
#5433=PLANE('',#6025);
#5434=PLANE('',#6026);
#5435=PLANE('',#6027);
#5436=PLANE('',#6028);
#5437=PLANE('',#6029);
#5438=PLANE('',#6030);
#5439=PLANE('',#6031);
#5440=PLANE('',#6032);
#5441=PLANE('',#6033);
#5442=PLANE('',#6034);
#5443=PLANE('',#6035);
#5444=PLANE('',#6036);
#5445=PLANE('',#6037);
#5446=PLANE('',#6038);
#5447=PLANE('',#6039);
#5448=PLANE('',#6040);
#5449=PLANE('',#6041);
#5450=PLANE('',#6042);
#5451=PLANE('',#6043);
#5452=PLANE('',#6047);
#5453=PLANE('',#6051);
#5454=PLANE('',#6055);
#5455=PLANE('',#6059);
#5456=PLANE('',#6060);
#5457=PLANE('',#6061);
#5458=PLANE('',#6062);
#5459=PLANE('',#6063);
#5460=PLANE('',#6064);
#5461=PLANE('',#6065);
#5462=PLANE('',#6066);
#5463=PLANE('',#6067);
#5464=PLANE('',#6068);
#5465=PLANE('',#6069);
#5466=PLANE('',#6070);
#5467=PLANE('',#6071);
#5468=PLANE('',#6072);
#5469=PLANE('',#6073);
#5470=PLANE('',#6074);
#5471=PLANE('',#6075);
#5472=PLANE('',#6076);
#5473=PLANE('',#6077);
#5474=PLANE('',#6078);
#5475=PLANE('',#6079);
#5476=PLANE('',#6080);
#5477=PLANE('',#6081);
#5478=PLANE('',#6082);
#5479=PLANE('',#6083);
#5480=PLANE('',#6084);
#5481=PLANE('',#6085);
#5482=PLANE('',#6086);
#5483=PLANE('',#6087);
#5484=PLANE('',#6094);
#5485=PLANE('',#6095);
#5486=PLANE('',#6102);
#5487=PLANE('',#6103);
#5488=PLANE('',#6104);
#5489=PLANE('',#6105);
#5490=PLANE('',#6106);
#5491=PLANE('',#6107);
#5492=PLANE('',#6108);
#5493=PLANE('',#6109);
#5494=PLANE('',#6110);
#5495=PLANE('',#6111);
#5496=PLANE('',#6112);
#5497=PLANE('',#6113);
#5498=PLANE('',#6114);
#5499=PLANE('',#6115);
#5500=PLANE('',#6116);
#5501=PLANE('',#6117);
#5502=PLANE('',#6118);
#5503=PLANE('',#6119);
#5504=PLANE('',#6120);
#5505=PLANE('',#6121);
#5506=PLANE('',#6122);
#5507=PLANE('',#6123);
#5508=PLANE('',#6124);
#5509=PLANE('',#6125);
#5510=PLANE('',#6126);
#5511=PLANE('',#6127);
#5512=PLANE('',#6128);
#5513=PLANE('',#6129);
#5514=PLANE('',#6130);
#5515=PLANE('',#6131);
#5516=PLANE('',#6132);
#5517=PLANE('',#6133);
#5518=PLANE('',#6134);
#5519=PLANE('',#6135);
#5520=PLANE('',#6136);
#5521=PLANE('',#6137);
#5522=PLANE('',#6138);
#5523=PLANE('',#6139);
#5524=PLANE('',#6140);
#5525=PLANE('',#6141);
#5526=PLANE('',#6142);
#5527=PLANE('',#6143);
#5528=PLANE('',#6144);
#5529=PLANE('',#6145);
#5530=PLANE('',#6146);
#5531=PLANE('',#6147);
#5532=PLANE('',#6148);
#5533=PLANE('',#6149);
#5534=PLANE('',#6150);
#5535=PLANE('',#6151);
#5536=PLANE('',#6155);
#5537=PLANE('',#6160);
#5538=PLANE('',#6180);
#5539=PLANE('',#6185);
#5540=PLANE('',#6214);
#5541=PLANE('',#6217);
#5542=PLANE('',#6234);
#5543=PLANE('',#6239);
#5544=PLANE('',#6244);
#5545=PLANE('',#6249);
#5546=PLANE('',#6262);
#5547=PLANE('',#6265);
#5548=PLANE('',#6282);
#5549=PLANE('',#6287);
#5550=PLANE('',#6288);
#5551=PLANE('',#6289);
#5552=PLANE('',#6290);
#5553=PLANE('',#6293);
#5554=PLANE('',#6310);
#5555=PLANE('',#6311);
#5556=PLANE('',#6312);
#5557=PLANE('',#6313);
#5558=PLANE('',#6314);
#5559=PLANE('',#6315);
#5560=PLANE('',#6316);
#5561=PLANE('',#6317);
#5562=PLANE('',#6318);
#5563=PLANE('',#6319);
#5564=PLANE('',#6320);
#5565=PLANE('',#6321);
#5566=PLANE('',#6322);
#5567=PLANE('',#6323);
#5568=PLANE('',#6324);
#5569=PLANE('',#6325);
#5570=PLANE('',#6326);
#5571=PLANE('',#6327);
#5572=PLANE('',#6328);
#5573=PLANE('',#6329);
#5574=PLANE('',#6334);
#5575=PLANE('',#6335);
#5576=PLANE('',#6336);
#5577=PLANE('',#6337);
#5578=PLANE('',#6338);
#5579=PLANE('',#6339);
#5580=PLANE('',#6340);
#5581=PLANE('',#6341);
#5582=PLANE('',#6342);
#5583=PLANE('',#6343);
#5584=PLANE('',#6344);
#5585=PLANE('',#6345);
#5586=PLANE('',#6346);
#5587=PLANE('',#6347);
#5588=PLANE('',#6349);
#5589=PLANE('',#6351);
#5590=PLANE('',#6353);
#5591=PLANE('',#6355);
#5592=PLANE('',#6356);
#5593=PLANE('',#6362);
#5594=PLANE('',#6368);
#5595=PLANE('',#6374);
#5596=PLANE('',#6380);
#5597=PLANE('',#6381);
#5598=PLANE('',#6383);
#5599=PLANE('',#6384);
#5600=PLANE('',#6387);
#5601=PLANE('',#6388);
#5602=PLANE('',#6389);
#5603=PLANE('',#6390);
#5604=PLANE('',#6391);
#5605=PLANE('',#6392);
#5606=PLANE('',#6393);
#5607=PLANE('',#6394);
#5608=PLANE('',#6395);
#5609=PLANE('',#6396);
#5610=PLANE('',#6397);
#5611=PLANE('',#6398);
#5612=PLANE('',#6399);
#5613=PLANE('',#6400);
#5614=PLANE('',#6401);
#5615=PLANE('',#6402);
#5616=PLANE('',#6403);
#5617=PLANE('',#6404);
#5618=PLANE('',#6405);
#5619=PLANE('',#6406);
#5620=PLANE('',#6407);
#5621=PLANE('',#6408);
#5622=PLANE('',#6409);
#5623=PLANE('',#6410);
#5624=PLANE('',#6411);
#5625=PLANE('',#6412);
#5626=PLANE('',#6413);
#5627=PLANE('',#6414);
#5628=PLANE('',#6415);
#5629=PLANE('',#6416);
#5630=PLANE('',#6423);
#5631=PLANE('',#6424);
#5632=PLANE('',#6431);
#5633=PLANE('',#6432);
#5634=PLANE('',#6433);
#5635=PLANE('',#6441);
#5636=PLANE('',#6451);
#5637=PLANE('',#6452);
#5638=PLANE('',#6459);
#5639=PLANE('',#6460);
#5640=PLANE('',#6461);
#5641=PLANE('',#6469);
#5642=ADVANCED_FACE('',(#385),#5392,.T.);
#5643=ADVANCED_FACE('',(#386),#5393,.T.);
#5644=ADVANCED_FACE('',(#387),#5394,.T.);
#5645=ADVANCED_FACE('',(#388),#5395,.T.);
#5646=ADVANCED_FACE('',(#389),#5396,.F.);
#5647=ADVANCED_FACE('',(#390),#5397,.T.);
#5648=ADVANCED_FACE('',(#391),#5398,.T.);
#5649=ADVANCED_FACE('',(#392),#5399,.T.);
#5650=ADVANCED_FACE('',(#393),#5400,.T.);
#5651=ADVANCED_FACE('',(#394),#5401,.F.);
#5652=ADVANCED_FACE('',(#395),#5402,.T.);
#5653=ADVANCED_FACE('',(#396),#5403,.T.);
#5654=ADVANCED_FACE('',(#397),#5404,.T.);
#5655=ADVANCED_FACE('',(#398),#5405,.T.);
#5656=ADVANCED_FACE('',(#399),#5406,.F.);
#5657=ADVANCED_FACE('',(#400),#5407,.T.);
#5658=ADVANCED_FACE('',(#401),#5408,.T.);
#5659=ADVANCED_FACE('',(#402),#5409,.T.);
#5660=ADVANCED_FACE('',(#403),#5410,.T.);
#5661=ADVANCED_FACE('',(#404),#5411,.F.);
#5662=ADVANCED_FACE('',(#405),#5412,.T.);
#5663=ADVANCED_FACE('',(#406),#5413,.T.);
#5664=ADVANCED_FACE('',(#407),#5414,.F.);
#5665=ADVANCED_FACE('',(#408),#5415,.T.);
#5666=ADVANCED_FACE('',(#409),#5416,.T.);
#5667=ADVANCED_FACE('',(#410),#5417,.F.);
#5668=ADVANCED_FACE('',(#411),#5418,.T.);
#5669=ADVANCED_FACE('',(#412),#5419,.T.);
#5670=ADVANCED_FACE('',(#413),#5420,.F.);
#5671=ADVANCED_FACE('',(#414),#5421,.F.);
#5672=ADVANCED_FACE('',(#415),#5422,.T.);
#5673=ADVANCED_FACE('',(#416),#5423,.T.);
#5674=ADVANCED_FACE('',(#417),#5424,.F.);
#5675=ADVANCED_FACE('',(#418),#5425,.T.);
#5676=ADVANCED_FACE('',(#419),#5426,.T.);
#5677=ADVANCED_FACE('',(#420),#5427,.F.);
#5678=ADVANCED_FACE('',(#421),#5428,.F.);
#5679=ADVANCED_FACE('',(#422),#5429,.T.);
#5680=ADVANCED_FACE('',(#423),#5430,.T.);
#5681=ADVANCED_FACE('',(#424),#5431,.F.);
#5682=ADVANCED_FACE('',(#425),#5432,.T.);
#5683=ADVANCED_FACE('',(#426),#5433,.T.);
#5684=ADVANCED_FACE('',(#427),#5434,.F.);
#5685=ADVANCED_FACE('',(#428),#5435,.F.);
#5686=ADVANCED_FACE('',(#429),#5436,.F.);
#5687=ADVANCED_FACE('',(#430),#5437,.F.);
#5688=ADVANCED_FACE('',(#431),#5438,.T.);
#5689=ADVANCED_FACE('',(#432),#5439,.T.);
#5690=ADVANCED_FACE('',(#433),#5440,.F.);
#5691=ADVANCED_FACE('',(#434),#5441,.F.);
#5692=ADVANCED_FACE('',(#435),#5442,.T.);
#5693=ADVANCED_FACE('',(#436,#321,#322,#323,#324),#5443,.T.);
#5694=ADVANCED_FACE('',(#437),#5444,.T.);
#5695=ADVANCED_FACE('',(#438,#325,#326),#5445,.F.);
#5696=ADVANCED_FACE('',(#439,#327,#328),#5446,.T.);
#5697=ADVANCED_FACE('',(#440),#5447,.F.);
#5698=ADVANCED_FACE('',(#441),#5448,.F.);
#5699=ADVANCED_FACE('',(#442),#5449,.F.);
#5700=ADVANCED_FACE('',(#443),#5450,.F.);
#5701=ADVANCED_FACE('',(#444),#5451,.F.);
#5702=ADVANCED_FACE('',(#445),#251,.F.);
#5703=ADVANCED_FACE('',(#446),#5452,.F.);
#5704=ADVANCED_FACE('',(#447),#252,.F.);
#5705=ADVANCED_FACE('',(#448),#5453,.F.);
#5706=ADVANCED_FACE('',(#449),#253,.F.);
#5707=ADVANCED_FACE('',(#450),#5454,.F.);
#5708=ADVANCED_FACE('',(#451),#254,.F.);
#5709=ADVANCED_FACE('',(#452,#329),#5455,.T.);
#5710=ADVANCED_FACE('',(#453,#330),#5456,.F.);
#5711=ADVANCED_FACE('',(#454),#5457,.F.);
#5712=ADVANCED_FACE('',(#455),#5458,.F.);
#5713=ADVANCED_FACE('',(#456),#5459,.F.);
#5714=ADVANCED_FACE('',(#457),#5460,.F.);
#5715=ADVANCED_FACE('',(#458),#5461,.F.);
#5716=ADVANCED_FACE('',(#459),#5462,.F.);
#5717=ADVANCED_FACE('',(#460),#5463,.T.);
#5718=ADVANCED_FACE('',(#461),#5464,.T.);
#5719=ADVANCED_FACE('',(#462),#5465,.T.);
#5720=ADVANCED_FACE('',(#463),#5466,.T.);
#5721=ADVANCED_FACE('',(#464),#5467,.T.);
#5722=ADVANCED_FACE('',(#465),#5468,.F.);
#5723=ADVANCED_FACE('',(#466),#5469,.T.);
#5724=ADVANCED_FACE('',(#467),#5470,.T.);
#5725=ADVANCED_FACE('',(#468),#5471,.T.);
#5726=ADVANCED_FACE('',(#469),#5472,.T.);
#5727=ADVANCED_FACE('',(#470),#5473,.F.);
#5728=ADVANCED_FACE('',(#471),#5474,.T.);
#5729=ADVANCED_FACE('',(#472),#5475,.T.);
#5730=ADVANCED_FACE('',(#473),#5476,.T.);
#5731=ADVANCED_FACE('',(#474),#5477,.T.);
#5732=ADVANCED_FACE('',(#475),#5478,.F.);
#5733=ADVANCED_FACE('',(#476),#5479,.T.);
#5734=ADVANCED_FACE('',(#477),#5480,.T.);
#5735=ADVANCED_FACE('',(#478),#5481,.T.);
#5736=ADVANCED_FACE('',(#479),#5482,.T.);
#5737=ADVANCED_FACE('',(#480),#5483,.F.);
#5738=ADVANCED_FACE('',(#481),#255,.F.);
#5739=ADVANCED_FACE('',(#482),#256,.T.);
#5740=ADVANCED_FACE('',(#483,#331),#5484,.F.);
#5741=ADVANCED_FACE('',(#484,#332,#333,#334,#335,#336,#337),#5485,.F.);
#5742=ADVANCED_FACE('',(#485),#257,.F.);
#5743=ADVANCED_FACE('',(#486),#258,.T.);
#5744=ADVANCED_FACE('',(#487,#338),#5486,.F.);
#5745=ADVANCED_FACE('',(#488),#5487,.F.);
#5746=ADVANCED_FACE('',(#489),#5488,.T.);
#5747=ADVANCED_FACE('',(#490),#5489,.F.);
#5748=ADVANCED_FACE('',(#491),#5490,.T.);
#5749=ADVANCED_FACE('',(#492),#5491,.T.);
#5750=ADVANCED_FACE('',(#493),#5492,.F.);
#5751=ADVANCED_FACE('',(#494),#5493,.F.);
#5752=ADVANCED_FACE('',(#495),#5494,.F.);
#5753=ADVANCED_FACE('',(#496),#5495,.F.);
#5754=ADVANCED_FACE('',(#497),#5496,.F.);
#5755=ADVANCED_FACE('',(#498),#5497,.T.);
#5756=ADVANCED_FACE('',(#499),#5498,.F.);
#5757=ADVANCED_FACE('',(#500),#5499,.T.);
#5758=ADVANCED_FACE('',(#501),#5500,.T.);
#5759=ADVANCED_FACE('',(#502),#5501,.F.);
#5760=ADVANCED_FACE('',(#503),#5502,.F.);
#5761=ADVANCED_FACE('',(#504),#5503,.F.);
#5762=ADVANCED_FACE('',(#505),#5504,.F.);
#5763=ADVANCED_FACE('',(#506),#5505,.F.);
#5764=ADVANCED_FACE('',(#507),#5506,.T.);
#5765=ADVANCED_FACE('',(#508),#5507,.F.);
#5766=ADVANCED_FACE('',(#509),#5508,.T.);
#5767=ADVANCED_FACE('',(#510),#5509,.T.);
#5768=ADVANCED_FACE('',(#511),#5510,.F.);
#5769=ADVANCED_FACE('',(#512),#5511,.F.);
#5770=ADVANCED_FACE('',(#513),#5512,.F.);
#5771=ADVANCED_FACE('',(#514),#5513,.F.);
#5772=ADVANCED_FACE('',(#515),#5514,.F.);
#5773=ADVANCED_FACE('',(#516),#5515,.T.);
#5774=ADVANCED_FACE('',(#517),#5516,.F.);
#5775=ADVANCED_FACE('',(#518),#5517,.T.);
#5776=ADVANCED_FACE('',(#519),#5518,.T.);
#5777=ADVANCED_FACE('',(#520),#5519,.F.);
#5778=ADVANCED_FACE('',(#521),#5520,.F.);
#5779=ADVANCED_FACE('',(#522),#5521,.F.);
#5780=ADVANCED_FACE('',(#523),#5522,.F.);
#5781=ADVANCED_FACE('',(#524),#5523,.F.);
#5782=ADVANCED_FACE('',(#525),#5524,.T.);
#5783=ADVANCED_FACE('',(#526),#5525,.F.);
#5784=ADVANCED_FACE('',(#527),#5526,.T.);
#5785=ADVANCED_FACE('',(#528),#5527,.T.);
#5786=ADVANCED_FACE('',(#529),#5528,.T.);
#5787=ADVANCED_FACE('',(#530),#5529,.T.);
#5788=ADVANCED_FACE('',(#531),#5530,.T.);
#5789=ADVANCED_FACE('',(#532),#5531,.T.);
#5790=ADVANCED_FACE('',(#533),#5532,.T.);
#5791=ADVANCED_FACE('',(#534),#5533,.T.);
#5792=ADVANCED_FACE('',(#535,#339),#5534,.T.);
#5793=ADVANCED_FACE('',(#536,#340,#341,#342,#343,#344),#5535,.F.);
#5794=ADVANCED_FACE('',(#537),#259,.T.);
#5795=ADVANCED_FACE('',(#538,#345),#5536,.F.);
#5796=ADVANCED_FACE('',(#539,#346),#5537,.T.);
#5797=ADVANCED_FACE('',(#540),#260,.F.);
#5798=ADVANCED_FACE('',(#541),#261,.F.);
#5799=ADVANCED_FACE('',(#542),#262,.T.);
#5800=ADVANCED_FACE('',(#543),#263,.T.);
#5801=ADVANCED_FACE('',(#544),#264,.F.);
#5802=ADVANCED_FACE('',(#545),#265,.T.);
#5803=ADVANCED_FACE('',(#546),#266,.T.);
#5804=ADVANCED_FACE('',(#547,#347),#5538,.F.);
#5805=ADVANCED_FACE('',(#548,#348),#5539,.T.);
#5806=ADVANCED_FACE('',(#549),#267,.F.);
#5807=ADVANCED_FACE('',(#550),#268,.F.);
#5808=ADVANCED_FACE('',(#551),#269,.T.);
#5809=ADVANCED_FACE('',(#552),#270,.T.);
#5810=ADVANCED_FACE('',(#553),#271,.F.);
#5811=ADVANCED_FACE('',(#554),#272,.T.);
#5812=ADVANCED_FACE('',(#555),#273,.F.);
#5813=ADVANCED_FACE('',(#556),#274,.F.);
#5814=ADVANCED_FACE('',(#557),#275,.T.);
#5815=ADVANCED_FACE('',(#558),#276,.F.);
#5816=ADVANCED_FACE('',(#559,#349),#5540,.F.);
#5817=ADVANCED_FACE('',(#560,#350),#5541,.T.);
#5818=ADVANCED_FACE('',(#561),#277,.F.);
#5819=ADVANCED_FACE('',(#562),#278,.F.);
#5820=ADVANCED_FACE('',(#563),#279,.F.);
#5821=ADVANCED_FACE('',(#564),#280,.F.);
#5822=ADVANCED_FACE('',(#565),#281,.F.);
#5823=ADVANCED_FACE('',(#566),#282,.F.);
#5824=ADVANCED_FACE('',(#567,#351),#5542,.F.);
#5825=ADVANCED_FACE('',(#568),#283,.F.);
#5826=ADVANCED_FACE('',(#569,#352),#5543,.F.);
#5827=ADVANCED_FACE('',(#570),#284,.T.);
#5828=ADVANCED_FACE('',(#571),#285,.F.);
#5829=ADVANCED_FACE('',(#572),#5544,.F.);
#5830=ADVANCED_FACE('',(#573),#286,.T.);
#5831=ADVANCED_FACE('',(#574),#287,.F.);
#5832=ADVANCED_FACE('',(#575),#5545,.F.);
#5833=ADVANCED_FACE('',(#576),#288,.F.);
#5834=ADVANCED_FACE('',(#577),#289,.F.);
#5835=ADVANCED_FACE('',(#578),#290,.T.);
#5836=ADVANCED_FACE('',(#579),#291,.F.);
#5837=ADVANCED_FACE('',(#580,#353),#5546,.F.);
#5838=ADVANCED_FACE('',(#581,#354),#5547,.T.);
#5839=ADVANCED_FACE('',(#582),#292,.F.);
#5840=ADVANCED_FACE('',(#583),#293,.F.);
#5841=ADVANCED_FACE('',(#584),#294,.F.);
#5842=ADVANCED_FACE('',(#585),#295,.F.);
#5843=ADVANCED_FACE('',(#586),#296,.F.);
#5844=ADVANCED_FACE('',(#587),#297,.F.);
#5845=ADVANCED_FACE('',(#588,#355),#5548,.F.);
#5846=ADVANCED_FACE('',(#589),#298,.F.);
#5847=ADVANCED_FACE('',(#590,#356),#5549,.F.);
#5848=ADVANCED_FACE('',(#591),#5550,.F.);
#5849=ADVANCED_FACE('',(#592),#5551,.F.);
#5850=ADVANCED_FACE('',(#593,#357),#5552,.F.);
#5851=ADVANCED_FACE('',(#594,#358),#5553,.T.);
#5852=ADVANCED_FACE('',(#595,#359,#360,#361,#362,#363,#364,#365),#299,.T.);
#5853=ADVANCED_FACE('',(#596),#300,.F.);
#5854=ADVANCED_FACE('',(#597),#301,.F.);
#5855=ADVANCED_FACE('',(#598,#366,#367),#5554,.T.);
#5856=ADVANCED_FACE('',(#599),#5555,.T.);
#5857=ADVANCED_FACE('',(#600),#5556,.T.);
#5858=ADVANCED_FACE('',(#601),#5557,.T.);
#5859=ADVANCED_FACE('',(#602),#5558,.T.);
#5860=ADVANCED_FACE('',(#603),#5559,.F.);
#5861=ADVANCED_FACE('',(#604),#5560,.F.);
#5862=ADVANCED_FACE('',(#605),#5561,.F.);
#5863=ADVANCED_FACE('',(#606),#5562,.F.);
#5864=ADVANCED_FACE('',(#607,#368,#369),#5563,.F.);
#5865=ADVANCED_FACE('',(#608),#5564,.T.);
#5866=ADVANCED_FACE('',(#609),#5565,.T.);
#5867=ADVANCED_FACE('',(#610),#5566,.T.);
#5868=ADVANCED_FACE('',(#611),#5567,.T.);
#5869=ADVANCED_FACE('',(#612),#5568,.T.);
#5870=ADVANCED_FACE('',(#613),#5569,.T.);
#5871=ADVANCED_FACE('',(#614),#5570,.T.);
#5872=ADVANCED_FACE('',(#615),#5571,.T.);
#5873=ADVANCED_FACE('',(#616),#5572,.T.);
#5874=ADVANCED_FACE('',(#617,#370),#5573,.T.);
#5875=ADVANCED_FACE('',(#618),#5574,.T.);
#5876=ADVANCED_FACE('',(#619),#5575,.T.);
#5877=ADVANCED_FACE('',(#620),#5576,.T.);
#5878=ADVANCED_FACE('',(#621),#5577,.T.);
#5879=ADVANCED_FACE('',(#622),#5578,.T.);
#5880=ADVANCED_FACE('',(#623),#5579,.T.);
#5881=ADVANCED_FACE('',(#624),#5580,.T.);
#5882=ADVANCED_FACE('',(#625),#5581,.T.);
#5883=ADVANCED_FACE('',(#626),#5582,.T.);
#5884=ADVANCED_FACE('',(#627),#5583,.T.);
#5885=ADVANCED_FACE('',(#628),#5584,.T.);
#5886=ADVANCED_FACE('',(#629),#5585,.T.);
#5887=ADVANCED_FACE('',(#630),#5586,.T.);
#5888=ADVANCED_FACE('',(#631),#5587,.T.);
#5889=ADVANCED_FACE('',(#632),#302,.F.);
#5890=ADVANCED_FACE('',(#633),#5588,.F.);
#5891=ADVANCED_FACE('',(#634),#303,.F.);
#5892=ADVANCED_FACE('',(#635),#5589,.F.);
#5893=ADVANCED_FACE('',(#636),#304,.F.);
#5894=ADVANCED_FACE('',(#637),#5590,.F.);
#5895=ADVANCED_FACE('',(#638),#305,.F.);
#5896=ADVANCED_FACE('',(#639),#5591,.F.);
#5897=ADVANCED_FACE('',(#640),#5592,.F.);
#5898=ADVANCED_FACE('',(#641),#31,.F.);
#5899=ADVANCED_FACE('',(#642),#306,.T.);
#5900=ADVANCED_FACE('',(#643),#5593,.F.);
#5901=ADVANCED_FACE('',(#644),#32,.F.);
#5902=ADVANCED_FACE('',(#645),#307,.T.);
#5903=ADVANCED_FACE('',(#646),#5594,.F.);
#5904=ADVANCED_FACE('',(#647),#33,.F.);
#5905=ADVANCED_FACE('',(#648),#308,.T.);
#5906=ADVANCED_FACE('',(#649),#5595,.F.);
#5907=ADVANCED_FACE('',(#650),#34,.F.);
#5908=ADVANCED_FACE('',(#651),#309,.T.);
#5909=ADVANCED_FACE('',(#652),#35,.F.);
#5910=ADVANCED_FACE('',(#653),#36,.F.);
#5911=ADVANCED_FACE('',(#654),#37,.F.);
#5912=ADVANCED_FACE('',(#655),#38,.F.);
#5913=ADVANCED_FACE('',(#656),#39,.F.);
#5914=ADVANCED_FACE('',(#657),#40,.F.);
#5915=ADVANCED_FACE('',(#658),#41,.F.);
#5916=ADVANCED_FACE('',(#659,#371,#372),#5596,.T.);
#5917=ADVANCED_FACE('',(#660,#373),#5597,.T.);
#5918=ADVANCED_FACE('',(#661),#5598,.T.);
#5919=ADVANCED_FACE('',(#662,#374),#5599,.F.);
#5920=ADVANCED_FACE('',(#663),#310,.T.);
#5921=ADVANCED_FACE('',(#664),#5600,.T.);
#5922=ADVANCED_FACE('',(#665),#5601,.T.);
#5923=ADVANCED_FACE('',(#666),#5602,.T.);
#5924=ADVANCED_FACE('',(#667),#5603,.T.);
#5925=ADVANCED_FACE('',(#668),#5604,.T.);
#5926=ADVANCED_FACE('',(#669),#5605,.T.);
#5927=ADVANCED_FACE('',(#670),#5606,.T.);
#5928=ADVANCED_FACE('',(#671),#5607,.T.);
#5929=ADVANCED_FACE('',(#672),#5608,.T.);
#5930=ADVANCED_FACE('',(#673),#5609,.T.);
#5931=ADVANCED_FACE('',(#674),#5610,.T.);
#5932=ADVANCED_FACE('',(#675),#5611,.T.);
#5933=ADVANCED_FACE('',(#676),#5612,.T.);
#5934=ADVANCED_FACE('',(#677),#5613,.T.);
#5935=ADVANCED_FACE('',(#678),#5614,.T.);
#5936=ADVANCED_FACE('',(#679),#5615,.T.);
#5937=ADVANCED_FACE('',(#680),#5616,.T.);
#5938=ADVANCED_FACE('',(#681),#5617,.T.);
#5939=ADVANCED_FACE('',(#682),#5618,.T.);
#5940=ADVANCED_FACE('',(#683),#5619,.F.);
#5941=ADVANCED_FACE('',(#684),#5620,.T.);
#5942=ADVANCED_FACE('',(#685),#5621,.T.);
#5943=ADVANCED_FACE('',(#686),#5622,.T.);
#5944=ADVANCED_FACE('',(#687),#5623,.T.);
#5945=ADVANCED_FACE('',(#688),#5624,.T.);
#5946=ADVANCED_FACE('',(#689),#5625,.T.);
#5947=ADVANCED_FACE('',(#690),#5626,.T.);
#5948=ADVANCED_FACE('',(#691),#5627,.T.);
#5949=ADVANCED_FACE('',(#692),#5628,.T.);
#5950=ADVANCED_FACE('',(#693),#5629,.T.);
#5951=ADVANCED_FACE('',(#694),#311,.T.);
#5952=ADVANCED_FACE('',(#695),#312,.T.);
#5953=ADVANCED_FACE('',(#696),#5630,.T.);
#5954=ADVANCED_FACE('',(#697,#375),#5631,.F.);
#5955=ADVANCED_FACE('',(#698),#313,.T.);
#5956=ADVANCED_FACE('',(#699),#314,.T.);
#5957=ADVANCED_FACE('',(#700),#5632,.T.);
#5958=ADVANCED_FACE('',(#701,#376),#5633,.F.);
#5959=ADVANCED_FACE('',(#702,#377,#378),#5634,.T.);
#5960=ADVANCED_FACE('',(#703),#315,.T.);
#5961=ADVANCED_FACE('',(#704),#13,.F.);
#5962=ADVANCED_FACE('',(#705,#379),#5635,.F.);
#5963=ADVANCED_FACE('',(#706),#14,.T.);
#5964=ADVANCED_FACE('',(#707),#316,.T.);
#5965=ADVANCED_FACE('',(#708),#317,.T.);
#5966=ADVANCED_FACE('',(#709),#5636,.T.);
#5967=ADVANCED_FACE('',(#710,#380),#5637,.F.);
#5968=ADVANCED_FACE('',(#711),#318,.T.);
#5969=ADVANCED_FACE('',(#712),#319,.T.);
#5970=ADVANCED_FACE('',(#713),#5638,.T.);
#5971=ADVANCED_FACE('',(#714,#381),#5639,.F.);
#5972=ADVANCED_FACE('',(#715,#382,#383),#5640,.T.);
#5973=ADVANCED_FACE('',(#716),#320,.T.);
#5974=ADVANCED_FACE('',(#717),#15,.F.);
#5975=ADVANCED_FACE('',(#718,#384),#5641,.F.);
#5976=ADVANCED_FACE('',(#719),#16,.T.);
#5977=CLOSED_SHELL('',(#5642,#5643,#5644,#5645,#5646,#5647,#5648,#5649,
#5650,#5651,#5652,#5653,#5654,#5655,#5656,#5657,#5658,#5659,#5660,#5661,
#5662,#5663,#5664,#5665,#5666,#5667,#5668,#5669,#5670,#5671,#5672,#5673,
#5674,#5675,#5676,#5677,#5678,#5679,#5680,#5681,#5682,#5683,#5684,#5685,
#5686,#5687,#5688,#5689,#5690,#5691,#5692,#5693,#5694,#5695,#5696,#5697,
#5698,#5699,#5700,#5701,#5702,#5703,#5704,#5705,#5706,#5707,#5708,#5709,
#5710,#5711,#5712,#5713,#5714,#5715,#5716,#5717,#5718,#5719,#5720,#5721,
#5722,#5723,#5724,#5725,#5726,#5727,#5728,#5729,#5730,#5731,#5732,#5733,
#5734,#5735,#5736,#5737,#5738,#5739,#5740,#5741,#5742,#5743,#5744,#5745,
#5746,#5747));
#5978=CLOSED_SHELL('',(#5748,#5749,#5750,#5751,#5752,#5753,#5754,#5755,
#5756,#5757,#5758,#5759,#5760,#5761,#5762,#5763,#5764,#5765,#5766,#5767,
#5768,#5769,#5770,#5771,#5772,#5773,#5774,#5775,#5776,#5777,#5778,#5779,
#5780,#5781,#5782,#5783,#5784,#5785,#5786,#5787,#5788,#5789,#5790,#5791,
#5792,#5793));
#5979=CLOSED_SHELL('',(#5794,#5795,#5796,#5797,#5798,#5799,#5800,#5801,
#5802,#5803,#5804,#5805,#5806,#5807,#5808,#5809,#5810,#5811,#5812,#5813,
#5814,#5815,#5816,#5817,#5818,#5819,#5820,#5821,#5822,#5823,#5824,#5825,
#5826,#5827,#5828,#5829,#5830,#5831,#5832,#5833,#5834,#5835,#5836,#5837,
#5838,#5839,#5840,#5841,#5842,#5843,#5844,#5845,#5846,#5847,#5848,#5849,
#5850,#5851,#5852,#5853,#5854,#5855,#5856,#5857,#5858,#5859,#5860,#5861,
#5862,#5863,#5864,#5865,#5866,#5867,#5868,#5869,#5870,#5871,#5872,#5873,
#5874,#5875,#5876,#5877,#5878,#5879,#5880,#5881,#5882,#5883,#5884,#5885,
#5886,#5887,#5888,#5889,#5890,#5891,#5892,#5893,#5894,#5895,#5896,#5897,
#5898,#5899,#5900,#5901,#5902,#5903,#5904,#5905,#5906,#5907,#5908));
#5980=CLOSED_SHELL('',(#5909,#5910,#5911,#5912,#5913,#5914,#5915,#5916,
#5917,#5918,#5919,#5920,#5921,#5922,#5923,#5924,#5925,#5926,#5927,#5928,
#5929,#5930,#5931,#5932,#5933,#5934,#5935,#5936,#5937,#5938,#5939,#5940,
#5941,#5942,#5943,#5944,#5945,#5946,#5947,#5948,#5949,#5950));
#5981=CLOSED_SHELL('',(#5951,#5952,#5953,#5954,#5955,#5956,#5957,#5958,
#5959,#5960,#5961,#5962,#5963));
#5982=CLOSED_SHELL('',(#5964,#5965,#5966,#5967,#5968,#5969,#5970,#5971,
#5972,#5973,#5974,#5975,#5976));
#5983=AXIS2_PLACEMENT_3D('',#8080,#6473,#6474);
#5984=AXIS2_PLACEMENT_3D('',#8081,#6475,#6476);
#5985=AXIS2_PLACEMENT_3D('',#8090,#6481,#6482);
#5986=AXIS2_PLACEMENT_3D('',#8096,#6486,#6487);
#5987=AXIS2_PLACEMENT_3D('',#8102,#6491,#6492);
#5988=AXIS2_PLACEMENT_3D('',#8104,#6494,#6495);
#5989=AXIS2_PLACEMENT_3D('',#8106,#6497,#6498);
#5990=AXIS2_PLACEMENT_3D('',#8115,#6503,#6504);
#5991=AXIS2_PLACEMENT_3D('',#8121,#6508,#6509);
#5992=AXIS2_PLACEMENT_3D('',#8127,#6513,#6514);
#5993=AXIS2_PLACEMENT_3D('',#8129,#6516,#6517);
#5994=AXIS2_PLACEMENT_3D('',#8131,#6519,#6520);
#5995=AXIS2_PLACEMENT_3D('',#8140,#6525,#6526);
#5996=AXIS2_PLACEMENT_3D('',#8146,#6530,#6531);
#5997=AXIS2_PLACEMENT_3D('',#8152,#6535,#6536);
#5998=AXIS2_PLACEMENT_3D('',#8154,#6538,#6539);
#5999=AXIS2_PLACEMENT_3D('',#8156,#6541,#6542);
#6000=AXIS2_PLACEMENT_3D('',#8165,#6547,#6548);
#6001=AXIS2_PLACEMENT_3D('',#8171,#6552,#6553);
#6002=AXIS2_PLACEMENT_3D('',#8177,#6557,#6558);
#6003=AXIS2_PLACEMENT_3D('',#8179,#6560,#6561);
#6004=AXIS2_PLACEMENT_3D('',#8181,#6563,#6564);
#6005=AXIS2_PLACEMENT_3D('',#8190,#6569,#6570);
#6006=AXIS2_PLACEMENT_3D('',#8194,#6573,#6574);
#6007=AXIS2_PLACEMENT_3D('',#8202,#6579,#6580);
#6008=AXIS2_PLACEMENT_3D('',#8211,#6585,#6586);
#6009=AXIS2_PLACEMENT_3D('',#8215,#6589,#6590);
#6010=AXIS2_PLACEMENT_3D('',#8220,#6594,#6595);
#6011=AXIS2_PLACEMENT_3D('',#8229,#6600,#6601);
#6012=AXIS2_PLACEMENT_3D('',#8233,#6604,#6605);
#6013=AXIS2_PLACEMENT_3D('',#8241,#6610,#6611);
#6014=AXIS2_PLACEMENT_3D('',#8249,#6616,#6617);
#6015=AXIS2_PLACEMENT_3D('',#8255,#6621,#6622);
#6016=AXIS2_PLACEMENT_3D('',#8259,#6625,#6626);
#6017=AXIS2_PLACEMENT_3D('',#8265,#6630,#6631);
#6018=AXIS2_PLACEMENT_3D('',#8274,#6636,#6637);
#6019=AXIS2_PLACEMENT_3D('',#8278,#6640,#6641);
#6020=AXIS2_PLACEMENT_3D('',#8286,#6646,#6647);
#6021=AXIS2_PLACEMENT_3D('',#8294,#6652,#6653);
#6022=AXIS2_PLACEMENT_3D('',#8300,#6657,#6658);
#6023=AXIS2_PLACEMENT_3D('',#8304,#6661,#6662);
#6024=AXIS2_PLACEMENT_3D('',#8310,#6666,#6667);
#6025=AXIS2_PLACEMENT_3D('',#8319,#6672,#6673);
#6026=AXIS2_PLACEMENT_3D('',#8323,#6676,#6677);
#6027=AXIS2_PLACEMENT_3D('',#8331,#6682,#6683);
#6028=AXIS2_PLACEMENT_3D('',#8339,#6688,#6689);
#6029=AXIS2_PLACEMENT_3D('',#8348,#6694,#6695);
#6030=AXIS2_PLACEMENT_3D('',#8361,#6702,#6703);
#6031=AXIS2_PLACEMENT_3D('',#8367,#6707,#6708);
#6032=AXIS2_PLACEMENT_3D('',#8371,#6711,#6712);
#6033=AXIS2_PLACEMENT_3D('',#8377,#6716,#6717);
#6034=AXIS2_PLACEMENT_3D('',#8386,#6722,#6723);
#6035=AXIS2_PLACEMENT_3D('',#8396,#6730,#6731);
#6036=AXIS2_PLACEMENT_3D('',#8417,#6745,#6746);
#6037=AXIS2_PLACEMENT_3D('',#8423,#6750,#6751);
#6038=AXIS2_PLACEMENT_3D('',#8429,#6755,#6756);
#6039=AXIS2_PLACEMENT_3D('',#8437,#6761,#6762);
#6040=AXIS2_PLACEMENT_3D('',#8439,#6764,#6765);
#6041=AXIS2_PLACEMENT_3D('',#8440,#6766,#6767);
#6042=AXIS2_PLACEMENT_3D('',#8442,#6769,#6770);
#6043=AXIS2_PLACEMENT_3D('',#8443,#6771,#6772);
#6044=AXIS2_PLACEMENT_3D('',#8452,#6777,#6778);
#6045=AXIS2_PLACEMENT_3D('',#8454,#6779,#6780);
#6046=AXIS2_PLACEMENT_3D('',#8457,#6782,#6783);
#6047=AXIS2_PLACEMENT_3D('',#8458,#6784,#6785);
#6048=AXIS2_PLACEMENT_3D('',#8464,#6789,#6790);
#6049=AXIS2_PLACEMENT_3D('',#8466,#6791,#6792);
#6050=AXIS2_PLACEMENT_3D('',#8469,#6794,#6795);
#6051=AXIS2_PLACEMENT_3D('',#8470,#6796,#6797);
#6052=AXIS2_PLACEMENT_3D('',#8476,#6801,#6802);
#6053=AXIS2_PLACEMENT_3D('',#8478,#6803,#6804);
#6054=AXIS2_PLACEMENT_3D('',#8481,#6806,#6807);
#6055=AXIS2_PLACEMENT_3D('',#8482,#6808,#6809);
#6056=AXIS2_PLACEMENT_3D('',#8488,#6813,#6814);
#6057=AXIS2_PLACEMENT_3D('',#8489,#6815,#6816);
#6058=AXIS2_PLACEMENT_3D('',#8490,#6817,#6818);
#6059=AXIS2_PLACEMENT_3D('',#8491,#6819,#6820);
#6060=AXIS2_PLACEMENT_3D('',#8497,#6824,#6825);
#6061=AXIS2_PLACEMENT_3D('',#8499,#6827,#6828);
#6062=AXIS2_PLACEMENT_3D('',#8501,#6830,#6831);
#6063=AXIS2_PLACEMENT_3D('',#8503,#6833,#6834);
#6064=AXIS2_PLACEMENT_3D('',#8504,#6835,#6836);
#6065=AXIS2_PLACEMENT_3D('',#8508,#6839,#6840);
#6066=AXIS2_PLACEMENT_3D('',#8510,#6842,#6843);
#6067=AXIS2_PLACEMENT_3D('',#8511,#6844,#6845);
#6068=AXIS2_PLACEMENT_3D('',#8515,#6848,#6849);
#6069=AXIS2_PLACEMENT_3D('',#8524,#6854,#6855);
#6070=AXIS2_PLACEMENT_3D('',#8530,#6859,#6860);
#6071=AXIS2_PLACEMENT_3D('',#8536,#6864,#6865);
#6072=AXIS2_PLACEMENT_3D('',#8539,#6868,#6869);
#6073=AXIS2_PLACEMENT_3D('',#8540,#6870,#6871);
#6074=AXIS2_PLACEMENT_3D('',#8549,#6876,#6877);
#6075=AXIS2_PLACEMENT_3D('',#8555,#6881,#6882);
#6076=AXIS2_PLACEMENT_3D('',#8561,#6886,#6887);
#6077=AXIS2_PLACEMENT_3D('',#8564,#6890,#6891);
#6078=AXIS2_PLACEMENT_3D('',#8565,#6892,#6893);
#6079=AXIS2_PLACEMENT_3D('',#8574,#6898,#6899);
#6080=AXIS2_PLACEMENT_3D('',#8580,#6903,#6904);
#6081=AXIS2_PLACEMENT_3D('',#8586,#6908,#6909);
#6082=AXIS2_PLACEMENT_3D('',#8589,#6912,#6913);
#6083=AXIS2_PLACEMENT_3D('',#8590,#6914,#6915);
#6084=AXIS2_PLACEMENT_3D('',#8599,#6920,#6921);
#6085=AXIS2_PLACEMENT_3D('',#8605,#6925,#6926);
#6086=AXIS2_PLACEMENT_3D('',#8611,#6930,#6931);
#6087=AXIS2_PLACEMENT_3D('',#8614,#6934,#6935);
#6088=AXIS2_PLACEMENT_3D('',#8615,#6936,#6937);
#6089=AXIS2_PLACEMENT_3D('',#8617,#6938,#6939);
#6090=AXIS2_PLACEMENT_3D('',#8620,#6941,#6942);
#6091=AXIS2_PLACEMENT_3D('',#8621,#6943,#6944);
#6092=AXIS2_PLACEMENT_3D('',#8623,#6945,#6946);
#6093=AXIS2_PLACEMENT_3D('',#8626,#6948,#6949);
#6094=AXIS2_PLACEMENT_3D('',#8627,#6950,#6951);
#6095=AXIS2_PLACEMENT_3D('',#8628,#6952,#6953);
#6096=AXIS2_PLACEMENT_3D('',#8630,#6954,#6955);
#6097=AXIS2_PLACEMENT_3D('',#8631,#6956,#6957);
#6098=AXIS2_PLACEMENT_3D('',#8633,#6958,#6959);
#6099=AXIS2_PLACEMENT_3D('',#8636,#6961,#6962);
#6100=AXIS2_PLACEMENT_3D('',#8637,#6963,#6964);
#6101=AXIS2_PLACEMENT_3D('',#8639,#6965,#6966);
#6102=AXIS2_PLACEMENT_3D('',#8641,#6968,#6969);
#6103=AXIS2_PLACEMENT_3D('',#8642,#6970,#6971);
#6104=AXIS2_PLACEMENT_3D('',#8643,#6972,#6973);
#6105=AXIS2_PLACEMENT_3D('',#8644,#6974,#6975);
#6106=AXIS2_PLACEMENT_3D('',#8645,#6976,#6977);
#6107=AXIS2_PLACEMENT_3D('',#8654,#6982,#6983);
#6108=AXIS2_PLACEMENT_3D('',#8663,#6988,#6989);
#6109=AXIS2_PLACEMENT_3D('',#8669,#6993,#6994);
#6110=AXIS2_PLACEMENT_3D('',#8675,#6998,#6999);
#6111=AXIS2_PLACEMENT_3D('',#8681,#7003,#7004);
#6112=AXIS2_PLACEMENT_3D('',#8687,#7008,#7009);
#6113=AXIS2_PLACEMENT_3D('',#8690,#7012,#7013);
#6114=AXIS2_PLACEMENT_3D('',#8692,#7015,#7016);
#6115=AXIS2_PLACEMENT_3D('',#8694,#7018,#7019);
#6116=AXIS2_PLACEMENT_3D('',#8703,#7024,#7025);
#6117=AXIS2_PLACEMENT_3D('',#8712,#7030,#7031);
#6118=AXIS2_PLACEMENT_3D('',#8718,#7035,#7036);
#6119=AXIS2_PLACEMENT_3D('',#8724,#7040,#7041);
#6120=AXIS2_PLACEMENT_3D('',#8730,#7045,#7046);
#6121=AXIS2_PLACEMENT_3D('',#8736,#7050,#7051);
#6122=AXIS2_PLACEMENT_3D('',#8739,#7054,#7055);
#6123=AXIS2_PLACEMENT_3D('',#8741,#7057,#7058);
#6124=AXIS2_PLACEMENT_3D('',#8743,#7060,#7061);
#6125=AXIS2_PLACEMENT_3D('',#8752,#7066,#7067);
#6126=AXIS2_PLACEMENT_3D('',#8761,#7072,#7073);
#6127=AXIS2_PLACEMENT_3D('',#8767,#7077,#7078);
#6128=AXIS2_PLACEMENT_3D('',#8773,#7082,#7083);
#6129=AXIS2_PLACEMENT_3D('',#8779,#7087,#7088);
#6130=AXIS2_PLACEMENT_3D('',#8785,#7092,#7093);
#6131=AXIS2_PLACEMENT_3D('',#8788,#7096,#7097);
#6132=AXIS2_PLACEMENT_3D('',#8790,#7099,#7100);
#6133=AXIS2_PLACEMENT_3D('',#8792,#7102,#7103);
#6134=AXIS2_PLACEMENT_3D('',#8801,#7108,#7109);
#6135=AXIS2_PLACEMENT_3D('',#8810,#7114,#7115);
#6136=AXIS2_PLACEMENT_3D('',#8816,#7119,#7120);
#6137=AXIS2_PLACEMENT_3D('',#8822,#7124,#7125);
#6138=AXIS2_PLACEMENT_3D('',#8828,#7129,#7130);
#6139=AXIS2_PLACEMENT_3D('',#8834,#7134,#7135);
#6140=AXIS2_PLACEMENT_3D('',#8837,#7138,#7139);
#6141=AXIS2_PLACEMENT_3D('',#8839,#7141,#7142);
#6142=AXIS2_PLACEMENT_3D('',#8841,#7144,#7145);
#6143=AXIS2_PLACEMENT_3D('',#8850,#7150,#7151);
#6144=AXIS2_PLACEMENT_3D('',#8856,#7155,#7156);
#6145=AXIS2_PLACEMENT_3D('',#8862,#7160,#7161);
#6146=AXIS2_PLACEMENT_3D('',#8865,#7164,#7165);
#6147=AXIS2_PLACEMENT_3D('',#8874,#7170,#7171);
#6148=AXIS2_PLACEMENT_3D('',#8880,#7175,#7176);
#6149=AXIS2_PLACEMENT_3D('',#8886,#7180,#7181);
#6150=AXIS2_PLACEMENT_3D('',#8889,#7184,#7185);
#6151=AXIS2_PLACEMENT_3D('',#8890,#7186,#7187);
#6152=AXIS2_PLACEMENT_3D('',#8891,#7188,#7189);
#6153=AXIS2_PLACEMENT_3D('',#8893,#7190,#7191);
#6154=AXIS2_PLACEMENT_3D('',#8896,#7193,#7194);
#6155=AXIS2_PLACEMENT_3D('',#8897,#7195,#7196);
#6156=AXIS2_PLACEMENT_3D('',#8900,#7197,#7198);
#6157=AXIS2_PLACEMENT_3D('',#8902,#7199,#7200);
#6158=AXIS2_PLACEMENT_3D('',#8904,#7201,#7202);
#6159=AXIS2_PLACEMENT_3D('',#8905,#7203,#7204);
#6160=AXIS2_PLACEMENT_3D('',#8906,#7205,#7206);
#6161=AXIS2_PLACEMENT_3D('',#8909,#7207,#7208);
#6162=AXIS2_PLACEMENT_3D('',#8911,#7209,#7210);
#6163=AXIS2_PLACEMENT_3D('',#8913,#7211,#7212);
#6164=AXIS2_PLACEMENT_3D('',#8914,#7213,#7214);
#6165=AXIS2_PLACEMENT_3D('',#8915,#7215,#7216);
#6166=AXIS2_PLACEMENT_3D('',#8919,#7218,#7219);
#6167=AXIS2_PLACEMENT_3D('',#8921,#7221,#7222);
#6168=AXIS2_PLACEMENT_3D('',#8925,#7224,#7225);
#6169=AXIS2_PLACEMENT_3D('',#8927,#7227,#7228);
#6170=AXIS2_PLACEMENT_3D('',#8930,#7230,#7231);
#6171=AXIS2_PLACEMENT_3D('',#8931,#7232,#7233);
#6172=AXIS2_PLACEMENT_3D('',#8933,#7234,#7235);
#6173=AXIS2_PLACEMENT_3D('',#8935,#7237,#7238);
#6174=AXIS2_PLACEMENT_3D('',#8938,#7240,#7241);
#6175=AXIS2_PLACEMENT_3D('',#8939,#7242,#7243);
#6176=AXIS2_PLACEMENT_3D('',#8940,#7244,#7245);
#6177=AXIS2_PLACEMENT_3D('',#8941,#7246,#7247);
#6178=AXIS2_PLACEMENT_3D('',#8943,#7248,#7249);
#6179=AXIS2_PLACEMENT_3D('',#8946,#7251,#7252);
#6180=AXIS2_PLACEMENT_3D('',#8947,#7253,#7254);
#6181=AXIS2_PLACEMENT_3D('',#8950,#7255,#7256);
#6182=AXIS2_PLACEMENT_3D('',#8952,#7257,#7258);
#6183=AXIS2_PLACEMENT_3D('',#8954,#7259,#7260);
#6184=AXIS2_PLACEMENT_3D('',#8955,#7261,#7262);
#6185=AXIS2_PLACEMENT_3D('',#8956,#7263,#7264);
#6186=AXIS2_PLACEMENT_3D('',#8959,#7265,#7266);
#6187=AXIS2_PLACEMENT_3D('',#8961,#7267,#7268);
#6188=AXIS2_PLACEMENT_3D('',#8963,#7269,#7270);
#6189=AXIS2_PLACEMENT_3D('',#8964,#7271,#7272);
#6190=AXIS2_PLACEMENT_3D('',#8965,#7273,#7274);
#6191=AXIS2_PLACEMENT_3D('',#8969,#7276,#7277);
#6192=AXIS2_PLACEMENT_3D('',#8971,#7279,#7280);
#6193=AXIS2_PLACEMENT_3D('',#8975,#7282,#7283);
#6194=AXIS2_PLACEMENT_3D('',#8977,#7285,#7286);
#6195=AXIS2_PLACEMENT_3D('',#8980,#7288,#7289);
#6196=AXIS2_PLACEMENT_3D('',#8981,#7290,#7291);
#6197=AXIS2_PLACEMENT_3D('',#8983,#7292,#7293);
#6198=AXIS2_PLACEMENT_3D('',#8985,#7295,#7296);
#6199=AXIS2_PLACEMENT_3D('',#8988,#7298,#7299);
#6200=AXIS2_PLACEMENT_3D('',#8989,#7300,#7301);
#6201=AXIS2_PLACEMENT_3D('',#8990,#7302,#7303);
#6202=AXIS2_PLACEMENT_3D('',#8991,#7304,#7305);
#6203=AXIS2_PLACEMENT_3D('',#8994,#7306,#7307);
#6204=AXIS2_PLACEMENT_3D('',#8998,#7309,#7310);
#6205=AXIS2_PLACEMENT_3D('',#9000,#7312,#7313);
#6206=AXIS2_PLACEMENT_3D('',#9002,#7314,#7315);
#6207=AXIS2_PLACEMENT_3D('',#9005,#7317,#7318);
#6208=AXIS2_PLACEMENT_3D('',#9006,#7319,#7320);
#6209=AXIS2_PLACEMENT_3D('',#9011,#7322,#7323);
#6210=AXIS2_PLACEMENT_3D('',#9014,#7325,#7326);
#6211=AXIS2_PLACEMENT_3D('',#9015,#7327,#7328);
#6212=AXIS2_PLACEMENT_3D('',#9017,#7329,#7330);
#6213=AXIS2_PLACEMENT_3D('',#9020,#7332,#7333);
#6214=AXIS2_PLACEMENT_3D('',#9021,#7334,#7335);
#6215=AXIS2_PLACEMENT_3D('',#9023,#7336,#7337);
#6216=AXIS2_PLACEMENT_3D('',#9024,#7338,#7339);
#6217=AXIS2_PLACEMENT_3D('',#9025,#7340,#7341);
#6218=AXIS2_PLACEMENT_3D('',#9028,#7342,#7343);
#6219=AXIS2_PLACEMENT_3D('',#9030,#7344,#7345);
#6220=AXIS2_PLACEMENT_3D('',#9032,#7346,#7347);
#6221=AXIS2_PLACEMENT_3D('',#9033,#7348,#7349);
#6222=AXIS2_PLACEMENT_3D('',#9034,#7350,#7351);
#6223=AXIS2_PLACEMENT_3D('',#9038,#7353,#7354);
#6224=AXIS2_PLACEMENT_3D('',#9040,#7356,#7357);
#6225=AXIS2_PLACEMENT_3D('',#9042,#7358,#7359);
#6226=AXIS2_PLACEMENT_3D('',#9044,#7361,#7362);
#6227=AXIS2_PLACEMENT_3D('',#9047,#7364,#7365);
#6228=AXIS2_PLACEMENT_3D('',#9048,#7366,#7367);
#6229=AXIS2_PLACEMENT_3D('',#9049,#7368,#7369);
#6230=AXIS2_PLACEMENT_3D('',#9050,#7370,#7371);
#6231=AXIS2_PLACEMENT_3D('',#9052,#7372,#7373);
#6232=AXIS2_PLACEMENT_3D('',#9054,#7375,#7376);
#6233=AXIS2_PLACEMENT_3D('',#9055,#7377,#7378);
#6234=AXIS2_PLACEMENT_3D('',#9056,#7379,#7380);
#6235=AXIS2_PLACEMENT_3D('',#9057,#7381,#7382);
#6236=AXIS2_PLACEMENT_3D('',#9058,#7383,#7384);
#6237=AXIS2_PLACEMENT_3D('',#9060,#7385,#7386);
#6238=AXIS2_PLACEMENT_3D('',#9100,#7388,#7389);
#6239=AXIS2_PLACEMENT_3D('',#9101,#7390,#7391);
#6240=AXIS2_PLACEMENT_3D('',#9102,#7392,#7393);
#6241=AXIS2_PLACEMENT_3D('',#9105,#7395,#7396);
#6242=AXIS2_PLACEMENT_3D('',#9106,#7397,#7398);
#6243=AXIS2_PLACEMENT_3D('',#9107,#7399,#7400);
#6244=AXIS2_PLACEMENT_3D('',#9108,#7401,#7402);
#6245=AXIS2_PLACEMENT_3D('',#9109,#7403,#7404);
#6246=AXIS2_PLACEMENT_3D('',#9112,#7406,#7407);
#6247=AXIS2_PLACEMENT_3D('',#9113,#7408,#7409);
#6248=AXIS2_PLACEMENT_3D('',#9114,#7410,#7411);
#6249=AXIS2_PLACEMENT_3D('',#9115,#7412,#7413);
#6250=AXIS2_PLACEMENT_3D('',#9116,#7414,#7415);
#6251=AXIS2_PLACEMENT_3D('',#9119,#7416,#7417);
#6252=AXIS2_PLACEMENT_3D('',#9123,#7419,#7420);
#6253=AXIS2_PLACEMENT_3D('',#9125,#7422,#7423);
#6254=AXIS2_PLACEMENT_3D('',#9127,#7424,#7425);
#6255=AXIS2_PLACEMENT_3D('',#9130,#7427,#7428);
#6256=AXIS2_PLACEMENT_3D('',#9131,#7429,#7430);
#6257=AXIS2_PLACEMENT_3D('',#9136,#7432,#7433);
#6258=AXIS2_PLACEMENT_3D('',#9139,#7435,#7436);
#6259=AXIS2_PLACEMENT_3D('',#9140,#7437,#7438);
#6260=AXIS2_PLACEMENT_3D('',#9142,#7439,#7440);
#6261=AXIS2_PLACEMENT_3D('',#9145,#7442,#7443);
#6262=AXIS2_PLACEMENT_3D('',#9146,#7444,#7445);
#6263=AXIS2_PLACEMENT_3D('',#9148,#7446,#7447);
#6264=AXIS2_PLACEMENT_3D('',#9149,#7448,#7449);
#6265=AXIS2_PLACEMENT_3D('',#9150,#7450,#7451);
#6266=AXIS2_PLACEMENT_3D('',#9153,#7452,#7453);
#6267=AXIS2_PLACEMENT_3D('',#9155,#7454,#7455);
#6268=AXIS2_PLACEMENT_3D('',#9157,#7456,#7457);
#6269=AXIS2_PLACEMENT_3D('',#9158,#7458,#7459);
#6270=AXIS2_PLACEMENT_3D('',#9159,#7460,#7461);
#6271=AXIS2_PLACEMENT_3D('',#9163,#7463,#7464);
#6272=AXIS2_PLACEMENT_3D('',#9165,#7466,#7467);
#6273=AXIS2_PLACEMENT_3D('',#9167,#7468,#7469);
#6274=AXIS2_PLACEMENT_3D('',#9169,#7471,#7472);
#6275=AXIS2_PLACEMENT_3D('',#9172,#7474,#7475);
#6276=AXIS2_PLACEMENT_3D('',#9173,#7476,#7477);
#6277=AXIS2_PLACEMENT_3D('',#9174,#7478,#7479);
#6278=AXIS2_PLACEMENT_3D('',#9175,#7480,#7481);
#6279=AXIS2_PLACEMENT_3D('',#9177,#7482,#7483);
#6280=AXIS2_PLACEMENT_3D('',#9179,#7485,#7486);
#6281=AXIS2_PLACEMENT_3D('',#9180,#7487,#7488);
#6282=AXIS2_PLACEMENT_3D('',#9181,#7489,#7490);
#6283=AXIS2_PLACEMENT_3D('',#9182,#7491,#7492);
#6284=AXIS2_PLACEMENT_3D('',#9183,#7493,#7494);
#6285=AXIS2_PLACEMENT_3D('',#9185,#7495,#7496);
#6286=AXIS2_PLACEMENT_3D('',#9225,#7498,#7499);
#6287=AXIS2_PLACEMENT_3D('',#9226,#7500,#7501);
#6288=AXIS2_PLACEMENT_3D('',#9227,#7502,#7503);
#6289=AXIS2_PLACEMENT_3D('',#9228,#7504,#7505);
#6290=AXIS2_PLACEMENT_3D('',#9229,#7506,#7507);
#6291=AXIS2_PLACEMENT_3D('',#9231,#7508,#7509);
#6292=AXIS2_PLACEMENT_3D('',#9233,#7510,#7511);
#6293=AXIS2_PLACEMENT_3D('',#9234,#7512,#7513);
#6294=AXIS2_PLACEMENT_3D('',#9236,#7514,#7515);
#6295=AXIS2_PLACEMENT_3D('',#9238,#7516,#7517);
#6296=AXIS2_PLACEMENT_3D('',#9239,#7518,#7519);
#6297=AXIS2_PLACEMENT_3D('',#9243,#7521,#7522);
#6298=AXIS2_PLACEMENT_3D('',#9269,#7524,#7525);
#6299=AXIS2_PLACEMENT_3D('',#9445,#7527,#7528);
#6300=AXIS2_PLACEMENT_3D('',#9449,#7530,#7531);
#6301=AXIS2_PLACEMENT_3D('',#9453,#7533,#7534);
#6302=AXIS2_PLACEMENT_3D('',#9457,#7536,#7537);
#6303=AXIS2_PLACEMENT_3D('',#9461,#7539,#7540);
#6304=AXIS2_PLACEMENT_3D('',#9465,#7542,#7543);
#6305=AXIS2_PLACEMENT_3D('',#9467,#7544,#7545);
#6306=AXIS2_PLACEMENT_3D('',#9471,#7547,#7548);
#6307=AXIS2_PLACEMENT_3D('',#9474,#7550,#7551);
#6308=AXIS2_PLACEMENT_3D('',#9475,#7552,#7553);
#6309=AXIS2_PLACEMENT_3D('',#9477,#7554,#7555);
#6310=AXIS2_PLACEMENT_3D('',#9479,#7557,#7558);
#6311=AXIS2_PLACEMENT_3D('',#9496,#7567,#7568);
#6312=AXIS2_PLACEMENT_3D('',#9502,#7572,#7573);
#6313=AXIS2_PLACEMENT_3D('',#9506,#7576,#7577);
#6314=AXIS2_PLACEMENT_3D('',#9510,#7580,#7581);
#6315=AXIS2_PLACEMENT_3D('',#9512,#7583,#7584);
#6316=AXIS2_PLACEMENT_3D('',#9518,#7588,#7589);
#6317=AXIS2_PLACEMENT_3D('',#9522,#7592,#7593);
#6318=AXIS2_PLACEMENT_3D('',#9526,#7596,#7597);
#6319=AXIS2_PLACEMENT_3D('',#9528,#7599,#7600);
#6320=AXIS2_PLACEMENT_3D('',#9566,#7621,#7622);
#6321=AXIS2_PLACEMENT_3D('',#9570,#7625,#7626);
#6322=AXIS2_PLACEMENT_3D('',#9574,#7629,#7630);
#6323=AXIS2_PLACEMENT_3D('',#9578,#7633,#7634);
#6324=AXIS2_PLACEMENT_3D('',#9582,#7637,#7638);
#6325=AXIS2_PLACEMENT_3D('',#9586,#7641,#7642);
#6326=AXIS2_PLACEMENT_3D('',#9590,#7645,#7646);
#6327=AXIS2_PLACEMENT_3D('',#9594,#7649,#7650);
#6328=AXIS2_PLACEMENT_3D('',#9598,#7653,#7654);
#6329=AXIS2_PLACEMENT_3D('',#9600,#7656,#7657);
#6330=AXIS2_PLACEMENT_3D('',#9607,#7661,#7662);
#6331=AXIS2_PLACEMENT_3D('',#9611,#7664,#7665);
#6332=AXIS2_PLACEMENT_3D('',#9615,#7667,#7668);
#6333=AXIS2_PLACEMENT_3D('',#9618,#7670,#7671);
#6334=AXIS2_PLACEMENT_3D('',#9619,#7672,#7673);
#6335=AXIS2_PLACEMENT_3D('',#9623,#7676,#7677);
#6336=AXIS2_PLACEMENT_3D('',#9627,#7680,#7681);
#6337=AXIS2_PLACEMENT_3D('',#9631,#7684,#7685);
#6338=AXIS2_PLACEMENT_3D('',#9635,#7688,#7689);
#6339=AXIS2_PLACEMENT_3D('',#9639,#7692,#7693);
#6340=AXIS2_PLACEMENT_3D('',#9643,#7696,#7697);
#6341=AXIS2_PLACEMENT_3D('',#9647,#7700,#7701);
#6342=AXIS2_PLACEMENT_3D('',#9651,#7704,#7705);
#6343=AXIS2_PLACEMENT_3D('',#9653,#7707,#7708);
#6344=AXIS2_PLACEMENT_3D('',#9655,#7710,#7711);
#6345=AXIS2_PLACEMENT_3D('',#9656,#7712,#7713);
#6346=AXIS2_PLACEMENT_3D('',#9657,#7714,#7715);
#6347=AXIS2_PLACEMENT_3D('',#9658,#7716,#7717);
#6348=AXIS2_PLACEMENT_3D('',#9659,#7718,#7719);
#6349=AXIS2_PLACEMENT_3D('',#9662,#7722,#7723);
#6350=AXIS2_PLACEMENT_3D('',#9664,#7725,#7726);
#6351=AXIS2_PLACEMENT_3D('',#9666,#7728,#7729);
#6352=AXIS2_PLACEMENT_3D('',#9668,#7731,#7732);
#6353=AXIS2_PLACEMENT_3D('',#9670,#7734,#7735);
#6354=AXIS2_PLACEMENT_3D('',#9672,#7737,#7738);
#6355=AXIS2_PLACEMENT_3D('',#9674,#7740,#7741);
#6356=AXIS2_PLACEMENT_3D('',#9675,#7742,#7743);
#6357=AXIS2_PLACEMENT_3D('',#9677,#7744,#7745);
#6358=AXIS2_PLACEMENT_3D('',#9707,#7746,#7747);
#6359=AXIS2_PLACEMENT_3D('',#9708,#7748,#7749);
#6360=AXIS2_PLACEMENT_3D('',#9709,#7750,#7751);
#6361=AXIS2_PLACEMENT_3D('',#9710,#7752,#7753);
#6362=AXIS2_PLACEMENT_3D('',#9712,#7755,#7756);
#6363=AXIS2_PLACEMENT_3D('',#9714,#7757,#7758);
#6364=AXIS2_PLACEMENT_3D('',#9744,#7759,#7760);
#6365=AXIS2_PLACEMENT_3D('',#9745,#7761,#7762);
#6366=AXIS2_PLACEMENT_3D('',#9746,#7763,#7764);
#6367=AXIS2_PLACEMENT_3D('',#9747,#7765,#7766);
#6368=AXIS2_PLACEMENT_3D('',#9749,#7768,#7769);
#6369=AXIS2_PLACEMENT_3D('',#9751,#7770,#7771);
#6370=AXIS2_PLACEMENT_3D('',#9781,#7772,#7773);
#6371=AXIS2_PLACEMENT_3D('',#9782,#7774,#7775);
#6372=AXIS2_PLACEMENT_3D('',#9783,#7776,#7777);
#6373=AXIS2_PLACEMENT_3D('',#9784,#7778,#7779);
#6374=AXIS2_PLACEMENT_3D('',#9786,#7781,#7782);
#6375=AXIS2_PLACEMENT_3D('',#9788,#7783,#7784);
#6376=AXIS2_PLACEMENT_3D('',#9818,#7785,#7786);
#6377=AXIS2_PLACEMENT_3D('',#9819,#7787,#7788);
#6378=AXIS2_PLACEMENT_3D('',#9820,#7789,#7790);
#6379=AXIS2_PLACEMENT_3D('',#9821,#7791,#7792);
#6380=AXIS2_PLACEMENT_3D('',#10304,#7801,#7802);
#6381=AXIS2_PLACEMENT_3D('',#10305,#7803,#7804);
#6382=AXIS2_PLACEMENT_3D('',#10307,#7805,#7806);
#6383=AXIS2_PLACEMENT_3D('',#10308,#7807,#7808);
#6384=AXIS2_PLACEMENT_3D('',#10309,#7809,#7810);
#6385=AXIS2_PLACEMENT_3D('',#10311,#7811,#7812);
#6386=AXIS2_PLACEMENT_3D('',#10358,#7836,#7837);
#6387=AXIS2_PLACEMENT_3D('',#10360,#7839,#7840);
#6388=AXIS2_PLACEMENT_3D('',#10361,#7841,#7842);
#6389=AXIS2_PLACEMENT_3D('',#10370,#7847,#7848);
#6390=AXIS2_PLACEMENT_3D('',#10373,#7851,#7852);
#6391=AXIS2_PLACEMENT_3D('',#10377,#7855,#7856);
#6392=AXIS2_PLACEMENT_3D('',#10381,#7859,#7860);
#6393=AXIS2_PLACEMENT_3D('',#10383,#7862,#7863);
#6394=AXIS2_PLACEMENT_3D('',#10387,#7866,#7867);
#6395=AXIS2_PLACEMENT_3D('',#10391,#7870,#7871);
#6396=AXIS2_PLACEMENT_3D('',#10400,#7876,#7877);
#6397=AXIS2_PLACEMENT_3D('',#10406,#7881,#7882);
#6398=AXIS2_PLACEMENT_3D('',#10409,#7885,#7886);
#6399=AXIS2_PLACEMENT_3D('',#10411,#7888,#7889);
#6400=AXIS2_PLACEMENT_3D('',#10413,#7891,#7892);
#6401=AXIS2_PLACEMENT_3D('',#10417,#7895,#7896);
#6402=AXIS2_PLACEMENT_3D('',#10421,#7899,#7900);
#6403=AXIS2_PLACEMENT_3D('',#10427,#7904,#7905);
#6404=AXIS2_PLACEMENT_3D('',#10433,#7909,#7910);
#6405=AXIS2_PLACEMENT_3D('',#10439,#7914,#7915);
#6406=AXIS2_PLACEMENT_3D('',#10443,#7918,#7919);
#6407=AXIS2_PLACEMENT_3D('',#10446,#7922,#7923);
#6408=AXIS2_PLACEMENT_3D('',#10452,#7927,#7928);
#6409=AXIS2_PLACEMENT_3D('',#10458,#7932,#7933);
#6410=AXIS2_PLACEMENT_3D('',#10461,#7936,#7937);
#6411=AXIS2_PLACEMENT_3D('',#10462,#7938,#7939);
#6412=AXIS2_PLACEMENT_3D('',#10463,#7940,#7941);
#6413=AXIS2_PLACEMENT_3D('',#10472,#7946,#7947);
#6414=AXIS2_PLACEMENT_3D('',#10475,#7950,#7951);
#6415=AXIS2_PLACEMENT_3D('',#10477,#7953,#7954);
#6416=AXIS2_PLACEMENT_3D('',#10479,#7956,#7957);
#6417=AXIS2_PLACEMENT_3D('',#10480,#7958,#7959);
#6418=AXIS2_PLACEMENT_3D('',#10482,#7960,#7961);
#6419=AXIS2_PLACEMENT_3D('',#10485,#7963,#7964);
#6420=AXIS2_PLACEMENT_3D('',#10486,#7965,#7966);
#6421=AXIS2_PLACEMENT_3D('',#10488,#7967,#7968);
#6422=AXIS2_PLACEMENT_3D('',#10491,#7970,#7971);
#6423=AXIS2_PLACEMENT_3D('',#10492,#7972,#7973);
#6424=AXIS2_PLACEMENT_3D('',#10493,#7974,#7975);
#6425=AXIS2_PLACEMENT_3D('',#10494,#7976,#7977);
#6426=AXIS2_PLACEMENT_3D('',#10496,#7978,#7979);
#6427=AXIS2_PLACEMENT_3D('',#10499,#7981,#7982);
#6428=AXIS2_PLACEMENT_3D('',#10500,#7983,#7984);
#6429=AXIS2_PLACEMENT_3D('',#10502,#7985,#7986);
#6430=AXIS2_PLACEMENT_3D('',#10505,#7988,#7989);
#6431=AXIS2_PLACEMENT_3D('',#10506,#7990,#7991);
#6432=AXIS2_PLACEMENT_3D('',#10507,#7992,#7993);
#6433=AXIS2_PLACEMENT_3D('',#10508,#7994,#7995);
#6434=AXIS2_PLACEMENT_3D('',#10510,#7996,#7997);
#6435=AXIS2_PLACEMENT_3D('',#10511,#7998,#7999);
#6436=AXIS2_PLACEMENT_3D('',#10514,#8000,#8001);
#6437=AXIS2_PLACEMENT_3D('',#10516,#8003,#8004);
#6438=AXIS2_PLACEMENT_3D('',#10517,#8005,#8006);
#6439=AXIS2_PLACEMENT_3D('',#10519,#8007,#8008);
#6440=AXIS2_PLACEMENT_3D('',#10520,#8009,#8010);
#6441=AXIS2_PLACEMENT_3D('',#10521,#8011,#8012);
#6442=AXIS2_PLACEMENT_3D('',#10523,#8013,#8014);
#6443=AXIS2_PLACEMENT_3D('',#10524,#8015,#8016);
#6444=AXIS2_PLACEMENT_3D('',#10526,#8017,#8018);
#6445=AXIS2_PLACEMENT_3D('',#10527,#8019,#8020);
#6446=AXIS2_PLACEMENT_3D('',#10529,#8021,#8022);
#6447=AXIS2_PLACEMENT_3D('',#10532,#8024,#8025);
#6448=AXIS2_PLACEMENT_3D('',#10533,#8026,#8027);
#6449=AXIS2_PLACEMENT_3D('',#10535,#8028,#8029);
#6450=AXIS2_PLACEMENT_3D('',#10538,#8031,#8032);
#6451=AXIS2_PLACEMENT_3D('',#10539,#8033,#8034);
#6452=AXIS2_PLACEMENT_3D('',#10540,#8035,#8036);
#6453=AXIS2_PLACEMENT_3D('',#10541,#8037,#8038);
#6454=AXIS2_PLACEMENT_3D('',#10543,#8039,#8040);
#6455=AXIS2_PLACEMENT_3D('',#10546,#8042,#8043);
#6456=AXIS2_PLACEMENT_3D('',#10547,#8044,#8045);
#6457=AXIS2_PLACEMENT_3D('',#10549,#8046,#8047);
#6458=AXIS2_PLACEMENT_3D('',#10552,#8049,#8050);
#6459=AXIS2_PLACEMENT_3D('',#10553,#8051,#8052);
#6460=AXIS2_PLACEMENT_3D('',#10554,#8053,#8054);
#6461=AXIS2_PLACEMENT_3D('',#10555,#8055,#8056);
#6462=AXIS2_PLACEMENT_3D('',#10557,#8057,#8058);
#6463=AXIS2_PLACEMENT_3D('',#10558,#8059,#8060);
#6464=AXIS2_PLACEMENT_3D('',#10561,#8061,#8062);
#6465=AXIS2_PLACEMENT_3D('',#10563,#8064,#8065);
#6466=AXIS2_PLACEMENT_3D('',#10564,#8066,#8067);
#6467=AXIS2_PLACEMENT_3D('',#10566,#8068,#8069);
#6468=AXIS2_PLACEMENT_3D('',#10567,#8070,#8071);
#6469=AXIS2_PLACEMENT_3D('',#10568,#8072,#8073);
#6470=AXIS2_PLACEMENT_3D('',#10570,#8074,#8075);
#6471=AXIS2_PLACEMENT_3D('',#10571,#8076,#8077);
#6472=AXIS2_PLACEMENT_3D('',#10573,#8078,#8079);
#6473=DIRECTION('axis',(0.,0.,1.));
#6474=DIRECTION('refdir',(1.,0.,0.));
#6475=DIRECTION('center_axis',(0.,-1.,1.22464679914735E-16));
#6476=DIRECTION('ref_axis',(1.,0.,0.));
#6477=DIRECTION('',(-1.,0.,0.));
#6478=DIRECTION('',(0.,1.22464679914735E-16,1.));
#6479=DIRECTION('',(1.,0.,0.));
#6480=DIRECTION('',(0.,1.22464679914735E-16,1.));
#6481=DIRECTION('center_axis',(-0.707106781186548,0.707106781186548,-8.65956056235493E-17));
#6482=DIRECTION('ref_axis',(-0.707106781186548,-0.707106781186548,8.65956056235493E-17));
#6483=DIRECTION('',(0.707106781186548,0.707106781186548,-8.65956056235493E-17));
#6484=DIRECTION('',(-0.707106781186548,-0.707106781186548,8.65956056235493E-17));
#6485=DIRECTION('',(-1.22464679914735E-16,0.,1.));
#6486=DIRECTION('center_axis',(0.707106781186548,0.707106781186548,-8.65956056235493E-17));
#6487=DIRECTION('ref_axis',(-0.707106781186548,0.707106781186548,-8.65956056235493E-17));
#6488=DIRECTION('',(-0.707106781186548,0.707106781186548,-8.65956056235493E-17));
#6489=DIRECTION('',(-1.22464679914735E-16,0.,-1.));
#6490=DIRECTION('',(-0.707106781186548,0.707106781186548,-8.65956056235493E-17));
#6491=DIRECTION('center_axis',(0.,1.22464679914735E-16,1.));
#6492=DIRECTION('ref_axis',(-1.,0.,0.));
#6493=DIRECTION('',(1.,0.,0.));
#6494=DIRECTION('center_axis',(0.,1.22464679914735E-16,1.));
#6495=DIRECTION('ref_axis',(-1.,0.,0.));
#6496=DIRECTION('',(-1.,0.,0.));
#6497=DIRECTION('center_axis',(0.,1.,0.));
#6498=DIRECTION('ref_axis',(1.,0.,0.));
#6499=DIRECTION('',(-1.,0.,0.));
#6500=DIRECTION('',(0.,0.,-1.));
#6501=DIRECTION('',(1.,0.,0.));
#6502=DIRECTION('',(0.,0.,-1.));
#6503=DIRECTION('center_axis',(-0.707106781186548,-0.707106781186548,0.));
#6504=DIRECTION('ref_axis',(-0.707106781186548,0.707106781186548,0.));
#6505=DIRECTION('',(0.707106781186548,-0.707106781186548,0.));
#6506=DIRECTION('',(-0.707106781186548,0.707106781186548,0.));
#6507=DIRECTION('',(0.,0.,-1.));
#6508=DIRECTION('center_axis',(0.707106781186548,-0.707106781186548,0.));
#6509=DIRECTION('ref_axis',(-0.707106781186548,-0.707106781186548,0.));
#6510=DIRECTION('',(-0.707106781186548,-0.707106781186548,0.));
#6511=DIRECTION('',(0.,0.,1.));
#6512=DIRECTION('',(-0.707106781186548,-0.707106781186548,0.));
#6513=DIRECTION('center_axis',(0.,0.,-1.));
#6514=DIRECTION('ref_axis',(-1.,0.,0.));
#6515=DIRECTION('',(1.,0.,0.));
#6516=DIRECTION('center_axis',(0.,0.,-1.));
#6517=DIRECTION('ref_axis',(-1.,0.,0.));
#6518=DIRECTION('',(-1.,0.,0.));
#6519=DIRECTION('center_axis',(0.,-1.,1.22464679914735E-16));
#6520=DIRECTION('ref_axis',(1.,0.,0.));
#6521=DIRECTION('',(-1.,0.,0.));
#6522=DIRECTION('',(0.,1.22464679914735E-16,1.));
#6523=DIRECTION('',(1.,0.,0.));
#6524=DIRECTION('',(0.,1.22464679914735E-16,1.));
#6525=DIRECTION('center_axis',(-0.707106781186548,0.707106781186548,-8.65956056235493E-17));
#6526=DIRECTION('ref_axis',(-0.707106781186548,-0.707106781186548,8.65956056235493E-17));
#6527=DIRECTION('',(0.707106781186548,0.707106781186548,-8.65956056235493E-17));
#6528=DIRECTION('',(-0.707106781186548,-0.707106781186548,8.65956056235493E-17));
#6529=DIRECTION('',(-1.22464679914735E-16,0.,1.));
#6530=DIRECTION('center_axis',(0.707106781186548,0.707106781186548,-8.65956056235493E-17));
#6531=DIRECTION('ref_axis',(-0.707106781186548,0.707106781186548,-8.65956056235493E-17));
#6532=DIRECTION('',(-0.707106781186548,0.707106781186548,-8.65956056235493E-17));
#6533=DIRECTION('',(-1.22464679914735E-16,0.,-1.));
#6534=DIRECTION('',(-0.707106781186548,0.707106781186548,-8.65956056235493E-17));
#6535=DIRECTION('center_axis',(0.,1.22464679914735E-16,1.));
#6536=DIRECTION('ref_axis',(-1.,0.,0.));
#6537=DIRECTION('',(1.,0.,0.));
#6538=DIRECTION('center_axis',(0.,1.22464679914735E-16,1.));
#6539=DIRECTION('ref_axis',(-1.,0.,0.));
#6540=DIRECTION('',(-1.,0.,0.));
#6541=DIRECTION('center_axis',(0.,1.,0.));
#6542=DIRECTION('ref_axis',(1.,0.,0.));
#6543=DIRECTION('',(-1.,0.,0.));
#6544=DIRECTION('',(0.,0.,-1.));
#6545=DIRECTION('',(1.,0.,0.));
#6546=DIRECTION('',(0.,0.,-1.));
#6547=DIRECTION('center_axis',(-0.707106781186548,-0.707106781186548,0.));
#6548=DIRECTION('ref_axis',(-0.707106781186548,0.707106781186548,0.));
#6549=DIRECTION('',(0.707106781186548,-0.707106781186548,0.));
#6550=DIRECTION('',(-0.707106781186548,0.707106781186548,0.));
#6551=DIRECTION('',(0.,0.,-1.));
#6552=DIRECTION('center_axis',(0.707106781186548,-0.707106781186548,0.));
#6553=DIRECTION('ref_axis',(-0.707106781186548,-0.707106781186548,0.));
#6554=DIRECTION('',(-0.707106781186548,-0.707106781186548,0.));
#6555=DIRECTION('',(0.,0.,1.));
#6556=DIRECTION('',(-0.707106781186548,-0.707106781186548,0.));
#6557=DIRECTION('center_axis',(0.,0.,-1.));
#6558=DIRECTION('ref_axis',(-1.,0.,0.));
#6559=DIRECTION('',(1.,0.,0.));
#6560=DIRECTION('center_axis',(0.,0.,-1.));
#6561=DIRECTION('ref_axis',(-1.,0.,0.));
#6562=DIRECTION('',(-1.,0.,0.));
#6563=DIRECTION('center_axis',(-0.707106781186548,0.,-0.707106781186548));
#6564=DIRECTION('ref_axis',(-0.707106781186548,0.,0.707106781186548));
#6565=DIRECTION('',(0.707106781186548,0.,-0.707106781186548));
#6566=DIRECTION('',(0.,1.,0.));
#6567=DIRECTION('',(-0.707106781186548,0.,0.707106781186548));
#6568=DIRECTION('',(0.,1.,0.));
#6569=DIRECTION('center_axis',(0.,1.,0.));
#6570=DIRECTION('ref_axis',(0.,0.,1.));
#6571=DIRECTION('',(0.,0.,1.));
#6572=DIRECTION('',(1.,0.,0.));
#6573=DIRECTION('center_axis',(1.,0.,0.));
#6574=DIRECTION('ref_axis',(0.,-1.,0.));
#6575=DIRECTION('',(0.,-1.,0.));
#6576=DIRECTION('',(0.,0.,-1.));
#6577=DIRECTION('',(0.,-1.,0.));
#6578=DIRECTION('',(0.,0.,-1.));
#6579=DIRECTION('center_axis',(0.707106781186548,0.,-0.707106781186548));
#6580=DIRECTION('ref_axis',(-0.707106781186548,0.,-0.707106781186548));
#6581=DIRECTION('',(0.707106781186548,0.,0.707106781186548));
#6582=DIRECTION('',(0.,-1.,0.));
#6583=DIRECTION('',(-0.707106781186548,0.,-0.707106781186548));
#6584=DIRECTION('',(0.,1.,0.));
#6585=DIRECTION('center_axis',(0.,1.,0.));
#6586=DIRECTION('ref_axis',(0.,0.,1.));
#6587=DIRECTION('',(0.,0.,-1.));
#6588=DIRECTION('',(1.,0.,0.));
#6589=DIRECTION('center_axis',(0.,-1.,0.));
#6590=DIRECTION('ref_axis',(-1.,0.,0.));
#6591=DIRECTION('',(-1.,0.,0.));
#6592=DIRECTION('',(0.,0.,-1.));
#6593=DIRECTION('',(-1.,0.,0.));
#6594=DIRECTION('center_axis',(0.707106781186548,0.,-0.707106781186548));
#6595=DIRECTION('ref_axis',(-0.707106781186548,0.,-0.707106781186548));
#6596=DIRECTION('',(0.707106781186548,0.,0.707106781186548));
#6597=DIRECTION('',(0.,-1.,0.));
#6598=DIRECTION('',(-0.707106781186548,0.,-0.707106781186548));
#6599=DIRECTION('',(0.,1.,0.));
#6600=DIRECTION('center_axis',(0.,1.,0.));
#6601=DIRECTION('ref_axis',(0.,0.,1.));
#6602=DIRECTION('',(0.,0.,-1.));
#6603=DIRECTION('',(1.,0.,0.));
#6604=DIRECTION('center_axis',(-1.,0.,0.));
#6605=DIRECTION('ref_axis',(0.,1.,0.));
#6606=DIRECTION('',(0.,0.,-1.));
#6607=DIRECTION('',(0.,1.,0.));
#6608=DIRECTION('',(0.,0.,-1.));
#6609=DIRECTION('',(0.,1.,0.));
#6610=DIRECTION('center_axis',(0.,-1.,0.));
#6611=DIRECTION('ref_axis',(-1.,0.,0.));
#6612=DIRECTION('',(-1.,0.,0.));
#6613=DIRECTION('',(0.707106781186548,0.,-0.707106781186548));
#6614=DIRECTION('',(0.,0.,-1.));
#6615=DIRECTION('',(-1.,0.,0.));
#6616=DIRECTION('center_axis',(-0.707106781186548,0.,-0.707106781186548));
#6617=DIRECTION('ref_axis',(-0.707106781186548,0.,0.707106781186548));
#6618=DIRECTION('',(0.,1.,0.));
#6619=DIRECTION('',(-0.707106781186548,0.,0.707106781186548));
#6620=DIRECTION('',(0.,1.,0.));
#6621=DIRECTION('center_axis',(0.,1.,0.));
#6622=DIRECTION('ref_axis',(0.,0.,1.));
#6623=DIRECTION('',(0.,0.,1.));
#6624=DIRECTION('',(1.,0.,0.));
#6625=DIRECTION('center_axis',(1.,0.,0.));
#6626=DIRECTION('ref_axis',(0.,-1.,0.));
#6627=DIRECTION('',(0.,-1.,0.));
#6628=DIRECTION('',(0.,0.,-1.));
#6629=DIRECTION('',(0.,-1.,0.));
#6630=DIRECTION('center_axis',(0.707106781186548,0.,-0.707106781186548));
#6631=DIRECTION('ref_axis',(-0.707106781186548,0.,-0.707106781186548));
#6632=DIRECTION('',(0.707106781186548,0.,0.707106781186548));
#6633=DIRECTION('',(0.,-1.,0.));
#6634=DIRECTION('',(-0.707106781186548,0.,-0.707106781186548));
#6635=DIRECTION('',(0.,1.,0.));
#6636=DIRECTION('center_axis',(0.,1.,0.));
#6637=DIRECTION('ref_axis',(0.,0.,1.));
#6638=DIRECTION('',(0.,0.,-1.));
#6639=DIRECTION('',(1.,0.,0.));
#6640=DIRECTION('center_axis',(-1.,0.,0.));
#6641=DIRECTION('ref_axis',(0.,1.,0.));
#6642=DIRECTION('',(0.,0.,-1.));
#6643=DIRECTION('',(0.,1.,0.));
#6644=DIRECTION('',(0.,0.,-1.));
#6645=DIRECTION('',(0.,1.,0.));
#6646=DIRECTION('center_axis',(0.,-1.,0.));
#6647=DIRECTION('ref_axis',(-1.,0.,0.));
#6648=DIRECTION('',(-1.,0.,0.));
#6649=DIRECTION('',(0.707106781186548,0.,-0.707106781186548));
#6650=DIRECTION('',(0.,0.,-1.));
#6651=DIRECTION('',(-1.,0.,0.));
#6652=DIRECTION('center_axis',(-0.707106781186548,0.,-0.707106781186548));
#6653=DIRECTION('ref_axis',(-0.707106781186548,0.,0.707106781186548));
#6654=DIRECTION('',(0.,1.,0.));
#6655=DIRECTION('',(-0.707106781186548,0.,0.707106781186548));
#6656=DIRECTION('',(0.,1.,0.));
#6657=DIRECTION('center_axis',(0.,1.,0.));
#6658=DIRECTION('ref_axis',(0.,0.,1.));
#6659=DIRECTION('',(0.,0.,1.));
#6660=DIRECTION('',(1.,0.,0.));
#6661=DIRECTION('center_axis',(1.,0.,0.));
#6662=DIRECTION('ref_axis',(0.,-1.,0.));
#6663=DIRECTION('',(0.,-1.,0.));
#6664=DIRECTION('',(0.,0.,-1.));
#6665=DIRECTION('',(0.,-1.,0.));
#6666=DIRECTION('center_axis',(0.707106781186548,0.,-0.707106781186548));
#6667=DIRECTION('ref_axis',(-0.707106781186548,0.,-0.707106781186548));
#6668=DIRECTION('',(0.707106781186548,0.,0.707106781186548));
#6669=DIRECTION('',(0.,-1.,0.));
#6670=DIRECTION('',(-0.707106781186548,0.,-0.707106781186548));
#6671=DIRECTION('',(0.,1.,0.));
#6672=DIRECTION('center_axis',(0.,1.,0.));
#6673=DIRECTION('ref_axis',(0.,0.,1.));
#6674=DIRECTION('',(0.,0.,-1.));
#6675=DIRECTION('',(1.,0.,0.));
#6676=DIRECTION('center_axis',(-1.,0.,0.));
#6677=DIRECTION('ref_axis',(0.,1.,0.));
#6678=DIRECTION('',(0.,0.,-1.));
#6679=DIRECTION('',(0.,1.,0.));
#6680=DIRECTION('',(0.,0.,-1.));
#6681=DIRECTION('',(0.,1.,0.));
#6682=DIRECTION('center_axis',(0.,-1.,0.));
#6683=DIRECTION('ref_axis',(-1.,0.,0.));
#6684=DIRECTION('',(-1.,0.,0.));
#6685=DIRECTION('',(0.707106781186548,0.,-0.707106781186548));
#6686=DIRECTION('',(0.,0.,-1.));
#6687=DIRECTION('',(-1.,0.,0.));
#6688=DIRECTION('center_axis',(0.,-1.,0.));
#6689=DIRECTION('ref_axis',(0.,0.,-1.));
#6690=DIRECTION('',(0.,0.,-1.));
#6691=DIRECTION('',(-1.,0.,0.));
#6692=DIRECTION('',(0.,0.,1.));
#6693=DIRECTION('',(1.,0.,0.));
#6694=DIRECTION('center_axis',(0.,-1.,0.));
#6695=DIRECTION('ref_axis',(1.,0.,0.));
#6696=DIRECTION('',(0.,0.,1.));
#6697=DIRECTION('',(-1.,0.,0.));
#6698=DIRECTION('',(0.,0.,-1.));
#6699=DIRECTION('',(0.,0.,-1.));
#6700=DIRECTION('',(1.,0.,0.));
#6701=DIRECTION('',(0.,0.,-1.));
#6702=DIRECTION('center_axis',(-0.707106781186548,0.,-0.707106781186548));
#6703=DIRECTION('ref_axis',(-0.707106781186548,0.,0.707106781186548));
#6704=DIRECTION('',(0.,1.,0.));
#6705=DIRECTION('',(-0.707106781186548,0.,0.707106781186548));
#6706=DIRECTION('',(0.,1.,0.));
#6707=DIRECTION('center_axis',(0.,1.,0.));
#6708=DIRECTION('ref_axis',(0.,0.,1.));
#6709=DIRECTION('',(0.,0.,1.));
#6710=DIRECTION('',(1.,0.,0.));
#6711=DIRECTION('center_axis',(1.,0.,0.));
#6712=DIRECTION('ref_axis',(0.,-1.,0.));
#6713=DIRECTION('',(0.,-1.,0.));
#6714=DIRECTION('',(0.,0.,-1.));
#6715=DIRECTION('',(0.,-1.,0.));
#6716=DIRECTION('center_axis',(0.,-1.,0.));
#6717=DIRECTION('ref_axis',(0.,0.,-1.));
#6718=DIRECTION('',(-1.,0.,0.));
#6719=DIRECTION('',(0.,0.,1.));
#6720=DIRECTION('',(1.,0.,0.));
#6721=DIRECTION('',(0.,0.,-1.));
#6722=DIRECTION('center_axis',(0.,0.,1.));
#6723=DIRECTION('ref_axis',(1.,0.,0.));
#6724=DIRECTION('',(0.,-1.,0.));
#6725=DIRECTION('',(0.,-1.,0.));
#6726=DIRECTION('',(1.,0.,0.));
#6727=DIRECTION('',(0.,1.,0.));
#6728=DIRECTION('',(0.,-1.,0.));
#6729=DIRECTION('',(0.,-1.,0.));
#6730=DIRECTION('center_axis',(0.,0.,1.));
#6731=DIRECTION('ref_axis',(0.,1.,0.));
#6732=DIRECTION('',(0.,-1.,0.));
#6733=DIRECTION('',(-1.,0.,0.));
#6734=DIRECTION('',(0.,-1.,0.));
#6735=DIRECTION('',(0.,-1.,0.));
#6736=DIRECTION('',(0.,-1.,0.));
#6737=DIRECTION('',(1.,0.,0.));
#6738=DIRECTION('',(0.,-1.,0.));
#6739=DIRECTION('',(0.,-1.,0.));
#6740=DIRECTION('',(0.,1.,0.));
#6741=DIRECTION('',(1.,0.,0.));
#6742=DIRECTION('',(1.,0.,0.));
#6743=DIRECTION('',(1.,0.,0.));
#6744=DIRECTION('',(1.,0.,0.));
#6745=DIRECTION('center_axis',(0.,-1.,0.));
#6746=DIRECTION('ref_axis',(0.,0.,-1.));
#6747=DIRECTION('',(0.,0.,1.));
#6748=DIRECTION('',(-1.,0.,0.));
#6749=DIRECTION('',(0.,0.,1.));
#6750=DIRECTION('center_axis',(0.,-1.,0.));
#6751=DIRECTION('ref_axis',(1.,0.,0.));
#6752=DIRECTION('',(-1.,0.,0.));
#6753=DIRECTION('',(0.,0.,1.));
#6754=DIRECTION('',(0.,0.,-1.));
#6755=DIRECTION('center_axis',(0.,-1.,0.));
#6756=DIRECTION('ref_axis',(0.,0.,-1.));
#6757=DIRECTION('',(1.,0.,0.));
#6758=DIRECTION('',(0.,0.,1.));
#6759=DIRECTION('',(0.,0.,1.));
#6760=DIRECTION('',(0.,0.,1.));
#6761=DIRECTION('center_axis',(0.,1.,0.));
#6762=DIRECTION('ref_axis',(1.,0.,0.));
#6763=DIRECTION('',(1.,0.,0.));
#6764=DIRECTION('center_axis',(0.,0.,-1.));
#6765=DIRECTION('ref_axis',(-1.,0.,0.));
#6766=DIRECTION('center_axis',(0.,1.,0.));
#6767=DIRECTION('ref_axis',(1.,0.,0.));
#6768=DIRECTION('',(1.,0.,0.));
#6769=DIRECTION('center_axis',(0.,0.,-1.));
#6770=DIRECTION('ref_axis',(-1.,0.,0.));
#6771=DIRECTION('center_axis',(0.,4.05190884899692E-17,-1.));
#6772=DIRECTION('ref_axis',(0.,-1.,-4.05190884899692E-17));
#6773=DIRECTION('',(0.,-1.,-4.05190884899692E-17));
#6774=DIRECTION('',(-1.,0.,0.));
#6775=DIRECTION('',(0.,1.,4.05190884899692E-17));
#6776=DIRECTION('',(-1.,0.,0.));
#6777=DIRECTION('center_axis',(-1.,0.,0.));
#6778=DIRECTION('ref_axis',(0.,-5.92118946466798E-14,-1.));
#6779=DIRECTION('center_axis',(-1.,0.,0.));
#6780=DIRECTION('ref_axis',(0.,-5.92118946466798E-14,-1.));
#6781=DIRECTION('',(-1.,0.,0.));
#6782=DIRECTION('center_axis',(1.,0.,0.));
#6783=DIRECTION('ref_axis',(0.,-5.92118946466798E-14,-1.));
#6784=DIRECTION('center_axis',(0.,1.,0.));
#6785=DIRECTION('ref_axis',(0.,0.,-1.));
#6786=DIRECTION('',(0.,0.,-1.));
#6787=DIRECTION('',(-1.,0.,0.));
#6788=DIRECTION('',(0.,0.,1.));
#6789=DIRECTION('center_axis',(-1.,0.,0.));
#6790=DIRECTION('ref_axis',(0.,1.,-5.92118946466798E-14));
#6791=DIRECTION('center_axis',(-1.,0.,0.));
#6792=DIRECTION('ref_axis',(0.,1.,-5.92118946466798E-14));
#6793=DIRECTION('',(-1.,0.,0.));
#6794=DIRECTION('center_axis',(1.,0.,0.));
#6795=DIRECTION('ref_axis',(0.,1.,-5.92118946466798E-14));
#6796=DIRECTION('center_axis',(0.,4.97114787145592E-16,1.));
#6797=DIRECTION('ref_axis',(0.,1.,-4.97114787145592E-16));
#6798=DIRECTION('',(0.,1.,-4.97114787145592E-16));
#6799=DIRECTION('',(-1.,0.,0.));
#6800=DIRECTION('',(0.,-1.,4.97114787145592E-16));
#6801=DIRECTION('center_axis',(-1.,0.,0.));
#6802=DIRECTION('ref_axis',(0.,5.92118946466802E-14,1.));
#6803=DIRECTION('center_axis',(-1.,0.,0.));
#6804=DIRECTION('ref_axis',(0.,5.92118946466802E-14,1.));
#6805=DIRECTION('',(-1.,0.,0.));
#6806=DIRECTION('center_axis',(1.,0.,0.));
#6807=DIRECTION('ref_axis',(0.,5.92118946466802E-14,1.));
#6808=DIRECTION('center_axis',(0.,-1.,0.));
#6809=DIRECTION('ref_axis',(0.,0.,1.));
#6810=DIRECTION('',(0.,0.,1.));
#6811=DIRECTION('',(-1.,0.,0.));
#6812=DIRECTION('',(0.,0.,-1.));
#6813=DIRECTION('center_axis',(-1.,0.,0.));
#6814=DIRECTION('ref_axis',(0.,-1.,8.32667268468934E-14));
#6815=DIRECTION('center_axis',(-1.,0.,0.));
#6816=DIRECTION('ref_axis',(0.,-1.,8.32667268468934E-14));
#6817=DIRECTION('center_axis',(1.,0.,0.));
#6818=DIRECTION('ref_axis',(0.,-1.,8.32667268468934E-14));
#6819=DIRECTION('center_axis',(1.,0.,0.));
#6820=DIRECTION('ref_axis',(0.,0.,-1.));
#6821=DIRECTION('',(0.,1.,0.));
#6822=DIRECTION('',(0.,-1.,0.));
#6823=DIRECTION('',(0.,-1.,0.));
#6824=DIRECTION('center_axis',(1.,0.,0.));
#6825=DIRECTION('ref_axis',(0.,0.,-1.));
#6826=DIRECTION('',(0.,1.,0.));
#6827=DIRECTION('center_axis',(-1.,0.,0.));
#6828=DIRECTION('ref_axis',(0.,0.,1.));
#6829=DIRECTION('',(0.,-1.,0.));
#6830=DIRECTION('center_axis',(0.,1.,0.));
#6831=DIRECTION('ref_axis',(1.,0.,0.));
#6832=DIRECTION('',(1.,0.,0.));
#6833=DIRECTION('center_axis',(0.,0.,-1.));
#6834=DIRECTION('ref_axis',(-1.,0.,0.));
#6835=DIRECTION('center_axis',(-1.,0.,0.));
#6836=DIRECTION('ref_axis',(0.,1.,0.));
#6837=DIRECTION('',(0.,1.,0.));
#6838=DIRECTION('',(0.,0.,-1.));
#6839=DIRECTION('center_axis',(0.,1.,0.));
#6840=DIRECTION('ref_axis',(1.,0.,0.));
#6841=DIRECTION('',(1.,0.,0.));
#6842=DIRECTION('center_axis',(0.,0.,-1.));
#6843=DIRECTION('ref_axis',(-1.,0.,0.));
#6844=DIRECTION('center_axis',(-1.,0.,0.));
#6845=DIRECTION('ref_axis',(0.,0.,1.));
#6846=DIRECTION('',(0.,-1.,0.));
#6847=DIRECTION('',(0.,-1.,0.));
#6848=DIRECTION('center_axis',(1.,0.,0.));
#6849=DIRECTION('ref_axis',(0.,-1.,0.));
#6850=DIRECTION('',(0.,1.,0.));
#6851=DIRECTION('',(0.,0.,-1.));
#6852=DIRECTION('',(0.,-1.,0.));
#6853=DIRECTION('',(0.,0.,-1.));
#6854=DIRECTION('center_axis',(0.,1.,0.));
#6855=DIRECTION('ref_axis',(1.,0.,0.));
#6856=DIRECTION('',(-1.,0.,0.));
#6857=DIRECTION('',(1.,0.,0.));
#6858=DIRECTION('',(0.,0.,-1.));
#6859=DIRECTION('center_axis',(-1.,0.,0.));
#6860=DIRECTION('ref_axis',(0.,1.,0.));
#6861=DIRECTION('',(0.,-1.,0.));
#6862=DIRECTION('',(0.,1.,0.));
#6863=DIRECTION('',(0.,0.,-1.));
#6864=DIRECTION('center_axis',(0.,-1.,0.));
#6865=DIRECTION('ref_axis',(-1.,0.,0.));
#6866=DIRECTION('',(1.,0.,0.));
#6867=DIRECTION('',(-1.,0.,0.));
#6868=DIRECTION('center_axis',(0.,0.,-1.));
#6869=DIRECTION('ref_axis',(-1.,0.,0.));
#6870=DIRECTION('center_axis',(1.,0.,0.));
#6871=DIRECTION('ref_axis',(0.,-1.,0.));
#6872=DIRECTION('',(0.,1.,0.));
#6873=DIRECTION('',(0.,0.,-1.));
#6874=DIRECTION('',(0.,-1.,0.));
#6875=DIRECTION('',(0.,0.,-1.));
#6876=DIRECTION('center_axis',(0.,1.,0.));
#6877=DIRECTION('ref_axis',(1.,0.,0.));
#6878=DIRECTION('',(-1.,0.,0.));
#6879=DIRECTION('',(1.,0.,0.));
#6880=DIRECTION('',(0.,0.,-1.));
#6881=DIRECTION('center_axis',(-1.,0.,0.));
#6882=DIRECTION('ref_axis',(0.,1.,0.));
#6883=DIRECTION('',(0.,-1.,0.));
#6884=DIRECTION('',(0.,1.,0.));
#6885=DIRECTION('',(0.,0.,-1.));
#6886=DIRECTION('center_axis',(0.,-1.,0.));
#6887=DIRECTION('ref_axis',(-1.,0.,0.));
#6888=DIRECTION('',(1.,0.,0.));
#6889=DIRECTION('',(-1.,0.,0.));
#6890=DIRECTION('center_axis',(0.,0.,-1.));
#6891=DIRECTION('ref_axis',(-1.,0.,0.));
#6892=DIRECTION('center_axis',(-1.,0.,0.));
#6893=DIRECTION('ref_axis',(0.,1.,0.));
#6894=DIRECTION('',(0.,1.,0.));
#6895=DIRECTION('',(0.,0.,-1.));
#6896=DIRECTION('',(0.,1.,0.));
#6897=DIRECTION('',(0.,0.,-1.));
#6898=DIRECTION('center_axis',(0.,-1.,0.));
#6899=DIRECTION('ref_axis',(-1.,0.,0.));
#6900=DIRECTION('',(-1.,0.,0.));
#6901=DIRECTION('',(-1.,0.,0.));
#6902=DIRECTION('',(0.,0.,-1.));
#6903=DIRECTION('center_axis',(1.,0.,0.));
#6904=DIRECTION('ref_axis',(0.,-1.,0.));
#6905=DIRECTION('',(0.,-1.,0.));
#6906=DIRECTION('',(0.,-1.,0.));
#6907=DIRECTION('',(0.,0.,-1.));
#6908=DIRECTION('center_axis',(-1.49011607991017E-8,1.,0.));
#6909=DIRECTION('ref_axis',(1.,1.49011607991017E-8,0.));
#6910=DIRECTION('',(1.,1.49011607991017E-8,0.));
#6911=DIRECTION('',(1.,1.49011607991017E-8,0.));
#6912=DIRECTION('center_axis',(0.,0.,-1.));
#6913=DIRECTION('ref_axis',(-1.,0.,0.));
#6914=DIRECTION('center_axis',(1.,0.,0.));
#6915=DIRECTION('ref_axis',(0.,-1.,0.));
#6916=DIRECTION('',(0.,1.,0.));
#6917=DIRECTION('',(0.,0.,-1.));
#6918=DIRECTION('',(0.,-1.,0.));
#6919=DIRECTION('',(0.,0.,-1.));
#6920=DIRECTION('center_axis',(0.,1.,0.));
#6921=DIRECTION('ref_axis',(1.,0.,0.));
#6922=DIRECTION('',(-1.,0.,0.));
#6923=DIRECTION('',(1.,0.,0.));
#6924=DIRECTION('',(0.,0.,-1.));
#6925=DIRECTION('center_axis',(-1.,0.,0.));
#6926=DIRECTION('ref_axis',(0.,1.,0.));
#6927=DIRECTION('',(0.,-1.,0.));
#6928=DIRECTION('',(0.,1.,0.));
#6929=DIRECTION('',(0.,0.,-1.));
#6930=DIRECTION('center_axis',(0.,-1.,0.));
#6931=DIRECTION('ref_axis',(-1.,0.,0.));
#6932=DIRECTION('',(1.,0.,0.));
#6933=DIRECTION('',(-1.,0.,0.));
#6934=DIRECTION('center_axis',(0.,0.,-1.));
#6935=DIRECTION('ref_axis',(-1.,0.,0.));
#6936=DIRECTION('center_axis',(0.,0.,1.));
#6937=DIRECTION('ref_axis',(-1.,0.,0.));
#6938=DIRECTION('center_axis',(0.,0.,-1.));
#6939=DIRECTION('ref_axis',(-1.,0.,0.));
#6940=DIRECTION('',(0.,0.,-1.));
#6941=DIRECTION('center_axis',(0.,0.,1.));
#6942=DIRECTION('ref_axis',(-1.,0.,0.));
#6943=DIRECTION('center_axis',(0.,0.,1.));
#6944=DIRECTION('ref_axis',(-1.,0.,0.));
#6945=DIRECTION('center_axis',(0.,0.,1.));
#6946=DIRECTION('ref_axis',(-1.,0.,0.));
#6947=DIRECTION('',(0.,0.,-1.));
#6948=DIRECTION('center_axis',(0.,0.,-1.));
#6949=DIRECTION('ref_axis',(-1.,0.,0.));
#6950=DIRECTION('center_axis',(0.,0.,-1.));
#6951=DIRECTION('ref_axis',(-1.,0.,0.));
#6952=DIRECTION('center_axis',(0.,0.,-1.));
#6953=DIRECTION('ref_axis',(-1.,0.,0.));
#6954=DIRECTION('center_axis',(0.,0.,-1.));
#6955=DIRECTION('ref_axis',(-1.,0.,0.));
#6956=DIRECTION('center_axis',(0.,0.,1.));
#6957=DIRECTION('ref_axis',(-1.,0.,0.));
#6958=DIRECTION('center_axis',(0.,0.,-1.));
#6959=DIRECTION('ref_axis',(-1.,0.,0.));
#6960=DIRECTION('',(0.,0.,-1.));
#6961=DIRECTION('center_axis',(0.,0.,1.));
#6962=DIRECTION('ref_axis',(-1.,0.,0.));
#6963=DIRECTION('center_axis',(0.,0.,1.));
#6964=DIRECTION('ref_axis',(-1.,0.,0.));
#6965=DIRECTION('center_axis',(0.,0.,1.));
#6966=DIRECTION('ref_axis',(-1.,0.,0.));
#6967=DIRECTION('',(0.,0.,-1.));
#6968=DIRECTION('center_axis',(0.,0.,-1.));
#6969=DIRECTION('ref_axis',(-1.,0.,0.));
#6970=DIRECTION('center_axis',(0.,0.,-1.));
#6971=DIRECTION('ref_axis',(-1.,0.,0.));
#6972=DIRECTION('center_axis',(0.,0.,-1.));
#6973=DIRECTION('ref_axis',(-1.,0.,0.));
#6974=DIRECTION('center_axis',(0.,0.,-1.));
#6975=DIRECTION('ref_axis',(-1.,0.,0.));
#6976=DIRECTION('center_axis',(1.,0.,0.));
#6977=DIRECTION('ref_axis',(0.,1.,0.));
#6978=DIRECTION('',(0.,-1.,0.));
#6979=DIRECTION('',(0.,0.,1.));
#6980=DIRECTION('',(0.,1.,0.));
#6981=DIRECTION('',(0.,0.,1.));
#6982=DIRECTION('center_axis',(-1.,0.,0.));
#6983=DIRECTION('ref_axis',(0.,-1.,0.));
#6984=DIRECTION('',(0.,-1.,0.));
#6985=DIRECTION('',(0.,0.,1.));
#6986=DIRECTION('',(0.,-1.,0.));
#6987=DIRECTION('',(0.,0.,1.));
#6988=DIRECTION('center_axis',(0.707106781186516,0.,-0.707106781186579));
#6989=DIRECTION('ref_axis',(0.707106781186579,0.,0.707106781186516));
#6990=DIRECTION('',(0.707106781186579,0.,0.707106781186516));
#6991=DIRECTION('',(0.,-1.,0.));
#6992=DIRECTION('',(-0.707106781186579,0.,-0.707106781186516));
#6993=DIRECTION('center_axis',(1.,0.,2.53765268443555E-14));
#6994=DIRECTION('ref_axis',(-2.53765268443555E-14,0.,1.));
#6995=DIRECTION('',(-2.53765268443555E-14,0.,1.));
#6996=DIRECTION('',(0.,-1.,0.));
#6997=DIRECTION('',(2.53765268443555E-14,0.,-1.));
#6998=DIRECTION('center_axis',(-2.39124964494887E-14,0.,1.));
#6999=DIRECTION('ref_axis',(-1.,0.,-2.39124964494887E-14));
#7000=DIRECTION('',(-1.,0.,-2.39124964494887E-14));
#7001=DIRECTION('',(0.,-1.,0.));
#7002=DIRECTION('',(1.,0.,2.39124964494887E-14));
#7003=DIRECTION('center_axis',(-1.,0.,-2.53765268443561E-14));
#7004=DIRECTION('ref_axis',(2.53765268443561E-14,0.,-1.));
#7005=DIRECTION('',(2.53765268443561E-14,0.,-1.));
#7006=DIRECTION('',(0.,-1.,0.));
#7007=DIRECTION('',(-2.53765268443561E-14,0.,1.));
#7008=DIRECTION('center_axis',(-0.707106781186548,0.,-0.707106781186548));
#7009=DIRECTION('ref_axis',(0.707106781186548,0.,-0.707106781186548));
#7010=DIRECTION('',(0.707106781186548,0.,-0.707106781186548));
#7011=DIRECTION('',(-0.707106781186548,0.,0.707106781186548));
#7012=DIRECTION('center_axis',(0.,1.,0.));
#7013=DIRECTION('ref_axis',(0.,0.,1.));
#7014=DIRECTION('',(-1.,0.,0.));
#7015=DIRECTION('center_axis',(0.,1.,0.));
#7016=DIRECTION('ref_axis',(-1.,0.,0.));
#7017=DIRECTION('',(1.,0.,0.));
#7018=DIRECTION('center_axis',(1.,0.,0.));
#7019=DIRECTION('ref_axis',(0.,1.,0.));
#7020=DIRECTION('',(0.,-1.,0.));
#7021=DIRECTION('',(0.,0.,1.));
#7022=DIRECTION('',(0.,1.,0.));
#7023=DIRECTION('',(0.,0.,1.));
#7024=DIRECTION('center_axis',(-1.,0.,0.));
#7025=DIRECTION('ref_axis',(0.,-1.,0.));
#7026=DIRECTION('',(0.,-1.,0.));
#7027=DIRECTION('',(0.,0.,1.));
#7028=DIRECTION('',(0.,-1.,0.));
#7029=DIRECTION('',(0.,0.,1.));
#7030=DIRECTION('center_axis',(0.707106781186516,0.,-0.707106781186579));
#7031=DIRECTION('ref_axis',(0.707106781186579,0.,0.707106781186516));
#7032=DIRECTION('',(0.707106781186579,0.,0.707106781186516));
#7033=DIRECTION('',(0.,-1.,0.));
#7034=DIRECTION('',(-0.707106781186579,0.,-0.707106781186516));
#7035=DIRECTION('center_axis',(1.,0.,2.53765268443555E-14));
#7036=DIRECTION('ref_axis',(-2.53765268443555E-14,0.,1.));
#7037=DIRECTION('',(-2.53765268443555E-14,0.,1.));
#7038=DIRECTION('',(0.,-1.,0.));
#7039=DIRECTION('',(2.53765268443555E-14,0.,-1.));
#7040=DIRECTION('center_axis',(-2.39124964494887E-14,0.,1.));
#7041=DIRECTION('ref_axis',(-1.,0.,-2.39124964494887E-14));
#7042=DIRECTION('',(-1.,0.,-2.39124964494887E-14));
#7043=DIRECTION('',(0.,-1.,0.));
#7044=DIRECTION('',(1.,0.,2.39124964494887E-14));
#7045=DIRECTION('center_axis',(-1.,0.,-2.53765268443561E-14));
#7046=DIRECTION('ref_axis',(2.53765268443561E-14,0.,-1.));
#7047=DIRECTION('',(2.53765268443561E-14,0.,-1.));
#7048=DIRECTION('',(0.,-1.,0.));
#7049=DIRECTION('',(-2.53765268443561E-14,0.,1.));
#7050=DIRECTION('center_axis',(-0.707106781186548,0.,-0.707106781186548));
#7051=DIRECTION('ref_axis',(0.707106781186548,0.,-0.707106781186548));
#7052=DIRECTION('',(0.707106781186548,0.,-0.707106781186548));
#7053=DIRECTION('',(-0.707106781186548,0.,0.707106781186548));
#7054=DIRECTION('center_axis',(0.,1.,0.));
#7055=DIRECTION('ref_axis',(0.,0.,1.));
#7056=DIRECTION('',(-1.,0.,0.));
#7057=DIRECTION('center_axis',(0.,1.,0.));
#7058=DIRECTION('ref_axis',(-1.,0.,0.));
#7059=DIRECTION('',(1.,0.,0.));
#7060=DIRECTION('center_axis',(1.,0.,0.));
#7061=DIRECTION('ref_axis',(0.,1.,0.));
#7062=DIRECTION('',(0.,-1.,0.));
#7063=DIRECTION('',(0.,0.,1.));
#7064=DIRECTION('',(0.,1.,0.));
#7065=DIRECTION('',(0.,0.,1.));
#7066=DIRECTION('center_axis',(-1.,0.,0.));
#7067=DIRECTION('ref_axis',(0.,-1.,0.));
#7068=DIRECTION('',(0.,-1.,0.));
#7069=DIRECTION('',(0.,0.,1.));
#7070=DIRECTION('',(0.,-1.,0.));
#7071=DIRECTION('',(0.,0.,1.));
#7072=DIRECTION('center_axis',(0.707106781186516,0.,-0.707106781186579));
#7073=DIRECTION('ref_axis',(0.707106781186579,0.,0.707106781186516));
#7074=DIRECTION('',(0.707106781186579,0.,0.707106781186516));
#7075=DIRECTION('',(0.,-1.,0.));
#7076=DIRECTION('',(-0.707106781186579,0.,-0.707106781186516));
#7077=DIRECTION('center_axis',(1.,0.,2.53765268443555E-14));
#7078=DIRECTION('ref_axis',(-2.53765268443555E-14,0.,1.));
#7079=DIRECTION('',(-2.53765268443555E-14,0.,1.));
#7080=DIRECTION('',(0.,-1.,0.));
#7081=DIRECTION('',(2.53765268443555E-14,0.,-1.));
#7082=DIRECTION('center_axis',(-2.39124964494887E-14,0.,1.));
#7083=DIRECTION('ref_axis',(-1.,0.,-2.39124964494887E-14));
#7084=DIRECTION('',(-1.,0.,-2.39124964494887E-14));
#7085=DIRECTION('',(0.,-1.,0.));
#7086=DIRECTION('',(1.,0.,2.39124964494887E-14));
#7087=DIRECTION('center_axis',(-1.,0.,-2.53765268443561E-14));
#7088=DIRECTION('ref_axis',(2.53765268443561E-14,0.,-1.));
#7089=DIRECTION('',(2.53765268443561E-14,0.,-1.));
#7090=DIRECTION('',(0.,-1.,0.));
#7091=DIRECTION('',(-2.53765268443561E-14,0.,1.));
#7092=DIRECTION('center_axis',(-0.707106781186548,0.,-0.707106781186548));
#7093=DIRECTION('ref_axis',(0.707106781186548,0.,-0.707106781186548));
#7094=DIRECTION('',(0.707106781186548,0.,-0.707106781186548));
#7095=DIRECTION('',(-0.707106781186548,0.,0.707106781186548));
#7096=DIRECTION('center_axis',(0.,1.,0.));
#7097=DIRECTION('ref_axis',(0.,0.,1.));
#7098=DIRECTION('',(-1.,0.,0.));
#7099=DIRECTION('center_axis',(0.,1.,0.));
#7100=DIRECTION('ref_axis',(-1.,0.,0.));
#7101=DIRECTION('',(1.,0.,0.));
#7102=DIRECTION('center_axis',(1.,0.,0.));
#7103=DIRECTION('ref_axis',(0.,1.,0.));
#7104=DIRECTION('',(0.,-1.,0.));
#7105=DIRECTION('',(0.,0.,1.));
#7106=DIRECTION('',(0.,1.,0.));
#7107=DIRECTION('',(0.,0.,1.));
#7108=DIRECTION('center_axis',(-1.,0.,0.));
#7109=DIRECTION('ref_axis',(0.,-1.,0.));
#7110=DIRECTION('',(0.,-1.,0.));
#7111=DIRECTION('',(0.,0.,1.));
#7112=DIRECTION('',(0.,-1.,0.));
#7113=DIRECTION('',(0.,0.,1.));
#7114=DIRECTION('center_axis',(0.707106781186516,0.,-0.707106781186579));
#7115=DIRECTION('ref_axis',(0.707106781186579,0.,0.707106781186516));
#7116=DIRECTION('',(0.707106781186579,0.,0.707106781186516));
#7117=DIRECTION('',(0.,-1.,0.));
#7118=DIRECTION('',(-0.707106781186579,0.,-0.707106781186516));
#7119=DIRECTION('center_axis',(1.,0.,2.53765268443555E-14));
#7120=DIRECTION('ref_axis',(-2.53765268443555E-14,0.,1.));
#7121=DIRECTION('',(-2.53765268443555E-14,0.,1.));
#7122=DIRECTION('',(0.,-1.,0.));
#7123=DIRECTION('',(2.53765268443555E-14,0.,-1.));
#7124=DIRECTION('center_axis',(-2.39124964494887E-14,0.,1.));
#7125=DIRECTION('ref_axis',(-1.,0.,-2.39124964494887E-14));
#7126=DIRECTION('',(-1.,0.,-2.39124964494887E-14));
#7127=DIRECTION('',(0.,-1.,0.));
#7128=DIRECTION('',(1.,0.,2.39124964494887E-14));
#7129=DIRECTION('center_axis',(-1.,0.,-2.53765268443561E-14));
#7130=DIRECTION('ref_axis',(2.53765268443561E-14,0.,-1.));
#7131=DIRECTION('',(2.53765268443561E-14,0.,-1.));
#7132=DIRECTION('',(0.,-1.,0.));
#7133=DIRECTION('',(-2.53765268443561E-14,0.,1.));
#7134=DIRECTION('center_axis',(-0.707106781186548,0.,-0.707106781186548));
#7135=DIRECTION('ref_axis',(0.707106781186548,0.,-0.707106781186548));
#7136=DIRECTION('',(0.707106781186548,0.,-0.707106781186548));
#7137=DIRECTION('',(-0.707106781186548,0.,0.707106781186548));
#7138=DIRECTION('center_axis',(0.,1.,0.));
#7139=DIRECTION('ref_axis',(0.,0.,1.));
#7140=DIRECTION('',(-1.,0.,0.));
#7141=DIRECTION('center_axis',(0.,1.,0.));
#7142=DIRECTION('ref_axis',(-1.,0.,0.));
#7143=DIRECTION('',(1.,0.,0.));
#7144=DIRECTION('center_axis',(1.,0.,0.));
#7145=DIRECTION('ref_axis',(0.,1.,0.));
#7146=DIRECTION('',(0.,1.,0.));
#7147=DIRECTION('',(0.,0.,1.));
#7148=DIRECTION('',(0.,1.,0.));
#7149=DIRECTION('',(0.,0.,1.));
#7150=DIRECTION('center_axis',(0.,1.,0.));
#7151=DIRECTION('ref_axis',(-1.,0.,0.));
#7152=DIRECTION('',(-1.,0.,0.));
#7153=DIRECTION('',(-1.,0.,0.));
#7154=DIRECTION('',(0.,0.,1.));
#7155=DIRECTION('center_axis',(-1.,0.,0.));
#7156=DIRECTION('ref_axis',(0.,-1.,0.));
#7157=DIRECTION('',(0.,-1.,0.));
#7158=DIRECTION('',(0.,-1.,0.));
#7159=DIRECTION('',(0.,0.,1.));
#7160=DIRECTION('center_axis',(0.,-1.,0.));
#7161=DIRECTION('ref_axis',(1.,0.,0.));
#7162=DIRECTION('',(1.,0.,0.));
#7163=DIRECTION('',(1.,0.,0.));
#7164=DIRECTION('center_axis',(-1.,0.,0.));
#7165=DIRECTION('ref_axis',(0.,-1.,0.));
#7166=DIRECTION('',(0.,1.,0.));
#7167=DIRECTION('',(0.,0.,1.));
#7168=DIRECTION('',(0.,-1.,0.));
#7169=DIRECTION('',(0.,0.,1.));
#7170=DIRECTION('center_axis',(0.,1.,0.));
#7171=DIRECTION('ref_axis',(-1.,0.,0.));
#7172=DIRECTION('',(1.,0.,0.));
#7173=DIRECTION('',(-1.,0.,0.));
#7174=DIRECTION('',(0.,0.,1.));
#7175=DIRECTION('center_axis',(1.,0.,0.));
#7176=DIRECTION('ref_axis',(0.,1.,0.));
#7177=DIRECTION('',(0.,-1.,0.));
#7178=DIRECTION('',(0.,1.,0.));
#7179=DIRECTION('',(0.,0.,1.));
#7180=DIRECTION('center_axis',(0.,-1.,0.));
#7181=DIRECTION('ref_axis',(1.,0.,0.));
#7182=DIRECTION('',(-1.,0.,0.));
#7183=DIRECTION('',(1.,0.,0.));
#7184=DIRECTION('center_axis',(0.,0.,1.));
#7185=DIRECTION('ref_axis',(1.,0.,0.));
#7186=DIRECTION('center_axis',(0.,0.,1.));
#7187=DIRECTION('ref_axis',(1.,0.,0.));
#7188=DIRECTION('center_axis',(-0.573576436351043,0.819152044288994,0.));
#7189=DIRECTION('ref_axis',(0.,0.,1.));
#7190=DIRECTION('center_axis',(0.573576436351046,-0.819152044288992,0.));
#7191=DIRECTION('ref_axis',(0.,0.,1.));
#7192=DIRECTION('',(-0.573576436351043,0.819152044288994,0.));
#7193=DIRECTION('center_axis',(0.573576436351046,-0.819152044288992,0.));
#7194=DIRECTION('ref_axis',(0.,0.,1.));
#7195=DIRECTION('center_axis',(-0.573576436351046,0.819152044288992,0.));
#7196=DIRECTION('ref_axis',(0.,0.,1.));
#7197=DIRECTION('center_axis',(-0.573576436351046,0.819152044288992,0.));
#7198=DIRECTION('ref_axis',(-2.46095496783718E-31,-5.28073737063426E-48,
1.));
#7199=DIRECTION('center_axis',(0.573576436351046,-0.819152044288992,0.));
#7200=DIRECTION('ref_axis',(-2.46095496783718E-31,6.51366514753688E-48,
1.));
#7201=DIRECTION('center_axis',(-0.573576436351046,0.819152044288992,0.));
#7202=DIRECTION('ref_axis',(-2.46095496783718E-31,-5.28073737063426E-48,
1.));
#7203=DIRECTION('center_axis',(0.573576436351046,-0.819152044288992,0.));
#7204=DIRECTION('ref_axis',(-2.46095496783718E-31,6.51366514753688E-48,
1.));
#7205=DIRECTION('center_axis',(-0.573576436351046,0.819152044288992,0.));
#7206=DIRECTION('ref_axis',(0.,0.,1.));
#7207=DIRECTION('center_axis',(0.573576436351046,-0.819152044288992,0.));
#7208=DIRECTION('ref_axis',(-2.46095496783718E-31,-5.28073737063426E-48,
1.));
#7209=DIRECTION('center_axis',(-0.573576436351046,0.819152044288992,0.));
#7210=DIRECTION('ref_axis',(-2.46095496783718E-31,6.51366514753688E-48,
1.));
#7211=DIRECTION('center_axis',(0.573576436351046,-0.819152044288992,0.));
#7212=DIRECTION('ref_axis',(-2.46095496783718E-31,-5.28073737063426E-48,
1.));
#7213=DIRECTION('center_axis',(-0.573576436351046,0.819152044288992,0.));
#7214=DIRECTION('ref_axis',(-2.46095496783718E-31,6.51366514753688E-48,
1.));
#7215=DIRECTION('center_axis',(0.573576436351042,-0.819152044288995,1.41154578047244E-31));
#7216=DIRECTION('ref_axis',(-2.46095496783718E-31,6.51366514753688E-48,
1.));
#7217=DIRECTION('',(0.573576436351042,-0.819152044288995,1.41154578047244E-31));
#7218=DIRECTION('center_axis',(-0.573576436351046,0.819152044288992,0.));
#7219=DIRECTION('ref_axis',(-2.46095496783718E-31,6.51366514753688E-48,
1.));
#7220=DIRECTION('',(0.573576436351042,-0.819152044288995,1.41154578047244E-31));
#7221=DIRECTION('center_axis',(0.573576436351042,-0.819152044288995,1.41154578047244E-31));
#7222=DIRECTION('ref_axis',(-2.46095496783718E-31,6.51366514753688E-48,
1.));
#7223=DIRECTION('',(0.573576436351042,-0.819152044288995,1.41154578047244E-31));
#7224=DIRECTION('center_axis',(0.573576436351046,-0.819152044288992,1.41154578047245E-31));
#7225=DIRECTION('ref_axis',(-2.46095496783718E-31,6.51366514753688E-48,
1.));
#7226=DIRECTION('',(0.573576436351042,-0.819152044288995,1.41154578047244E-31));
#7227=DIRECTION('center_axis',(0.573576436351042,-0.819152044288995,1.41154578047244E-31));
#7228=DIRECTION('ref_axis',(-2.46095496783718E-31,-5.28073737063426E-48,
1.));
#7229=DIRECTION('',(0.573576436351042,-0.819152044288995,1.41154578047244E-31));
#7230=DIRECTION('center_axis',(0.573576436351046,-0.819152044288992,0.));
#7231=DIRECTION('ref_axis',(-2.46095496783718E-31,-5.28073737063426E-48,
1.));
#7232=DIRECTION('center_axis',(0.573576436351042,-0.819152044288995,1.41154578047244E-31));
#7233=DIRECTION('ref_axis',(-2.46095496783718E-31,-5.28073737063426E-48,
1.));
#7234=DIRECTION('center_axis',(0.573576436351046,-0.819152044288992,1.41154578047245E-31));
#7235=DIRECTION('ref_axis',(-2.46095496783718E-31,-5.28073737063426E-48,
1.));
#7236=DIRECTION('',(0.573576436351042,-0.819152044288995,1.41154578047244E-31));
#7237=DIRECTION('center_axis',(0.573576436351042,-0.819152044288995,1.41154578047244E-31));
#7238=DIRECTION('ref_axis',(-2.46095496783718E-31,6.51366514753688E-48,
1.));
#7239=DIRECTION('',(0.573576436351042,-0.819152044288995,1.41154578047244E-31));
#7240=DIRECTION('center_axis',(-0.573576436351046,0.819152044288992,0.));
#7241=DIRECTION('ref_axis',(-2.46095496783718E-31,6.51366514753688E-48,
1.));
#7242=DIRECTION('center_axis',(0.573576436351042,-0.819152044288995,1.41154578047244E-31));
#7243=DIRECTION('ref_axis',(-5.19318937024044E-15,-3.63631034439285E-15,
-1.));
#7244=DIRECTION('center_axis',(0.573576436351046,-0.819152044288992,0.));
#7245=DIRECTION('ref_axis',(-2.46095496783718E-31,-5.28073737063426E-48,
1.));
#7246=DIRECTION('center_axis',(0.573576436351043,0.819152044288994,0.));
#7247=DIRECTION('ref_axis',(0.,0.,-1.));
#7248=DIRECTION('center_axis',(-0.573576436351046,-0.819152044288992,0.));
#7249=DIRECTION('ref_axis',(0.,0.,-1.));
#7250=DIRECTION('',(0.573576436351043,0.819152044288994,0.));
#7251=DIRECTION('center_axis',(-0.573576436351046,-0.819152044288992,0.));
#7252=DIRECTION('ref_axis',(0.,0.,-1.));
#7253=DIRECTION('center_axis',(0.573576436351046,0.819152044288992,0.));
#7254=DIRECTION('ref_axis',(0.,0.,-1.));
#7255=DIRECTION('center_axis',(0.573576436351046,0.819152044288992,0.));
#7256=DIRECTION('ref_axis',(-2.46223479985315E-31,7.15573433840456E-18,
1.));
#7257=DIRECTION('center_axis',(-0.573576436351046,-0.819152044288992,0.));
#7258=DIRECTION('ref_axis',(-2.46719919601665E-31,7.15573433840456E-18,
1.));
#7259=DIRECTION('center_axis',(0.573576436351046,0.819152044288992,0.));
#7260=DIRECTION('ref_axis',(-2.46223479985315E-31,7.15573433840456E-18,
1.));
#7261=DIRECTION('center_axis',(-0.573576436351046,-0.819152044288992,0.));
#7262=DIRECTION('ref_axis',(-2.46719919601665E-31,7.15573433840456E-18,
1.));
#7263=DIRECTION('center_axis',(0.573576436351046,0.819152044288992,0.));
#7264=DIRECTION('ref_axis',(0.,0.,-1.));
#7265=DIRECTION('center_axis',(-0.573576436351046,-0.819152044288992,0.));
#7266=DIRECTION('ref_axis',(-2.46223479985315E-31,7.15573433840456E-18,
1.));
#7267=DIRECTION('center_axis',(0.573576436351046,0.819152044288992,0.));
#7268=DIRECTION('ref_axis',(-2.46719919601665E-31,7.15573433840456E-18,
1.));
#7269=DIRECTION('center_axis',(-0.573576436351046,-0.819152044288992,0.));
#7270=DIRECTION('ref_axis',(-2.46223479985315E-31,7.15573433840456E-18,
1.));
#7271=DIRECTION('center_axis',(0.573576436351046,0.819152044288992,0.));
#7272=DIRECTION('ref_axis',(-2.46719919601665E-31,7.15573433840456E-18,
1.));
#7273=DIRECTION('center_axis',(-0.57357643635105,-0.819152044288989,5.86163441169287E-18));
#7274=DIRECTION('ref_axis',(-2.46719919601665E-31,7.15573433840456E-18,
1.));
#7275=DIRECTION('',(-0.57357643635105,-0.819152044288989,5.86163441169287E-18));
#7276=DIRECTION('center_axis',(0.573576436351046,0.819152044288992,0.));
#7277=DIRECTION('ref_axis',(-2.46719919601665E-31,7.15573433840456E-18,
1.));
#7278=DIRECTION('',(-0.57357643635105,-0.819152044288989,5.86163441169287E-18));
#7279=DIRECTION('center_axis',(-0.57357643635105,-0.819152044288989,5.86163441169287E-18));
#7280=DIRECTION('ref_axis',(-2.46719919601665E-31,7.15573433840456E-18,
1.));
#7281=DIRECTION('',(-0.57357643635105,-0.819152044288989,5.86163441169287E-18));
#7282=DIRECTION('center_axis',(-0.573576436351046,-0.819152044288992,5.86163441169289E-18));
#7283=DIRECTION('ref_axis',(-2.46719919601665E-31,7.15573433840456E-18,
1.));
#7284=DIRECTION('',(-0.57357643635105,-0.819152044288989,5.86163441169287E-18));
#7285=DIRECTION('center_axis',(-0.57357643635105,-0.819152044288989,5.86163441169287E-18));
#7286=DIRECTION('ref_axis',(-2.46223479985315E-31,7.15573433840456E-18,
1.));
#7287=DIRECTION('',(-0.57357643635105,-0.819152044288989,5.86163441169287E-18));
#7288=DIRECTION('center_axis',(-0.573576436351046,-0.819152044288992,0.));
#7289=DIRECTION('ref_axis',(-2.46223479985315E-31,7.15573433840456E-18,
1.));
#7290=DIRECTION('center_axis',(-0.57357643635105,-0.819152044288989,5.86163441169287E-18));
#7291=DIRECTION('ref_axis',(-2.46223479985315E-31,7.15573433840456E-18,
1.));
#7292=DIRECTION('center_axis',(-0.573576436351046,-0.819152044288992,5.86163441169289E-18));
#7293=DIRECTION('ref_axis',(-2.46223479985315E-31,7.15573433840456E-18,
1.));
#7294=DIRECTION('',(-0.57357643635105,-0.819152044288989,5.86163441169287E-18));
#7295=DIRECTION('center_axis',(-0.57357643635105,-0.819152044288989,5.86163441169287E-18));
#7296=DIRECTION('ref_axis',(-2.46719919601665E-31,7.15573433840456E-18,
1.));
#7297=DIRECTION('',(-0.57357643635105,-0.819152044288989,5.86163441169287E-18));
#7298=DIRECTION('center_axis',(0.573576436351046,0.819152044288992,0.));
#7299=DIRECTION('ref_axis',(-2.46719919601665E-31,7.15573433840456E-18,
1.));
#7300=DIRECTION('center_axis',(-0.57357643635105,-0.819152044288989,5.86163441169287E-18));
#7301=DIRECTION('ref_axis',(-5.1931893702404E-15,3.6291546100545E-15,-1.));
#7302=DIRECTION('center_axis',(-0.573576436351046,-0.819152044288992,0.));
#7303=DIRECTION('ref_axis',(-2.46223479985315E-31,7.15573433840456E-18,
1.));
#7304=DIRECTION('center_axis',(-0.57357643635105,-0.819152044288989,5.86163441169287E-18));
#7305=DIRECTION('ref_axis',(2.80989547985753E-15,-1.97466573091606E-15,
-1.));
#7306=DIRECTION('center_axis',(0.573576436351046,0.819152044288992,0.));
#7307=DIRECTION('ref_axis',(-2.46418340841314E-31,7.15573433840456E-18,
1.));
#7308=DIRECTION('',(-0.57357643635105,-0.819152044288989,5.86163441169287E-18));
#7309=DIRECTION('center_axis',(0.573576436351046,0.819152044288992,1.34663559165294E-17));
#7310=DIRECTION('ref_axis',(-2.46418340841314E-31,7.15573433840456E-18,
1.));
#7311=DIRECTION('',(-0.57357643635105,-0.819152044288989,5.86163441169287E-18));
#7312=DIRECTION('center_axis',(-0.57357643635105,-0.819152044288989,5.86163441169287E-18));
#7313=DIRECTION('ref_axis',(-2.46719919601665E-31,7.15573433840456E-18,
1.));
#7314=DIRECTION('center_axis',(0.573576436351046,0.819152044288992,0.));
#7315=DIRECTION('ref_axis',(-2.46719919601665E-31,7.15573433840456E-18,
1.));
#7316=DIRECTION('',(-0.57357643635105,-0.819152044288989,5.86163441169287E-18));
#7317=DIRECTION('center_axis',(0.573576436351046,0.819152044288992,1.34663559165294E-17));
#7318=DIRECTION('ref_axis',(-2.46719919601665E-31,7.15573433840456E-18,
1.));
#7319=DIRECTION('center_axis',(-0.57357643635105,-0.819152044288989,5.86163441169287E-18));
#7320=DIRECTION('ref_axis',(-2.46202121301901E-31,7.15573433840456E-18,
1.));
#7321=DIRECTION('',(0.57357643635105,0.819152044288989,-5.86163441169287E-18));
#7322=DIRECTION('center_axis',(-0.573576436351046,-0.819152044288992,0.));
#7323=DIRECTION('ref_axis',(-2.46202121301901E-31,7.15573433840456E-18,
1.));
#7324=DIRECTION('',(-0.57357643635105,-0.819152044288989,5.86163441169287E-18));
#7325=DIRECTION('center_axis',(-0.573576436351046,-0.819152044288992,5.86163441169289E-18));
#7326=DIRECTION('ref_axis',(-2.46202121301901E-31,7.15573433840456E-18,
1.));
#7327=DIRECTION('center_axis',(-0.573576436351043,-0.819152044288994,-1.34663559165294E-17));
#7328=DIRECTION('ref_axis',(-1.38777878078147E-17,-6.72205346940989E-18,
1.));
#7329=DIRECTION('center_axis',(-0.573576436351046,-0.819152044288992,-1.34663559165294E-17));
#7330=DIRECTION('ref_axis',(-1.38777878078147E-17,-6.72205346940989E-18,
1.));
#7331=DIRECTION('',(-0.573576436351043,-0.819152044288994,-1.34663559165294E-17));
#7332=DIRECTION('center_axis',(-0.573576436351046,-0.819152044288992,-1.34663559165294E-17));
#7333=DIRECTION('ref_axis',(-1.38777878078147E-17,-6.72205346940989E-18,
1.));
#7334=DIRECTION('center_axis',(-0.573576436351046,-0.819152044288992,-1.34663559165294E-17));
#7335=DIRECTION('ref_axis',(-1.38777878078147E-17,-6.72205346940989E-18,
1.));
#7336=DIRECTION('center_axis',(0.573576436351046,0.819152044288992,1.34663559165294E-17));
#7337=DIRECTION('ref_axis',(-2.46719919601665E-31,7.15573433840456E-18,
1.));
#7338=DIRECTION('center_axis',(0.573576436351046,0.819152044288992,1.34663559165294E-17));
#7339=DIRECTION('ref_axis',(-2.46418340841314E-31,7.15573433840456E-18,
1.));
#7340=DIRECTION('center_axis',(-0.573576436351046,-0.819152044288992,-1.34663559165294E-17));
#7341=DIRECTION('ref_axis',(-1.38777878078147E-17,-6.72205346940989E-18,
1.));
#7342=DIRECTION('center_axis',(-0.573576436351046,-0.819152044288992,-1.34663559165294E-17));
#7343=DIRECTION('ref_axis',(-2.46719919601665E-31,7.15573433840456E-18,
1.));
#7344=DIRECTION('center_axis',(-0.573576436351046,-0.819152044288992,-1.34663559165294E-17));
#7345=DIRECTION('ref_axis',(-2.46418340841314E-31,7.15573433840456E-18,
1.));
#7346=DIRECTION('center_axis',(-0.573576436351046,-0.819152044288992,-1.34663559165294E-17));
#7347=DIRECTION('ref_axis',(-2.46719919601665E-31,7.15573433840456E-18,
1.));
#7348=DIRECTION('center_axis',(-0.573576436351046,-0.819152044288992,-1.34663559165294E-17));
#7349=DIRECTION('ref_axis',(-2.46418340841314E-31,7.15573433840456E-18,
1.));
#7350=DIRECTION('center_axis',(-0.57357643635105,-0.819152044288989,5.86163441169287E-18));
#7351=DIRECTION('ref_axis',(-2.46719919601665E-31,7.15573433840456E-18,
1.));
#7352=DIRECTION('',(-0.57357643635105,-0.819152044288989,5.86163441169287E-18));
#7353=DIRECTION('center_axis',(0.573576436351046,0.819152044288992,-5.86163441169289E-18));
#7354=DIRECTION('ref_axis',(-2.46719919601665E-31,7.15573433840456E-18,
1.));
#7355=DIRECTION('',(-0.57357643635105,-0.819152044288989,5.86163441169287E-18));
#7356=DIRECTION('center_axis',(-0.57357643635105,-0.819152044288989,5.86163441169287E-18));
#7357=DIRECTION('ref_axis',(6.27235975285369E-16,-4.46351092469544E-16,
-1.));
#7358=DIRECTION('center_axis',(0.573576436351046,0.819152044288992,-5.86163441169289E-18));
#7359=DIRECTION('ref_axis',(-2.46418340841314E-31,7.15573433840456E-18,
1.));
#7360=DIRECTION('',(-0.57357643635105,-0.819152044288989,5.86163441169287E-18));
#7361=DIRECTION('center_axis',(-0.57357643635105,-0.819152044288989,5.86163441169287E-18));
#7362=DIRECTION('ref_axis',(-2.46418340841314E-31,7.15573433840456E-18,
1.));
#7363=DIRECTION('',(-0.57357643635105,-0.819152044288989,5.86163441169287E-18));
#7364=DIRECTION('center_axis',(0.573576436351046,0.819152044288992,-5.86163441169289E-18));
#7365=DIRECTION('ref_axis',(-2.46418340841314E-31,7.15573433840456E-18,
1.));
#7366=DIRECTION('center_axis',(-0.57357643635105,-0.819152044288989,5.86163441169287E-18));
#7367=DIRECTION('ref_axis',(-2.46719919601665E-31,7.15573433840456E-18,
1.));
#7368=DIRECTION('center_axis',(0.573576436351046,0.819152044288992,-5.86163441169289E-18));
#7369=DIRECTION('ref_axis',(-2.46719919601665E-31,7.15573433840456E-18,
1.));
#7370=DIRECTION('center_axis',(-0.57357643635105,-0.819152044288989,5.86163441169287E-18));
#7371=DIRECTION('ref_axis',(-2.46719919601665E-31,7.15573433840456E-18,
1.));
#7372=DIRECTION('center_axis',(0.573576436351046,0.819152044288992,0.));
#7373=DIRECTION('ref_axis',(-2.46719919601665E-31,7.15573433840456E-18,
1.));
#7374=DIRECTION('',(-0.57357643635105,-0.819152044288989,5.86163441169287E-18));
#7375=DIRECTION('center_axis',(-0.57357643635105,-0.819152044288989,5.86163441169287E-18));
#7376=DIRECTION('ref_axis',(-2.46418340841314E-31,7.15573433840456E-18,
1.));
#7377=DIRECTION('center_axis',(0.573576436351046,0.819152044288992,0.));
#7378=DIRECTION('ref_axis',(-2.46418340841314E-31,7.15573433840456E-18,
1.));
#7379=DIRECTION('center_axis',(-0.573576436351046,-0.819152044288992,5.86163441169289E-18));
#7380=DIRECTION('ref_axis',(-2.46443425589487E-31,7.15573433840456E-18,
1.));
#7381=DIRECTION('center_axis',(-0.573576436351046,-0.819152044288992,5.86163441169289E-18));
#7382=DIRECTION('ref_axis',(0.819152044288992,-0.573576436351046,0.));
#7383=DIRECTION('center_axis',(0.573576436351046,0.819152044288992,0.));
#7384=DIRECTION('ref_axis',(0.819152044288992,-0.573576436351046,0.));
#7385=DIRECTION('center_axis',(0.573576436351046,0.819152044288992,0.));
#7386=DIRECTION('ref_axis',(0.819152044288992,-0.573576436351046,0.));
#7387=DIRECTION('',(0.573576436351046,0.819152044288992,0.));
#7388=DIRECTION('center_axis',(0.573576436351046,0.819152044288992,0.));
#7389=DIRECTION('ref_axis',(0.819152044288992,-0.573576436351046,0.));
#7390=DIRECTION('center_axis',(-0.573576436351046,-0.819152044288992,0.));
#7391=DIRECTION('ref_axis',(0.819152044288992,-0.573576436351046,0.));
#7392=DIRECTION('center_axis',(-0.57357643635105,-0.819152044288989,5.86163441169287E-18));
#7393=DIRECTION('ref_axis',(-3.73808303385896E-15,2.61027818442349E-15,
-1.));
#7394=DIRECTION('',(-0.57357643635105,-0.819152044288989,5.86163441169287E-18));
#7395=DIRECTION('center_axis',(-0.573576436351046,-0.819152044288992,5.86163441169289E-18));
#7396=DIRECTION('ref_axis',(-2.46223479985315E-31,7.15573433840456E-18,
1.));
#7397=DIRECTION('center_axis',(-0.57357643635105,-0.819152044288989,5.86163441169287E-18));
#7398=DIRECTION('ref_axis',(-2.46719919601665E-31,7.15573433840456E-18,
1.));
#7399=DIRECTION('center_axis',(-0.573576436351046,-0.819152044288992,5.86163441169289E-18));
#7400=DIRECTION('ref_axis',(-2.46719919601665E-31,7.15573433840456E-18,
1.));
#7401=DIRECTION('center_axis',(-0.573576436351046,-0.819152044288992,5.86163441169289E-18));
#7402=DIRECTION('ref_axis',(-2.46443425589487E-31,7.15573433840456E-18,
1.));
#7403=DIRECTION('center_axis',(0.573576436351042,-0.819152044288995,1.41154578047244E-31));
#7404=DIRECTION('ref_axis',(-3.73808303385898E-15,-2.61743391876185E-15,
-1.));
#7405=DIRECTION('',(0.573576436351042,-0.819152044288995,1.41154578047244E-31));
#7406=DIRECTION('center_axis',(0.573576436351046,-0.819152044288992,1.41154578047245E-31));
#7407=DIRECTION('ref_axis',(-2.46095496783718E-31,-5.28073737063426E-48,
1.));
#7408=DIRECTION('center_axis',(0.573576436351042,-0.819152044288995,1.41154578047244E-31));
#7409=DIRECTION('ref_axis',(-2.46095496783718E-31,6.51366514753688E-48,
1.));
#7410=DIRECTION('center_axis',(0.573576436351046,-0.819152044288992,1.41154578047245E-31));
#7411=DIRECTION('ref_axis',(-2.46095496783718E-31,6.51366514753688E-48,
1.));
#7412=DIRECTION('center_axis',(0.573576436351046,-0.819152044288992,1.41154578047245E-31));
#7413=DIRECTION('ref_axis',(-2.46095496783718E-31,-5.59758161287232E-48,
1.));
#7414=DIRECTION('center_axis',(0.573576436351042,-0.819152044288995,1.41154578047244E-31));
#7415=DIRECTION('ref_axis',(6.27235975285374E-16,4.39195358131133E-16,-1.));
#7416=DIRECTION('center_axis',(-0.573576436351046,0.819152044288992,0.));
#7417=DIRECTION('ref_axis',(-2.46095496783718E-31,-1.18246212863205E-47,
1.));
#7418=DIRECTION('',(0.573576436351042,-0.819152044288995,1.41154578047244E-31));
#7419=DIRECTION('center_axis',(-0.573576436351046,0.819152044288992,1.93279903282221E-17));
#7420=DIRECTION('ref_axis',(-2.46095496783718E-31,-1.18246212863205E-47,
1.));
#7421=DIRECTION('',(0.573576436351042,-0.819152044288995,1.41154578047244E-31));
#7422=DIRECTION('center_axis',(0.573576436351042,-0.819152044288995,1.41154578047244E-31));
#7423=DIRECTION('ref_axis',(-2.46095496783718E-31,6.51366514753688E-48,
1.));
#7424=DIRECTION('center_axis',(-0.573576436351046,0.819152044288992,0.));
#7425=DIRECTION('ref_axis',(-2.46095496783718E-31,6.51366514753688E-48,
1.));
#7426=DIRECTION('',(0.573576436351042,-0.819152044288995,1.41154578047244E-31));
#7427=DIRECTION('center_axis',(-0.573576436351046,0.819152044288992,1.93279903282221E-17));
#7428=DIRECTION('ref_axis',(-2.46095496783718E-31,6.51366514753688E-48,
1.));
#7429=DIRECTION('center_axis',(0.573576436351042,-0.819152044288995,1.41154578047244E-31));
#7430=DIRECTION('ref_axis',(-2.46095496783718E-31,6.25311854163539E-48,
1.));
#7431=DIRECTION('',(-0.573576436351042,0.819152044288995,-1.41154578047244E-31));
#7432=DIRECTION('center_axis',(0.573576436351046,-0.819152044288992,0.));
#7433=DIRECTION('ref_axis',(-2.46095496783718E-31,6.25311854163539E-48,
1.));
#7434=DIRECTION('',(0.573576436351042,-0.819152044288995,1.41154578047244E-31));
#7435=DIRECTION('center_axis',(0.573576436351046,-0.819152044288992,1.41154578047245E-31));
#7436=DIRECTION('ref_axis',(-2.46095496783718E-31,6.25311854163539E-48,
1.));
#7437=DIRECTION('center_axis',(0.573576436351049,-0.81915204428899,-1.93279903282221E-17));
#7438=DIRECTION('ref_axis',(8.29437182076372E-18,-1.77873377709078E-17,
1.));
#7439=DIRECTION('center_axis',(0.573576436351046,-0.819152044288992,-1.93279903282221E-17));
#7440=DIRECTION('ref_axis',(8.29437182076372E-18,-1.77873377709078E-17,
1.));
#7441=DIRECTION('',(0.573576436351049,-0.81915204428899,-1.93279903282221E-17));
#7442=DIRECTION('center_axis',(0.573576436351046,-0.819152044288992,-1.93279903282221E-17));
#7443=DIRECTION('ref_axis',(8.29437182076372E-18,-1.77873377709078E-17,
1.));
#7444=DIRECTION('center_axis',(0.573576436351046,-0.819152044288992,-1.93279903282221E-17));
#7445=DIRECTION('ref_axis',(8.29437182076372E-18,-1.77873377709078E-17,
1.));
#7446=DIRECTION('center_axis',(-0.573576436351046,0.819152044288992,1.93279903282221E-17));
#7447=DIRECTION('ref_axis',(-2.46095496783718E-31,6.51366514753688E-48,
1.));
#7448=DIRECTION('center_axis',(-0.573576436351046,0.819152044288992,1.93279903282221E-17));
#7449=DIRECTION('ref_axis',(-2.46095496783718E-31,-1.18246212863205E-47,
1.));
#7450=DIRECTION('center_axis',(0.573576436351046,-0.819152044288992,-1.93279903282221E-17));
#7451=DIRECTION('ref_axis',(8.29437182076372E-18,-1.77873377709078E-17,
1.));
#7452=DIRECTION('center_axis',(0.573576436351046,-0.819152044288992,-1.93279903282221E-17));
#7453=DIRECTION('ref_axis',(-2.46095496783718E-31,6.51366514753688E-48,
1.));
#7454=DIRECTION('center_axis',(0.573576436351046,-0.819152044288992,-1.93279903282221E-17));
#7455=DIRECTION('ref_axis',(-2.46095496783718E-31,-1.18246212863205E-47,
1.));
#7456=DIRECTION('center_axis',(0.573576436351046,-0.819152044288992,-1.93279903282221E-17));
#7457=DIRECTION('ref_axis',(-2.46095496783718E-31,6.51366514753688E-48,
1.));
#7458=DIRECTION('center_axis',(0.573576436351046,-0.819152044288992,-1.93279903282221E-17));
#7459=DIRECTION('ref_axis',(-2.46095496783718E-31,-1.18246212863205E-47,
1.));
#7460=DIRECTION('center_axis',(0.573576436351042,-0.819152044288995,1.41154578047244E-31));
#7461=DIRECTION('ref_axis',(-2.46095496783718E-31,6.51366514753688E-48,
1.));
#7462=DIRECTION('',(0.573576436351042,-0.819152044288995,1.41154578047244E-31));
#7463=DIRECTION('center_axis',(-0.573576436351046,0.819152044288992,-1.41154578047245E-31));
#7464=DIRECTION('ref_axis',(-2.46095496783718E-31,6.51366514753688E-48,
1.));
#7465=DIRECTION('',(0.573576436351042,-0.819152044288995,1.41154578047244E-31));
#7466=DIRECTION('center_axis',(0.573576436351042,-0.819152044288995,1.41154578047244E-31));
#7467=DIRECTION('ref_axis',(-4.64093777000716E-16,-3.24961961092114E-16,
-1.));
#7468=DIRECTION('center_axis',(-0.573576436351046,0.819152044288992,-1.41154578047245E-31));
#7469=DIRECTION('ref_axis',(-2.46095496783718E-31,-1.18246212863205E-47,
1.));
#7470=DIRECTION('',(0.573576436351042,-0.819152044288995,1.41154578047244E-31));
#7471=DIRECTION('center_axis',(0.573576436351042,-0.819152044288995,1.41154578047244E-31));
#7472=DIRECTION('ref_axis',(-2.46095496783718E-31,-1.18246212863205E-47,
1.));
#7473=DIRECTION('',(0.573576436351042,-0.819152044288995,1.41154578047244E-31));
#7474=DIRECTION('center_axis',(-0.573576436351046,0.819152044288992,-1.41154578047245E-31));
#7475=DIRECTION('ref_axis',(-2.46095496783718E-31,-1.18246212863205E-47,
1.));
#7476=DIRECTION('center_axis',(0.573576436351042,-0.819152044288995,1.41154578047244E-31));
#7477=DIRECTION('ref_axis',(-2.46095496783718E-31,6.51366514753688E-48,
1.));
#7478=DIRECTION('center_axis',(-0.573576436351046,0.819152044288992,-1.41154578047245E-31));
#7479=DIRECTION('ref_axis',(-2.46095496783718E-31,6.51366514753688E-48,
1.));
#7480=DIRECTION('center_axis',(0.573576436351042,-0.819152044288995,1.41154578047244E-31));
#7481=DIRECTION('ref_axis',(-2.46095496783718E-31,6.51366514753688E-48,
1.));
#7482=DIRECTION('center_axis',(-0.573576436351046,0.819152044288992,0.));
#7483=DIRECTION('ref_axis',(-2.46095496783718E-31,6.51366514753688E-48,
1.));
#7484=DIRECTION('',(0.573576436351042,-0.819152044288995,1.41154578047244E-31));
#7485=DIRECTION('center_axis',(0.573576436351042,-0.819152044288995,1.41154578047244E-31));
#7486=DIRECTION('ref_axis',(-2.46095496783718E-31,-1.18246212863205E-47,
1.));
#7487=DIRECTION('center_axis',(-0.573576436351046,0.819152044288992,0.));
#7488=DIRECTION('ref_axis',(-2.46095496783718E-31,-1.18246212863205E-47,
1.));
#7489=DIRECTION('center_axis',(0.573576436351046,-0.819152044288992,1.41154578047245E-31));
#7490=DIRECTION('ref_axis',(-2.46095496783718E-31,-5.59758161287232E-48,
1.));
#7491=DIRECTION('center_axis',(0.573576436351046,-0.819152044288992,1.41154578047245E-31));
#7492=DIRECTION('ref_axis',(0.819152044288992,0.573576436351046,0.));
#7493=DIRECTION('center_axis',(-0.573576436351046,0.819152044288992,0.));
#7494=DIRECTION('ref_axis',(0.819152044288992,0.573576436351046,0.));
#7495=DIRECTION('center_axis',(-0.573576436351046,0.819152044288992,0.));
#7496=DIRECTION('ref_axis',(0.819152044288992,0.573576436351046,0.));
#7497=DIRECTION('',(-0.573576436351046,0.819152044288992,0.));
#7498=DIRECTION('center_axis',(-0.573576436351046,0.819152044288992,0.));
#7499=DIRECTION('ref_axis',(0.819152044288992,0.573576436351046,0.));
#7500=DIRECTION('center_axis',(0.573576436351046,-0.819152044288992,0.));
#7501=DIRECTION('ref_axis',(0.819152044288992,0.573576436351046,0.));
#7502=DIRECTION('center_axis',(-0.573576436351046,-0.819152044288992,0.));
#7503=DIRECTION('ref_axis',(0.819152044288992,-0.573576436351046,0.));
#7504=DIRECTION('center_axis',(0.573576436351046,-0.819152044288992,0.));
#7505=DIRECTION('ref_axis',(0.819152044288992,0.573576436351046,0.));
#7506=DIRECTION('center_axis',(0.,0.,1.));
#7507=DIRECTION('ref_axis',(1.,0.,0.));
#7508=DIRECTION('center_axis',(0.,0.,-1.));
#7509=DIRECTION('ref_axis',(1.,0.,0.));
#7510=DIRECTION('center_axis',(0.,0.,1.));
#7511=DIRECTION('ref_axis',(1.,0.,0.));
#7512=DIRECTION('center_axis',(0.,0.,1.));
#7513=DIRECTION('ref_axis',(1.,0.,0.));
#7514=DIRECTION('center_axis',(0.,0.,1.));
#7515=DIRECTION('ref_axis',(1.,0.,0.));
#7516=DIRECTION('center_axis',(0.,0.,-1.));
#7517=DIRECTION('ref_axis',(1.,0.,0.));
#7518=DIRECTION('center_axis',(0.,0.,-1.));
#7519=DIRECTION('ref_axis',(1.,0.,0.));
#7520=DIRECTION('',(0.,0.,1.));
#7521=DIRECTION('center_axis',(0.,7.04245948456255E-16,-1.));
#7522=DIRECTION('ref_axis',(1.,0.,0.));
#7523=DIRECTION('',(0.,0.,1.));
#7524=DIRECTION('center_axis',(0.,6.2139348393199E-16,1.));
#7525=DIRECTION('ref_axis',(1.,0.,0.));
#7526=DIRECTION('',(0.,0.,-1.));
#7527=DIRECTION('center_axis',(0.,0.,-1.));
#7528=DIRECTION('ref_axis',(1.,0.,0.));
#7529=DIRECTION('',(0.,0.,1.));
#7530=DIRECTION('center_axis',(0.,0.,1.));
#7531=DIRECTION('ref_axis',(1.,0.,0.));
#7532=DIRECTION('',(0.,0.,1.));
#7533=DIRECTION('center_axis',(0.,0.,1.));
#7534=DIRECTION('ref_axis',(1.,0.,0.));
#7535=DIRECTION('',(0.,0.,-1.));
#7536=DIRECTION('center_axis',(0.,0.,1.));
#7537=DIRECTION('ref_axis',(1.,0.,0.));
#7538=DIRECTION('',(0.,0.,1.));
#7539=DIRECTION('center_axis',(0.,0.,1.));
#7540=DIRECTION('ref_axis',(1.,0.,0.));
#7541=DIRECTION('',(0.,0.,-1.));
#7542=DIRECTION('center_axis',(0.,0.,1.));
#7543=DIRECTION('ref_axis',(1.,0.,0.));
#7544=DIRECTION('center_axis',(0.,0.,1.));
#7545=DIRECTION('ref_axis',(1.,0.,0.));
#7546=DIRECTION('',(0.,0.,1.));
#7547=DIRECTION('center_axis',(0.,0.,1.));
#7548=DIRECTION('ref_axis',(1.,0.,0.));
#7549=DIRECTION('',(0.,0.,-1.));
#7550=DIRECTION('center_axis',(0.,0.,1.));
#7551=DIRECTION('ref_axis',(1.,0.,0.));
#7552=DIRECTION('center_axis',(0.,0.,-1.));
#7553=DIRECTION('ref_axis',(1.,0.,0.));
#7554=DIRECTION('center_axis',(0.,0.,-1.));
#7555=DIRECTION('ref_axis',(1.,0.,0.));
#7556=DIRECTION('',(0.,0.,1.));
#7557=DIRECTION('center_axis',(0.,0.,1.));
#7558=DIRECTION('ref_axis',(1.,0.,0.));
#7559=DIRECTION('',(0.,-1.,0.));
#7560=DIRECTION('',(-1.,0.,0.));
#7561=DIRECTION('',(0.,1.,0.));
#7562=DIRECTION('',(1.,0.,0.));
#7563=DIRECTION('',(1.,0.,0.));
#7564=DIRECTION('',(0.,-1.,0.));
#7565=DIRECTION('',(-1.,0.,0.));
#7566=DIRECTION('',(0.,1.,0.));
#7567=DIRECTION('center_axis',(0.,-1.,0.));
#7568=DIRECTION('ref_axis',(1.,0.,0.));
#7569=DIRECTION('',(1.,0.,0.));
#7570=DIRECTION('',(0.,0.,1.));
#7571=DIRECTION('',(0.,0.,1.));
#7572=DIRECTION('center_axis',(-1.,0.,0.));
#7573=DIRECTION('ref_axis',(0.,-1.,0.));
#7574=DIRECTION('',(0.,-1.,0.));
#7575=DIRECTION('',(0.,0.,1.));
#7576=DIRECTION('center_axis',(0.,1.,0.));
#7577=DIRECTION('ref_axis',(-1.,0.,0.));
#7578=DIRECTION('',(-1.,0.,0.));
#7579=DIRECTION('',(0.,0.,1.));
#7580=DIRECTION('center_axis',(1.,0.,0.));
#7581=DIRECTION('ref_axis',(0.,1.,0.));
#7582=DIRECTION('',(0.,1.,0.));
#7583=DIRECTION('center_axis',(0.,1.,0.));
#7584=DIRECTION('ref_axis',(1.,0.,0.));
#7585=DIRECTION('',(-1.,0.,0.));
#7586=DIRECTION('',(0.,0.,-1.));
#7587=DIRECTION('',(0.,0.,-1.));
#7588=DIRECTION('center_axis',(1.,0.,0.));
#7589=DIRECTION('ref_axis',(0.,-1.,0.));
#7590=DIRECTION('',(0.,1.,0.));
#7591=DIRECTION('',(0.,0.,-1.));
#7592=DIRECTION('center_axis',(0.,-1.,0.));
#7593=DIRECTION('ref_axis',(-1.,0.,0.));
#7594=DIRECTION('',(1.,0.,0.));
#7595=DIRECTION('',(0.,0.,-1.));
#7596=DIRECTION('center_axis',(-1.,0.,0.));
#7597=DIRECTION('ref_axis',(0.,1.,0.));
#7598=DIRECTION('',(0.,-1.,0.));
#7599=DIRECTION('center_axis',(0.,0.,1.));
#7600=DIRECTION('ref_axis',(1.,0.,0.));
#7601=DIRECTION('',(0.,1.,0.));
#7602=DIRECTION('',(1.,0.,0.));
#7603=DIRECTION('',(-0.707106781186548,0.707106781186548,0.));
#7604=DIRECTION('',(1.,0.,0.));
#7605=DIRECTION('',(-0.686623532963716,-0.727013152549817,0.));
#7606=DIRECTION('',(1.,0.,0.));
#7607=DIRECTION('',(-0.686623532963716,0.727013152549817,0.));
#7608=DIRECTION('',(1.,0.,0.));
#7609=DIRECTION('',(-0.719844295420685,-0.694135570584232,0.));
#7610=DIRECTION('',(1.,0.,0.));
#7611=DIRECTION('',(0.00141618019306886,-0.999998997216328,0.));
#7612=DIRECTION('',(-1.,0.,0.));
#7613=DIRECTION('',(0.707106781186548,-0.707106781186548,0.));
#7614=DIRECTION('',(-1.,0.,0.));
#7615=DIRECTION('',(0.707106781186548,0.707106781186548,0.));
#7616=DIRECTION('',(-1.,0.,0.));
#7617=DIRECTION('',(0.707106781186548,-0.707106781186548,0.));
#7618=DIRECTION('',(-1.,0.,0.));
#7619=DIRECTION('',(0.707106781186548,0.707106781186548,0.));
#7620=DIRECTION('',(-1.,0.,0.));
#7621=DIRECTION('center_axis',(0.,1.,0.));
#7622=DIRECTION('ref_axis',(-1.,0.,0.));
#7623=DIRECTION('',(0.,0.,1.));
#7624=DIRECTION('',(1.,0.,0.));
#7625=DIRECTION('center_axis',(-0.707106781186548,-0.707106781186548,0.));
#7626=DIRECTION('ref_axis',(0.707106781186548,-0.707106781186548,0.));
#7627=DIRECTION('',(0.,0.,-1.));
#7628=DIRECTION('',(-0.707106781186547,0.707106781186547,0.));
#7629=DIRECTION('center_axis',(0.,1.,0.));
#7630=DIRECTION('ref_axis',(-1.,0.,0.));
#7631=DIRECTION('',(0.,0.,-1.));
#7632=DIRECTION('',(1.,0.,0.));
#7633=DIRECTION('center_axis',(0.707106781186548,-0.707106781186548,0.));
#7634=DIRECTION('ref_axis',(0.707106781186548,0.707106781186548,0.));
#7635=DIRECTION('',(0.,0.,-1.));
#7636=DIRECTION('',(-0.707106781186547,-0.707106781186547,0.));
#7637=DIRECTION('center_axis',(0.,1.,0.));
#7638=DIRECTION('ref_axis',(-1.,0.,0.));
#7639=DIRECTION('',(0.,0.,-1.));
#7640=DIRECTION('',(1.,0.,0.));
#7641=DIRECTION('center_axis',(-0.707106781186548,-0.707106781186548,0.));
#7642=DIRECTION('ref_axis',(0.707106781186548,-0.707106781186548,0.));
#7643=DIRECTION('',(0.,0.,-1.));
#7644=DIRECTION('',(-0.707106781186547,0.707106781186547,0.));
#7645=DIRECTION('center_axis',(0.,1.,0.));
#7646=DIRECTION('ref_axis',(-1.,0.,0.));
#7647=DIRECTION('',(0.,0.,-1.));
#7648=DIRECTION('',(1.,0.,0.));
#7649=DIRECTION('center_axis',(0.707106781186548,-0.707106781186548,0.));
#7650=DIRECTION('ref_axis',(0.707106781186548,0.707106781186548,0.));
#7651=DIRECTION('',(0.,0.,-1.));
#7652=DIRECTION('',(-0.707106781186547,-0.707106781186547,0.));
#7653=DIRECTION('center_axis',(0.,1.,0.));
#7654=DIRECTION('ref_axis',(-1.,0.,0.));
#7655=DIRECTION('',(1.,0.,0.));
#7656=DIRECTION('center_axis',(-0.999998997216328,-0.00141618019306886,
0.));
#7657=DIRECTION('ref_axis',(0.00141618019306886,-0.999998997216328,0.));
#7658=DIRECTION('',(0.,0.,-1.));
#7659=DIRECTION('',(-0.00141618019306886,0.999998997216328,0.));
#7660=DIRECTION('',(-0.00141618019306886,0.999998997216328,7.04245242249917E-16));
#7661=DIRECTION('center_axis',(0.999998997216328,0.00141618019306886,0.));
#7662=DIRECTION('ref_axis',(-0.00141618019306886,0.999998997216328,-5.92118352699587E-14));
#7663=DIRECTION('',(0.,0.,1.));
#7664=DIRECTION('center_axis',(0.999998997216328,0.00141618019306886,0.));
#7665=DIRECTION('ref_axis',(-0.00141618019306886,0.999998997216328,-5.36607257134E-14));
#7666=DIRECTION('',(0.00141618019306886,-0.999998997216328,6.2139286080875E-16));
#7667=DIRECTION('center_axis',(0.999998997216328,0.00141618019306886,0.));
#7668=DIRECTION('ref_axis',(0.00141618019306886,-0.999998997216328,5.92118352699586E-14));
#7669=DIRECTION('',(0.,0.,-1.));
#7670=DIRECTION('center_axis',(0.999998997216328,0.00141618019306886,0.));
#7671=DIRECTION('ref_axis',(0.00141618019306886,-0.999998997216328,9.8069602165869E-14));
#7672=DIRECTION('center_axis',(0.,-1.,0.));
#7673=DIRECTION('ref_axis',(1.,0.,0.));
#7674=DIRECTION('',(0.,0.,1.));
#7675=DIRECTION('',(-1.,0.,0.));
#7676=DIRECTION('center_axis',(0.707106781186548,0.707106781186548,0.));
#7677=DIRECTION('ref_axis',(-0.707106781186548,0.707106781186548,0.));
#7678=DIRECTION('',(0.,0.,-1.));
#7679=DIRECTION('',(0.707106781186548,-0.707106781186548,0.));
#7680=DIRECTION('center_axis',(0.,-1.,0.));
#7681=DIRECTION('ref_axis',(1.,0.,0.));
#7682=DIRECTION('',(0.,0.,-1.));
#7683=DIRECTION('',(-1.,0.,0.));
#7684=DIRECTION('center_axis',(-0.727013152549817,0.686623532963716,0.));
#7685=DIRECTION('ref_axis',(-0.686623532963716,-0.727013152549817,0.));
#7686=DIRECTION('',(0.,0.,-1.));
#7687=DIRECTION('',(0.686623532963716,0.727013152549817,0.));
#7688=DIRECTION('center_axis',(0.,-1.,0.));
#7689=DIRECTION('ref_axis',(1.,0.,0.));
#7690=DIRECTION('',(0.,0.,-1.));
#7691=DIRECTION('',(-1.,0.,0.));
#7692=DIRECTION('center_axis',(0.727013152549817,0.686623532963716,0.));
#7693=DIRECTION('ref_axis',(-0.686623532963716,0.727013152549817,0.));
#7694=DIRECTION('',(0.,0.,-1.));
#7695=DIRECTION('',(0.686623532963716,-0.727013152549817,0.));
#7696=DIRECTION('center_axis',(0.,-1.,0.));
#7697=DIRECTION('ref_axis',(1.,0.,0.));
#7698=DIRECTION('',(0.,0.,-1.));
#7699=DIRECTION('',(-1.,0.,0.));
#7700=DIRECTION('center_axis',(-0.694135570584232,0.719844295420685,0.));
#7701=DIRECTION('ref_axis',(-0.719844295420685,-0.694135570584232,0.));
#7702=DIRECTION('',(0.,0.,-1.));
#7703=DIRECTION('',(0.719844295420685,0.694135570584232,0.));
#7704=DIRECTION('center_axis',(0.,-1.,0.));
#7705=DIRECTION('ref_axis',(1.,0.,0.));
#7706=DIRECTION('',(-1.,0.,0.));
#7707=DIRECTION('center_axis',(1.,0.,0.));
#7708=DIRECTION('ref_axis',(0.,1.,0.));
#7709=DIRECTION('',(0.,-1.,0.));
#7710=DIRECTION('center_axis',(0.,0.,-1.));
#7711=DIRECTION('ref_axis',(-1.,0.,0.));
#7712=DIRECTION('center_axis',(0.,0.,-1.));
#7713=DIRECTION('ref_axis',(-1.,0.,0.));
#7714=DIRECTION('center_axis',(0.,0.,-1.));
#7715=DIRECTION('ref_axis',(-1.,0.,0.));
#7716=DIRECTION('center_axis',(0.,0.,-1.));
#7717=DIRECTION('ref_axis',(-1.,0.,0.));
#7718=DIRECTION('center_axis',(1.,0.,0.));
#7719=DIRECTION('ref_axis',(0.,-5.92118946466799E-14,-1.));
#7720=DIRECTION('',(1.,0.,0.));
#7721=DIRECTION('',(1.,0.,0.));
#7722=DIRECTION('center_axis',(0.,1.,0.));
#7723=DIRECTION('ref_axis',(0.,0.,1.));
#7724=DIRECTION('',(1.,0.,0.));
#7725=DIRECTION('center_axis',(1.,0.,0.));
#7726=DIRECTION('ref_axis',(0.,1.,-5.36607795235536E-14));
#7727=DIRECTION('',(1.,0.,0.));
#7728=DIRECTION('center_axis',(0.,7.04245948456255E-16,-1.));
#7729=DIRECTION('ref_axis',(0.,1.,7.04245948456255E-16));
#7730=DIRECTION('',(1.,0.,0.));
#7731=DIRECTION('center_axis',(1.,0.,0.));
#7732=DIRECTION('ref_axis',(0.,-1.,9.80697005085634E-14));
#7733=DIRECTION('',(1.,0.,0.));
#7734=DIRECTION('center_axis',(0.,-1.,0.));
#7735=DIRECTION('ref_axis',(0.,0.,-1.));
#7736=DIRECTION('',(1.,0.,0.));
#7737=DIRECTION('center_axis',(1.,0.,0.));
#7738=DIRECTION('ref_axis',(0.,5.92118946466798E-14,1.));
#7739=DIRECTION('',(1.,0.,0.));
#7740=DIRECTION('center_axis',(0.,6.2139348393199E-16,1.));
#7741=DIRECTION('ref_axis',(0.,-1.,6.2139348393199E-16));
#7742=DIRECTION('center_axis',(-0.342020143325669,0.939692620785908,2.0942693688385E-17));
#7743=DIRECTION('ref_axis',(0.939692620785908,0.342020143325669,-3.69276194597515E-18));
#7744=DIRECTION('center_axis',(-0.342020143325669,0.939692620785908,2.0942693688385E-17));
#7745=DIRECTION('ref_axis',(0.939692620785908,0.342020143325669,-3.69276194597515E-18));
#7746=DIRECTION('center_axis',(0.342020143325669,-0.939692620785908,-2.0942693688385E-17));
#7747=DIRECTION('ref_axis',(0.939692620785908,0.342020143325669,-3.69276194597515E-18));
#7748=DIRECTION('center_axis',(-0.939692620785908,-0.342020143325669,0.));
#7749=DIRECTION('ref_axis',(0.,0.,-1.));
#7750=DIRECTION('center_axis',(0.342020143325669,-0.939692620785908,-2.0942693688385E-17));
#7751=DIRECTION('ref_axis',(0.939692620785908,0.342020143325669,-3.69276194597515E-18));
#7752=DIRECTION('center_axis',(-0.342020143325669,0.939692620785908,2.0942693688385E-17));
#7753=DIRECTION('ref_axis',(0.939692620785908,0.342020143325669,-3.69276194597515E-18));
#7754=DIRECTION('',(0.342020143325669,-0.939692620785908,-2.09426936883849E-17));
#7755=DIRECTION('center_axis',(-0.342020143325669,0.939692620785908,2.0942693688385E-17));
#7756=DIRECTION('ref_axis',(0.939692620785908,0.342020143325669,-3.69276194597515E-18));
#7757=DIRECTION('center_axis',(-0.342020143325669,0.939692620785908,2.0942693688385E-17));
#7758=DIRECTION('ref_axis',(0.939692620785908,0.342020143325669,-3.69276194597515E-18));
#7759=DIRECTION('center_axis',(0.342020143325669,-0.939692620785908,-2.0942693688385E-17));
#7760=DIRECTION('ref_axis',(0.939692620785908,0.342020143325669,-3.69276194597515E-18));
#7761=DIRECTION('center_axis',(-0.939692620785908,-0.342020143325669,0.));
#7762=DIRECTION('ref_axis',(0.,0.,-1.));
#7763=DIRECTION('center_axis',(0.342020143325669,-0.939692620785908,-2.0942693688385E-17));
#7764=DIRECTION('ref_axis',(0.939692620785908,0.342020143325669,-3.69276194597515E-18));
#7765=DIRECTION('center_axis',(-0.342020143325669,0.939692620785908,2.0942693688385E-17));
#7766=DIRECTION('ref_axis',(0.939692620785908,0.342020143325669,-3.69276194597515E-18));
#7767=DIRECTION('',(0.342020143325669,-0.939692620785908,-2.09426936883849E-17));
#7768=DIRECTION('center_axis',(0.342020143325669,0.939692620785908,2.0942693688385E-17));
#7769=DIRECTION('ref_axis',(0.939692620785909,-0.342020143325669,-3.69276194597515E-18));
#7770=DIRECTION('center_axis',(0.342020143325669,0.939692620785908,2.0942693688385E-17));
#7771=DIRECTION('ref_axis',(0.939692620785909,-0.342020143325669,-3.69276194597515E-18));
#7772=DIRECTION('center_axis',(-0.342020143325669,-0.939692620785908,-2.0942693688385E-17));
#7773=DIRECTION('ref_axis',(0.939692620785909,-0.342020143325669,-3.69276194597515E-18));
#7774=DIRECTION('center_axis',(-0.939692620785908,0.342020143325669,0.));
#7775=DIRECTION('ref_axis',(0.,0.,-1.));
#7776=DIRECTION('center_axis',(-0.342020143325669,-0.939692620785908,-2.0942693688385E-17));
#7777=DIRECTION('ref_axis',(0.939692620785909,-0.342020143325669,-3.69276194597515E-18));
#7778=DIRECTION('center_axis',(0.342020143325669,0.939692620785908,2.0942693688385E-17));
#7779=DIRECTION('ref_axis',(0.939692620785909,-0.342020143325669,-3.69276194597515E-18));
#7780=DIRECTION('',(-0.342020143325669,-0.939692620785909,-2.0942693688385E-17));
#7781=DIRECTION('center_axis',(0.342020143325669,0.939692620785908,2.0942693688385E-17));
#7782=DIRECTION('ref_axis',(0.939692620785909,-0.342020143325669,-3.69276194597515E-18));
#7783=DIRECTION('center_axis',(0.342020143325669,0.939692620785908,2.0942693688385E-17));
#7784=DIRECTION('ref_axis',(0.939692620785909,-0.342020143325669,-3.69276194597515E-18));
#7785=DIRECTION('center_axis',(-0.342020143325669,-0.939692620785908,-2.0942693688385E-17));
#7786=DIRECTION('ref_axis',(0.939692620785909,-0.342020143325669,-3.69276194597515E-18));
#7787=DIRECTION('center_axis',(-0.939692620785908,0.342020143325669,0.));
#7788=DIRECTION('ref_axis',(0.,0.,-1.));
#7789=DIRECTION('center_axis',(-0.342020143325669,-0.939692620785908,-2.0942693688385E-17));
#7790=DIRECTION('ref_axis',(0.939692620785909,-0.342020143325669,-3.69276194597515E-18));
#7791=DIRECTION('center_axis',(0.342020143325669,0.939692620785908,2.0942693688385E-17));
#7792=DIRECTION('ref_axis',(0.939692620785909,-0.342020143325669,-3.69276194597515E-18));
#7793=DIRECTION('',(-0.342020143325669,-0.939692620785909,-2.0942693688385E-17));
#7794=DIRECTION('',(0.,0.,1.));
#7795=DIRECTION('',(0.,0.,1.));
#7796=DIRECTION('',(0.,0.,1.));
#7797=DIRECTION('',(0.,0.,1.));
#7798=DIRECTION('',(0.,0.,1.));
#7799=DIRECTION('',(0.,0.,1.));
#7800=DIRECTION('',(0.,0.,1.));
#7801=DIRECTION('center_axis',(0.,0.,-1.));
#7802=DIRECTION('ref_axis',(-1.,0.,0.));
#7803=DIRECTION('center_axis',(0.,0.,-1.));
#7804=DIRECTION('ref_axis',(-1.,0.,0.));
#7805=DIRECTION('center_axis',(0.,0.,-1.));
#7806=DIRECTION('ref_axis',(-1.,0.,0.));
#7807=DIRECTION('center_axis',(0.,0.,-1.));
#7808=DIRECTION('ref_axis',(-1.,0.,0.));
#7809=DIRECTION('center_axis',(0.,0.,-1.));
#7810=DIRECTION('ref_axis',(-1.,0.,0.));
#7811=DIRECTION('center_axis',(0.,0.,-1.));
#7812=DIRECTION('ref_axis',(-1.,0.,0.));
#7813=DIRECTION('',(-1.,0.,0.));
#7814=DIRECTION('',(0.707106781186548,0.707106781186548,-8.65956056235493E-17));
#7815=DIRECTION('',(-1.,0.,0.));
#7816=DIRECTION('',(-0.707106781186548,0.707106781186548,-8.65956056235493E-17));
#7817=DIRECTION('',(-1.,0.,0.));
#7818=DIRECTION('',(0.707106781186548,0.707106781186548,-8.65956056235493E-17));
#7819=DIRECTION('',(-1.,0.,0.));
#7820=DIRECTION('',(0.,1.,0.));
#7821=DIRECTION('',(0.,1.,0.));
#7822=DIRECTION('',(1.,0.,0.));
#7823=DIRECTION('',(-0.707106781186548,0.707106781186548,0.));
#7824=DIRECTION('',(1.,0.,0.));
#7825=DIRECTION('',(-0.707106781186548,-0.707106781186548,0.));
#7826=DIRECTION('',(1.,0.,0.));
#7827=DIRECTION('',(-0.707106781186548,0.707106781186548,0.));
#7828=DIRECTION('',(1.,0.,0.));
#7829=DIRECTION('',(-0.707106781186548,-0.707106781186548,0.));
#7830=DIRECTION('',(1.,0.,0.));
#7831=DIRECTION('',(0.,-1.,0.));
#7832=DIRECTION('',(0.,-1.,0.));
#7833=DIRECTION('',(0.,-1.,0.));
#7834=DIRECTION('',(-1.,0.,0.));
#7835=DIRECTION('',(-0.707106781186548,0.707106781186548,-8.65956056235493E-17));
#7836=DIRECTION('center_axis',(0.,0.,-1.));
#7837=DIRECTION('ref_axis',(-1.,0.,0.));
#7838=DIRECTION('',(0.,0.,1.));
#7839=DIRECTION('center_axis',(0.,0.,-1.));
#7840=DIRECTION('ref_axis',(-1.,0.,0.));
#7841=DIRECTION('center_axis',(0.,0.,1.));
#7842=DIRECTION('ref_axis',(1.,0.,0.));
#7843=DIRECTION('',(0.707106781186548,0.707106781186548,0.));
#7844=DIRECTION('',(-1.,0.,0.));
#7845=DIRECTION('',(0.707106781186548,-0.707106781186548,0.));
#7846=DIRECTION('',(1.,0.,0.));
#7847=DIRECTION('center_axis',(0.,1.,0.));
#7848=DIRECTION('ref_axis',(1.,0.,0.));
#7849=DIRECTION('',(0.,0.,1.));
#7850=DIRECTION('',(0.,0.,-1.));
#7851=DIRECTION('center_axis',(-0.707106781186548,-0.707106781186548,0.));
#7852=DIRECTION('ref_axis',(-0.707106781186548,0.707106781186548,0.));
#7853=DIRECTION('',(0.,0.,-1.));
#7854=DIRECTION('',(0.,0.,-1.));
#7855=DIRECTION('center_axis',(0.,-1.,0.));
#7856=DIRECTION('ref_axis',(-1.,0.,0.));
#7857=DIRECTION('',(-1.,0.,0.));
#7858=DIRECTION('',(0.,0.,-1.));
#7859=DIRECTION('center_axis',(0.707106781186548,-0.707106781186548,0.));
#7860=DIRECTION('ref_axis',(-0.707106781186548,-0.707106781186548,0.));
#7861=DIRECTION('',(0.,0.,1.));
#7862=DIRECTION('center_axis',(0.,1.,0.));
#7863=DIRECTION('ref_axis',(1.,0.,0.));
#7864=DIRECTION('',(0.,0.,-1.));
#7865=DIRECTION('',(-1.,0.,0.));
#7866=DIRECTION('center_axis',(0.,1.,0.));
#7867=DIRECTION('ref_axis',(1.,0.,0.));
#7868=DIRECTION('',(-1.,0.,0.));
#7869=DIRECTION('',(0.,0.,-1.));
#7870=DIRECTION('center_axis',(0.,1.,-1.22464679914735E-16));
#7871=DIRECTION('ref_axis',(-1.,0.,0.));
#7872=DIRECTION('',(1.,0.,0.));
#7873=DIRECTION('',(0.,1.22464679914735E-16,1.));
#7874=DIRECTION('',(-1.,0.,0.));
#7875=DIRECTION('',(0.,1.22464679914735E-16,1.));
#7876=DIRECTION('center_axis',(0.,0.,1.));
#7877=DIRECTION('ref_axis',(1.,0.,0.));
#7878=DIRECTION('',(-0.707106781186548,0.707106781186548,-8.65956056235493E-17));
#7879=DIRECTION('',(-0.707106781186548,-0.707106781186548,8.65956056235493E-17));
#7880=DIRECTION('',(1.,0.,0.));
#7881=DIRECTION('center_axis',(0.,-1.,1.22464679914735E-16));
#7882=DIRECTION('ref_axis',(1.,0.,0.));
#7883=DIRECTION('',(0.,1.22464679914735E-16,1.));
#7884=DIRECTION('',(0.,1.22464679914735E-16,1.));
#7885=DIRECTION('center_axis',(-0.707106781186548,0.707106781186548,-8.65956056235493E-17));
#7886=DIRECTION('ref_axis',(-0.707106781186548,-0.707106781186548,8.65956056235493E-17));
#7887=DIRECTION('',(-1.22464679914735E-16,0.,1.));
#7888=DIRECTION('center_axis',(0.707106781186548,0.707106781186548,-8.65956056235493E-17));
#7889=DIRECTION('ref_axis',(-0.707106781186548,0.707106781186548,-8.65956056235493E-17));
#7890=DIRECTION('',(-1.22464679914735E-16,0.,-1.));
#7891=DIRECTION('center_axis',(0.,-1.,0.));
#7892=DIRECTION('ref_axis',(-1.,0.,0.));
#7893=DIRECTION('',(1.,0.,0.));
#7894=DIRECTION('',(0.,0.,-1.));
#7895=DIRECTION('center_axis',(0.,-1.,0.));
#7896=DIRECTION('ref_axis',(-1.,0.,0.));
#7897=DIRECTION('',(0.,1.22464679914735E-16,1.));
#7898=DIRECTION('',(1.,0.,0.));
#7899=DIRECTION('center_axis',(0.,-1.,0.));
#7900=DIRECTION('ref_axis',(-1.,0.,0.));
#7901=DIRECTION('',(0.,1.22464679914735E-16,1.));
#7902=DIRECTION('',(0.,0.,-1.));
#7903=DIRECTION('',(1.,0.,0.));
#7904=DIRECTION('center_axis',(1.,0.,0.));
#7905=DIRECTION('ref_axis',(0.,-1.,0.));
#7906=DIRECTION('',(0.,-1.,0.));
#7907=DIRECTION('',(0.,1.,0.));
#7908=DIRECTION('',(0.,-1.,0.));
#7909=DIRECTION('center_axis',(0.,1.,0.));
#7910=DIRECTION('ref_axis',(1.,0.,0.));
#7911=DIRECTION('',(0.,0.,-1.));
#7912=DIRECTION('',(0.,0.,-1.));
#7913=DIRECTION('',(-1.,0.,0.));
#7914=DIRECTION('center_axis',(-1.,0.,0.));
#7915=DIRECTION('ref_axis',(0.,1.,0.));
#7916=DIRECTION('',(0.,-1.,0.));
#7917=DIRECTION('',(0.,-1.,0.));
#7918=DIRECTION('center_axis',(0.,0.,-1.));
#7919=DIRECTION('ref_axis',(-1.,0.,0.));
#7920=DIRECTION('',(-1.,0.,0.));
#7921=DIRECTION('',(1.,0.,0.));
#7922=DIRECTION('center_axis',(0.,-1.,0.));
#7923=DIRECTION('ref_axis',(-1.,0.,0.));
#7924=DIRECTION('',(0.,0.,-1.));
#7925=DIRECTION('',(1.,0.,0.));
#7926=DIRECTION('',(0.,0.,-1.));
#7927=DIRECTION('center_axis',(0.,0.,1.));
#7928=DIRECTION('ref_axis',(1.,0.,0.));
#7929=DIRECTION('',(0.707106781186548,0.707106781186548,0.));
#7930=DIRECTION('',(-1.,0.,0.));
#7931=DIRECTION('',(0.707106781186548,-0.707106781186548,0.));
#7932=DIRECTION('center_axis',(0.,1.,0.));
#7933=DIRECTION('ref_axis',(1.,0.,0.));
#7934=DIRECTION('',(0.,0.,1.));
#7935=DIRECTION('',(0.,0.,-1.));
#7936=DIRECTION('center_axis',(-0.707106781186548,-0.707106781186548,0.));
#7937=DIRECTION('ref_axis',(-0.707106781186548,0.707106781186548,0.));
#7938=DIRECTION('center_axis',(0.707106781186548,-0.707106781186548,0.));
#7939=DIRECTION('ref_axis',(-0.707106781186548,-0.707106781186548,0.));
#7940=DIRECTION('center_axis',(0.,0.,1.));
#7941=DIRECTION('ref_axis',(1.,0.,0.));
#7942=DIRECTION('',(-0.707106781186548,0.707106781186548,-8.65956056235493E-17));
#7943=DIRECTION('',(-1.,0.,0.));
#7944=DIRECTION('',(-0.707106781186548,-0.707106781186548,8.65956056235493E-17));
#7945=DIRECTION('',(1.,0.,0.));
#7946=DIRECTION('center_axis',(0.,-1.,1.22464679914735E-16));
#7947=DIRECTION('ref_axis',(1.,0.,0.));
#7948=DIRECTION('',(0.,1.22464679914735E-16,1.));
#7949=DIRECTION('',(0.,1.22464679914735E-16,1.));
#7950=DIRECTION('center_axis',(-0.707106781186548,0.707106781186548,-8.65956056235493E-17));
#7951=DIRECTION('ref_axis',(-0.707106781186548,-0.707106781186548,8.65956056235493E-17));
#7952=DIRECTION('',(0.,1.22464679914735E-16,1.));
#7953=DIRECTION('center_axis',(0.,1.,-1.22464679914735E-16));
#7954=DIRECTION('ref_axis',(-1.,0.,0.));
#7955=DIRECTION('',(0.,1.22464679914735E-16,1.));
#7956=DIRECTION('center_axis',(0.707106781186548,0.707106781186548,-8.65956056235493E-17));
#7957=DIRECTION('ref_axis',(-0.707106781186548,0.707106781186548,-8.65956056235493E-17));
#7958=DIRECTION('center_axis',(0.573576436351042,-0.819152044288994,1.13680182529801E-17));
#7959=DIRECTION('ref_axis',(-7.70371977754895E-34,-1.38777878078145E-17,
-1.));
#7960=DIRECTION('center_axis',(0.573576436351046,-0.819152044288992,1.13680182529801E-17));
#7961=DIRECTION('ref_axis',(-7.70371977754895E-34,-1.38777878078145E-17,
-1.));
#7962=DIRECTION('',(-0.573576436351042,0.819152044288994,-1.13680182529801E-17));
#7963=DIRECTION('center_axis',(-0.573576436351046,0.819152044288992,7.08650522173462E-34));
#7964=DIRECTION('ref_axis',(-7.70371977754895E-34,-1.38777878078145E-17,
-1.));
#7965=DIRECTION('center_axis',(0.573576436351042,-0.819152044288994,1.13680182529801E-17));
#7966=DIRECTION('ref_axis',(-7.70371977754895E-34,-1.38777878078145E-17,
-1.));
#7967=DIRECTION('center_axis',(0.573576436351046,-0.819152044288992,1.13680182529801E-17));
#7968=DIRECTION('ref_axis',(-7.70371977754895E-34,-1.38777878078145E-17,
-1.));
#7969=DIRECTION('',(-0.573576436351042,0.819152044288994,-1.13680182529801E-17));
#7970=DIRECTION('center_axis',(0.573576436351046,-0.819152044288992,1.13680182529801E-17));
#7971=DIRECTION('ref_axis',(-7.70371977754895E-34,-1.38777878078145E-17,
-1.));
#7972=DIRECTION('center_axis',(0.573576436351046,-0.819152044288992,1.13680182529801E-17));
#7973=DIRECTION('ref_axis',(-7.70371977754895E-34,-1.38777878078145E-17,
-1.));
#7974=DIRECTION('center_axis',(0.573576436351046,-0.819152044288992,1.13680182529801E-17));
#7975=DIRECTION('ref_axis',(-7.70371977754895E-34,-1.38777878078145E-17,
-1.));
#7976=DIRECTION('center_axis',(0.573576436351042,-0.819152044288994,1.13680182529801E-17));
#7977=DIRECTION('ref_axis',(-7.70371977754895E-34,-1.38777878078145E-17,
-1.));
#7978=DIRECTION('center_axis',(0.573576436351046,-0.819152044288992,1.13680182529801E-17));
#7979=DIRECTION('ref_axis',(-7.70371977754895E-34,-1.38777878078145E-17,
-1.));
#7980=DIRECTION('',(-0.573576436351042,0.819152044288994,-1.13680182529801E-17));
#7981=DIRECTION('center_axis',(-0.573576436351046,0.819152044288992,7.08650522173462E-34));
#7982=DIRECTION('ref_axis',(-7.70371977754895E-34,-1.38777878078145E-17,
-1.));
#7983=DIRECTION('center_axis',(0.573576436351042,-0.819152044288994,1.13680182529801E-17));
#7984=DIRECTION('ref_axis',(-7.70371977754895E-34,-1.38777878078145E-17,
-1.));
#7985=DIRECTION('center_axis',(0.573576436351046,-0.819152044288992,1.13680182529801E-17));
#7986=DIRECTION('ref_axis',(-7.70371977754895E-34,-1.38777878078145E-17,
-1.));
#7987=DIRECTION('',(-0.573576436351042,0.819152044288994,-1.13680182529801E-17));
#7988=DIRECTION('center_axis',(0.573576436351046,-0.819152044288992,1.13680182529801E-17));
#7989=DIRECTION('ref_axis',(-7.70371977754895E-34,-1.38777878078145E-17,
-1.));
#7990=DIRECTION('center_axis',(0.573576436351046,-0.819152044288992,1.13680182529801E-17));
#7991=DIRECTION('ref_axis',(-7.70371977754895E-34,-1.38777878078145E-17,
-1.));
#7992=DIRECTION('center_axis',(0.573576436351046,-0.819152044288992,1.13680182529801E-17));
#7993=DIRECTION('ref_axis',(-7.70371977754895E-34,-1.38777878078145E-17,
-1.));
#7994=DIRECTION('center_axis',(0.573576436351046,-0.819152044288992,-7.08650522173462E-34));
#7995=DIRECTION('ref_axis',(0.819152044288992,0.573576436351046,-9.19491903977507E-33));
#7996=DIRECTION('center_axis',(-0.573576436351046,0.819152044288992,7.08650522173462E-34));
#7997=DIRECTION('ref_axis',(0.819152044288992,0.573576436351046,-9.19491903977507E-33));
#7998=DIRECTION('center_axis',(-0.573576436351046,0.819152044288992,7.08650522173462E-34));
#7999=DIRECTION('ref_axis',(0.819152044288992,0.573576436351046,-9.19491903977507E-33));
#8000=DIRECTION('center_axis',(-0.573576436351046,0.819152044288992,7.08650522173462E-34));
#8001=DIRECTION('ref_axis',(0.819152044288992,0.573576436351046,-9.19491903977507E-33));
#8002=DIRECTION('',(0.573576436351046,-0.819152044288992,-7.08650522173462E-34));
#8003=DIRECTION('center_axis',(-0.573576436351046,0.819152044288992,7.08650522173462E-34));
#8004=DIRECTION('ref_axis',(0.819152044288992,0.573576436351046,-9.19491903977507E-33));
#8005=DIRECTION('center_axis',(-0.573576436351046,0.819152044288992,-5.9211894646675E-17));
#8006=DIRECTION('ref_axis',(0.,0.,-1.));
#8007=DIRECTION('center_axis',(-0.573576436351046,0.819152044288992,7.08650522173462E-34));
#8008=DIRECTION('ref_axis',(7.93850196963008E-33,4.69349637144571E-33,1.));
#8009=DIRECTION('center_axis',(-0.819152044288992,-0.573576436351046,0.));
#8010=DIRECTION('ref_axis',(0.,0.,1.));
#8011=DIRECTION('center_axis',(-0.573576436351046,0.819152044288992,7.08650522173462E-34));
#8012=DIRECTION('ref_axis',(0.819152044288992,0.573576436351046,-9.19491903977507E-33));
#8013=DIRECTION('center_axis',(-0.573576436351046,0.819152044288992,7.08650522173462E-34));
#8014=DIRECTION('ref_axis',(0.819152044288992,0.573576436351046,-9.19491903977507E-33));
#8015=DIRECTION('center_axis',(-0.573576436351046,0.819152044288992,-6.34413156928661E-17));
#8016=DIRECTION('ref_axis',(0.,0.,-1.));
#8017=DIRECTION('center_axis',(0.819152044288992,0.573576436351046,0.));
#8018=DIRECTION('ref_axis',(0.,0.,1.));
#8019=DIRECTION('center_axis',(-0.573576436351051,-0.819152044288989,1.13680182529801E-17));
#8020=DIRECTION('ref_axis',(-1.30408547958359E-17,-4.74648297507191E-18,
-1.));
#8021=DIRECTION('center_axis',(-0.573576436351047,-0.819152044288991,1.13680182529801E-17));
#8022=DIRECTION('ref_axis',(-1.30408547958359E-17,-4.74648297507191E-18,
-1.));
#8023=DIRECTION('',(0.57357643635105,0.819152044288989,-1.13680182529801E-17));
#8024=DIRECTION('center_axis',(0.573576436351047,0.819152044288991,2.12595156652039E-33));
#8025=DIRECTION('ref_axis',(-1.30408547958359E-17,-4.74648297507191E-18,
-1.));
#8026=DIRECTION('center_axis',(-0.573576436351051,-0.819152044288989,1.13680182529801E-17));
#8027=DIRECTION('ref_axis',(-1.30408547958359E-17,-4.74648297507191E-18,
-1.));
#8028=DIRECTION('center_axis',(-0.573576436351047,-0.819152044288991,1.13680182529801E-17));
#8029=DIRECTION('ref_axis',(-1.30408547958359E-17,-4.74648297507191E-18,
-1.));
#8030=DIRECTION('',(0.57357643635105,0.819152044288989,-1.13680182529801E-17));
#8031=DIRECTION('center_axis',(-0.573576436351047,-0.819152044288991,1.13680182529801E-17));
#8032=DIRECTION('ref_axis',(-1.30408547958359E-17,-4.74648297507191E-18,
-1.));
#8033=DIRECTION('center_axis',(-0.573576436351047,-0.819152044288991,1.13680182529801E-17));
#8034=DIRECTION('ref_axis',(-1.30408547958359E-17,-4.74648297507191E-18,
-1.));
#8035=DIRECTION('center_axis',(-0.573576436351047,-0.819152044288991,1.13680182529801E-17));
#8036=DIRECTION('ref_axis',(-1.30408547958359E-17,-4.74648297507191E-18,
-1.));
#8037=DIRECTION('center_axis',(-0.573576436351051,-0.819152044288989,1.13680182529801E-17));
#8038=DIRECTION('ref_axis',(-1.30408547958359E-17,-4.74648297507191E-18,
-1.));
#8039=DIRECTION('center_axis',(-0.573576436351047,-0.819152044288991,1.13680182529801E-17));
#8040=DIRECTION('ref_axis',(-1.30408547958359E-17,-4.74648297507191E-18,
-1.));
#8041=DIRECTION('',(0.57357643635105,0.819152044288989,-1.13680182529801E-17));
#8042=DIRECTION('center_axis',(0.573576436351047,0.819152044288991,2.12595156652039E-33));
#8043=DIRECTION('ref_axis',(-1.30408547958359E-17,-4.74648297507191E-18,
-1.));
#8044=DIRECTION('center_axis',(-0.573576436351051,-0.819152044288989,1.13680182529801E-17));
#8045=DIRECTION('ref_axis',(-1.30408547958359E-17,-4.74648297507191E-18,
-1.));
#8046=DIRECTION('center_axis',(-0.573576436351047,-0.819152044288991,1.13680182529801E-17));
#8047=DIRECTION('ref_axis',(-1.30408547958359E-17,-4.74648297507191E-18,
-1.));
#8048=DIRECTION('',(0.57357643635105,0.819152044288989,-1.13680182529801E-17));
#8049=DIRECTION('center_axis',(-0.573576436351047,-0.819152044288991,1.13680182529801E-17));
#8050=DIRECTION('ref_axis',(-1.30408547958359E-17,-4.74648297507191E-18,
-1.));
#8051=DIRECTION('center_axis',(-0.573576436351047,-0.819152044288991,1.13680182529801E-17));
#8052=DIRECTION('ref_axis',(-1.30408547958359E-17,-4.74648297507191E-18,
-1.));
#8053=DIRECTION('center_axis',(-0.573576436351047,-0.819152044288991,1.13680182529801E-17));
#8054=DIRECTION('ref_axis',(-1.30408547958359E-17,-4.74648297507191E-18,
-1.));
#8055=DIRECTION('center_axis',(-0.573576436351047,-0.819152044288991,-2.12595156652039E-33));
#8056=DIRECTION('ref_axis',(0.819152044288991,-0.573576436351047,-9.19491903977507E-33));
#8057=DIRECTION('center_axis',(0.573576436351047,0.819152044288991,2.12595156652039E-33));
#8058=DIRECTION('ref_axis',(0.819152044288992,-0.573576436351046,-9.19491903977507E-33));
#8059=DIRECTION('center_axis',(0.573576436351047,0.819152044288991,2.12595156652039E-33));
#8060=DIRECTION('ref_axis',(0.819152044288992,-0.573576436351046,-9.19491903977507E-33));
#8061=DIRECTION('center_axis',(0.573576436351047,0.819152044288991,2.12595156652039E-33));
#8062=DIRECTION('ref_axis',(0.819152044288992,-0.573576436351046,-9.19491903977507E-33));
#8063=DIRECTION('',(-0.573576436351047,-0.819152044288991,-2.12595156652039E-33));
#8064=DIRECTION('center_axis',(0.573576436351047,0.819152044288991,2.12595156652039E-33));
#8065=DIRECTION('ref_axis',(0.819152044288992,-0.573576436351046,-9.19491903977507E-33));
#8066=DIRECTION('center_axis',(0.573576436351046,0.819152044288992,-5.9211894646675E-17));
#8067=DIRECTION('ref_axis',(0.,0.,-1.));
#8068=DIRECTION('center_axis',(0.573576436351047,0.819152044288991,2.12595156652039E-33));
#8069=DIRECTION('ref_axis',(6.31264100512382E-33,-7.01546646714513E-33,
1.));
#8070=DIRECTION('center_axis',(-0.819152044288991,0.573576436351046,0.));
#8071=DIRECTION('ref_axis',(0.,0.,1.));
#8072=DIRECTION('center_axis',(0.573576436351047,0.819152044288991,2.12595156652039E-33));
#8073=DIRECTION('ref_axis',(0.819152044288991,-0.573576436351047,-9.19491903977507E-33));
#8074=DIRECTION('center_axis',(0.573576436351047,0.819152044288991,2.12595156652039E-33));
#8075=DIRECTION('ref_axis',(0.819152044288992,-0.573576436351046,-9.19491903977507E-33));
#8076=DIRECTION('center_axis',(0.573576436351046,0.819152044288992,-6.34413156928661E-17));
#8077=DIRECTION('ref_axis',(0.,0.,-1.));
#8078=DIRECTION('center_axis',(0.819152044288991,-0.573576436351047,0.));
#8079=DIRECTION('ref_axis',(0.,0.,1.));
#8080=CARTESIAN_POINT('',(0.,0.,0.));
#8081=CARTESIAN_POINT('Origin',(204.000002980232,-138.000001490116,-4.));
#8082=CARTESIAN_POINT('',(219.00000320375,-138.000001490116,-4.));
#8083=CARTESIAN_POINT('',(204.000002980232,-138.000001490116,-4.));
#8084=CARTESIAN_POINT('',(219.00000320375,-138.000001490116,-4.));
#8085=CARTESIAN_POINT('',(219.00000320375,-138.000001490116,-0.999999999999994));
#8086=CARTESIAN_POINT('',(219.00000320375,-138.000001490116,-4.));
#8087=CARTESIAN_POINT('',(204.000002980232,-138.000001490116,-0.999999999999994));
#8088=CARTESIAN_POINT('',(219.00000320375,-138.000001490116,-0.999999999999994));
#8089=CARTESIAN_POINT('',(204.000002980232,-138.000001490116,-4.));
#8090=CARTESIAN_POINT('Origin',(209.000003054738,-133.00000141561,-4.));
#8091=CARTESIAN_POINT('',(209.000003054738,-133.00000141561,-4.));
#8092=CARTESIAN_POINT('',(204.000002980232,-138.000001490116,-4.));
#8093=CARTESIAN_POINT('',(209.000003054738,-133.00000141561,-0.999999999999994));
#8094=CARTESIAN_POINT('',(204.000002980232,-138.000001490116,-0.999999999999994));
#8095=CARTESIAN_POINT('',(209.000002533197,-133.000001937151,-3.74999996647238));
#8096=CARTESIAN_POINT('Origin',(219.00000320375,-138.000001490116,-4.));
#8097=CARTESIAN_POINT('',(214.000003129244,-133.00000141561,-4.));
#8098=CARTESIAN_POINT('',(219.00000320375,-138.000001490116,-4.));
#8099=CARTESIAN_POINT('',(214.000003129244,-133.00000141561,-0.999999999999994));
#8100=CARTESIAN_POINT('',(214.000003650784,-133.000001937151,-3.74999996647239));
#8101=CARTESIAN_POINT('',(219.00000320375,-138.000001490116,-0.999999999999994));
#8102=CARTESIAN_POINT('Origin',(211.500003091991,-135.500001452863,-0.999999999999994));
#8103=CARTESIAN_POINT('',(203.875001580454,-133.000001937151,-0.999999999999994));
#8104=CARTESIAN_POINT('Origin',(211.500003091991,-135.500001452863,-4.));
#8105=CARTESIAN_POINT('',(203.875001580454,-133.000001937151,-4.));
#8106=CARTESIAN_POINT('Origin',(173.500002980232,-69.3000013411045,-0.999999999999999));
#8107=CARTESIAN_POINT('',(188.50000320375,-69.3000013411045,-0.999999999999999));
#8108=CARTESIAN_POINT('',(173.500002980232,-69.3000013411045,-0.999999999999999));
#8109=CARTESIAN_POINT('',(188.50000320375,-69.3000013411045,-0.999999999999999));
#8110=CARTESIAN_POINT('',(188.50000320375,-69.3000013411045,-4.));
#8111=CARTESIAN_POINT('',(188.50000320375,-69.3000013411045,-0.999999999999999));
#8112=CARTESIAN_POINT('',(173.500002980232,-69.3000013411045,-4.));
#8113=CARTESIAN_POINT('',(188.50000320375,-69.3000013411045,-4.));
#8114=CARTESIAN_POINT('',(173.500002980232,-69.3000013411045,-0.999999999999999));
#8115=CARTESIAN_POINT('Origin',(178.500003054738,-74.3000014156103,-0.999999999999999));
#8116=CARTESIAN_POINT('',(178.500003054738,-74.3000014156103,-0.999999999999999));
#8117=CARTESIAN_POINT('',(173.500002980232,-69.3000013411045,-0.999999999999999));
#8118=CARTESIAN_POINT('',(178.500003054738,-74.3000014156103,-4.));
#8119=CARTESIAN_POINT('',(173.500002980232,-69.3000013411045,-4.));
#8120=CARTESIAN_POINT('',(178.500003576279,-74.3000019371509,-2.24999996647239));
#8121=CARTESIAN_POINT('Origin',(188.50000320375,-69.3000013411045,-0.999999999999999));
#8122=CARTESIAN_POINT('',(183.500003129244,-74.3000014156103,-0.999999999999999));
#8123=CARTESIAN_POINT('',(188.50000320375,-69.3000013411045,-0.999999999999999));
#8124=CARTESIAN_POINT('',(183.500003129244,-74.3000014156103,-4.));
#8125=CARTESIAN_POINT('',(183.500002607703,-74.3000019371509,-2.24999996647239));
#8126=CARTESIAN_POINT('',(188.50000320375,-69.3000013411045,-4.));
#8127=CARTESIAN_POINT('Origin',(181.000003091991,-71.8000013783574,-4.));
#8128=CARTESIAN_POINT('',(188.625001580454,-74.3000019371509,-4.));
#8129=CARTESIAN_POINT('Origin',(181.000003091991,-71.8000013783574,-0.999999999999999));
#8130=CARTESIAN_POINT('',(188.625001580454,-74.3000019371509,-0.999999999999999));
#8131=CARTESIAN_POINT('Origin',(173.500002980232,-138.000001490116,-4.));
#8132=CARTESIAN_POINT('',(188.50000320375,-138.000001490116,-4.));
#8133=CARTESIAN_POINT('',(173.500002980232,-138.000001490116,-4.));
#8134=CARTESIAN_POINT('',(188.50000320375,-138.000001490116,-4.));
#8135=CARTESIAN_POINT('',(188.50000320375,-138.000001490116,-0.999999999999994));
#8136=CARTESIAN_POINT('',(188.50000320375,-138.000001490116,-4.));
#8137=CARTESIAN_POINT('',(173.500002980232,-138.000001490116,-0.999999999999994));
#8138=CARTESIAN_POINT('',(188.50000320375,-138.000001490116,-0.999999999999994));
#8139=CARTESIAN_POINT('',(173.500002980232,-138.000001490116,-4.));
#8140=CARTESIAN_POINT('Origin',(178.500003054738,-133.00000141561,-4.));
#8141=CARTESIAN_POINT('',(178.500003054738,-133.00000141561,-4.));
#8142=CARTESIAN_POINT('',(173.500002980232,-138.000001490116,-4.));
#8143=CARTESIAN_POINT('',(178.500003054738,-133.00000141561,-0.999999999999994));
#8144=CARTESIAN_POINT('',(173.500002980232,-138.000001490116,-0.999999999999994));
#8145=CARTESIAN_POINT('',(178.500002533197,-133.000001937151,-3.74999996647239));
#8146=CARTESIAN_POINT('Origin',(188.50000320375,-138.000001490116,-4.));
#8147=CARTESIAN_POINT('',(183.500003129244,-133.00000141561,-4.));
#8148=CARTESIAN_POINT('',(188.50000320375,-138.000001490116,-4.));
#8149=CARTESIAN_POINT('',(183.500003129244,-133.00000141561,-0.999999999999994));
#8150=CARTESIAN_POINT('',(183.500003650784,-133.000001937151,-3.74999996647238));
#8151=CARTESIAN_POINT('',(188.50000320375,-138.000001490116,-0.999999999999994));
#8152=CARTESIAN_POINT('Origin',(181.000003091991,-135.500001452863,-0.999999999999994));
#8153=CARTESIAN_POINT('',(188.625001580454,-133.000001937151,-0.999999999999994));
#8154=CARTESIAN_POINT('Origin',(181.000003091991,-135.500001452863,-4.));
#8155=CARTESIAN_POINT('',(188.625001580454,-133.000001937151,-4.));
#8156=CARTESIAN_POINT('Origin',(204.000002980232,-69.3000013411045,-0.999999999999999));
#8157=CARTESIAN_POINT('',(219.00000320375,-69.3000013411045,-0.999999999999999));
#8158=CARTESIAN_POINT('',(204.000002980232,-69.3000013411045,-0.999999999999999));
#8159=CARTESIAN_POINT('',(219.00000320375,-69.3000013411045,-0.999999999999999));
#8160=CARTESIAN_POINT('',(219.00000320375,-69.3000013411045,-4.));
#8161=CARTESIAN_POINT('',(219.00000320375,-69.3000013411045,-0.999999999999999));
#8162=CARTESIAN_POINT('',(204.000002980232,-69.3000013411045,-4.));
#8163=CARTESIAN_POINT('',(219.00000320375,-69.3000013411045,-4.));
#8164=CARTESIAN_POINT('',(204.000002980232,-69.3000013411045,-0.999999999999999));
#8165=CARTESIAN_POINT('Origin',(209.000003054738,-74.3000014156103,-0.999999999999999));
#8166=CARTESIAN_POINT('',(209.000003054738,-74.3000014156103,-0.999999999999999));
#8167=CARTESIAN_POINT('',(204.000002980232,-69.3000013411045,-0.999999999999999));
#8168=CARTESIAN_POINT('',(209.000003054738,-74.3000014156103,-4.));
#8169=CARTESIAN_POINT('',(204.000002980232,-69.3000013411045,-4.));
#8170=CARTESIAN_POINT('',(209.000003576279,-74.3000019371509,-2.24999996647239));
#8171=CARTESIAN_POINT('Origin',(219.00000320375,-69.3000013411045,-0.999999999999999));
#8172=CARTESIAN_POINT('',(214.000003129244,-74.3000014156103,-0.999999999999999));
#8173=CARTESIAN_POINT('',(219.00000320375,-69.3000013411045,-0.999999999999999));
#8174=CARTESIAN_POINT('',(214.000003129244,-74.3000014156103,-4.));
#8175=CARTESIAN_POINT('',(214.000002607703,-74.3000019371509,-2.24999996647239));
#8176=CARTESIAN_POINT('',(219.00000320375,-69.3000013411045,-4.));
#8177=CARTESIAN_POINT('Origin',(211.500003091991,-71.8000013783574,-4.));
#8178=CARTESIAN_POINT('',(203.875001580454,-74.3000019371509,-4.));
#8179=CARTESIAN_POINT('Origin',(211.500003091991,-71.8000013783574,-0.999999999999999));
#8180=CARTESIAN_POINT('',(203.875001580454,-74.3000019371509,-0.999999999999999));
#8181=CARTESIAN_POINT('Origin',(153.750003568828,-105.000001564622,9.49999067001045));
#8182=CARTESIAN_POINT('',(153.24999464117,-105.000001564622,9.99999959766865));
#8183=CARTESIAN_POINT('',(153.750003568828,-105.000001564622,9.49999067001045));
#8184=CARTESIAN_POINT('',(153.624999422114,-104.999997653067,9.62499481672421));
#8185=CARTESIAN_POINT('',(153.24999464117,-103.000001564622,9.99999959766865));
#8186=CARTESIAN_POINT('',(153.24999464117,-105.000001564622,9.99999959766865));
#8187=CARTESIAN_POINT('',(153.749996580184,-103.000001564622,9.49999765865505));
#8188=CARTESIAN_POINT('',(153.24999464117,-103.000001564622,9.99999959766865));
#8189=CARTESIAN_POINT('',(153.749996580184,-102.999999608845,9.49999765865505));
#8190=CARTESIAN_POINT('Origin',(153.499999104999,-103.000001564622,9.74999546911568));
#8191=CARTESIAN_POINT('',(153.750003568828,-103.000001564622,10.0000002682209));
#8192=CARTESIAN_POINT('',(153.749996580184,-103.000001564622,9.87499786866829));
#8193=CARTESIAN_POINT('',(152.250003568828,-103.000001564622,10.0000002682209));
#8194=CARTESIAN_POINT('Origin',(153.749996580184,-100.999997653067,10.0000002682209));
#8195=CARTESIAN_POINT('',(153.749996580184,-100.999997653067,10.0000002682209));
#8196=CARTESIAN_POINT('',(153.749996580184,-115.499999795109,10.0000002682209));
#8197=CARTESIAN_POINT('',(153.749996580184,-100.999997653067,8.0000002682209));
#8198=CARTESIAN_POINT('',(153.749996580184,-100.999997653067,10.0000002682209));
#8199=CARTESIAN_POINT('',(153.749996580184,-104.999997653067,8.0000002682209));
#8200=CARTESIAN_POINT('',(153.749996580184,-100.999997653067,8.0000002682209));
#8201=CARTESIAN_POINT('',(153.749996580184,-104.999997653067,10.0000002682209));
#8202=CARTESIAN_POINT('Origin',(152.749994652346,-105.000001564622,9.99999959766865));
#8203=CARTESIAN_POINT('',(152.249994663522,-105.000001564622,9.49999960884452));
#8204=CARTESIAN_POINT('',(152.749994652346,-105.000001564622,9.99999959766865));
#8205=CARTESIAN_POINT('',(152.999995301943,-104.999997653067,10.2500002472661));
#8206=CARTESIAN_POINT('',(152.249994663522,-103.000001564622,9.49999960884452));
#8207=CARTESIAN_POINT('',(152.249996580184,-104.999999608845,9.50000152550636));
#8208=CARTESIAN_POINT('',(152.749994652346,-103.000001564622,9.99999959766865));
#8209=CARTESIAN_POINT('',(152.749994652346,-103.000001564622,9.99999959766865));
#8210=CARTESIAN_POINT('',(152.749994652346,-105.000001564622,9.99999959766865));
#8211=CARTESIAN_POINT('Origin',(152.49998520528,-103.000001564622,9.74999048587948));
#8212=CARTESIAN_POINT('',(152.250003568828,-103.000001564622,10.0000002682209));
#8213=CARTESIAN_POINT('',(152.249996580184,-103.000001564622,9.87499537705019));
#8214=CARTESIAN_POINT('',(152.250003568828,-103.000001564622,10.0000002682209));
#8215=CARTESIAN_POINT('Origin',(153.749996580184,-104.999997653067,10.0000002682209));
#8216=CARTESIAN_POINT('',(152.249996580184,-104.999997653067,8.0000002682209));
#8217=CARTESIAN_POINT('',(153.749996580184,-104.999997653067,8.0000002682209));
#8218=CARTESIAN_POINT('',(152.249996580184,-104.999997653067,10.0000002682209));
#8219=CARTESIAN_POINT('',(154.12499656342,-104.999997653067,10.0000002682209));
#8220=CARTESIAN_POINT('Origin',(152.749994652346,-91.0000015646219,9.99999959766865));
#8221=CARTESIAN_POINT('',(152.249994663522,-91.0000015646219,9.49999960884452));
#8222=CARTESIAN_POINT('',(152.749994652346,-91.0000015646219,9.99999959766865));
#8223=CARTESIAN_POINT('',(152.999995297752,-90.9999979659915,10.2500002430752));
#8224=CARTESIAN_POINT('',(152.249994663522,-89.0000015646219,9.49999960884452));
#8225=CARTESIAN_POINT('',(152.249996596947,-90.9999997653067,9.50000154227017));
#8226=CARTESIAN_POINT('',(152.749994652346,-89.0000015646219,9.99999959766865));
#8227=CARTESIAN_POINT('',(152.749994652346,-89.0000015646219,9.99999959766865));
#8228=CARTESIAN_POINT('',(152.749994652346,-91.0000015646219,9.99999959766865));
#8229=CARTESIAN_POINT('Origin',(152.49998520528,-89.0000015646219,9.74999048587948));
#8230=CARTESIAN_POINT('',(152.250003568828,-89.0000015646219,10.0000002682209));
#8231=CARTESIAN_POINT('',(152.249996596947,-89.0000015646219,9.87499537705019));
#8232=CARTESIAN_POINT('',(152.250003568828,-89.0000015646219,10.0000002682209));
#8233=CARTESIAN_POINT('Origin',(152.249996596947,-90.9999979659915,10.0000002682209));
#8234=CARTESIAN_POINT('',(152.249996596947,-90.9999979659915,8.0000002682209));
#8235=CARTESIAN_POINT('',(152.249996596947,-90.9999979659915,10.0000002682209));
#8236=CARTESIAN_POINT('',(152.249996596947,-86.9999979659915,8.0000002682209));
#8237=CARTESIAN_POINT('',(152.249996596947,-86.9999979659915,8.0000002682209));
#8238=CARTESIAN_POINT('',(152.249996596947,-86.9999979659915,10.0000002682209));
#8239=CARTESIAN_POINT('',(152.249996596947,-86.9999979659915,10.0000002682209));
#8240=CARTESIAN_POINT('',(152.249996596947,-110.499999951571,10.0000002682209));
#8241=CARTESIAN_POINT('Origin',(153.74999656342,-90.9999979659915,10.0000002682209));
#8242=CARTESIAN_POINT('',(153.24999464117,-91.0000015646219,9.99999959766865));
#8243=CARTESIAN_POINT('',(154.124996555038,-90.9999979659915,10.0000002682209));
#8244=CARTESIAN_POINT('',(153.750003568828,-91.0000015646219,9.49999067001045));
#8245=CARTESIAN_POINT('',(153.624999417923,-90.9999979659915,9.62499482091516));
#8246=CARTESIAN_POINT('',(153.74999656342,-90.9999979659915,8.0000002682209));
#8247=CARTESIAN_POINT('',(153.74999656342,-90.9999979659915,10.0000002682209));
#8248=CARTESIAN_POINT('',(152.249996596947,-90.9999979659915,8.0000002682209));
#8249=CARTESIAN_POINT('Origin',(153.750003568828,-91.0000015646219,9.49999067001045));
#8250=CARTESIAN_POINT('',(153.24999464117,-89.0000015646219,9.99999959766865));
#8251=CARTESIAN_POINT('',(153.24999464117,-91.0000015646219,9.99999959766865));
#8252=CARTESIAN_POINT('',(153.74999656342,-89.0000015646219,9.49999767541884));
#8253=CARTESIAN_POINT('',(153.24999464117,-89.0000015646219,9.99999959766865));
#8254=CARTESIAN_POINT('',(153.74999656342,-88.9999997653067,9.49999767541884));
#8255=CARTESIAN_POINT('Origin',(153.499999104999,-89.0000015646219,9.74999546911568));
#8256=CARTESIAN_POINT('',(153.750003568828,-89.0000015646219,10.0000002682209));
#8257=CARTESIAN_POINT('',(153.74999656342,-89.0000015646219,9.87499786866829));
#8258=CARTESIAN_POINT('',(152.250003568828,-89.0000015646219,10.0000002682209));
#8259=CARTESIAN_POINT('Origin',(153.74999656342,-86.9999979659915,10.0000002682209));
#8260=CARTESIAN_POINT('',(153.74999656342,-86.9999979659915,10.0000002682209));
#8261=CARTESIAN_POINT('',(153.74999656342,-108.499999951571,10.0000002682209));
#8262=CARTESIAN_POINT('',(153.74999656342,-86.9999979659915,8.0000002682209));
#8263=CARTESIAN_POINT('',(153.74999656342,-86.9999979659915,10.0000002682209));
#8264=CARTESIAN_POINT('',(153.74999656342,-90.9999979659915,8.0000002682209));
#8265=CARTESIAN_POINT('Origin',(239.249994652346,-91.0000015646219,9.99999959766865));
#8266=CARTESIAN_POINT('',(238.749994663522,-91.0000015646219,9.49999960884452));
#8267=CARTESIAN_POINT('',(239.249994652346,-91.0000015646219,9.99999959766865));
#8268=CARTESIAN_POINT('',(239.499994822778,-90.9999979659915,10.2499997681007));
#8269=CARTESIAN_POINT('',(238.749994663522,-89.0000015646219,9.49999960884452));
#8270=CARTESIAN_POINT('',(238.749994663522,-90.9999997653067,9.49999960884452));
#8271=CARTESIAN_POINT('',(239.249994652346,-89.0000015646219,9.99999959766865));
#8272=CARTESIAN_POINT('',(239.249994652346,-89.0000015646219,9.99999959766865));
#8273=CARTESIAN_POINT('',(239.249994652346,-91.0000015646219,9.99999959766865));
#8274=CARTESIAN_POINT('Origin',(238.99998520528,-89.0000015646219,9.74999048587948));
#8275=CARTESIAN_POINT('',(238.750003568828,-89.0000015646219,10.0000002682209));
#8276=CARTESIAN_POINT('',(238.749994663522,-89.0000015646219,9.87499537705019));
#8277=CARTESIAN_POINT('',(238.750003568828,-89.0000015646219,10.0000002682209));
#8278=CARTESIAN_POINT('Origin',(238.749994663522,-90.9999979659915,10.0000002682209));
#8279=CARTESIAN_POINT('',(238.749994663522,-90.9999979659915,8.0000002682209));
#8280=CARTESIAN_POINT('',(238.749994663522,-90.9999979659915,10.0000002682209));
#8281=CARTESIAN_POINT('',(238.749994663522,-86.9999979659915,8.0000002682209));
#8282=CARTESIAN_POINT('',(238.749994663522,-86.9999979659915,8.0000002682209));
#8283=CARTESIAN_POINT('',(238.749994663522,-86.9999979659915,10.0000002682209));
#8284=CARTESIAN_POINT('',(238.749994663522,-86.9999979659915,10.0000002682209));
#8285=CARTESIAN_POINT('',(238.749994663522,-84.1499981191009,10.0000002682209));
#8286=CARTESIAN_POINT('Origin',(240.249994663522,-90.9999979659915,10.0000002682209));
#8287=CARTESIAN_POINT('',(239.74999464117,-91.0000015646219,9.99999959766865));
#8288=CARTESIAN_POINT('',(239.124994671904,-90.9999979659915,10.0000002682209));
#8289=CARTESIAN_POINT('',(240.250003568828,-91.0000015646219,9.49999067001045));
#8290=CARTESIAN_POINT('',(240.124998942949,-90.9999979659915,9.62499529588968));
#8291=CARTESIAN_POINT('',(240.249994663522,-90.9999979659915,8.0000002682209));
#8292=CARTESIAN_POINT('',(240.249994663522,-90.9999979659915,10.0000002682209));
#8293=CARTESIAN_POINT('',(238.749994663522,-90.9999979659915,8.0000002682209));
#8294=CARTESIAN_POINT('Origin',(240.250003568828,-91.0000015646219,9.49999067001045));
#8295=CARTESIAN_POINT('',(239.74999464117,-89.0000015646219,9.99999959766865));
#8296=CARTESIAN_POINT('',(239.74999464117,-91.0000015646219,9.99999959766865));
#8297=CARTESIAN_POINT('',(240.250003568828,-89.0000015646219,9.49999067001045));
#8298=CARTESIAN_POINT('',(239.74999464117,-89.0000015646219,9.99999959766865));
#8299=CARTESIAN_POINT('',(240.249994663522,-88.9999997653067,9.49999957531688));
#8300=CARTESIAN_POINT('Origin',(239.999999104999,-89.0000015646219,9.74999546911568));
#8301=CARTESIAN_POINT('',(240.250003568828,-89.0000015646219,10.0000002682209));
#8302=CARTESIAN_POINT('',(240.249994663522,-89.0000015646219,9.87499786866829));
#8303=CARTESIAN_POINT('',(238.750003568828,-89.0000015646219,10.0000002682209));
#8304=CARTESIAN_POINT('Origin',(240.249994663522,-86.9999979659915,10.0000002682209));
#8305=CARTESIAN_POINT('',(240.249994663522,-86.9999979659915,10.0000002682209));
#8306=CARTESIAN_POINT('',(240.249994663522,-82.1499981191009,10.0000002682209));
#8307=CARTESIAN_POINT('',(240.249994663522,-86.9999979659915,8.0000002682209));
#8308=CARTESIAN_POINT('',(240.249994663522,-86.9999979659915,10.0000002682209));
#8309=CARTESIAN_POINT('',(240.249994663522,-90.9999979659915,8.0000002682209));
#8310=CARTESIAN_POINT('Origin',(239.249994652346,-105.000001564622,9.99999959766865));
#8311=CARTESIAN_POINT('',(238.749994663522,-105.000001564622,9.49999960884452));
#8312=CARTESIAN_POINT('',(239.249994652346,-105.000001564622,9.99999959766865));
#8313=CARTESIAN_POINT('',(239.499997049104,-105.000001564622,10.2500019944273));
#8314=CARTESIAN_POINT('',(238.749994663522,-103.000001564622,9.49999960884452));
#8315=CARTESIAN_POINT('',(238.750003568828,-105.000001564622,9.50000851415099));
#8316=CARTESIAN_POINT('',(239.249994652346,-103.000001564622,9.99999959766865));
#8317=CARTESIAN_POINT('',(239.249994652346,-103.000001564622,9.99999959766865));
#8318=CARTESIAN_POINT('',(239.249994652346,-105.000001564622,9.99999959766865));
#8319=CARTESIAN_POINT('Origin',(238.99998520528,-103.000001564622,9.74999048587948));
#8320=CARTESIAN_POINT('',(238.750003568828,-103.000001564622,10.0000002682209));
#8321=CARTESIAN_POINT('',(238.750003568828,-103.000001564622,9.87499537705019));
#8322=CARTESIAN_POINT('',(238.750003568828,-103.000001564622,10.0000002682209));
#8323=CARTESIAN_POINT('Origin',(238.750003568828,-105.000001564622,10.0000002682209));
#8324=CARTESIAN_POINT('',(238.750003568828,-105.000001564622,8.0000002682209));
#8325=CARTESIAN_POINT('',(238.750003568828,-105.000001564622,10.0000002682209));
#8326=CARTESIAN_POINT('',(238.750003568828,-101.000001564622,8.0000002682209));
#8327=CARTESIAN_POINT('',(238.750003568828,-101.000001564622,8.0000002682209));
#8328=CARTESIAN_POINT('',(238.750003568828,-101.000001564622,10.0000002682209));
#8329=CARTESIAN_POINT('',(238.750003568828,-101.000001564622,10.0000002682209));
#8330=CARTESIAN_POINT('',(238.750003568828,-91.1499999184161,10.0000002682209));
#8331=CARTESIAN_POINT('Origin',(240.250003568828,-105.000001564622,10.0000002682209));
#8332=CARTESIAN_POINT('',(239.74999464117,-105.000001564622,9.99999959766865));
#8333=CARTESIAN_POINT('',(239.124999124557,-105.000001564622,10.0000002682209));
#8334=CARTESIAN_POINT('',(240.250003568828,-105.000001564622,9.49999067001045));
#8335=CARTESIAN_POINT('',(240.125001169275,-105.000001564622,9.62499306956307));
#8336=CARTESIAN_POINT('',(240.250003568828,-105.000001564622,8.0000002682209));
#8337=CARTESIAN_POINT('',(240.250003568828,-105.000001564622,10.0000002682209));
#8338=CARTESIAN_POINT('',(238.750003568828,-105.000001564622,8.0000002682209));
#8339=CARTESIAN_POINT('Origin',(152.999999424443,-105.700001572072,11.0000002831221));
#8340=CARTESIAN_POINT('',(151.499996546656,-105.700001572072,12.0000002980232));
#8341=CARTESIAN_POINT('',(151.499996546656,-105.700001572072,10.0000002682209));
#8342=CARTESIAN_POINT('',(151.499996546656,-105.700001572072,11.5000002905726));
#8343=CARTESIAN_POINT('',(154.500002302229,-105.700001572072,12.0000002980232));
#8344=CARTESIAN_POINT('',(153.750000863336,-105.700001572072,12.0000002980232));
#8345=CARTESIAN_POINT('',(154.500002302229,-105.700001572072,10.0000002682209));
#8346=CARTESIAN_POINT('',(154.500002302229,-105.700001572072,10.5000002756715));
#8347=CARTESIAN_POINT('',(153.749997985549,-105.700001572072,10.0000002682209));
#8348=CARTESIAN_POINT('Origin',(196.250000068918,-130.000001937151,-3.49999993294478));
#8349=CARTESIAN_POINT('',(154.499996546656,-130.000001937151,10.0000002682209));
#8350=CARTESIAN_POINT('',(154.500002302229,-130.000001572073,12.0000002980232));
#8351=CARTESIAN_POINT('',(154.500002302229,-130.000001937151,3.25000016763806));
#8352=CARTESIAN_POINT('',(238.000003546476,-130.000001572073,12.0000002980232));
#8353=CARTESIAN_POINT('',(151.499996546656,-130.000001937151,12.0000002682209));
#8354=CARTESIAN_POINT('',(237.999994680285,-130.000001937151,10.0000002682209));
#8355=CARTESIAN_POINT('',(238.000003546476,-130.000001937151,4.25000018253922));
#8356=CARTESIAN_POINT('',(237.999994680285,-129.999997094274,-14.));
#8357=CARTESIAN_POINT('',(237.999994680285,-130.000001937151,10.0000002682209));
#8358=CARTESIAN_POINT('',(154.499996546656,-129.999997094274,-14.));
#8359=CARTESIAN_POINT('',(154.499996546656,-129.999997094274,-14.));
#8360=CARTESIAN_POINT('',(154.499996546656,-130.000001937151,10.0000002682209));
#8361=CARTESIAN_POINT('Origin',(240.250003568828,-105.000001564622,9.49999067001045));
#8362=CARTESIAN_POINT('',(239.74999464117,-103.000001564622,9.99999959766865));
#8363=CARTESIAN_POINT('',(239.74999464117,-105.000001564622,9.99999959766865));
#8364=CARTESIAN_POINT('',(240.250003568828,-103.000001564622,9.49999067001045));
#8365=CARTESIAN_POINT('',(239.74999464117,-103.000001564622,9.99999959766865));
#8366=CARTESIAN_POINT('',(240.250003568828,-103.000001564622,9.49999067001045));
#8367=CARTESIAN_POINT('Origin',(239.999999104999,-103.000001564622,9.74999546911568));
#8368=CARTESIAN_POINT('',(240.250003568828,-103.000001564622,10.0000002682209));
#8369=CARTESIAN_POINT('',(240.250003568828,-103.000001564622,9.87499786866829));
#8370=CARTESIAN_POINT('',(238.750003568828,-103.000001564622,10.0000002682209));
#8371=CARTESIAN_POINT('Origin',(240.250003568828,-101.000001564622,10.0000002682209));
#8372=CARTESIAN_POINT('',(240.250003568828,-101.000001564622,10.0000002682209));
#8373=CARTESIAN_POINT('',(240.250003568828,-89.1499999184161,10.0000002682209));
#8374=CARTESIAN_POINT('',(240.250003568828,-101.000001564622,8.0000002682209));
#8375=CARTESIAN_POINT('',(240.250003568828,-101.000001564622,10.0000002682209));
#8376=CARTESIAN_POINT('',(240.250003568828,-105.000001564622,8.0000002682209));
#8377=CARTESIAN_POINT('Origin',(239.500003568828,-105.700001572072,11.0000002831221));
#8378=CARTESIAN_POINT('',(241.00000359118,-105.700001572072,12.0000002980232));
#8379=CARTESIAN_POINT('',(238.000003546476,-105.700001572072,12.0000002980232));
#8380=CARTESIAN_POINT('',(240.250003580004,-105.700001572072,12.0000002980232));
#8381=CARTESIAN_POINT('',(241.00000359118,-105.700001572072,10.0000002682209));
#8382=CARTESIAN_POINT('',(241.00000359118,-105.700001572072,10.5000002756715));
#8383=CARTESIAN_POINT('',(238.000003546476,-105.700001572072,10.0000002682209));
#8384=CARTESIAN_POINT('',(197.000000057742,-105.700001572072,10.0000002682209));
#8385=CARTESIAN_POINT('',(238.000003546476,-105.700001572072,11.5000002905726));
#8386=CARTESIAN_POINT('Origin',(241.00000359118,-130.000001937151,12.0000002682209));
#8387=CARTESIAN_POINT('',(154.500002302229,-105.500001572073,12.0000002980232));
#8388=CARTESIAN_POINT('',(151.499996546656,-133.000001937151,12.0000002682209));
#8389=CARTESIAN_POINT('',(151.499996546656,-105.500001572073,12.0000002980232));
#8390=CARTESIAN_POINT('',(241.00000359118,-133.000001937151,12.0000002682209));
#8391=CARTESIAN_POINT('',(151.499996546656,-133.000001937151,12.0000002682209));
#8392=CARTESIAN_POINT('',(241.00000359118,-130.000001937151,12.0000002682209));
#8393=CARTESIAN_POINT('',(241.00000359118,-130.000001937151,12.0000002682209));
#8394=CARTESIAN_POINT('',(241.00000359118,-105.500001572073,12.0000002980232));
#8395=CARTESIAN_POINT('',(238.000003546476,-105.500001572073,12.0000002980232));
#8396=CARTESIAN_POINT('Origin',(154.499996546656,-130.000001937151,10.0000002682209));
#8397=CARTESIAN_POINT('',(154.499996546656,-77.2999982722104,10.0000002682209));
#8398=CARTESIAN_POINT('',(154.499996546656,-77.2999982722104,10.0000002682209));
#8399=CARTESIAN_POINT('',(237.999994680285,-77.2999982722104,10.0000002682209));
#8400=CARTESIAN_POINT('',(151.499996546656,-77.300001937151,10.0000002682209));
#8401=CARTESIAN_POINT('',(237.999994680285,-77.2999982722104,10.0000002682209));
#8402=CARTESIAN_POINT('',(240.999994680285,-77.2999982722104,10.0000002682209));
#8403=CARTESIAN_POINT('',(240.999994680285,-77.2999982722104,10.0000002682209));
#8404=CARTESIAN_POINT('',(241.00000359118,-74.3000019371509,10.0000002682209));
#8405=CARTESIAN_POINT('',(241.00000359118,-74.3000019371509,10.0000002682209));
#8406=CARTESIAN_POINT('',(151.499996546656,-74.3000019371509,10.0000002682209));
#8407=CARTESIAN_POINT('',(151.499996546656,-74.3000019371509,10.0000002682209));
#8408=CARTESIAN_POINT('',(151.499996546656,-77.2999982722104,10.0000002682209));
#8409=CARTESIAN_POINT('',(151.499996546656,-74.3000019371509,10.0000002682209));
#8410=CARTESIAN_POINT('',(151.499996546656,-130.000001937151,10.0000002682209));
#8411=CARTESIAN_POINT('',(152.249996580184,-100.999997653067,10.0000002682209));
#8412=CARTESIAN_POINT('',(152.249996580183,-117.499999795109,10.0000002682209));
#8413=CARTESIAN_POINT('',(153.37499656342,-100.999997653067,10.0000002682209));
#8414=CARTESIAN_POINT('',(153.374996571802,-86.9999979659915,10.0000002682209));
#8415=CARTESIAN_POINT('',(238.374994671904,-86.9999979659915,10.0000002682209));
#8416=CARTESIAN_POINT('',(238.374999124557,-101.000001564622,10.0000002682209));
#8417=CARTESIAN_POINT('Origin',(196.250000068918,-77.300001937151,-3.49999993294478));
#8418=CARTESIAN_POINT('',(154.499996546656,-77.2999982722104,-14.));
#8419=CARTESIAN_POINT('',(154.499996546656,-77.2999982722104,-17.));
#8420=CARTESIAN_POINT('',(237.999994680285,-77.2999982722104,-14.));
#8421=CARTESIAN_POINT('',(237.999994680285,-77.2999982722104,-14.));
#8422=CARTESIAN_POINT('',(237.999994680285,-77.2999982722104,-17.));
#8423=CARTESIAN_POINT('Origin',(196.250000068918,-74.3000019371509,-3.49999993294478));
#8424=CARTESIAN_POINT('',(241.00000359118,-74.3000019371509,-17.0000001341105));
#8425=CARTESIAN_POINT('',(151.499996546656,-74.3000019371509,-17.0000001341105));
#8426=CARTESIAN_POINT('',(241.00000359118,-74.3000019371509,-17.0000001341105));
#8427=CARTESIAN_POINT('',(151.499996546656,-74.3000019371509,-17.0000001341105));
#8428=CARTESIAN_POINT('',(241.00000359118,-74.3000019371509,10.0000002682209));
#8429=CARTESIAN_POINT('Origin',(196.250000068918,-133.000001937151,-3.49999993294478));
#8430=CARTESIAN_POINT('',(151.499996546656,-133.000001937151,-17.0000001341105));
#8431=CARTESIAN_POINT('',(241.00000359118,-133.000001937151,-17.0000001341105));
#8432=CARTESIAN_POINT('',(241.00000359118,-133.000001937151,-17.0000001341105));
#8433=CARTESIAN_POINT('',(241.00000359118,-133.000001937151,10.0000002682209));
#8434=CARTESIAN_POINT('',(241.00000359118,-133.000001937151,10.0000002682209));
#8435=CARTESIAN_POINT('',(241.00000359118,-133.000001937151,10.0000002682209));
#8436=CARTESIAN_POINT('',(151.499996546656,-133.000001937151,10.0000002682209));
#8437=CARTESIAN_POINT('Origin',(238.749994663522,-86.9999979659915,10.0000002682209));
#8438=CARTESIAN_POINT('',(240.249994663522,-86.9999979659915,8.0000002682209));
#8439=CARTESIAN_POINT('Origin',(239.499994663522,-88.9999979659915,8.0000002682209));
#8440=CARTESIAN_POINT('Origin',(238.750003568828,-101.000001564622,10.0000002682209));
#8441=CARTESIAN_POINT('',(240.250003568828,-101.000001564622,8.0000002682209));
#8442=CARTESIAN_POINT('Origin',(239.500003568828,-103.000001564622,8.0000002682209));
#8443=CARTESIAN_POINT('Origin',(240.999994680285,-84.3800043260679,-4.46499966585543));
#8444=CARTESIAN_POINT('',(240.999994680285,-84.3800043260679,-4.46499966585542));
#8445=CARTESIAN_POINT('',(240.999994680285,-97.7800043260679,-4.46499966585543));
#8446=CARTESIAN_POINT('',(240.999994680285,-94.0150022153743,-4.46499966585543));
#8447=CARTESIAN_POINT('',(237.999994680285,-84.3800043260679,-4.46499966585542));
#8448=CARTESIAN_POINT('',(240.999994680285,-84.3800043260679,-4.46499966585542));
#8449=CARTESIAN_POINT('',(237.999994680285,-97.7800043260679,-4.46499966585543));
#8450=CARTESIAN_POINT('',(237.999994680285,-94.0150022153743,-4.46499966585543));
#8451=CARTESIAN_POINT('',(240.999994680285,-97.7800043260679,-4.46499966585543));
#8452=CARTESIAN_POINT('Origin',(240.999994680285,-84.3800043260678,-4.16499966585545));
#8453=CARTESIAN_POINT('',(240.999994680285,-84.0800043260679,-4.16499966585543));
#8454=CARTESIAN_POINT('Origin',(240.999994680285,-84.3800043260678,-4.16499966585545));
#8455=CARTESIAN_POINT('',(237.999994680285,-84.0800043260679,-4.16499966585543));
#8456=CARTESIAN_POINT('',(240.999994680285,-84.0800043260679,-4.16499966585543));
#8457=CARTESIAN_POINT('Origin',(237.999994680285,-84.3800043260678,-4.16499966585545));
#8458=CARTESIAN_POINT('Origin',(240.999994680285,-84.0800043260679,2.23500033414457));
#8459=CARTESIAN_POINT('',(240.999994680285,-84.0800043260679,2.23500033414457));
#8460=CARTESIAN_POINT('',(240.999994680285,-84.0800043260679,-0.63249976587249));
#8461=CARTESIAN_POINT('',(237.999994680285,-84.0800043260679,2.23500033414457));
#8462=CARTESIAN_POINT('',(240.999994680285,-84.0800043260679,2.23500033414457));
#8463=CARTESIAN_POINT('',(237.999994680285,-84.0800043260679,-0.63249976587249));
#8464=CARTESIAN_POINT('Origin',(240.999994680285,-84.3800043260678,2.23500033414459));
#8465=CARTESIAN_POINT('',(240.999994680285,-84.3800043260679,2.53500033414456));
#8466=CARTESIAN_POINT('Origin',(240.999994680285,-84.3800043260678,2.23500033414459));
#8467=CARTESIAN_POINT('',(237.999994680285,-84.3800043260679,2.53500033414456));
#8468=CARTESIAN_POINT('',(240.999994680285,-84.3800043260679,2.53500033414456));
#8469=CARTESIAN_POINT('Origin',(237.999994680285,-84.3800043260678,2.23500033414459));
#8470=CARTESIAN_POINT('Origin',(240.999994680285,-97.7800043260679,2.53500033414457));
#8471=CARTESIAN_POINT('',(240.999994680285,-97.7800043260679,2.53500033414457));
#8472=CARTESIAN_POINT('',(240.999994680285,-100.715002215374,2.53500033414457));
#8473=CARTESIAN_POINT('',(237.999994680285,-97.7800043260679,2.53500033414457));
#8474=CARTESIAN_POINT('',(240.999994680285,-97.7800043260679,2.53500033414457));
#8475=CARTESIAN_POINT('',(237.999994680285,-100.715002215374,2.53500033414457));
#8476=CARTESIAN_POINT('Origin',(240.999994680285,-97.7800043260679,2.2350003341446));
#8477=CARTESIAN_POINT('',(240.999994680285,-98.0800043260679,2.23500033414457));
#8478=CARTESIAN_POINT('Origin',(240.999994680285,-97.7800043260679,2.2350003341446));
#8479=CARTESIAN_POINT('',(237.999994680285,-98.0800043260679,2.23500033414457));
#8480=CARTESIAN_POINT('',(240.999994680285,-98.0800043260679,2.23500033414457));
#8481=CARTESIAN_POINT('Origin',(237.999994680285,-97.7800043260679,2.2350003341446));
#8482=CARTESIAN_POINT('Origin',(240.999994680285,-98.0800043260679,-4.16499966585543));
#8483=CARTESIAN_POINT('',(240.999994680285,-98.0800043260679,-4.16499966585543));
#8484=CARTESIAN_POINT('',(240.999994680285,-98.0800043260679,-3.83249976587249));
#8485=CARTESIAN_POINT('',(237.999994680285,-98.0800043260679,-4.16499966585543));
#8486=CARTESIAN_POINT('',(240.999994680285,-98.0800043260679,-4.16499966585543));
#8487=CARTESIAN_POINT('',(237.999994680285,-98.0800043260679,-3.83249976587249));
#8488=CARTESIAN_POINT('Origin',(240.999994680285,-97.7800043260679,-4.16499966585546));
#8489=CARTESIAN_POINT('Origin',(240.999994680285,-97.7800043260679,-4.16499966585546));
#8490=CARTESIAN_POINT('Origin',(237.999994680285,-97.7800043260679,-4.16499966585546));
#8491=CARTESIAN_POINT('Origin',(240.999994680285,-103.650000104681,-3.49999986588955));
#8492=CARTESIAN_POINT('',(240.999994680285,-130.000001937151,-17.));
#8493=CARTESIAN_POINT('',(240.999994680285,-77.2999982722104,-17.));
#8494=CARTESIAN_POINT('',(240.999994680285,-130.000001937151,-17.));
#8495=CARTESIAN_POINT('',(241.00000359118,-74.3000019371509,-17.0000001341105));
#8496=CARTESIAN_POINT('',(241.00000359118,-130.000001937151,-17.0000001341105));
#8497=CARTESIAN_POINT('Origin',(237.999994680285,-103.650000104681,-3.49999986588955));
#8498=CARTESIAN_POINT('',(237.999994680285,-129.999997094274,-14.));
#8499=CARTESIAN_POINT('Origin',(154.499996546656,-103.650000104681,-3.49999986588955));
#8500=CARTESIAN_POINT('',(154.499996546656,-77.2999982722104,-14.));
#8501=CARTESIAN_POINT('Origin',(152.249996596947,-86.9999979659915,10.0000002682209));
#8502=CARTESIAN_POINT('',(153.74999656342,-86.9999979659915,8.0000002682209));
#8503=CARTESIAN_POINT('Origin',(152.999996580184,-88.9999979659915,8.0000002682209));
#8504=CARTESIAN_POINT('Origin',(152.249996580184,-104.999997653067,10.0000002682209));
#8505=CARTESIAN_POINT('',(152.249996580184,-100.999997653067,8.0000002682209));
#8506=CARTESIAN_POINT('',(152.249996580184,-104.999997653067,8.0000002682209));
#8507=CARTESIAN_POINT('',(152.249996580184,-100.999997653067,10.0000002682209));
#8508=CARTESIAN_POINT('Origin',(152.249996580184,-100.999997653067,10.0000002682209));
#8509=CARTESIAN_POINT('',(152.249996580184,-100.999997653067,8.0000002682209));
#8510=CARTESIAN_POINT('Origin',(152.999996580184,-102.999997653067,8.0000002682209));
#8511=CARTESIAN_POINT('Origin',(151.499996546656,-103.650000104681,-3.49999986588955));
#8512=CARTESIAN_POINT('',(151.499996546656,-77.2999982722104,-17.));
#8513=CARTESIAN_POINT('',(151.499996546656,-74.3000019371509,-17.0000001341105));
#8514=CARTESIAN_POINT('',(151.499996546656,-130.000001937151,-17.));
#8515=CARTESIAN_POINT('Origin',(213.000003173947,-123.000001832843,-8.));
#8516=CARTESIAN_POINT('',(213.000003173947,-125.000001862645,-8.));
#8517=CARTESIAN_POINT('',(213.000003173947,-123.000001832843,-8.));
#8518=CARTESIAN_POINT('',(213.000003173947,-125.000001862645,-8.));
#8519=CARTESIAN_POINT('',(213.000003173947,-125.000001862645,-14.));
#8520=CARTESIAN_POINT('',(213.000003173947,-125.000001862645,-8.));
#8521=CARTESIAN_POINT('',(213.000003173947,-123.000001832843,-14.));
#8522=CARTESIAN_POINT('',(213.000003173947,-113.324999758042,-14.));
#8523=CARTESIAN_POINT('',(213.000003173947,-123.000001832843,-8.));
#8524=CARTESIAN_POINT('Origin',(175.000002607703,-123.000001832843,-8.));
#8525=CARTESIAN_POINT('',(175.000002607703,-123.000001832843,-8.));
#8526=CARTESIAN_POINT('',(213.000003173947,-123.000001832843,-8.));
#8527=CARTESIAN_POINT('',(175.000002607703,-123.000001832843,-14.));
#8528=CARTESIAN_POINT('',(185.624999110587,-123.000001832843,-14.));
#8529=CARTESIAN_POINT('',(175.000002607703,-123.000001832843,-8.));
#8530=CARTESIAN_POINT('Origin',(175.000002607703,-125.000001862645,-8.));
#8531=CARTESIAN_POINT('',(175.000002607703,-125.000001862645,-8.));
#8532=CARTESIAN_POINT('',(175.000002607703,-123.000001832843,-8.));
#8533=CARTESIAN_POINT('',(175.000002607703,-125.000001862645,-14.));
#8534=CARTESIAN_POINT('',(175.000002607703,-114.324999772944,-14.));
#8535=CARTESIAN_POINT('',(175.000002607703,-125.000001862645,-8.));
#8536=CARTESIAN_POINT('Origin',(213.000003173947,-125.000001862645,-8.));
#8537=CARTESIAN_POINT('',(175.000002607703,-125.000001862645,-8.));
#8538=CARTESIAN_POINT('',(204.624999393709,-125.000001862645,-14.));
#8539=CARTESIAN_POINT('Origin',(194.000002890825,-124.000001847744,-8.));
#8540=CARTESIAN_POINT('Origin',(213.000003173947,-80.0000011920929,-8.));
#8541=CARTESIAN_POINT('',(213.000003173947,-82.0000012218952,-8.));
#8542=CARTESIAN_POINT('',(213.000003173947,-80.0000011920929,-8.));
#8543=CARTESIAN_POINT('',(213.000003173947,-82.0000012218952,-8.));
#8544=CARTESIAN_POINT('',(213.000003173947,-82.0000012218952,-14.));
#8545=CARTESIAN_POINT('',(213.000003173947,-82.0000012218952,-8.));
#8546=CARTESIAN_POINT('',(213.000003173947,-80.0000011920929,-14.));
#8547=CARTESIAN_POINT('',(213.000003173947,-91.8249994376674,-14.));
#8548=CARTESIAN_POINT('',(213.000003173947,-80.0000011920929,-8.));
#8549=CARTESIAN_POINT('Origin',(175.000002607703,-80.0000011920929,-8.));
#8550=CARTESIAN_POINT('',(175.000002607703,-80.0000011920929,-8.));
#8551=CARTESIAN_POINT('',(213.000003173947,-80.0000011920929,-8.));
#8552=CARTESIAN_POINT('',(175.000002607703,-80.0000011920929,-14.));
#8553=CARTESIAN_POINT('',(185.624999110587,-80.0000011920929,-14.));
#8554=CARTESIAN_POINT('',(175.000002607703,-80.0000011920929,-8.));
#8555=CARTESIAN_POINT('Origin',(175.000002607703,-82.0000012218952,-8.));
#8556=CARTESIAN_POINT('',(175.000002607703,-82.0000012218952,-8.));
#8557=CARTESIAN_POINT('',(175.000002607703,-80.0000011920929,-8.));
#8558=CARTESIAN_POINT('',(175.000002607703,-82.0000012218952,-14.));
#8559=CARTESIAN_POINT('',(175.000002607703,-92.8249994525686,-14.));
#8560=CARTESIAN_POINT('',(175.000002607703,-82.0000012218952,-8.));
#8561=CARTESIAN_POINT('Origin',(213.000003173947,-82.0000012218952,-8.));
#8562=CARTESIAN_POINT('',(175.000002607703,-82.0000012218952,-8.));
#8563=CARTESIAN_POINT('',(204.624999393709,-82.0000012218952,-14.));
#8564=CARTESIAN_POINT('Origin',(194.000002890825,-81.0000012069941,-8.));
#8565=CARTESIAN_POINT('Origin',(172.00000269711,-107.000001594424,-8.));
#8566=CARTESIAN_POINT('',(172.00000269711,-107.000001594424,-8.));
#8567=CARTESIAN_POINT('',(172.00000269711,-98.0000015944242,-8.));
#8568=CARTESIAN_POINT('',(172.00000269711,-107.000001594424,-8.));
#8569=CARTESIAN_POINT('',(172.00000269711,-98.0000015944242,-14.));
#8570=CARTESIAN_POINT('',(172.00000269711,-98.0000015944242,-8.));
#8571=CARTESIAN_POINT('',(172.00000269711,-107.000001594424,-14.));
#8572=CARTESIAN_POINT('',(172.00000269711,-105.324999638833,-14.));
#8573=CARTESIAN_POINT('',(172.00000269711,-107.000001594424,-8.));
#8574=CARTESIAN_POINT('Origin',(181.00000269711,-107.000001594424,-8.));
#8575=CARTESIAN_POINT('',(181.00000269711,-107.000001594424,-8.));
#8576=CARTESIAN_POINT('',(181.00000269711,-107.000001594424,-8.));
#8577=CARTESIAN_POINT('',(181.00000269711,-107.000001594424,-14.));
#8578=CARTESIAN_POINT('',(188.62499915529,-107.000001594424,-14.));
#8579=CARTESIAN_POINT('',(181.00000269711,-107.000001594424,-8.));
#8580=CARTESIAN_POINT('Origin',(181.00000269711,-98.0000014603138,-8.));
#8581=CARTESIAN_POINT('',(181.00000269711,-98.0000014603138,-8.));
#8582=CARTESIAN_POINT('',(181.00000269711,-98.0000014603138,-8.));
#8583=CARTESIAN_POINT('',(181.00000269711,-98.0000014603138,-14.));
#8584=CARTESIAN_POINT('',(181.00000269711,-100.824999571778,-14.));
#8585=CARTESIAN_POINT('',(181.00000269711,-98.0000014603138,-8.));
#8586=CARTESIAN_POINT('Origin',(172.00000269711,-98.0000015944242,-8.));
#8587=CARTESIAN_POINT('',(172.00000269711,-98.0000015944242,-8.));
#8588=CARTESIAN_POINT('',(184.124999113195,-98.0000014137477,-14.));
#8589=CARTESIAN_POINT('Origin',(176.50000269711,-102.500001527369,-8.));
#8590=CARTESIAN_POINT('Origin',(231.000003442168,-102.000001519918,-8.));
#8591=CARTESIAN_POINT('',(231.000003442168,-107.000001594424,-8.));
#8592=CARTESIAN_POINT('',(231.000003442168,-102.000001519918,-8.));
#8593=CARTESIAN_POINT('',(231.000003442168,-107.000001594424,-8.));
#8594=CARTESIAN_POINT('',(231.000003442168,-107.000001594424,-14.));
#8595=CARTESIAN_POINT('',(231.000003442168,-107.000001594424,-8.));
#8596=CARTESIAN_POINT('',(231.000003442168,-102.000001519918,-14.));
#8597=CARTESIAN_POINT('',(231.000003442168,-102.82499960158,-14.));
#8598=CARTESIAN_POINT('',(231.000003442168,-102.000001519918,-8.));
#8599=CARTESIAN_POINT('Origin',(210.000003129244,-102.000001519918,-8.));
#8600=CARTESIAN_POINT('',(210.000003129244,-102.000001519918,-8.));
#8601=CARTESIAN_POINT('',(231.000003442168,-102.000001519918,-8.));
#8602=CARTESIAN_POINT('',(210.000003129244,-102.000001519918,-14.));
#8603=CARTESIAN_POINT('',(203.124999371357,-102.000001519918,-14.));
#8604=CARTESIAN_POINT('',(210.000003129244,-102.000001519918,-8.));
#8605=CARTESIAN_POINT('Origin',(210.000003129244,-107.000001594424,-8.));
#8606=CARTESIAN_POINT('',(210.000003129244,-107.000001594424,-8.));
#8607=CARTESIAN_POINT('',(210.000003129244,-102.000001519918,-8.));
#8608=CARTESIAN_POINT('',(210.000003129244,-107.000001594424,-14.));
#8609=CARTESIAN_POINT('',(210.000003129244,-105.324999638833,-14.));
#8610=CARTESIAN_POINT('',(210.000003129244,-107.000001594424,-8.));
#8611=CARTESIAN_POINT('Origin',(231.000003442168,-107.000001594424,-8.));
#8612=CARTESIAN_POINT('',(210.000003129244,-107.000001594424,-8.));
#8613=CARTESIAN_POINT('',(213.624999527819,-107.000001594424,-14.));
#8614=CARTESIAN_POINT('Origin',(220.500003285706,-104.500001557171,-8.));
#8615=CARTESIAN_POINT('Origin',(188.6,-103.1,-9.));
#8616=CARTESIAN_POINT('',(190.4,-103.1,-8.));
#8617=CARTESIAN_POINT('Origin',(188.6,-103.1,-8.));
#8618=CARTESIAN_POINT('',(190.4,-103.1,-14.));
#8619=CARTESIAN_POINT('',(190.4,-103.1,-9.));
#8620=CARTESIAN_POINT('Origin',(188.6,-103.1,-14.));
#8621=CARTESIAN_POINT('Origin',(188.6,-103.1,-9.));
#8622=CARTESIAN_POINT('',(191.6,-103.1,-8.));
#8623=CARTESIAN_POINT('Origin',(188.6,-103.1,-8.));
#8624=CARTESIAN_POINT('',(191.6,-103.1,-14.));
#8625=CARTESIAN_POINT('',(191.6,-103.1,-9.));
#8626=CARTESIAN_POINT('Origin',(188.6,-103.1,-14.));
#8627=CARTESIAN_POINT('Origin',(188.6,-103.1,-8.));
#8628=CARTESIAN_POINT('Origin',(196.249995613471,-103.649997683242,-14.));
#8629=CARTESIAN_POINT('',(206.9,-103.2,-14.));
#8630=CARTESIAN_POINT('Origin',(203.9,-103.2,-14.));
#8631=CARTESIAN_POINT('Origin',(203.9,-103.2,-9.));
#8632=CARTESIAN_POINT('',(205.7,-103.2,-8.));
#8633=CARTESIAN_POINT('Origin',(203.9,-103.2,-8.));
#8634=CARTESIAN_POINT('',(205.7,-103.2,-14.));
#8635=CARTESIAN_POINT('',(205.7,-103.2,-9.));
#8636=CARTESIAN_POINT('Origin',(203.9,-103.2,-14.));
#8637=CARTESIAN_POINT('Origin',(203.9,-103.2,-9.));
#8638=CARTESIAN_POINT('',(206.9,-103.2,-8.));
#8639=CARTESIAN_POINT('Origin',(203.9,-103.2,-8.));
#8640=CARTESIAN_POINT('',(206.9,-103.2,-9.));
#8641=CARTESIAN_POINT('Origin',(203.9,-103.2,-8.));
#8642=CARTESIAN_POINT('Origin',(196.249995613471,-103.649997683242,-14.));
#8643=CARTESIAN_POINT('Origin',(196.249995613471,-103.649997683242,-17.));
#8644=CARTESIAN_POINT('Origin',(196.249995613471,-103.649997683242,-14.));
#8645=CARTESIAN_POINT('Origin',(239.749996574596,-105.000001564622,9.94999933168292));
#8646=CARTESIAN_POINT('',(239.749996574596,-103.700001564622,9.94999933168292));
#8647=CARTESIAN_POINT('',(239.749996574596,-105.000001564622,9.94999933168292));
#8648=CARTESIAN_POINT('',(239.749996574596,-103.700001564622,9.94999933168292));
#8649=CARTESIAN_POINT('',(239.749996574596,-103.700001564622,9.99999933168292));
#8650=CARTESIAN_POINT('',(239.749996574596,-103.700001564622,9.94999933168292));
#8651=CARTESIAN_POINT('',(239.749996574596,-105.000001564622,9.99999933168292));
#8652=CARTESIAN_POINT('',(239.749996574596,-97.4500016596168,10.0000002682209));
#8653=CARTESIAN_POINT('',(239.749996574596,-105.000001564622,9.94999933168292));
#8654=CARTESIAN_POINT('Origin',(239.249996585771,-103.700001564622,9.94999933168292));
#8655=CARTESIAN_POINT('',(239.249996585771,-103.700001564622,9.94999933168292));
#8656=CARTESIAN_POINT('',(239.249996585771,-105.000001564622,9.94999933168292));
#8657=CARTESIAN_POINT('',(239.249996585771,-103.700001564622,9.94999933168292));
#8658=CARTESIAN_POINT('',(239.249996585771,-105.000001564622,9.99999933168292));
#8659=CARTESIAN_POINT('',(239.249996585771,-105.000001564622,9.94999933168292));
#8660=CARTESIAN_POINT('',(239.249996585771,-103.700001564622,9.99999933168292));
#8661=CARTESIAN_POINT('',(239.249996585771,-96.8000016596168,10.0000002682209));
#8662=CARTESIAN_POINT('',(239.249996585771,-103.700001564622,9.94999933168292));
#8663=CARTESIAN_POINT('Origin',(238.849996594712,-103.700001564622,9.54999934062362));
#8664=CARTESIAN_POINT('',(238.849996594712,-103.700001564622,9.54999934062362));
#8665=CARTESIAN_POINT('',(238.887497536605,-103.700001564622,9.58750028251672));
#8666=CARTESIAN_POINT('',(238.849996594712,-105.000001564622,9.54999934062362));
#8667=CARTESIAN_POINT('',(238.849996594712,-103.700001564622,9.54999934062362));
#8668=CARTESIAN_POINT('',(238.887497536605,-105.000001564622,9.58750028251672));
#8669=CARTESIAN_POINT('Origin',(238.849996594712,-103.700001564622,8.14999937191603));
#8670=CARTESIAN_POINT('',(238.849996594712,-103.700001564622,8.14999937191603));
#8671=CARTESIAN_POINT('',(238.849996594712,-103.700001564622,8.5999994959682));
#8672=CARTESIAN_POINT('',(238.849996594712,-105.000001564622,8.14999937191603));
#8673=CARTESIAN_POINT('',(238.849996594712,-103.700001564622,8.14999937191603));
#8674=CARTESIAN_POINT('',(238.849996594712,-105.000001564622,8.5999994959682));
#8675=CARTESIAN_POINT('Origin',(240.149996565655,-103.700001564622,8.14999937191606));
#8676=CARTESIAN_POINT('',(240.149996565655,-103.700001564622,8.14999937191606));
#8677=CARTESIAN_POINT('',(239.824998324271,-103.700001564622,8.14999937191605));
#8678=CARTESIAN_POINT('',(240.149996565655,-105.000001564622,8.14999937191606));
#8679=CARTESIAN_POINT('',(240.149996565655,-103.700001564622,8.14999937191606));
#8680=CARTESIAN_POINT('',(239.824998324271,-105.000001564622,8.14999937191605));
#8681=CARTESIAN_POINT('Origin',(240.149996565655,-103.700001564622,9.54999934062362));
#8682=CARTESIAN_POINT('',(240.149996565655,-103.700001564622,9.54999934062362));
#8683=CARTESIAN_POINT('',(240.149996565655,-103.700001564622,9.29999948032201));
#8684=CARTESIAN_POINT('',(240.149996565655,-105.000001564622,9.54999934062362));
#8685=CARTESIAN_POINT('',(240.149996565655,-103.700001564622,9.54999934062362));
#8686=CARTESIAN_POINT('',(240.149996565655,-105.000001564622,9.29999948032201));
#8687=CARTESIAN_POINT('Origin',(239.749996574596,-103.700001564622,9.94999933168292));
#8688=CARTESIAN_POINT('',(239.912497379584,-103.700001564622,9.78749852669426));
#8689=CARTESIAN_POINT('',(239.912497379584,-105.000001564622,9.78749852669426));
#8690=CARTESIAN_POINT('Origin',(239.500000082888,-103.700001564622,9.04999962002039));
#8691=CARTESIAN_POINT('',(217.875000075903,-103.700001564622,10.0000002682209));
#8692=CARTESIAN_POINT('Origin',(239.500000082888,-105.000001564622,9.04999962002039));
#8693=CARTESIAN_POINT('',(217.875000075903,-105.000001564622,10.0000002682209));
#8694=CARTESIAN_POINT('Origin',(239.749996574596,-91.0000015646219,9.94999933168292));
#8695=CARTESIAN_POINT('',(239.749996574596,-89.7000015646219,9.94999933168292));
#8696=CARTESIAN_POINT('',(239.749996574596,-91.0000015646219,9.94999933168292));
#8697=CARTESIAN_POINT('',(239.749996574596,-89.7000015646219,9.94999933168292));
#8698=CARTESIAN_POINT('',(239.749996574596,-89.7000015646219,9.99999933168292));
#8699=CARTESIAN_POINT('',(239.749996574596,-89.7000015646219,9.94999933168292));
#8700=CARTESIAN_POINT('',(239.749996574596,-91.0000015646219,9.99999933168292));
#8701=CARTESIAN_POINT('',(239.749996574596,-90.4500016596168,10.0000002682209));
#8702=CARTESIAN_POINT('',(239.749996574596,-91.0000015646219,9.94999933168292));
#8703=CARTESIAN_POINT('Origin',(239.249996585771,-89.7000015646219,9.94999933168292));
#8704=CARTESIAN_POINT('',(239.249996585771,-89.7000015646219,9.94999933168292));
#8705=CARTESIAN_POINT('',(239.249996585771,-91.0000015646219,9.94999933168292));
#8706=CARTESIAN_POINT('',(239.249996585771,-89.7000015646219,9.94999933168292));
#8707=CARTESIAN_POINT('',(239.249996585771,-91.0000015646219,9.99999933168292));
#8708=CARTESIAN_POINT('',(239.249996585771,-91.0000015646219,9.94999933168292));
#8709=CARTESIAN_POINT('',(239.249996585771,-89.7000015646219,9.99999933168292));
#8710=CARTESIAN_POINT('',(239.249996585771,-89.8000016596168,10.0000002682209));
#8711=CARTESIAN_POINT('',(239.249996585771,-89.7000015646219,9.94999933168292));
#8712=CARTESIAN_POINT('Origin',(238.849996594712,-89.7000015646219,9.54999934062362));
#8713=CARTESIAN_POINT('',(238.849996594712,-89.7000015646219,9.54999934062362));
#8714=CARTESIAN_POINT('',(238.887497536605,-89.7000015646219,9.58750028251672));
#8715=CARTESIAN_POINT('',(238.849996594712,-91.0000015646219,9.54999934062362));
#8716=CARTESIAN_POINT('',(238.849996594712,-89.7000015646219,9.54999934062362));
#8717=CARTESIAN_POINT('',(238.887497536605,-91.0000015646219,9.58750028251672));
#8718=CARTESIAN_POINT('Origin',(238.849996594712,-89.7000015646219,8.14999937191603));
#8719=CARTESIAN_POINT('',(238.849996594712,-89.7000015646219,8.14999937191603));
#8720=CARTESIAN_POINT('',(238.849996594712,-89.7000015646219,8.5999994959682));
#8721=CARTESIAN_POINT('',(238.849996594712,-91.0000015646219,8.14999937191603));
#8722=CARTESIAN_POINT('',(238.849996594712,-89.7000015646219,8.14999937191603));
#8723=CARTESIAN_POINT('',(238.849996594712,-91.0000015646219,8.5999994959682));
#8724=CARTESIAN_POINT('Origin',(240.149996565655,-89.7000015646219,8.14999937191606));
#8725=CARTESIAN_POINT('',(240.149996565655,-89.7000015646219,8.14999937191606));
#8726=CARTESIAN_POINT('',(239.824998324271,-89.7000015646219,8.14999937191605));
#8727=CARTESIAN_POINT('',(240.149996565655,-91.0000015646219,8.14999937191606));
#8728=CARTESIAN_POINT('',(240.149996565655,-89.7000015646219,8.14999937191606));
#8729=CARTESIAN_POINT('',(239.824998324271,-91.0000015646219,8.14999937191605));
#8730=CARTESIAN_POINT('Origin',(240.149996565655,-89.7000015646219,9.54999934062362));
#8731=CARTESIAN_POINT('',(240.149996565655,-89.7000015646219,9.54999934062362));
#8732=CARTESIAN_POINT('',(240.149996565655,-89.7000015646219,9.29999948032201));
#8733=CARTESIAN_POINT('',(240.149996565655,-91.0000015646219,9.54999934062362));
#8734=CARTESIAN_POINT('',(240.149996565655,-89.7000015646219,9.54999934062362));
#8735=CARTESIAN_POINT('',(240.149996565655,-91.0000015646219,9.29999948032201));
#8736=CARTESIAN_POINT('Origin',(239.749996574596,-89.7000015646219,9.94999933168292));
#8737=CARTESIAN_POINT('',(239.912497379584,-89.7000015646219,9.78749852669426));
#8738=CARTESIAN_POINT('',(239.912497379584,-91.0000015646219,9.78749852669426));
#8739=CARTESIAN_POINT('Origin',(239.500000082888,-89.7000015646219,9.04999962002039));
#8740=CARTESIAN_POINT('',(217.875000075903,-89.7000015646219,10.0000002682209));
#8741=CARTESIAN_POINT('Origin',(239.500000082888,-91.0000015646219,9.04999962002039));
#8742=CARTESIAN_POINT('',(217.875000075903,-91.0000015646219,10.0000002682209));
#8743=CARTESIAN_POINT('Origin',(153.249996574596,-91.0000015646219,9.94999933168292));
#8744=CARTESIAN_POINT('',(153.249996574596,-89.7000015646219,9.94999933168292));
#8745=CARTESIAN_POINT('',(153.249996574596,-91.0000015646219,9.94999933168292));
#8746=CARTESIAN_POINT('',(153.249996574596,-89.7000015646219,9.94999933168292));
#8747=CARTESIAN_POINT('',(153.249996574596,-89.7000015646219,9.99999933168292));
#8748=CARTESIAN_POINT('',(153.249996574596,-89.7000015646219,9.94999933168292));
#8749=CARTESIAN_POINT('',(153.249996574596,-91.0000015646219,9.99999933168292));
#8750=CARTESIAN_POINT('',(153.249996574596,-90.4500016596168,10.0000002682209));
#8751=CARTESIAN_POINT('',(153.249996574596,-91.0000015646219,9.94999933168292));
#8752=CARTESIAN_POINT('Origin',(152.749996585771,-89.7000015646219,9.94999933168292));
#8753=CARTESIAN_POINT('',(152.749996585771,-89.7000015646219,9.94999933168292));
#8754=CARTESIAN_POINT('',(152.749996585771,-91.0000015646219,9.94999933168292));
#8755=CARTESIAN_POINT('',(152.749996585771,-89.7000015646219,9.94999933168292));
#8756=CARTESIAN_POINT('',(152.749996585771,-91.0000015646219,9.99999933168292));
#8757=CARTESIAN_POINT('',(152.749996585771,-91.0000015646219,9.94999933168292));
#8758=CARTESIAN_POINT('',(152.749996585771,-89.7000015646219,9.99999933168292));
#8759=CARTESIAN_POINT('',(152.749996585771,-89.8000016596168,10.0000002682209));
#8760=CARTESIAN_POINT('',(152.749996585771,-89.7000015646219,9.94999933168292));
#8761=CARTESIAN_POINT('Origin',(152.349996594712,-89.7000015646219,9.54999934062362));
#8762=CARTESIAN_POINT('',(152.349996594712,-89.7000015646219,9.54999934062362));
#8763=CARTESIAN_POINT('',(152.387497536605,-89.7000015646219,9.58750028251672));
#8764=CARTESIAN_POINT('',(152.349996594712,-91.0000015646219,9.54999934062362));
#8765=CARTESIAN_POINT('',(152.349996594712,-89.7000015646219,9.54999934062362));
#8766=CARTESIAN_POINT('',(152.387497536605,-91.0000015646219,9.58750028251672));
#8767=CARTESIAN_POINT('Origin',(152.349996594712,-89.7000015646219,8.14999937191603));
#8768=CARTESIAN_POINT('',(152.349996594712,-89.7000015646219,8.14999937191603));
#8769=CARTESIAN_POINT('',(152.349996594712,-89.7000015646219,8.5999994959682));
#8770=CARTESIAN_POINT('',(152.349996594712,-91.0000015646219,8.14999937191603));
#8771=CARTESIAN_POINT('',(152.349996594712,-89.7000015646219,8.14999937191603));
#8772=CARTESIAN_POINT('',(152.349996594712,-91.0000015646219,8.5999994959682));
#8773=CARTESIAN_POINT('Origin',(153.649996565655,-89.7000015646219,8.14999937191606));
#8774=CARTESIAN_POINT('',(153.649996565655,-89.7000015646219,8.14999937191606));
#8775=CARTESIAN_POINT('',(153.324998324271,-89.7000015646219,8.14999937191605));
#8776=CARTESIAN_POINT('',(153.649996565655,-91.0000015646219,8.14999937191606));
#8777=CARTESIAN_POINT('',(153.649996565655,-89.7000015646219,8.14999937191606));
#8778=CARTESIAN_POINT('',(153.324998324271,-91.0000015646219,8.14999937191605));
#8779=CARTESIAN_POINT('Origin',(153.649996565655,-89.7000015646219,9.54999934062362));
#8780=CARTESIAN_POINT('',(153.649996565655,-89.7000015646219,9.54999934062362));
#8781=CARTESIAN_POINT('',(153.649996565655,-89.7000015646219,9.29999948032201));
#8782=CARTESIAN_POINT('',(153.649996565655,-91.0000015646219,9.54999934062362));
#8783=CARTESIAN_POINT('',(153.649996565655,-89.7000015646219,9.54999934062362));
#8784=CARTESIAN_POINT('',(153.649996565655,-91.0000015646219,9.29999948032201));
#8785=CARTESIAN_POINT('Origin',(153.249996574596,-89.7000015646219,9.94999933168292));
#8786=CARTESIAN_POINT('',(153.412497379584,-89.7000015646219,9.78749852669426));
#8787=CARTESIAN_POINT('',(153.412497379584,-91.0000015646219,9.78749852669426));
#8788=CARTESIAN_POINT('Origin',(153.000000082888,-89.7000015646219,9.04999962002039));
#8789=CARTESIAN_POINT('',(174.625000075903,-89.7000015646219,10.0000002682209));
#8790=CARTESIAN_POINT('Origin',(153.000000082888,-91.0000015646219,9.04999962002039));
#8791=CARTESIAN_POINT('',(174.625000075903,-91.0000015646219,10.0000002682209));
#8792=CARTESIAN_POINT('Origin',(153.249996574596,-105.000001564622,9.94999933168292));
#8793=CARTESIAN_POINT('',(153.249996574596,-103.700001564622,9.94999933168292));
#8794=CARTESIAN_POINT('',(153.249996574596,-105.000001564622,9.94999933168292));
#8795=CARTESIAN_POINT('',(153.249996574596,-103.700001564622,9.94999933168292));
#8796=CARTESIAN_POINT('',(153.249996574596,-103.700001564622,9.99999933168292));
#8797=CARTESIAN_POINT('',(153.249996574596,-103.700001564622,9.94999933168292));
#8798=CARTESIAN_POINT('',(153.249996574596,-105.000001564622,9.99999933168292));
#8799=CARTESIAN_POINT('',(153.249996574596,-97.4500016596168,10.0000002682209));
#8800=CARTESIAN_POINT('',(153.249996574596,-105.000001564622,9.94999933168292));
#8801=CARTESIAN_POINT('Origin',(152.749996585771,-103.700001564622,9.94999933168292));
#8802=CARTESIAN_POINT('',(152.749996585771,-103.700001564622,9.94999933168292));
#8803=CARTESIAN_POINT('',(152.749996585771,-105.000001564622,9.94999933168292));
#8804=CARTESIAN_POINT('',(152.749996585771,-103.700001564622,9.94999933168292));
#8805=CARTESIAN_POINT('',(152.749996585771,-105.000001564622,9.99999933168292));
#8806=CARTESIAN_POINT('',(152.749996585771,-105.000001564622,9.94999933168292));
#8807=CARTESIAN_POINT('',(152.749996585771,-103.700001564622,9.99999933168292));
#8808=CARTESIAN_POINT('',(152.749996585771,-96.8000016596168,10.0000002682209));
#8809=CARTESIAN_POINT('',(152.749996585771,-103.700001564622,9.94999933168292));
#8810=CARTESIAN_POINT('Origin',(152.349996594712,-103.700001564622,9.54999934062362));
#8811=CARTESIAN_POINT('',(152.349996594712,-103.700001564622,9.54999934062362));
#8812=CARTESIAN_POINT('',(152.387497536605,-103.700001564622,9.58750028251672));
#8813=CARTESIAN_POINT('',(152.349996594712,-105.000001564622,9.54999934062362));
#8814=CARTESIAN_POINT('',(152.349996594712,-103.700001564622,9.54999934062362));
#8815=CARTESIAN_POINT('',(152.387497536605,-105.000001564622,9.58750028251672));
#8816=CARTESIAN_POINT('Origin',(152.349996594712,-103.700001564622,8.14999937191603));
#8817=CARTESIAN_POINT('',(152.349996594712,-103.700001564622,8.14999937191603));
#8818=CARTESIAN_POINT('',(152.349996594712,-103.700001564622,8.5999994959682));
#8819=CARTESIAN_POINT('',(152.349996594712,-105.000001564622,8.14999937191603));
#8820=CARTESIAN_POINT('',(152.349996594712,-103.700001564622,8.14999937191603));
#8821=CARTESIAN_POINT('',(152.349996594712,-105.000001564622,8.5999994959682));
#8822=CARTESIAN_POINT('Origin',(153.649996565655,-103.700001564622,8.14999937191606));
#8823=CARTESIAN_POINT('',(153.649996565655,-103.700001564622,8.14999937191606));
#8824=CARTESIAN_POINT('',(153.324998324271,-103.700001564622,8.14999937191605));
#8825=CARTESIAN_POINT('',(153.649996565655,-105.000001564622,8.14999937191606));
#8826=CARTESIAN_POINT('',(153.649996565655,-103.700001564622,8.14999937191606));
#8827=CARTESIAN_POINT('',(153.324998324271,-105.000001564622,8.14999937191605));
#8828=CARTESIAN_POINT('Origin',(153.649996565655,-103.700001564622,9.54999934062362));
#8829=CARTESIAN_POINT('',(153.649996565655,-103.700001564622,9.54999934062362));
#8830=CARTESIAN_POINT('',(153.649996565655,-103.700001564622,9.29999948032201));
#8831=CARTESIAN_POINT('',(153.649996565655,-105.000001564622,9.54999934062362));
#8832=CARTESIAN_POINT('',(153.649996565655,-103.700001564622,9.54999934062362));
#8833=CARTESIAN_POINT('',(153.649996565655,-105.000001564622,9.29999948032201));
#8834=CARTESIAN_POINT('Origin',(153.249996574596,-103.700001564622,9.94999933168292));
#8835=CARTESIAN_POINT('',(153.412497379584,-103.700001564622,9.78749852669426));
#8836=CARTESIAN_POINT('',(153.412497379584,-105.000001564622,9.78749852669426));
#8837=CARTESIAN_POINT('Origin',(153.000000082888,-103.700001564622,9.04999962002039));
#8838=CARTESIAN_POINT('',(174.625000075903,-103.700001564622,10.0000002682209));
#8839=CARTESIAN_POINT('Origin',(153.000000082888,-105.000001564622,9.04999962002039));
#8840=CARTESIAN_POINT('',(174.625000075903,-105.000001564622,10.0000002682209));
#8841=CARTESIAN_POINT('Origin',(161.678757684078,-100.564431955194,10.0000002682209));
#8842=CARTESIAN_POINT('',(161.678757684078,-100.564431955194,10.0000002682209));
#8843=CARTESIAN_POINT('',(161.678757684078,-82.4526222135768,10.0000002682209));
#8844=CARTESIAN_POINT('',(161.678757684078,-100.564431955194,10.0000002682209));
#8845=CARTESIAN_POINT('',(161.678757684078,-82.4526222135768,12.0000002682209));
#8846=CARTESIAN_POINT('',(161.678757684078,-82.4526222135768,10.0000002682209));
#8847=CARTESIAN_POINT('',(161.678757684078,-100.564431955194,12.0000002682209));
#8848=CARTESIAN_POINT('',(161.678757684078,-100.564431955194,12.0000002682209));
#8849=CARTESIAN_POINT('',(161.678757684078,-100.564431955194,10.0000002682209));
#8850=CARTESIAN_POINT('Origin',(224.381097240512,-100.564431955194,10.0000002682209));
#8851=CARTESIAN_POINT('',(224.381097240512,-100.564431955194,10.0000002682209));
#8852=CARTESIAN_POINT('',(224.381097240512,-100.564431955194,10.0000002682209));
#8853=CARTESIAN_POINT('',(224.381097240512,-100.564431955194,12.0000002682209));
#8854=CARTESIAN_POINT('',(224.381097240512,-100.564431955194,12.0000002682209));
#8855=CARTESIAN_POINT('',(224.381097240512,-100.564431955194,10.0000002682209));
#8856=CARTESIAN_POINT('Origin',(224.381097240512,-82.4526222135768,10.0000002682209));
#8857=CARTESIAN_POINT('',(224.381097240512,-82.4526222135768,10.0000002682209));
#8858=CARTESIAN_POINT('',(224.381097240512,-82.4526222135768,10.0000002682209));
#8859=CARTESIAN_POINT('',(224.381097240512,-82.4526222135768,12.0000002682209));
#8860=CARTESIAN_POINT('',(224.381097240512,-82.4526222135768,12.0000002682209));
#8861=CARTESIAN_POINT('',(224.381097240512,-82.4526222135768,10.0000002682209));
#8862=CARTESIAN_POINT('Origin',(161.678757684078,-82.4526222135768,10.0000002682209));
#8863=CARTESIAN_POINT('',(161.678757684078,-82.4526222135768,10.0000002682209));
#8864=CARTESIAN_POINT('',(161.678757684078,-82.4526222135768,12.0000002682209));
#8865=CARTESIAN_POINT('Origin',(151.499996546656,-74.3000019371509,10.0000002682209));
#8866=CARTESIAN_POINT('',(151.499996546656,-105.500001572073,10.0000002682209));
#8867=CARTESIAN_POINT('',(151.499996546656,-74.3000019371509,10.0000002682209));
#8868=CARTESIAN_POINT('',(151.499996546656,-105.500001572073,10.0000002682209));
#8869=CARTESIAN_POINT('',(151.499996546656,-105.500001572073,12.0000002682209));
#8870=CARTESIAN_POINT('',(151.499996546656,-105.500001572073,10.0000002682209));
#8871=CARTESIAN_POINT('',(151.499996546656,-74.3000019371509,12.0000002682209));
#8872=CARTESIAN_POINT('',(151.499996546656,-105.500001572073,12.0000002682209));
#8873=CARTESIAN_POINT('',(151.499996546656,-74.3000019371509,10.0000002682209));
#8874=CARTESIAN_POINT('Origin',(241.00000359118,-74.3000019371509,10.0000002682209));
#8875=CARTESIAN_POINT('',(241.00000359118,-74.3000019371509,10.0000002682209));
#8876=CARTESIAN_POINT('',(151.499996546656,-74.3000019371509,10.0000002682209));
#8877=CARTESIAN_POINT('',(241.00000359118,-74.3000019371509,12.0000002682209));
#8878=CARTESIAN_POINT('',(151.499996546656,-74.3000019371509,12.0000002682209));
#8879=CARTESIAN_POINT('',(241.00000359118,-74.3000019371509,10.0000002682209));
#8880=CARTESIAN_POINT('Origin',(241.00000359118,-105.500001572073,10.0000002682209));
#8881=CARTESIAN_POINT('',(241.00000359118,-105.500001572073,10.0000002682209));
#8882=CARTESIAN_POINT('',(241.00000359118,-74.3000019371509,10.0000002682209));
#8883=CARTESIAN_POINT('',(241.00000359118,-105.500001572073,12.0000002682209));
#8884=CARTESIAN_POINT('',(241.00000359118,-74.3000019371509,12.0000002682209));
#8885=CARTESIAN_POINT('',(241.00000359118,-105.500001572073,10.0000002682209));
#8886=CARTESIAN_POINT('Origin',(151.499996546656,-105.500001572073,10.0000002682209));
#8887=CARTESIAN_POINT('',(241.00000359118,-105.500001572073,10.0000002682209));
#8888=CARTESIAN_POINT('',(241.00000359118,-105.500001572073,12.0000002682209));
#8889=CARTESIAN_POINT('Origin',(196.250000068918,-89.9000017546117,12.0000002682209));
#8890=CARTESIAN_POINT('Origin',(196.250000068918,-89.9000017546117,10.0000002682209));
#8891=CARTESIAN_POINT('Origin',(161.759604284135,-59.1273043124878,-2.00000000000013));
#8892=CARTESIAN_POINT('',(161.759604284135,-59.1273043124878,-3.65000000000014));
#8893=CARTESIAN_POINT('Origin',(161.759604284135,-59.1273043124878,-2.00000000000013));
#8894=CARTESIAN_POINT('',(160.497736124163,-57.325169815052,-3.65000000000014));
#8895=CARTESIAN_POINT('',(161.759604284135,-59.1273043124878,-3.65000000000014));
#8896=CARTESIAN_POINT('Origin',(160.497736124163,-57.325169815052,-2.00000000000013));
#8897=CARTESIAN_POINT('Origin',(160.497736124163,-57.325169815052,-2.00000000000013));
#8898=CARTESIAN_POINT('',(162.373886859886,-56.0114749270808,-3.33295317178202));
#8899=CARTESIAN_POINT('',(158.62158538844,-58.6388647030231,-3.33295317178198));
#8900=CARTESIAN_POINT('Origin',(160.497736124163,-57.325169815052,-2.00000000000014));
#8901=CARTESIAN_POINT('',(162.373886859887,-56.0114749270808,-0.667046828218254));
#8902=CARTESIAN_POINT('Origin',(163.364768279175,-55.3176522878233,-2.00000000000014));
#8903=CARTESIAN_POINT('',(158.62158538844,-58.6388647030231,-0.66704682821829));
#8904=CARTESIAN_POINT('Origin',(160.497736124163,-57.325169815052,-2.00000000000014));
#8905=CARTESIAN_POINT('Origin',(157.630703969152,-59.3326873422806,-2.00000000000014));
#8906=CARTESIAN_POINT('Origin',(161.759604284135,-59.1273043124878,-2.00000000000013));
#8907=CARTESIAN_POINT('',(159.883453548412,-60.4409992004589,-3.33295317178198));
#8908=CARTESIAN_POINT('',(163.635755019859,-57.8136094245166,-3.33295317178202));
#8909=CARTESIAN_POINT('Origin',(161.759604284135,-59.1273043124878,-2.00000000000014));
#8910=CARTESIAN_POINT('',(159.883453548412,-60.4409992004589,-0.66704682821829));
#8911=CARTESIAN_POINT('Origin',(158.892572129124,-61.1348218397164,-2.00000000000014));
#8912=CARTESIAN_POINT('',(163.635755019859,-57.8136094245166,-0.667046828218254));
#8913=CARTESIAN_POINT('Origin',(161.759604284135,-59.1273043124878,-2.00000000000014));
#8914=CARTESIAN_POINT('Origin',(164.626636439147,-57.1197867852591,-2.00000000000014));
#8915=CARTESIAN_POINT('Origin',(163.135337704634,-54.9899914701077,-2.00000000000014));
#8916=CARTESIAN_POINT('',(163.864915106867,-58.1408839460023,-0.667046828218254));
#8917=CARTESIAN_POINT('',(162.144456285346,-55.6838141093652,-0.667046828218254));
#8918=CARTESIAN_POINT('',(163.864915106867,-58.1408839460023,-3.33295317178202));
#8919=CARTESIAN_POINT('Origin',(164.855796526155,-57.4470613067449,-2.00000000000014));
#8920=CARTESIAN_POINT('',(162.144456285346,-55.6838141093652,-3.33295317178202));
#8921=CARTESIAN_POINT('Origin',(163.135337704634,-54.9899914701077,-2.00000000000014));
#8922=CARTESIAN_POINT('',(162.144456285346,-55.6838141093652,-3.33295317178202));
#8923=CARTESIAN_POINT('',(162.144456285346,-55.6838141093652,-3.33295317178202));
#8924=CARTESIAN_POINT('',(162.144456285346,-55.6838141093652,-0.667046828218254));
#8925=CARTESIAN_POINT('Origin',(163.135337704634,-54.9899914701077,-2.00000000000014));
#8926=CARTESIAN_POINT('',(162.144456285346,-55.6838141093652,-0.667046828218254));
#8927=CARTESIAN_POINT('Origin',(160.268305549623,-56.9975089973364,-2.00000000000014));
#8928=CARTESIAN_POINT('',(160.11261363542,-60.7682737219446,-0.66704682821829));
#8929=CARTESIAN_POINT('',(158.392154813899,-58.3112038853075,-0.66704682821829));
#8930=CARTESIAN_POINT('Origin',(161.988764371144,-59.4545788339735,-2.00000000000014));
#8931=CARTESIAN_POINT('Origin',(160.268305549623,-56.9975089973364,-2.00000000000014));
#8932=CARTESIAN_POINT('',(158.392154813899,-58.3112038853075,-0.66704682821829));
#8933=CARTESIAN_POINT('Origin',(160.268305549623,-56.9975089973364,-2.00000000000014));
#8934=CARTESIAN_POINT('',(158.392154813899,-58.3112038853075,-0.66704682821829));
#8935=CARTESIAN_POINT('Origin',(157.401273394611,-59.005026524565,-2.00000000000014));
#8936=CARTESIAN_POINT('',(160.11261363542,-60.7682737219446,-3.33295317178198));
#8937=CARTESIAN_POINT('',(158.392154813899,-58.3112038853075,-3.33295317178198));
#8938=CARTESIAN_POINT('Origin',(159.121732216132,-61.4620963612021,-2.00000000000014));
#8939=CARTESIAN_POINT('Origin',(160.268305549623,-56.9975089973364,-2.00000000000014));
#8940=CARTESIAN_POINT('Origin',(161.988764371144,-59.4545788339735,-2.00000000000014));
#8941=CARTESIAN_POINT('Origin',(231.153747374589,-59.4342936102791,-2.08672213474677));
#8942=CARTESIAN_POINT('',(231.153747374589,-59.4342936102791,-0.436722134746763));
#8943=CARTESIAN_POINT('Origin',(231.153747374589,-59.4342936102791,-2.08672213474677));
#8944=CARTESIAN_POINT('',(232.415615534561,-57.6321591128434,-0.436722134746763));
#8945=CARTESIAN_POINT('',(231.153747374589,-59.4342936102791,-0.436722134746763));
#8946=CARTESIAN_POINT('Origin',(232.415615534561,-57.6321591128434,-2.08672213474677));
#8947=CARTESIAN_POINT('Origin',(232.415615534561,-57.6321591128434,-2.08672213474677));
#8948=CARTESIAN_POINT('',(234.291766270284,-58.9458540008145,-3.41967530652868));
#8949=CARTESIAN_POINT('',(230.539464798838,-56.3184642248722,-3.41967530652864));
#8950=CARTESIAN_POINT('Origin',(232.415615534561,-57.6321591128434,-2.0867221347468));
#8951=CARTESIAN_POINT('',(234.291766270284,-58.9458540008145,-0.753768962964915));
#8952=CARTESIAN_POINT('Origin',(235.282647689572,-59.639676640072,-2.0867221347468));
#8953=CARTESIAN_POINT('',(230.539464798838,-56.3184642248722,-0.75376896296495));
#8954=CARTESIAN_POINT('Origin',(232.415615534561,-57.6321591128434,-2.0867221347468));
#8955=CARTESIAN_POINT('Origin',(229.548583379549,-55.6246415856147,-2.0867221347468));
#8956=CARTESIAN_POINT('Origin',(231.153747374589,-59.4342936102791,-2.08672213474677));
#8957=CARTESIAN_POINT('',(229.277596638865,-58.120598722308,-3.41967530652864));
#8958=CARTESIAN_POINT('',(233.029898110312,-60.7479884982503,-3.41967530652868));
#8959=CARTESIAN_POINT('Origin',(231.153747374589,-59.4342936102791,-2.0867221347468));
#8960=CARTESIAN_POINT('',(229.277596638865,-58.120598722308,-0.75376896296495));
#8961=CARTESIAN_POINT('Origin',(228.286715219577,-57.4267760830504,-2.0867221347468));
#8962=CARTESIAN_POINT('',(233.029898110312,-60.7479884982503,-0.753768962964915));
#8963=CARTESIAN_POINT('Origin',(231.153747374589,-59.4342936102791,-2.0867221347468));
#8964=CARTESIAN_POINT('Origin',(234.0207795296,-61.4418111375078,-2.0867221347468));
#8965=CARTESIAN_POINT('Origin',(235.512078264113,-59.3120158223563,-2.0867221347468));
#8966=CARTESIAN_POINT('',(232.808987279619,-61.0634818607716,-0.753768962964915));
#8967=CARTESIAN_POINT('',(234.521196844825,-58.6181931830989,-0.753768962964915));
#8968=CARTESIAN_POINT('',(232.808987279619,-61.0634818607716,-3.41967530652868));
#8969=CARTESIAN_POINT('Origin',(233.799868698907,-61.7573045000291,-2.0867221347468));
#8970=CARTESIAN_POINT('',(234.521196844825,-58.6181931830988,-3.41967530652868));
#8971=CARTESIAN_POINT('Origin',(235.512078264113,-59.3120158223563,-2.0867221347468));
#8972=CARTESIAN_POINT('',(234.521196844825,-58.6181931830988,-3.41967530652868));
#8973=CARTESIAN_POINT('',(234.521196844825,-58.6181931830988,-3.41967530652868));
#8974=CARTESIAN_POINT('',(234.521196844825,-58.6181931830989,-0.753768962964915));
#8975=CARTESIAN_POINT('Origin',(235.512078264113,-59.3120158223563,-2.0867221347468));
#8976=CARTESIAN_POINT('',(234.521196844825,-58.6181931830989,-0.753768962964915));
#8977=CARTESIAN_POINT('Origin',(232.645046109101,-57.3044982951277,-2.0867221347468));
#8978=CARTESIAN_POINT('',(229.056685808173,-58.4360920848293,-0.75376896296495));
#8979=CARTESIAN_POINT('',(230.768895373378,-55.9908034071566,-0.75376896296495));
#8980=CARTESIAN_POINT('Origin',(230.932836543896,-59.7497869728005,-2.0867221347468));
#8981=CARTESIAN_POINT('Origin',(232.645046109101,-57.3044982951277,-2.0867221347468));
#8982=CARTESIAN_POINT('',(230.768895373378,-55.9908034071566,-0.75376896296495));
#8983=CARTESIAN_POINT('Origin',(232.645046109101,-57.3044982951277,-2.0867221347468));
#8984=CARTESIAN_POINT('',(230.768895373378,-55.9908034071566,-0.75376896296495));
#8985=CARTESIAN_POINT('Origin',(229.77801395409,-55.296980767899,-2.0867221347468));
#8986=CARTESIAN_POINT('',(229.056685808173,-58.4360920848293,-3.41967530652864));
#8987=CARTESIAN_POINT('',(230.768895373378,-55.9908034071566,-3.41967530652864));
#8988=CARTESIAN_POINT('Origin',(228.065804388885,-57.7422694455718,-2.0867221347468));
#8989=CARTESIAN_POINT('Origin',(232.645046109101,-57.3044982951277,-2.0867221347468));
#8990=CARTESIAN_POINT('Origin',(230.932836543896,-59.7497869728005,-2.0867221347468));
#8991=CARTESIAN_POINT('Origin',(232.645046109101,-57.3044982951277,-2.0867221347468));
#8992=CARTESIAN_POINT('',(234.201545754911,-62.0385618025685,-3.81864299680975));
#8993=CARTESIAN_POINT('',(227.664127332881,-57.4610121430325,-3.81864299680975));
#8994=CARTESIAN_POINT('Origin',(230.932836543896,-59.7497869728005,-2.0867221347468));
#8995=CARTESIAN_POINT('',(234.422456585603,-61.723068440047,-3.81864299680975));
#8996=CARTESIAN_POINT('',(235.913755320116,-59.5932731248957,-3.81864299680975));
#8997=CARTESIAN_POINT('',(227.885038163574,-57.1455187805111,-3.81864299680975));
#8998=CARTESIAN_POINT('Origin',(231.153747374589,-59.4342936102791,-2.0867221347468));
#8999=CARTESIAN_POINT('',(229.376336898087,-55.0157234653598,-3.81864299680975));
#9000=CARTESIAN_POINT('Origin',(235.512078264113,-59.3120158223563,-2.0867221347468));
#9001=CARTESIAN_POINT('',(234.201545754911,-62.0385618025685,-0.354801272683839));
#9002=CARTESIAN_POINT('Origin',(233.799868698907,-61.7573045000291,-2.0867221347468));
#9003=CARTESIAN_POINT('',(234.422456585603,-61.723068440047,-0.354801272683839));
#9004=CARTESIAN_POINT('',(235.913755320116,-59.5932731248957,-0.354801272683839));
#9005=CARTESIAN_POINT('Origin',(234.0207795296,-61.4418111375077,-2.0867221347468));
#9006=CARTESIAN_POINT('Origin',(232.645046109101,-57.3044982951277,-2.0867221347468));
#9007=CARTESIAN_POINT('',(224.817114542417,-55.4675123257697,-2.80091275917416));
#9008=CARTESIAN_POINT('',(226.529324107622,-53.0222236480971,-2.80091275917708));
#9009=CARTESIAN_POINT('',(226.529324107622,-53.0222236480971,-2.80091275917708));
#9010=CARTESIAN_POINT('',(237.04134614716,-64.0270114442325,-1.28580937557073));
#9011=CARTESIAN_POINT('Origin',(230.932836543896,-59.7497869728005,-2.0867221347468));
#9012=CARTESIAN_POINT('',(238.753555712365,-61.5817227665596,-1.28580937556781));
#9013=CARTESIAN_POINT('',(238.753555712365,-61.5817227665596,-1.28580937556781));
#9014=CARTESIAN_POINT('Origin',(232.645046109101,-57.3044982951277,-2.0867221347468));
#9015=CARTESIAN_POINT('Origin',(232.415615534561,-57.6321591128433,-2.0867221347468));
#9016=CARTESIAN_POINT('',(232.415615534561,-57.6321591128433,-7.5180892068107));
#9017=CARTESIAN_POINT('Origin',(232.415615534561,-57.6321591128433,-2.0867221347468));
#9018=CARTESIAN_POINT('',(231.153747374589,-59.434293610279,-7.5180892068107));
#9019=CARTESIAN_POINT('',(232.415615534561,-57.6321591128433,-7.5180892068107));
#9020=CARTESIAN_POINT('Origin',(231.153747374589,-59.434293610279,-2.0867221347468));
#9021=CARTESIAN_POINT('Origin',(231.153747374589,-59.434293610279,-2.0867221347468));
#9022=CARTESIAN_POINT('',(227.885038163574,-57.1455187805111,-0.354801272683839));
#9023=CARTESIAN_POINT('Origin',(228.286715219577,-57.4267760830503,-2.0867221347468));
#9024=CARTESIAN_POINT('Origin',(231.153747374589,-59.4342936102791,-2.0867221347468));
#9025=CARTESIAN_POINT('Origin',(232.415615534561,-57.6321591128433,-2.0867221347468));
#9026=CARTESIAN_POINT('',(229.146906323546,-55.3433842830754,-0.354801272683839));
#9027=CARTESIAN_POINT('',(229.146906323546,-55.3433842830753,-3.81864299680975));
#9028=CARTESIAN_POINT('Origin',(229.548583379549,-55.6246415856146,-2.0867221347468));
#9029=CARTESIAN_POINT('',(235.684324745576,-59.9209339426112,-0.354801272683839));
#9030=CARTESIAN_POINT('Origin',(232.415615534561,-57.6321591128433,-2.0867221347468));
#9031=CARTESIAN_POINT('',(235.684324745576,-59.9209339426112,-3.81864299680975));
#9032=CARTESIAN_POINT('Origin',(235.282647689572,-59.6396766400719,-2.0867221347468));
#9033=CARTESIAN_POINT('Origin',(232.415615534561,-57.6321591128433,-2.0867221347468));
#9034=CARTESIAN_POINT('Origin',(235.512078264113,-59.3120158223563,-2.0867221347468));
#9035=CARTESIAN_POINT('',(235.913755320116,-59.5932731248957,-0.354801272683839));
#9036=CARTESIAN_POINT('',(235.913755320116,-59.5932731248957,-0.354801272683839));
#9037=CARTESIAN_POINT('',(235.913755320116,-59.5932731248957,-3.81864299680975));
#9038=CARTESIAN_POINT('Origin',(235.512078264113,-59.3120158223563,-2.0867221347468));
#9039=CARTESIAN_POINT('',(235.913755320116,-59.5932731248957,-3.81864299680975));
#9040=CARTESIAN_POINT('Origin',(232.645046109101,-57.3044982951277,-2.0867221347468));
#9041=CARTESIAN_POINT('',(229.376336898087,-55.0157234653598,-3.81864299680975));
#9042=CARTESIAN_POINT('Origin',(232.645046109101,-57.3044982951277,-2.0867221347468));
#9043=CARTESIAN_POINT('',(229.376336898087,-55.0157234653598,-3.81864299680975));
#9044=CARTESIAN_POINT('Origin',(232.645046109101,-57.3044982951277,-2.0867221347468));
#9045=CARTESIAN_POINT('',(229.376336898087,-55.0157234653598,-0.354801272683839));
#9046=CARTESIAN_POINT('',(229.376336898087,-55.0157234653598,-0.354801272683839));
#9047=CARTESIAN_POINT('Origin',(232.645046109101,-57.3044982951277,-2.0867221347468));
#9048=CARTESIAN_POINT('Origin',(229.77801395409,-55.296980767899,-2.0867221347468));
#9049=CARTESIAN_POINT('Origin',(229.77801395409,-55.296980767899,-2.0867221347468));
#9050=CARTESIAN_POINT('Origin',(229.77801395409,-55.296980767899,-2.0867221347468));
#9051=CARTESIAN_POINT('',(227.664127332881,-57.4610121430325,-0.354801272683839));
#9052=CARTESIAN_POINT('Origin',(228.065804388885,-57.7422694455718,-2.0867221347468));
#9053=CARTESIAN_POINT('',(229.376336898087,-55.0157234653598,-0.354801272683839));
#9054=CARTESIAN_POINT('Origin',(232.645046109101,-57.3044982951277,-2.0867221347468));
#9055=CARTESIAN_POINT('Origin',(230.932836543896,-59.7497869728005,-2.0867221347468));
#9056=CARTESIAN_POINT('Origin',(232.645046109101,-57.3044982951277,-2.0867221347468));
#9057=CARTESIAN_POINT('Origin',(232.637833710886,-57.2994481195291,-1.99999999999999));
#9058=CARTESIAN_POINT('Origin',(241.25,-45.,-1.99999999999999));
#9059=CARTESIAN_POINT('',(224.781983813514,-55.442913524569,-1.99999999999999));
#9060=CARTESIAN_POINT('Origin',(230.925624145681,-59.7447367972018,-1.99999999999999));
#9061=CARTESIAN_POINT('',(230.638636077983,-47.0787472668858,-1.99999999999999));
#9062=CARTESIAN_POINT('',(235.106359667833,-40.6981767273671,-1.99999999999999));
#9063=CARTESIAN_POINT('',(242.504021098808,-56.2849232344826,-1.99999999999999));
#9064=CARTESIAN_POINT('Ctrl Pts',(242.504021098808,-56.2849232344826,-1.99999999999999));
#9065=CARTESIAN_POINT('Ctrl Pts',(242.504021098808,-56.2849232344826,-1.05724818801868));
#9066=CARTESIAN_POINT('Ctrl Pts',(242.367761990047,-56.1506663946734,-0.0527302422982248));
#9067=CARTESIAN_POINT('Ctrl Pts',(241.809433867683,-55.6148811162914,1.79324582492158));
#9068=CARTESIAN_POINT('Ctrl Pts',(241.386736668623,-55.2143996574479,2.63481762438047));
#9069=CARTESIAN_POINT('Ctrl Pts',(240.39727399546,-54.3108322327414,3.96567393073431));
#9070=CARTESIAN_POINT('Ctrl Pts',(239.763402547568,-53.7467900535377,4.54350874024994));
#9071=CARTESIAN_POINT('Ctrl Pts',(238.347198964052,-52.5464541478,5.31071024407946));
#9072=CARTESIAN_POINT('Ctrl Pts',(237.564110730529,-51.9110035881083,5.50000000000001));
#9073=CARTESIAN_POINT('Ctrl Pts',(236.072440912663,-50.7543951440626,5.50000000000001));
#9074=CARTESIAN_POINT('Ctrl Pts',(235.265289528741,-50.1565844716569,5.3121640970117));
#9075=CARTESIAN_POINT('Ctrl Pts',(233.757519701294,-49.0888024016969,4.54740327045279));
#9076=CARTESIAN_POINT('Ctrl Pts',(233.057562029491,-48.6178981005874,3.97047857277542));
#9077=CARTESIAN_POINT('Ctrl Pts',(231.942171517504,-47.8880209942931,2.63898695452851));
#9078=CARTESIAN_POINT('Ctrl Pts',(231.452580774149,-47.5803077933634,1.79555514321126));
#9079=CARTESIAN_POINT('Ctrl Pts',(230.800474643569,-47.1761407554418,-0.0527603384187457));
#9080=CARTESIAN_POINT('Ctrl Pts',(230.638636077983,-47.0787472668858,-1.05767714583285));
#9081=CARTESIAN_POINT('Ctrl Pts',(230.638636077983,-47.0787472668858,-1.99999999999999));
#9082=CARTESIAN_POINT('Ctrl Pts',(230.638636077983,-47.0787472668858,-1.99999999999999));
#9083=CARTESIAN_POINT('Ctrl Pts',(230.638636077983,-47.0787472668858,-2.94232285416714));
#9084=CARTESIAN_POINT('Ctrl Pts',(230.800474643569,-47.1761407554418,-3.94723966158124));
#9085=CARTESIAN_POINT('Ctrl Pts',(231.452580774149,-47.5803077933634,-5.79555514321125));
#9086=CARTESIAN_POINT('Ctrl Pts',(231.942171517504,-47.8880209942931,-6.6389869545285));
#9087=CARTESIAN_POINT('Ctrl Pts',(233.057562029491,-48.6178981005874,-7.9704785727754));
#9088=CARTESIAN_POINT('Ctrl Pts',(233.757519701294,-49.0888024016969,-8.54740327045277));
#9089=CARTESIAN_POINT('Ctrl Pts',(235.265289528741,-50.1565844716569,-9.31216409701169));
#9090=CARTESIAN_POINT('Ctrl Pts',(236.072440912663,-50.7543951440626,-9.49999999999999));
#9091=CARTESIAN_POINT('Ctrl Pts',(237.564110730529,-51.9110035881083,-9.49999999999999));
#9092=CARTESIAN_POINT('Ctrl Pts',(238.347198964052,-52.5464541478,-9.31071024407945));
#9093=CARTESIAN_POINT('Ctrl Pts',(239.763402547568,-53.7467900535377,-8.54350874024993));
#9094=CARTESIAN_POINT('Ctrl Pts',(240.39727399546,-54.3108322327414,-7.9656739307343));
#9095=CARTESIAN_POINT('Ctrl Pts',(241.386736668623,-55.2143996574479,-6.63481762438045));
#9096=CARTESIAN_POINT('Ctrl Pts',(241.809433867683,-55.6148811162914,-5.79324582492157));
#9097=CARTESIAN_POINT('Ctrl Pts',(242.367761990047,-56.1506663946734,-3.94726975770176));
#9098=CARTESIAN_POINT('Ctrl Pts',(242.504021098808,-56.2849232344826,-2.9427518119813));
#9099=CARTESIAN_POINT('Ctrl Pts',(242.504021098808,-56.2849232344826,-1.99999999999999));
#9100=CARTESIAN_POINT('Origin',(230.925624145681,-59.7447367972018,-1.99999999999999));
#9101=CARTESIAN_POINT('Origin',(230.925624145681,-59.7447367972018,-1.99999999999999));
#9102=CARTESIAN_POINT('Origin',(232.645046109101,-57.3044982951277,-2.0867221347468));
#9103=CARTESIAN_POINT('',(230.768895373378,-55.9908034071566,-3.41967530652864));
#9104=CARTESIAN_POINT('',(230.768895373378,-55.9908034071566,-3.41967530652864));
#9105=CARTESIAN_POINT('Origin',(232.645046109101,-57.3044982951277,-2.0867221347468));
#9106=CARTESIAN_POINT('Origin',(229.77801395409,-55.296980767899,-2.0867221347468));
#9107=CARTESIAN_POINT('Origin',(229.77801395409,-55.296980767899,-2.0867221347468));
#9108=CARTESIAN_POINT('Origin',(232.645046109101,-57.3044982951277,-2.0867221347468));
#9109=CARTESIAN_POINT('Origin',(160.268305549623,-56.9975089973364,-2.00000000000014));
#9110=CARTESIAN_POINT('',(158.392154813899,-58.3112038853075,-3.33295317178198));
#9111=CARTESIAN_POINT('',(158.392154813899,-58.3112038853075,-3.33295317178198));
#9112=CARTESIAN_POINT('Origin',(160.268305549623,-56.9975089973364,-2.00000000000014));
#9113=CARTESIAN_POINT('Origin',(157.401273394611,-59.005026524565,-2.00000000000014));
#9114=CARTESIAN_POINT('Origin',(157.401273394611,-59.005026524565,-2.00000000000014));
#9115=CARTESIAN_POINT('Origin',(160.268305549623,-56.9975089973364,-2.00000000000014));
#9116=CARTESIAN_POINT('Origin',(160.268305549623,-56.9975089973364,-2.00000000000014));
#9117=CARTESIAN_POINT('',(165.257473582158,-57.1658040042055,-3.73192086206309));
#9118=CARTESIAN_POINT('',(158.720055160129,-61.7433536637415,-3.73192086206309));
#9119=CARTESIAN_POINT('Origin',(161.988764371144,-59.4545788339735,-2.00000000000014));
#9120=CARTESIAN_POINT('',(165.02831349515,-56.8385294827198,-3.73192086206309));
#9121=CARTESIAN_POINT('',(163.537014760637,-54.7087341675684,-3.73192086206309));
#9122=CARTESIAN_POINT('',(158.490895073121,-61.4160791422557,-3.73192086206309));
#9123=CARTESIAN_POINT('Origin',(161.759604284135,-59.1273043124877,-2.00000000000014));
#9124=CARTESIAN_POINT('',(156.999596338608,-59.2862838271044,-3.73192086206309));
#9125=CARTESIAN_POINT('Origin',(163.135337704634,-54.9899914701077,-2.00000000000014));
#9126=CARTESIAN_POINT('',(165.257473582158,-57.1658040042055,-0.268079137937178));
#9127=CARTESIAN_POINT('Origin',(164.855796526155,-57.4470613067449,-2.00000000000014));
#9128=CARTESIAN_POINT('',(165.02831349515,-56.8385294827198,-0.268079137937178));
#9129=CARTESIAN_POINT('',(163.537014760637,-54.7087341675684,-0.268079137937178));
#9130=CARTESIAN_POINT('Origin',(164.626636439147,-57.1197867852591,-2.00000000000014));
#9131=CARTESIAN_POINT('Origin',(160.268305549623,-56.9975089973364,-2.00000000000014));
#9132=CARTESIAN_POINT('',(161.78157011273,-59.5996578155886,-9.49573362842997));
#9133=CARTESIAN_POINT('',(160.061111291209,-57.1425879789515,-9.49573362842997));
#9134=CARTESIAN_POINT('',(160.061111291209,-57.1425879789515,-9.49573362842997));
#9135=CARTESIAN_POINT('',(161.781570112732,-59.5996578155868,5.49573362842981));
#9136=CARTESIAN_POINT('Origin',(161.988764371144,-59.4545788339735,-2.00000000000014));
#9137=CARTESIAN_POINT('',(160.061111291212,-57.1425879789497,5.49573362842981));
#9138=CARTESIAN_POINT('',(160.061111291212,-57.1425879789497,5.49573362842981));
#9139=CARTESIAN_POINT('Origin',(160.268305549623,-56.9975089973364,-2.00000000000014));
#9140=CARTESIAN_POINT('Origin',(160.497736124163,-57.325169815052,-2.00000000000014));
#9141=CARTESIAN_POINT('',(160.497736124163,-57.325169815052,-7.43136707206403));
#9142=CARTESIAN_POINT('Origin',(160.497736124163,-57.325169815052,-2.00000000000014));
#9143=CARTESIAN_POINT('',(161.759604284135,-59.1273043124877,-7.43136707206403));
#9144=CARTESIAN_POINT('',(160.497736124163,-57.325169815052,-7.43136707206404));
#9145=CARTESIAN_POINT('Origin',(161.759604284135,-59.1273043124877,-2.00000000000014));
#9146=CARTESIAN_POINT('Origin',(161.759604284135,-59.1273043124877,-2.00000000000014));
#9147=CARTESIAN_POINT('',(158.490895073121,-61.4160791422557,-0.268079137937178));
#9148=CARTESIAN_POINT('Origin',(158.892572129124,-61.1348218397164,-2.00000000000014));
#9149=CARTESIAN_POINT('Origin',(161.759604284135,-59.1273043124877,-2.00000000000014));
#9150=CARTESIAN_POINT('Origin',(160.497736124163,-57.325169815052,-2.00000000000014));
#9151=CARTESIAN_POINT('',(157.229026913149,-59.6139446448199,-0.268079137937178));
#9152=CARTESIAN_POINT('',(157.229026913148,-59.61394464482,-3.73192086206309));
#9153=CARTESIAN_POINT('Origin',(157.630703969152,-59.3326873422806,-2.00000000000014));
#9154=CARTESIAN_POINT('',(163.766445335178,-55.0363949852839,-0.268079137937178));
#9155=CARTESIAN_POINT('Origin',(160.497736124163,-57.325169815052,-2.00000000000014));
#9156=CARTESIAN_POINT('',(163.766445335178,-55.0363949852839,-3.73192086206309));
#9157=CARTESIAN_POINT('Origin',(163.364768279175,-55.3176522878233,-2.00000000000014));
#9158=CARTESIAN_POINT('Origin',(160.497736124163,-57.325169815052,-2.00000000000014));
#9159=CARTESIAN_POINT('Origin',(163.135337704634,-54.9899914701077,-2.00000000000014));
#9160=CARTESIAN_POINT('',(163.537014760637,-54.7087341675684,-0.268079137937178));
#9161=CARTESIAN_POINT('',(163.537014760637,-54.7087341675684,-0.268079137937178));
#9162=CARTESIAN_POINT('',(163.537014760637,-54.7087341675684,-3.73192086206309));
#9163=CARTESIAN_POINT('Origin',(163.135337704634,-54.9899914701077,-2.00000000000014));
#9164=CARTESIAN_POINT('',(163.537014760637,-54.7087341675684,-3.73192086206309));
#9165=CARTESIAN_POINT('Origin',(160.268305549623,-56.9975089973364,-2.00000000000014));
#9166=CARTESIAN_POINT('',(156.999596338608,-59.2862838271044,-3.73192086206309));
#9167=CARTESIAN_POINT('Origin',(160.268305549623,-56.9975089973364,-2.00000000000014));
#9168=CARTESIAN_POINT('',(156.999596338608,-59.2862838271044,-3.73192086206309));
#9169=CARTESIAN_POINT('Origin',(160.268305549623,-56.9975089973364,-2.00000000000014));
#9170=CARTESIAN_POINT('',(156.999596338608,-59.2862838271043,-0.268079137937178));
#9171=CARTESIAN_POINT('',(156.999596338608,-59.2862838271043,-0.268079137937178));
#9172=CARTESIAN_POINT('Origin',(160.268305549623,-56.9975089973364,-2.00000000000014));
#9173=CARTESIAN_POINT('Origin',(157.401273394611,-59.005026524565,-2.00000000000014));
#9174=CARTESIAN_POINT('Origin',(157.401273394611,-59.005026524565,-2.00000000000014));
#9175=CARTESIAN_POINT('Origin',(157.401273394611,-59.005026524565,-2.00000000000014));
#9176=CARTESIAN_POINT('',(158.720055160129,-61.7433536637414,-0.268079137937178));
#9177=CARTESIAN_POINT('Origin',(159.121732216132,-61.4620963612021,-2.00000000000014));
#9178=CARTESIAN_POINT('',(156.999596338608,-59.2862838271043,-0.268079137937178));
#9179=CARTESIAN_POINT('Origin',(160.268305549623,-56.9975089973364,-2.00000000000014));
#9180=CARTESIAN_POINT('Origin',(161.988764371144,-59.4545788339735,-2.00000000000014));
#9181=CARTESIAN_POINT('Origin',(160.268305549623,-56.9975089973364,-2.00000000000014));
#9182=CARTESIAN_POINT('Origin',(159.853917032798,-57.2876669605647,-2.00000000000003));
#9183=CARTESIAN_POINT('Origin',(151.25,-45.,-2.00000000000003));
#9184=CARTESIAN_POINT('',(155.430735522151,-64.0465600698347,-2.00000000000003));
#9185=CARTESIAN_POINT('Origin',(161.574375854319,-59.7447367972018,-2.00000000000003));
#9186=CARTESIAN_POINT('',(149.995978957167,-56.2849233144232,-2.00000000000003));
#9187=CARTESIAN_POINT('',(145.106359667833,-49.3018232726328,-2.00000000000003));
#9188=CARTESIAN_POINT('',(161.86136396317,-47.0787473256577,-2.00000000000003));
#9189=CARTESIAN_POINT('Ctrl Pts',(161.86136396317,-47.0787473256577,-2.00000000000003));
#9190=CARTESIAN_POINT('Ctrl Pts',(161.86136396317,-47.0787473256577,-1.05767714584408));
#9191=CARTESIAN_POINT('Ctrl Pts',(161.699525397773,-47.1761408144767,-0.052760338432911));
#9192=CARTESIAN_POINT('Ctrl Pts',(161.047419267945,-47.5803078534737,1.79555514320626));
#9193=CARTESIAN_POINT('Ctrl Pts',(160.557828525152,-47.8880210552163,2.63898695453445));
#9194=CARTESIAN_POINT('Ctrl Pts',(159.442438014437,-48.6178981633965,3.97047857281388));
#9195=CARTESIAN_POINT('Ctrl Pts',(158.742480343432,-49.0888024657041,4.54740327049699));
#9196=CARTESIAN_POINT('Ctrl Pts',(157.234710517782,-50.1565845382551,5.31216409703577));
#9197=CARTESIAN_POINT('Ctrl Pts',(156.427559134862,-50.7543952120523,5.49999999999997));
#9198=CARTESIAN_POINT('Ctrl Pts',(154.93588931884,-51.9110036587474,5.49999999999997));
#9199=CARTESIAN_POINT('Ctrl Pts',(154.152801086275,-52.5464542198835,5.31071024405227));
#9200=CARTESIAN_POINT('Ctrl Pts',(152.736597504555,-53.7467901282725,4.54350874015684));
#9201=CARTESIAN_POINT('Ctrl Pts',(152.102726057498,-54.3108323086848,3.96567393060343));
#9202=CARTESIAN_POINT('Ctrl Pts',(151.113263385734,-55.2143997352404,2.63481762423948));
#9203=CARTESIAN_POINT('Ctrl Pts',(150.690566187293,-55.6148811948804,1.79324582483524));
#9204=CARTESIAN_POINT('Ctrl Pts',(150.132238065737,-56.1506664743376,-0.0527302423112201));
#9205=CARTESIAN_POINT('Ctrl Pts',(149.995978957167,-56.2849233144232,-1.05724818801468));
#9206=CARTESIAN_POINT('Ctrl Pts',(149.995978957167,-56.2849233144232,-2.00000000000003));
#9207=CARTESIAN_POINT('Ctrl Pts',(149.995978957167,-56.2849233144232,-2.00000000000003));
#9208=CARTESIAN_POINT('Ctrl Pts',(149.995978957167,-56.2849233144232,-2.94275181198537));
#9209=CARTESIAN_POINT('Ctrl Pts',(150.132238065737,-56.1506664743376,-3.94726975768884));
#9210=CARTESIAN_POINT('Ctrl Pts',(150.690566187293,-55.6148811948804,-5.7932458248353));
#9211=CARTESIAN_POINT('Ctrl Pts',(151.113263385734,-55.2143997352404,-6.63481762423953));
#9212=CARTESIAN_POINT('Ctrl Pts',(152.102726057498,-54.3108323086848,-7.96567393060348));
#9213=CARTESIAN_POINT('Ctrl Pts',(152.736597504555,-53.7467901282725,-8.5435087401569));
#9214=CARTESIAN_POINT('Ctrl Pts',(154.152801086275,-52.5464542198835,-9.31071024405233));
#9215=CARTESIAN_POINT('Ctrl Pts',(154.93588931884,-51.9110036587474,-9.50000000000003));
#9216=CARTESIAN_POINT('Ctrl Pts',(156.427559134862,-50.7543952120523,-9.50000000000003));
#9217=CARTESIAN_POINT('Ctrl Pts',(157.234710517782,-50.1565845382551,-9.31216409703583));
#9218=CARTESIAN_POINT('Ctrl Pts',(158.742480343432,-49.0888024657041,-8.54740327049705));
#9219=CARTESIAN_POINT('Ctrl Pts',(159.442438014437,-48.6178981633965,-7.97047857281394));
#9220=CARTESIAN_POINT('Ctrl Pts',(160.557828525152,-47.8880210552163,-6.63898695453451));
#9221=CARTESIAN_POINT('Ctrl Pts',(161.047419267945,-47.5803078534737,-5.79555514320632));
#9222=CARTESIAN_POINT('Ctrl Pts',(161.699525397773,-47.1761408144767,-3.94723966156715));
#9223=CARTESIAN_POINT('Ctrl Pts',(161.86136396317,-47.0787473256577,-2.94232285415598));
#9224=CARTESIAN_POINT('Ctrl Pts',(161.86136396317,-47.0787473256577,-2.00000000000003));
#9225=CARTESIAN_POINT('Origin',(161.574375854319,-59.7447367972018,-2.00000000000003));
#9226=CARTESIAN_POINT('Origin',(161.574375854319,-59.7447367972019,-2.00000000000003));
#9227=CARTESIAN_POINT('Origin',(230.925624145681,-59.7447367972018,-1.99999999999999));
#9228=CARTESIAN_POINT('Origin',(161.574375854319,-59.7447367972019,-2.00000000000003));
#9229=CARTESIAN_POINT('Origin',(196.250000068918,-103.650001959503,-24.9999997317791));
#9230=CARTESIAN_POINT('',(130.046638039026,-103.650001959503,-24.9999997317791));
#9231=CARTESIAN_POINT('Origin',(196.250000068918,-103.650001959503,-24.9999997317791));
#9232=CARTESIAN_POINT('',(142.250000068918,-103.650001959503,-24.9999997317791));
#9233=CARTESIAN_POINT('Origin',(196.250000068918,-103.650001959503,-24.9999997317791));
#9234=CARTESIAN_POINT('Origin',(196.250000068918,-103.650001959503,20.0000002682209));
#9235=CARTESIAN_POINT('',(130.046638039026,-103.650001959503,20.0000002682209));
#9236=CARTESIAN_POINT('Origin',(196.250000068918,-103.650001959503,20.0000002682209));
#9237=CARTESIAN_POINT('',(142.250000068918,-103.650001959503,20.0000002682209));
#9238=CARTESIAN_POINT('Origin',(196.250000068918,-103.650001959503,20.0000002682209));
#9239=CARTESIAN_POINT('Origin',(196.250000068918,-103.650001959503,20.0000002682209));
#9240=CARTESIAN_POINT('',(130.046638039026,-103.650001959503,20.0000002682209));
#9241=CARTESIAN_POINT('',(259.586816655073,-84.3800043260679,-4.46499966585542));
#9242=CARTESIAN_POINT('',(262.192613543396,-97.7800043260679,-4.46499966585544));
#9243=CARTESIAN_POINT('Origin',(196.250000068918,-103.650001959503,-4.46499966585543));
#9244=CARTESIAN_POINT('',(262.218631026551,-98.0800043260679,-4.1655910350138));
#9245=CARTESIAN_POINT('Ctrl Pts',(262.192613543396,-97.7800043260679,-4.46499966585544));
#9246=CARTESIAN_POINT('Ctrl Pts',(262.195966859847,-97.8176749461313,-4.46499966585544));
#9247=CARTESIAN_POINT('Ctrl Pts',(262.199509054054,-97.8578704812923,-4.45747147168582));
#9248=CARTESIAN_POINT('Ctrl Pts',(262.205963973385,-97.9318424764114,-4.42681653211169));
#9249=CARTESIAN_POINT('Ctrl Pts',(262.208878501409,-97.9656183765067,-4.40368881539677));
#9250=CARTESIAN_POINT('Ctrl Pts',(262.21344468331,-98.0188538196811,-4.35037504563538));
#9251=CARTESIAN_POINT('Ctrl Pts',(262.215404682703,-98.0419030304494,-4.31667865018457));
#9252=CARTESIAN_POINT('Ctrl Pts',(262.217990175258,-98.0723986811013,-4.24301449515485));
#9253=CARTESIAN_POINT('Ctrl Pts',(262.218624737676,-98.0799298433706,-4.20308022475418));
#9254=CARTESIAN_POINT('Ctrl Pts',(262.218630977338,-98.0800037432071,-4.16559103385666));
#9255=CARTESIAN_POINT('',(262.218631026551,-98.0800043260679,2.23500033414457));
#9256=CARTESIAN_POINT('',(262.218631026551,-98.0800043260679,20.0000002682209));
#9257=CARTESIAN_POINT('',(262.192613543396,-97.7800043260679,2.53500033414457));
#9258=CARTESIAN_POINT('Ctrl Pts',(262.218631026551,-98.0800043260679,2.23500033414459));
#9259=CARTESIAN_POINT('Ctrl Pts',(262.218631026551,-98.0800043260679,2.27266069214459));
#9260=CARTESIAN_POINT('Ctrl Pts',(262.21799695718,-98.0724786732561,2.31282193738182));
#9261=CARTESIAN_POINT('Ctrl Pts',(262.215404682703,-98.0419030304494,2.3866793184737));
#9262=CARTESIAN_POINT('Ctrl Pts',(262.21344468331,-98.0188538196811,2.42037571392452));
#9263=CARTESIAN_POINT('Ctrl Pts',(262.208878501409,-97.9656183765067,2.47368948368591));
#9264=CARTESIAN_POINT('Ctrl Pts',(262.205963973385,-97.9318424764114,2.49681720040082));
#9265=CARTESIAN_POINT('Ctrl Pts',(262.199509054054,-97.8578704812923,2.52747213997495));
#9266=CARTESIAN_POINT('Ctrl Pts',(262.195966859847,-97.8176749461313,2.53500033414457));
#9267=CARTESIAN_POINT('Ctrl Pts',(262.192613543396,-97.7800043260679,2.53500033414457));
#9268=CARTESIAN_POINT('',(259.586816655073,-84.3800043260679,2.53500033414456));
#9269=CARTESIAN_POINT('Origin',(196.250000068918,-103.650001959503,2.53500033414456));
#9270=CARTESIAN_POINT('',(259.494765359717,-84.0800043260679,2.23500033414457));
#9271=CARTESIAN_POINT('Ctrl Pts',(259.586816655073,-84.3800043260678,2.53500033414456));
#9272=CARTESIAN_POINT('Ctrl Pts',(259.57532214177,-84.3422240473841,2.53500033414456));
#9273=CARTESIAN_POINT('Ctrl Pts',(259.562990436751,-84.3018259260497,2.52743947097583));
#9274=CARTESIAN_POINT('Ctrl Pts',(259.540150128371,-84.2272428714991,2.49633622705313));
#9275=CARTESIAN_POINT('Ctrl Pts',(259.529644262584,-84.193060368817,2.4727860083709));
#9276=CARTESIAN_POINT('Ctrl Pts',(259.513384069571,-84.1402578620698,2.41904252284732));
#9277=CARTESIAN_POINT('Ctrl Pts',(259.506401300176,-84.1176417334308,2.38577611481482));
#9278=CARTESIAN_POINT('Ctrl Pts',(259.497089121125,-84.0875092974409,2.31255111812496));
#9279=CARTESIAN_POINT('Ctrl Pts',(259.494765359717,-84.0800043260679,2.27258714700519));
#9280=CARTESIAN_POINT('Ctrl Pts',(259.494765359717,-84.0800043260679,2.23500033414459));
#9281=CARTESIAN_POINT('',(259.494765359717,-84.0800043260679,-4.1655910350138));
#9282=CARTESIAN_POINT('',(259.494765359717,-84.0800043260679,20.0000002682209));
#9283=CARTESIAN_POINT('Ctrl Pts',(259.494765540073,-84.0800049089284,-4.16559103375484));
#9284=CARTESIAN_POINT('Ctrl Pts',(259.494788361476,-84.0800786613295,-4.20300543745852));
#9285=CARTESIAN_POINT('Ctrl Pts',(259.497113531749,-84.0875882855661,-4.24274239930875));
#9286=CARTESIAN_POINT('Ctrl Pts',(259.506401300176,-84.1176417334308,-4.31577544652568));
#9287=CARTESIAN_POINT('Ctrl Pts',(259.513384069571,-84.1402578620698,-4.34904185455818));
#9288=CARTESIAN_POINT('Ctrl Pts',(259.529644262584,-84.193060368817,-4.40278534008176));
#9289=CARTESIAN_POINT('Ctrl Pts',(259.540150128371,-84.227242871499,-4.42633555876399));
#9290=CARTESIAN_POINT('Ctrl Pts',(259.562990436751,-84.3018259260496,-4.45743880268667));
#9291=CARTESIAN_POINT('Ctrl Pts',(259.57532214177,-84.3422240473841,-4.46499966585542));
#9292=CARTESIAN_POINT('Ctrl Pts',(259.586816655073,-84.3800043260678,-4.46499966585542));
#9293=CARTESIAN_POINT('',(173.080147637147,-165.666476241349,8.55));
#9294=CARTESIAN_POINT('',(163.972405040569,-161.45174936602,8.55));
#9295=CARTESIAN_POINT('Ctrl Pts',(173.080147637147,-165.666476241349,8.55));
#9296=CARTESIAN_POINT('Ctrl Pts',(173.080147637147,-165.666476241349,7.92214413025802));
#9297=CARTESIAN_POINT('Ctrl Pts',(172.962463072972,-165.622906364837,7.25244542343279));
#9298=CARTESIAN_POINT('Ctrl Pts',(172.485418665329,-165.441546126284,6.02053322085306));
#9299=CARTESIAN_POINT('Ctrl Pts',(172.126232416372,-165.303275774872,5.45832321871648));
#9300=CARTESIAN_POINT('Ctrl Pts',(171.300731805322,-164.973871234465,4.56994339793623));
#9301=CARTESIAN_POINT('Ctrl Pts',(170.779293755245,-164.760631346238,4.18498096305097));
#9302=CARTESIAN_POINT('Ctrl Pts',(169.644637632308,-164.275249124256,3.67502383804931));
#9303=CARTESIAN_POINT('Ctrl Pts',(169.031632183417,-164.002640508439,3.55000000000001));
#9304=CARTESIAN_POINT('Ctrl Pts',(167.887292345263,-163.473420179682,3.55));
#9305=CARTESIAN_POINT('Ctrl Pts',(167.279732609792,-163.181454184127,3.67616494101847));
#9306=CARTESIAN_POINT('Ctrl Pts',(166.168934663252,-162.627961441861,4.18808745341892));
#9307=CARTESIAN_POINT('Ctrl Pts',(165.665459145135,-162.366882690476,4.57381435119672));
#9308=CARTESIAN_POINT('Ctrl Pts',(164.875303715318,-161.948477057564,5.46177265564217));
#9309=CARTESIAN_POINT('Ctrl Pts',(164.534747488972,-161.762774118744,6.0225229250209));
#9310=CARTESIAN_POINT('Ctrl Pts',(164.08336569917,-161.514146020646,7.25254829161484));
#9311=CARTESIAN_POINT('Ctrl Pts',(163.972405040569,-161.45174936602,7.92188057985246));
#9312=CARTESIAN_POINT('Ctrl Pts',(163.972405040569,-161.45174936602,8.55000000000001));
#9313=CARTESIAN_POINT('Ctrl Pts',(163.972405040569,-161.45174936602,8.55));
#9314=CARTESIAN_POINT('Ctrl Pts',(163.972405040569,-161.45174936602,9.17811942014755));
#9315=CARTESIAN_POINT('Ctrl Pts',(164.08336569917,-161.514146020646,9.84745170838517));
#9316=CARTESIAN_POINT('Ctrl Pts',(164.534747488972,-161.762774118744,11.0774770749791));
#9317=CARTESIAN_POINT('Ctrl Pts',(164.875303715318,-161.948477057564,11.6382273443578));
#9318=CARTESIAN_POINT('Ctrl Pts',(165.665459145135,-162.366882690476,12.5261856488033));
#9319=CARTESIAN_POINT('Ctrl Pts',(166.168934663252,-162.627961441861,12.9119125465811));
#9320=CARTESIAN_POINT('Ctrl Pts',(167.279732609792,-163.181454184127,13.4238350589815));
#9321=CARTESIAN_POINT('Ctrl Pts',(167.887292345263,-163.473420179682,13.55));
#9322=CARTESIAN_POINT('Ctrl Pts',(169.031685418425,-164.002665127916,13.55));
#9323=CARTESIAN_POINT('Ctrl Pts',(169.64474482315,-164.275296619978,13.4249530113825));
#9324=CARTESIAN_POINT('Ctrl Pts',(170.779484364531,-164.760711242769,12.9149083383719));
#9325=CARTESIAN_POINT('Ctrl Pts',(171.300951810334,-164.973960816536,12.5298815103816));
#9326=CARTESIAN_POINT('Ctrl Pts',(172.126395793062,-165.303339177958,11.6414393581803));
#9327=CARTESIAN_POINT('Ctrl Pts',(172.485522209073,-165.441585767454,11.0792601995625));
#9328=CARTESIAN_POINT('Ctrl Pts',(172.962484899259,-165.622914386113,9.84743738651098));
#9329=CARTESIAN_POINT('Ctrl Pts',(173.080147637147,-165.666476241349,9.17779722361398));
#9330=CARTESIAN_POINT('Ctrl Pts',(173.080147637147,-165.666476241349,8.55));
#9331=CARTESIAN_POINT('',(173.080147637147,-165.666476241349,-11.45));
#9332=CARTESIAN_POINT('',(163.972405040569,-161.45174936602,-11.45));
#9333=CARTESIAN_POINT('Ctrl Pts',(173.080147637147,-165.666476241349,-11.45));
#9334=CARTESIAN_POINT('Ctrl Pts',(173.080147637147,-165.666476241349,-12.077855869742));
#9335=CARTESIAN_POINT('Ctrl Pts',(172.962463072972,-165.622906364837,-12.7475545765672));
#9336=CARTESIAN_POINT('Ctrl Pts',(172.485418665329,-165.441546126284,-13.9794667791469));
#9337=CARTESIAN_POINT('Ctrl Pts',(172.126232416372,-165.303275774872,-14.5416767812835));
#9338=CARTESIAN_POINT('Ctrl Pts',(171.300731805322,-164.973871234465,-15.4300566020638));
#9339=CARTESIAN_POINT('Ctrl Pts',(170.779293755245,-164.760631346238,-15.815019036949));
#9340=CARTESIAN_POINT('Ctrl Pts',(169.644637632308,-164.275249124256,-16.3249761619507));
#9341=CARTESIAN_POINT('Ctrl Pts',(169.031632183417,-164.002640508439,-16.45));
#9342=CARTESIAN_POINT('Ctrl Pts',(167.888303998777,-163.473888036859,-16.45));
#9343=CARTESIAN_POINT('Ctrl Pts',(167.281738806039,-163.182421549839,-16.3242757075477));
#9344=CARTESIAN_POINT('Ctrl Pts',(166.172441878654,-162.629741160366,-15.8140104100965));
#9345=CARTESIAN_POINT('Ctrl Pts',(165.669474327511,-162.368972393379,-15.4295000490455));
#9346=CARTESIAN_POINT('Ctrl Pts',(164.87825266686,-161.950074548385,-14.5427233921425));
#9347=CARTESIAN_POINT('Ctrl Pts',(164.536611912421,-161.763795319813,-13.981391717476));
#9348=CARTESIAN_POINT('Ctrl Pts',(164.08375621352,-161.514366845772,-12.7496760248147));
#9349=CARTESIAN_POINT('Ctrl Pts',(163.972405040569,-161.45174936602,-12.079234469595));
#9350=CARTESIAN_POINT('Ctrl Pts',(163.972405040569,-161.45174936602,-11.45));
#9351=CARTESIAN_POINT('Ctrl Pts',(163.972405040569,-161.45174936602,-11.45));
#9352=CARTESIAN_POINT('Ctrl Pts',(163.972405040569,-161.45174936602,-10.8218805798525));
#9353=CARTESIAN_POINT('Ctrl Pts',(164.08336569917,-161.514146020646,-10.1525482916149));
#9354=CARTESIAN_POINT('Ctrl Pts',(164.534747488972,-161.762774118744,-8.92252292502092));
#9355=CARTESIAN_POINT('Ctrl Pts',(164.875303715318,-161.948477057564,-8.36177265564216));
#9356=CARTESIAN_POINT('Ctrl Pts',(165.665459145135,-162.366882690476,-7.47381435119672));
#9357=CARTESIAN_POINT('Ctrl Pts',(166.168934663252,-162.627961441861,-7.08808745341897));
#9358=CARTESIAN_POINT('Ctrl Pts',(167.279732609792,-163.181454184127,-6.57616494101849));
#9359=CARTESIAN_POINT('Ctrl Pts',(167.887292345263,-163.473420179682,-6.44999999999999));
#9360=CARTESIAN_POINT('Ctrl Pts',(169.031685418425,-164.002665127916,-6.45));
#9361=CARTESIAN_POINT('Ctrl Pts',(169.64474482315,-164.275296619978,-6.57504698861748));
#9362=CARTESIAN_POINT('Ctrl Pts',(170.779484364531,-164.760711242769,-7.08509166162805));
#9363=CARTESIAN_POINT('Ctrl Pts',(171.300951810334,-164.973960816536,-7.47011848961844));
#9364=CARTESIAN_POINT('Ctrl Pts',(172.126395793062,-165.303339177958,-8.35856064181969));
#9365=CARTESIAN_POINT('Ctrl Pts',(172.485522209073,-165.441585767454,-8.92073980043746));
#9366=CARTESIAN_POINT('Ctrl Pts',(172.962484899259,-165.622914386113,-10.152562613489));
#9367=CARTESIAN_POINT('Ctrl Pts',(173.080147637147,-165.666476241349,-10.822202776386));
#9368=CARTESIAN_POINT('Ctrl Pts',(173.080147637147,-165.666476241349,-11.45));
#9369=CARTESIAN_POINT('',(226.98170111728,-162.288280368192,-11.45));
#9370=CARTESIAN_POINT('',(217.783173298393,-166.253576895207,-11.45));
#9371=CARTESIAN_POINT('Ctrl Pts',(226.98170111728,-162.288280368192,-11.45));
#9372=CARTESIAN_POINT('Ctrl Pts',(226.98170111728,-162.288280368192,-12.0787631392309));
#9373=CARTESIAN_POINT('Ctrl Pts',(226.869354062098,-162.34758769929,-12.7489278197982));
#9374=CARTESIAN_POINT('Ctrl Pts',(226.41196011435,-162.583927474069,-13.9806816883826));
#9375=CARTESIAN_POINT('Ctrl Pts',(226.066766395654,-162.760445114911,-14.5423150726244));
#9376=CARTESIAN_POINT('Ctrl Pts',(225.267156620476,-163.1570536999,-15.429350602949));
#9377=CARTESIAN_POINT('Ctrl Pts',(224.759024248776,-163.4036858011,-15.8139453381748));
#9378=CARTESIAN_POINT('Ctrl Pts',(223.638384161902,-163.925565906195,-16.3242838074499));
#9379=CARTESIAN_POINT('Ctrl Pts',(223.02565298578,-164.200360879233,-16.45));
#9380=CARTESIAN_POINT('Ctrl Pts',(221.870519278212,-164.69808762188,-16.45));
#9381=CARTESIAN_POINT('Ctrl Pts',(221.251266964335,-164.954175034185,-16.3247630100844));
#9382=CARTESIAN_POINT('Ctrl Pts',(220.105628314379,-165.409001172214,-15.8146343278287));
#9383=CARTESIAN_POINT('Ctrl Pts',(219.579435559838,-165.608212854923,-15.4297297054966));
#9384=CARTESIAN_POINT('Ctrl Pts',(218.746183759491,-165.915593948007,-14.5415986119422));
#9385=CARTESIAN_POINT('Ctrl Pts',(218.383561346784,-166.044358366176,-13.9793653374776));
#9386=CARTESIAN_POINT('Ctrl Pts',(217.901968550674,-166.213110155441,-12.7474785396068));
#9387=CARTESIAN_POINT('Ctrl Pts',(217.783173298393,-166.253576895207,-12.0778222704547));
#9388=CARTESIAN_POINT('Ctrl Pts',(217.783173298393,-166.253576895207,-11.45));
#9389=CARTESIAN_POINT('Ctrl Pts',(217.783173298393,-166.253576895207,-11.45));
#9390=CARTESIAN_POINT('Ctrl Pts',(217.783173298393,-166.253576895207,-10.8220933404139));
#9391=CARTESIAN_POINT('Ctrl Pts',(217.902000257262,-166.213099439467,-10.1523528342535));
#9392=CARTESIAN_POINT('Ctrl Pts',(218.383711788459,-166.044305256616,-8.92033739694208));
#9393=CARTESIAN_POINT('Ctrl Pts',(218.746421144451,-165.91550892656,-8.35805971878022));
#9394=CARTESIAN_POINT('Ctrl Pts',(219.579755324755,-165.608092344598,-7.47001821854202));
#9395=CARTESIAN_POINT('Ctrl Pts',(220.105905429863,-165.408893488304,-7.08520624293791));
#9396=CARTESIAN_POINT('Ctrl Pts',(221.251422907028,-164.954110790247,-6.57520360111851));
#9397=CARTESIAN_POINT('Ctrl Pts',(221.870596786903,-164.698054224752,-6.44999999999999));
#9398=CARTESIAN_POINT('Ctrl Pts',(223.026238142032,-164.200108745724,-6.45));
#9399=CARTESIAN_POINT('Ctrl Pts',(223.639544986314,-163.92504342433,-6.57596853857371));
#9400=CARTESIAN_POINT('Ctrl Pts',(224.761053824899,-163.402722467485,-7.08725600828809));
#9401=CARTESIAN_POINT('Ctrl Pts',(225.269480089781,-163.155921527924,-7.47254738409794));
#9402=CARTESIAN_POINT('Ctrl Pts',(226.068471849068,-162.75957887602,-8.36025819020928));
#9403=CARTESIAN_POINT('Ctrl Pts',(226.413038009662,-162.583373715412,-8.9215581985615));
#9404=CARTESIAN_POINT('Ctrl Pts',(226.869579550064,-162.347467978336,-10.1523441755321));
#9405=CARTESIAN_POINT('Ctrl Pts',(226.98170111728,-162.288280368192,-10.8218741806156));
#9406=CARTESIAN_POINT('Ctrl Pts',(226.98170111728,-162.288280368192,-11.45));
#9407=CARTESIAN_POINT('',(226.98170111728,-162.288280368192,8.55000000000001));
#9408=CARTESIAN_POINT('',(217.783173298393,-166.253576895207,8.55000000000001));
#9409=CARTESIAN_POINT('Ctrl Pts',(226.98170111728,-162.288280368192,8.55));
#9410=CARTESIAN_POINT('Ctrl Pts',(226.98170111728,-162.288280368192,7.92123686076907));
#9411=CARTESIAN_POINT('Ctrl Pts',(226.869354062098,-162.34758769929,7.2510721802018));
#9412=CARTESIAN_POINT('Ctrl Pts',(226.41196011435,-162.583927474069,6.0193183116174));
#9413=CARTESIAN_POINT('Ctrl Pts',(226.066766395654,-162.760445114911,5.45768492737563));
#9414=CARTESIAN_POINT('Ctrl Pts',(225.267156620476,-163.1570536999,4.57064939705099));
#9415=CARTESIAN_POINT('Ctrl Pts',(224.759024248776,-163.4036858011,4.18605466182525));
#9416=CARTESIAN_POINT('Ctrl Pts',(223.638384161902,-163.925565906195,3.67571619255008));
#9417=CARTESIAN_POINT('Ctrl Pts',(223.02565298578,-164.200360879233,3.55000000000001));
#9418=CARTESIAN_POINT('Ctrl Pts',(221.870596786903,-164.698054224752,3.55));
#9419=CARTESIAN_POINT('Ctrl Pts',(221.251422907028,-164.954110790247,3.67520360111851));
#9420=CARTESIAN_POINT('Ctrl Pts',(220.105905429863,-165.408893488304,4.18520624293792));
#9421=CARTESIAN_POINT('Ctrl Pts',(219.579755324755,-165.608092344598,4.57001821854203));
#9422=CARTESIAN_POINT('Ctrl Pts',(218.746421144451,-165.91550892656,5.45805971878022));
#9423=CARTESIAN_POINT('Ctrl Pts',(218.383711788459,-166.044305256616,6.02033739694209));
#9424=CARTESIAN_POINT('Ctrl Pts',(217.902000257262,-166.213099439467,7.2523528342535));
#9425=CARTESIAN_POINT('Ctrl Pts',(217.783173298393,-166.253576895207,7.92209334041395));
#9426=CARTESIAN_POINT('Ctrl Pts',(217.783173298393,-166.253576895207,8.55000000000001));
#9427=CARTESIAN_POINT('Ctrl Pts',(217.783173298393,-166.253576895207,8.55));
#9428=CARTESIAN_POINT('Ctrl Pts',(217.783173298393,-166.253576895207,9.17790665958606));
#9429=CARTESIAN_POINT('Ctrl Pts',(217.902000257262,-166.213099439467,9.8476471657465));
#9430=CARTESIAN_POINT('Ctrl Pts',(218.383711788459,-166.044305256616,11.0796626030579));
#9431=CARTESIAN_POINT('Ctrl Pts',(218.746421144451,-165.91550892656,11.6419402812198));
#9432=CARTESIAN_POINT('Ctrl Pts',(219.579755324755,-165.608092344598,12.529981781458));
#9433=CARTESIAN_POINT('Ctrl Pts',(220.105905429863,-165.408893488304,12.9147937570621));
#9434=CARTESIAN_POINT('Ctrl Pts',(221.251422907028,-164.954110790247,13.4247963988815));
#9435=CARTESIAN_POINT('Ctrl Pts',(221.870596786903,-164.698054224752,13.55));
#9436=CARTESIAN_POINT('Ctrl Pts',(223.026238142032,-164.200108745724,13.55));
#9437=CARTESIAN_POINT('Ctrl Pts',(223.639544986314,-163.92504342433,13.4240314614263));
#9438=CARTESIAN_POINT('Ctrl Pts',(224.761053824899,-163.402722467485,12.9127439917119));
#9439=CARTESIAN_POINT('Ctrl Pts',(225.269480089781,-163.155921527924,12.5274526159021));
#9440=CARTESIAN_POINT('Ctrl Pts',(226.068471849068,-162.75957887602,11.6397418097907));
#9441=CARTESIAN_POINT('Ctrl Pts',(226.413038009662,-162.583373715412,11.0784418014385));
#9442=CARTESIAN_POINT('Ctrl Pts',(226.869579550064,-162.347467978336,9.84765582446786));
#9443=CARTESIAN_POINT('Ctrl Pts',(226.98170111728,-162.288280368192,9.17812581938442));
#9444=CARTESIAN_POINT('Ctrl Pts',(226.98170111728,-162.288280368192,8.55000000000001));
#9445=CARTESIAN_POINT('Origin',(196.250000068918,-103.650001959503,20.0000002682209));
#9446=CARTESIAN_POINT('',(142.250000068918,-103.650001959503,-19.));
#9447=CARTESIAN_POINT('',(142.250000068918,-103.650001959503,20.0000002682209));
#9448=CARTESIAN_POINT('',(151.099996622652,-133.272243391878,-19.));
#9449=CARTESIAN_POINT('Origin',(196.250000068918,-103.650001959503,-19.));
#9450=CARTESIAN_POINT('',(151.099996622652,-133.272243391878,12.));
#9451=CARTESIAN_POINT('',(151.099996622652,-133.27224341423,20.0000002682209));
#9452=CARTESIAN_POINT('',(151.183698931383,-133.399430533026,12.));
#9453=CARTESIAN_POINT('Origin',(196.250000068918,-103.650001959503,12.0000002682209));
#9454=CARTESIAN_POINT('',(151.183698931383,-133.399430533026,-19.));
#9455=CARTESIAN_POINT('',(151.183698916628,-133.399430533026,20.0000002682209));
#9456=CARTESIAN_POINT('',(241.316301206453,-133.399430533026,-19.));
#9457=CARTESIAN_POINT('Origin',(196.250000068918,-103.650001959503,-19.));
#9458=CARTESIAN_POINT('',(241.316301206453,-133.399430533026,12.));
#9459=CARTESIAN_POINT('',(241.316301221207,-133.399430533026,20.0000002682209));
#9460=CARTESIAN_POINT('',(241.400003515184,-133.272243391878,12.));
#9461=CARTESIAN_POINT('Origin',(196.250000068918,-103.650001959503,12.0000002682209));
#9462=CARTESIAN_POINT('',(241.400003515184,-133.272243391878,-19.));
#9463=CARTESIAN_POINT('',(241.400003515216,-133.272243414182,20.0000002682209));
#9464=CARTESIAN_POINT('',(241.315921633419,-73.8999983482063,-19.));
#9465=CARTESIAN_POINT('Origin',(196.250000068918,-103.650001959503,-19.));
#9466=CARTESIAN_POINT('',(151.184078504417,-73.8999983482063,-19.));
#9467=CARTESIAN_POINT('Origin',(196.250000068918,-103.650001959503,-19.));
#9468=CARTESIAN_POINT('',(151.184078504417,-73.8999983482063,12.));
#9469=CARTESIAN_POINT('',(151.184078519172,-73.8999983482063,20.0000002682209));
#9470=CARTESIAN_POINT('',(151.099996622652,-74.0277604824237,12.));
#9471=CARTESIAN_POINT('Origin',(196.250000068918,-103.650001959503,12.0000002682209));
#9472=CARTESIAN_POINT('',(151.099996622652,-74.0277604824237,-19.));
#9473=CARTESIAN_POINT('',(151.099996622652,-74.0277605047755,20.0000002682209));
#9474=CARTESIAN_POINT('Origin',(196.250000068918,-103.650001959503,-19.));
#9475=CARTESIAN_POINT('Origin',(196.250000068918,-103.650001959503,20.0000002682209));
#9476=CARTESIAN_POINT('',(142.250000102445,-103.649999482185,16.0000002682209));
#9477=CARTESIAN_POINT('Origin',(196.250000068918,-103.650001959503,16.0000002682209));
#9478=CARTESIAN_POINT('',(142.250000068918,-103.650001959503,20.0000002682209));
#9479=CARTESIAN_POINT('Origin',(196.250000102445,-103.649999482185,16.0000002682209));
#9480=CARTESIAN_POINT('',(238.000003546476,-105.500001572073,16.0000002682209));
#9481=CARTESIAN_POINT('',(238.000003546476,-130.000001937151,16.0000002682209));
#9482=CARTESIAN_POINT('',(238.000003546476,-104.575000527129,16.0000002682209));
#9483=CARTESIAN_POINT('',(154.500002302229,-130.000001937151,16.0000002682209));
#9484=CARTESIAN_POINT('',(217.125001824461,-130.000001937151,16.0000002682209));
#9485=CARTESIAN_POINT('',(154.500002302229,-105.500001572073,16.0000002682209));
#9486=CARTESIAN_POINT('',(154.500002302229,-116.825000709668,16.0000002682209));
#9487=CARTESIAN_POINT('',(175.375001202337,-105.500001572073,16.0000002682209));
#9488=CARTESIAN_POINT('',(161.678757684078,-82.4526222135768,16.0000002682209));
#9489=CARTESIAN_POINT('',(224.381097240512,-82.4526222135768,16.0000002682209));
#9490=CARTESIAN_POINT('',(161.678757684078,-82.4526222135768,16.0000002682209));
#9491=CARTESIAN_POINT('',(224.381097240512,-100.564431955194,16.0000002682209));
#9492=CARTESIAN_POINT('',(224.381097240512,-82.4526222135768,16.0000002682209));
#9493=CARTESIAN_POINT('',(161.678757684078,-100.564431955194,16.0000002682209));
#9494=CARTESIAN_POINT('',(224.381097240512,-100.564431955194,16.0000002682209));
#9495=CARTESIAN_POINT('',(161.678757684078,-100.564431955194,16.0000002682209));
#9496=CARTESIAN_POINT('Origin',(161.678757684078,-82.4526222135768,12.0000002682209));
#9497=CARTESIAN_POINT('',(161.678757684078,-82.4526222135768,12.0000002682209));
#9498=CARTESIAN_POINT('',(224.381097240512,-82.4526222135768,12.0000002682209));
#9499=CARTESIAN_POINT('',(161.678757684078,-82.4526222135768,12.0000002682209));
#9500=CARTESIAN_POINT('',(224.381097240512,-82.4526222135768,12.0000002682209));
#9501=CARTESIAN_POINT('',(161.678757684078,-82.4526222135768,12.0000002682209));
#9502=CARTESIAN_POINT('Origin',(224.381097240512,-82.4526222135768,12.0000002682209));
#9503=CARTESIAN_POINT('',(224.381097240512,-100.564431955194,12.0000002682209));
#9504=CARTESIAN_POINT('',(224.381097240512,-82.4526222135768,12.0000002682209));
#9505=CARTESIAN_POINT('',(224.381097240512,-100.564431955194,12.0000002682209));
#9506=CARTESIAN_POINT('Origin',(224.381097240512,-100.564431955194,12.0000002682209));
#9507=CARTESIAN_POINT('',(161.678757684078,-100.564431955194,12.0000002682209));
#9508=CARTESIAN_POINT('',(224.381097240512,-100.564431955194,12.0000002682209));
#9509=CARTESIAN_POINT('',(161.678757684078,-100.564431955194,12.0000002682209));
#9510=CARTESIAN_POINT('Origin',(161.678757684078,-100.564431955194,12.0000002682209));
#9511=CARTESIAN_POINT('',(161.678757684078,-100.564431955194,12.0000002682209));
#9512=CARTESIAN_POINT('Origin',(154.500002302229,-105.500001572073,16.0000002682209));
#9513=CARTESIAN_POINT('',(238.000003546476,-105.500001572073,12.0000002682209));
#9514=CARTESIAN_POINT('',(154.500002302229,-105.500001572073,12.0000002682209));
#9515=CARTESIAN_POINT('',(175.375001202337,-105.500001572073,12.0000002682209));
#9516=CARTESIAN_POINT('',(238.000003546476,-105.500001572073,16.0000002682209));
#9517=CARTESIAN_POINT('',(154.500002302229,-105.500001572073,16.0000002682209));
#9518=CARTESIAN_POINT('Origin',(238.000003546476,-105.500001572073,16.0000002682209));
#9519=CARTESIAN_POINT('',(238.000003546476,-130.000001937151,12.0000002682209));
#9520=CARTESIAN_POINT('',(238.000003546476,-104.575000527129,12.0000002682209));
#9521=CARTESIAN_POINT('',(238.000003546476,-130.000001937151,16.0000002682209));
#9522=CARTESIAN_POINT('Origin',(238.000003546476,-130.000001937151,16.0000002682209));
#9523=CARTESIAN_POINT('',(154.500002302229,-130.000001937151,12.0000002682209));
#9524=CARTESIAN_POINT('',(217.125001824461,-130.000001937151,12.0000002682209));
#9525=CARTESIAN_POINT('',(154.500002302229,-130.000001937151,16.0000002682209));
#9526=CARTESIAN_POINT('Origin',(154.500002302229,-130.000001937151,16.0000002682209));
#9527=CARTESIAN_POINT('',(154.500002302229,-116.825000709668,12.0000002682209));
#9528=CARTESIAN_POINT('Origin',(196.250000102445,-103.649999482185,12.0000002682209));
#9529=CARTESIAN_POINT('',(151.099996622652,-118.461121437031,12.0000002682209));
#9530=CARTESIAN_POINT('',(177.599996030331,-73.8999983482063,12.));
#9531=CARTESIAN_POINT('',(173.717039303431,-73.8999983482063,12.0000002682209));
#9532=CARTESIAN_POINT('',(172.599996142089,-68.899998459965,12.));
#9533=CARTESIAN_POINT('',(189.699997331854,-85.9999996497296,12.0000002682209));
#9534=CARTESIAN_POINT('',(189.099995773286,-68.899998459965,12.));
#9535=CARTESIAN_POINT('',(184.424998122267,-68.899998459965,12.0000002682209));
#9536=CARTESIAN_POINT('',(184.377773656613,-73.8999983482063,12.));
#9537=CARTESIAN_POINT('',(182.112109099817,-76.298937290696,12.0000002682209));
#9538=CARTESIAN_POINT('',(208.122217570328,-73.8999983482063,12.));
#9539=CARTESIAN_POINT('',(190.313886879529,-73.8999983482063,12.0000002682209));
#9540=CARTESIAN_POINT('',(203.399995453656,-68.899998459965,12.));
#9541=CARTESIAN_POINT('',(212.748995301796,-78.7989394756426,12.0000002682209));
#9542=CARTESIAN_POINT('',(220.099995080382,-68.899998459965,12.));
#9543=CARTESIAN_POINT('',(199.824997778051,-68.899998459965,12.0000002682209));
#9544=CARTESIAN_POINT('',(214.914810011094,-73.8999983482063,12.));
#9545=CARTESIAN_POINT('',(205.238991499582,-83.230251912879,12.0000002682209));
#9546=CARTESIAN_POINT('',(241.315921633419,-73.8999983482063,12.));
#9547=CARTESIAN_POINT('',(205.58240505677,-73.8999983482063,12.0000002682209));
#9548=CARTESIAN_POINT('',(241.336942102122,-88.7430583816673,12.0000002682209));
#9549=CARTESIAN_POINT('',(214.899428711359,-133.399430533026,12.));
#9550=CARTESIAN_POINT('',(218.783150654449,-133.399430533026,12.0000002682209));
#9551=CARTESIAN_POINT('',(219.999995082617,-138.499996904284,12.));
#9552=CARTESIAN_POINT('',(202.79971379642,-121.299715618087,12.0000002682209));
#9553=CARTESIAN_POINT('',(202.999995462596,-138.499996904284,12.));
#9554=CARTESIAN_POINT('',(208.124997592531,-138.499996904284,12.0000002682209));
#9555=CARTESIAN_POINT('',(208.100561833855,-133.399430533026,12.));
#9556=CARTESIAN_POINT('',(210.024995978083,-131.474996388797,12.0000002682209));
#9557=CARTESIAN_POINT('',(184.399429393087,-133.399430533026,12.));
#9558=CARTESIAN_POINT('',(202.17528096815,-133.399430533026,12.0000002682209));
#9559=CARTESIAN_POINT('',(189.499995764345,-138.499996904284,12.));
#9560=CARTESIAN_POINT('',(179.924714307716,-128.924715447655,12.0000002682209));
#9561=CARTESIAN_POINT('',(172.499996144325,-138.499996904284,12.));
#9562=CARTESIAN_POINT('',(192.874997933395,-138.499996904284,12.0000002682209));
#9563=CARTESIAN_POINT('',(177.600562515583,-133.399430533026,12.));
#9564=CARTESIAN_POINT('',(187.14999648938,-123.849996559229,12.0000002682209));
#9565=CARTESIAN_POINT('',(186.925281309014,-133.399430533026,12.0000002682209));
#9566=CARTESIAN_POINT('Origin',(241.316301206453,-133.399430533026,-17.));
#9567=CARTESIAN_POINT('',(214.899428711359,-133.399430533026,-19.));
#9568=CARTESIAN_POINT('',(214.899428711359,-133.399430533026,-17.));
#9569=CARTESIAN_POINT('',(150.920494264046,-133.399430533026,-19.));
#9570=CARTESIAN_POINT('Origin',(214.899428711359,-133.399430533026,-17.));
#9571=CARTESIAN_POINT('',(219.999995082617,-138.499996904284,-19.));
#9572=CARTESIAN_POINT('',(219.999995082617,-138.499996904284,-17.));
#9573=CARTESIAN_POINT('',(214.499995205551,-132.999997027218,-19.));
#9574=CARTESIAN_POINT('Origin',(219.999995082617,-138.499996904284,-17.));
#9575=CARTESIAN_POINT('',(202.999995462596,-138.499996904284,-19.));
#9576=CARTESIAN_POINT('',(202.999995462596,-138.499996904284,-17.));
#9577=CARTESIAN_POINT('',(202.999995462596,-138.499996904284,-19.));
#9578=CARTESIAN_POINT('Origin',(202.999995462596,-138.499996904284,-17.));
#9579=CARTESIAN_POINT('',(208.100561833855,-133.399430533026,-19.));
#9580=CARTESIAN_POINT('',(208.100561833855,-133.399430533026,-17.));
#9581=CARTESIAN_POINT('',(208.499995339662,-132.999997027218,-19.));
#9582=CARTESIAN_POINT('Origin',(208.100561833855,-133.399430533026,-17.));
#9583=CARTESIAN_POINT('',(184.399429393087,-133.399430533026,-19.));
#9584=CARTESIAN_POINT('',(184.399429393087,-133.399430533026,-17.));
#9585=CARTESIAN_POINT('',(150.920494264046,-133.399430533026,-19.));
#9586=CARTESIAN_POINT('Origin',(184.399429393087,-133.399430533026,-17.));
#9587=CARTESIAN_POINT('',(189.499995764345,-138.499996904284,-19.));
#9588=CARTESIAN_POINT('',(189.499995764345,-138.499996904284,-17.));
#9589=CARTESIAN_POINT('',(183.99999588728,-132.999997027218,-19.));
#9590=CARTESIAN_POINT('Origin',(189.499995764345,-138.499996904284,-17.));
#9591=CARTESIAN_POINT('',(172.499996144325,-138.499996904284,-19.));
#9592=CARTESIAN_POINT('',(172.499996144325,-138.499996904284,-17.));
#9593=CARTESIAN_POINT('',(189.499995764345,-138.499996904284,-19.));
#9594=CARTESIAN_POINT('Origin',(172.499996144325,-138.499996904284,-17.));
#9595=CARTESIAN_POINT('',(177.600562515583,-133.399430533026,-19.));
#9596=CARTESIAN_POINT('',(177.600562515583,-133.399430533026,-17.));
#9597=CARTESIAN_POINT('',(172.499996144325,-138.499996904284,-19.));
#9598=CARTESIAN_POINT('Origin',(177.600562515583,-133.399430533026,-17.));
#9599=CARTESIAN_POINT('',(150.920494264046,-133.399430533026,-19.));
#9600=CARTESIAN_POINT('Origin',(241.315921633419,-73.8999983482063,-17.));
#9601=CARTESIAN_POINT('',(241.315921618664,-73.8999983482063,20.0000002682209));
#9602=CARTESIAN_POINT('',(241.400003515184,-133.272243391878,-19.));
#9603=CARTESIAN_POINT('',(241.349740058808,-97.7800043260679,-4.46499966585544));
#9604=CARTESIAN_POINT('',(241.330763225191,-84.3800043260679,-4.46499966585542));
#9605=CARTESIAN_POINT('',(241.332830495395,-85.8397536861466,-4.46499966585542));
#9606=CARTESIAN_POINT('',(241.330338370707,-84.0800043260679,-4.1655910350138));
#9607=CARTESIAN_POINT('Origin',(241.330763225191,-84.3800043260678,-4.16499966585545));
#9608=CARTESIAN_POINT('',(241.330338370707,-84.0800043260679,2.23500033414457));
#9609=CARTESIAN_POINT('',(241.330338370707,-84.0800043260679,-10.5827955175069));
#9610=CARTESIAN_POINT('',(241.330763225191,-84.3800043260679,2.53500033414456));
#9611=CARTESIAN_POINT('Origin',(241.330763225191,-84.3800043260678,2.23500033414459));
#9612=CARTESIAN_POINT('',(241.349740058808,-97.7800043260679,2.53500033414457));
#9613=CARTESIAN_POINT('',(241.323342097616,-79.139767123441,2.53500033414456));
#9614=CARTESIAN_POINT('',(241.350164913292,-98.0800043260679,2.23500033414457));
#9615=CARTESIAN_POINT('Origin',(241.349740058808,-97.7800043260679,2.23500033414459));
#9616=CARTESIAN_POINT('',(241.350164913292,-98.0800043260679,-4.1655910350138));
#9617=CARTESIAN_POINT('',(241.350164913292,-98.0800043260679,-7.38249983292772));
#9618=CARTESIAN_POINT('Origin',(241.349740058808,-97.7800043260679,-4.16499966585546));
#9619=CARTESIAN_POINT('Origin',(151.184078504417,-73.8999983482063,-17.));
#9620=CARTESIAN_POINT('',(177.599996030331,-73.8999983482063,-19.));
#9621=CARTESIAN_POINT('',(177.599996030331,-73.8999983482063,-17.));
#9622=CARTESIAN_POINT('',(241.315921633419,-73.8999983482063,-19.));
#9623=CARTESIAN_POINT('Origin',(177.599996030331,-73.8999983482063,-17.));
#9624=CARTESIAN_POINT('',(172.599996142089,-68.899998459965,-19.));
#9625=CARTESIAN_POINT('',(172.599996142089,-68.899998459965,-17.));
#9626=CARTESIAN_POINT('',(177.99999602139,-74.2999983392656,-19.));
#9627=CARTESIAN_POINT('Origin',(172.599996142089,-68.899998459965,-17.));
#9628=CARTESIAN_POINT('',(189.099995773286,-68.899998459965,-19.));
#9629=CARTESIAN_POINT('',(189.099995773286,-68.899998459965,-17.));
#9630=CARTESIAN_POINT('',(172.599996142089,-68.899998459965,-19.));
#9631=CARTESIAN_POINT('Origin',(189.099995773286,-68.899998459965,-17.));
#9632=CARTESIAN_POINT('',(184.377773656613,-73.8999983482063,-19.));
#9633=CARTESIAN_POINT('',(184.377773656613,-73.8999983482063,-17.));
#9634=CARTESIAN_POINT('',(183.99999588728,-74.2999983392656,-19.));
#9635=CARTESIAN_POINT('Origin',(184.377773656613,-73.8999983482063,-17.));
#9636=CARTESIAN_POINT('',(208.122217570328,-73.8999983482063,-19.));
#9637=CARTESIAN_POINT('',(208.122217570328,-73.8999983482063,-17.));
#9638=CARTESIAN_POINT('',(241.315921633419,-73.8999983482063,-19.));
#9639=CARTESIAN_POINT('Origin',(208.122217570328,-73.8999983482063,-17.));
#9640=CARTESIAN_POINT('',(203.399995453656,-68.899998459965,-19.));
#9641=CARTESIAN_POINT('',(203.399995453656,-68.899998459965,-17.));
#9642=CARTESIAN_POINT('',(208.499995339662,-74.2999983392656,-19.));
#9643=CARTESIAN_POINT('Origin',(203.399995453656,-68.899998459965,-17.));
#9644=CARTESIAN_POINT('',(220.099995080382,-68.899998459965,-19.));
#9645=CARTESIAN_POINT('',(220.099995080382,-68.899998459965,-17.));
#9646=CARTESIAN_POINT('',(203.399995453656,-68.899998459965,-19.));
#9647=CARTESIAN_POINT('Origin',(220.099995080382,-68.899998459965,-17.));
#9648=CARTESIAN_POINT('',(214.914810011094,-73.8999983482063,-19.));
#9649=CARTESIAN_POINT('',(214.914810011094,-73.8999983482063,-17.));
#9650=CARTESIAN_POINT('',(214.499995205551,-74.2999983392656,-19.));
#9651=CARTESIAN_POINT('Origin',(214.914810011094,-73.8999983482063,-17.));
#9652=CARTESIAN_POINT('',(241.315921633419,-73.8999983482063,-19.));
#9653=CARTESIAN_POINT('Origin',(151.099996622652,-133.272243391878,-17.));
#9654=CARTESIAN_POINT('',(151.099996622652,-73.8999983482063,-19.));
#9655=CARTESIAN_POINT('Origin',(146.674998345785,-103.650001937151,-19.));
#9656=CARTESIAN_POINT('Origin',(245.782960851168,-103.586120870042,-19.));
#9657=CARTESIAN_POINT('Origin',(196.250000068918,-61.7750001426786,-19.));
#9658=CARTESIAN_POINT('Origin',(196.250000068918,-145.524716235088,-19.));
#9659=CARTESIAN_POINT('Origin',(240.999994680285,-84.3800043260678,-4.16499966585545));
#9660=CARTESIAN_POINT('',(240.999994680285,-84.3800043260679,-4.46499966585542));
#9661=CARTESIAN_POINT('',(240.999994680285,-84.0800043260679,-4.1655910350138));
#9662=CARTESIAN_POINT('Origin',(240.999994680285,-84.0800043260679,-4.1655910350138));
#9663=CARTESIAN_POINT('',(240.999994680285,-84.0800043260679,2.23500033414457));
#9664=CARTESIAN_POINT('Origin',(240.999994680285,-84.3800043260678,2.23500033414459));
#9665=CARTESIAN_POINT('',(240.999994680285,-84.3800043260679,2.53500033414456));
#9666=CARTESIAN_POINT('Origin',(240.999994680285,-97.7800043260679,-4.46499966585543));
#9667=CARTESIAN_POINT('',(240.999994680285,-97.7800043260679,-4.46499966585544));
#9668=CARTESIAN_POINT('Origin',(240.999994680285,-97.7800043260679,-4.16499966585546));
#9669=CARTESIAN_POINT('',(240.999994680285,-98.0800043260679,-4.1655910350138));
#9670=CARTESIAN_POINT('Origin',(240.999994680285,-98.0800043260679,2.23500033414457));
#9671=CARTESIAN_POINT('',(240.999994680285,-98.0800043260679,2.23500033414457));
#9672=CARTESIAN_POINT('Origin',(240.999994680285,-97.7800043260679,2.23500033414459));
#9673=CARTESIAN_POINT('',(240.999994680285,-97.7800043260679,2.53500033414457));
#9674=CARTESIAN_POINT('Origin',(240.999994680285,-84.3800043260679,2.53500033414456));
#9675=CARTESIAN_POINT('Origin',(225.49232371899,-172.815271598161,8.55));
#9676=CARTESIAN_POINT('',(225.49232371899,-172.815271598161,6.05));
#9677=CARTESIAN_POINT('Origin',(225.49232371899,-172.815271598161,8.55));
#9678=CARTESIAN_POINT('Ctrl Pts',(225.49232371899,-172.815271598161,6.05000000000008));
#9679=CARTESIAN_POINT('Ctrl Pts',(223.143092167025,-173.670321956475,6.05000000000008));
#9680=CARTESIAN_POINT('Ctrl Pts',(223.143092167025,-173.670321956475,8.55));
#9681=CARTESIAN_POINT('Ctrl Pts',(223.143092167025,-173.670321956475,11.0499999999999));
#9682=CARTESIAN_POINT('Ctrl Pts',(225.49232371899,-172.815271598161,11.0499999999999));
#9683=CARTESIAN_POINT('Ctrl Pts',(227.841555270955,-171.960221239847,11.0499999999999));
#9684=CARTESIAN_POINT('Ctrl Pts',(227.841555270955,-171.960221239847,8.55));
#9685=CARTESIAN_POINT('Ctrl Pts',(227.841555270955,-171.960221239847,6.05000000000008));
#9686=CARTESIAN_POINT('Ctrl Pts',(225.49232371899,-172.815271598161,6.05000000000008));
#9687=CARTESIAN_POINT('Ctrl Pts',(225.49232371899,-172.815271598161,3.54999999999998));
#9688=CARTESIAN_POINT('Ctrl Pts',(220.793860615061,-174.525372314789,3.54999999999998));
#9689=CARTESIAN_POINT('Ctrl Pts',(220.793860615061,-174.525372314789,8.55));
#9690=CARTESIAN_POINT('Ctrl Pts',(220.793860615061,-174.525372314789,13.55));
#9691=CARTESIAN_POINT('Ctrl Pts',(225.49232371899,-172.815271598161,13.55));
#9692=CARTESIAN_POINT('Ctrl Pts',(230.19078682292,-171.105170881533,13.55));
#9693=CARTESIAN_POINT('Ctrl Pts',(230.19078682292,-171.105170881533,8.55));
#9694=CARTESIAN_POINT('Ctrl Pts',(230.19078682292,-171.105170881533,3.54999999999998));
#9695=CARTESIAN_POINT('Ctrl Pts',(225.49232371899,-172.815271598161,3.54999999999998));
#9696=CARTESIAN_POINT('Ctrl Pts',(224.637273360676,-170.466040046196,3.55));
#9697=CARTESIAN_POINT('Ctrl Pts',(219.938810256746,-172.176140762825,3.55));
#9698=CARTESIAN_POINT('Ctrl Pts',(219.938810256746,-172.176140762825,8.55));
#9699=CARTESIAN_POINT('Ctrl Pts',(219.938810256746,-172.176140762825,13.55));
#9700=CARTESIAN_POINT('Ctrl Pts',(224.637273360676,-170.466040046196,13.55));
#9701=CARTESIAN_POINT('Ctrl Pts',(229.335736464606,-168.755939329568,13.55));
#9702=CARTESIAN_POINT('Ctrl Pts',(229.335736464606,-168.755939329568,8.55));
#9703=CARTESIAN_POINT('Ctrl Pts',(229.335736464606,-168.755939329568,3.55));
#9704=CARTESIAN_POINT('Ctrl Pts',(224.637273360676,-170.466040046196,3.55));
#9705=CARTESIAN_POINT('',(219.938810256746,-172.176140762825,8.55));
#9706=CARTESIAN_POINT('',(224.637273360676,-170.466040046196,3.55));
#9707=CARTESIAN_POINT('Origin',(224.637273360676,-170.466040046196,8.55));
#9708=CARTESIAN_POINT('Origin',(224.637273360676,-170.466040046196,6.05));
#9709=CARTESIAN_POINT('Origin',(224.637273360676,-170.466040046196,8.55));
#9710=CARTESIAN_POINT('Origin',(225.49232371899,-172.815271598161,8.55));
#9711=CARTESIAN_POINT('',(220.793860615061,-174.525372314789,8.55));
#9712=CARTESIAN_POINT('Origin',(225.49232371899,-172.815271598161,-11.45));
#9713=CARTESIAN_POINT('',(225.49232371899,-172.815271598161,-13.95));
#9714=CARTESIAN_POINT('Origin',(225.49232371899,-172.815271598161,-11.45));
#9715=CARTESIAN_POINT('Ctrl Pts',(225.49232371899,-172.815271598161,-13.9499999999999));
#9716=CARTESIAN_POINT('Ctrl Pts',(223.143092167025,-173.670321956475,-13.9499999999999));
#9717=CARTESIAN_POINT('Ctrl Pts',(223.143092167025,-173.670321956475,-11.45));
#9718=CARTESIAN_POINT('Ctrl Pts',(223.143092167025,-173.670321956475,-8.95000000000008));
#9719=CARTESIAN_POINT('Ctrl Pts',(225.49232371899,-172.815271598161,-8.95000000000008));
#9720=CARTESIAN_POINT('Ctrl Pts',(227.841555270955,-171.960221239847,-8.95000000000008));
#9721=CARTESIAN_POINT('Ctrl Pts',(227.841555270955,-171.960221239847,-11.45));
#9722=CARTESIAN_POINT('Ctrl Pts',(227.841555270955,-171.960221239847,-13.9499999999999));
#9723=CARTESIAN_POINT('Ctrl Pts',(225.49232371899,-172.815271598161,-13.9499999999999));
#9724=CARTESIAN_POINT('Ctrl Pts',(225.49232371899,-172.815271598161,-16.45));
#9725=CARTESIAN_POINT('Ctrl Pts',(220.793860615061,-174.525372314789,-16.45));
#9726=CARTESIAN_POINT('Ctrl Pts',(220.793860615061,-174.525372314789,-11.45));
#9727=CARTESIAN_POINT('Ctrl Pts',(220.793860615061,-174.525372314789,-6.44999999999997));
#9728=CARTESIAN_POINT('Ctrl Pts',(225.49232371899,-172.815271598161,-6.44999999999997));
#9729=CARTESIAN_POINT('Ctrl Pts',(230.19078682292,-171.105170881533,-6.44999999999997));
#9730=CARTESIAN_POINT('Ctrl Pts',(230.19078682292,-171.105170881533,-11.45));
#9731=CARTESIAN_POINT('Ctrl Pts',(230.19078682292,-171.105170881533,-16.45));
#9732=CARTESIAN_POINT('Ctrl Pts',(225.49232371899,-172.815271598161,-16.45));
#9733=CARTESIAN_POINT('Ctrl Pts',(224.637273360676,-170.466040046196,-16.45));
#9734=CARTESIAN_POINT('Ctrl Pts',(219.938810256746,-172.176140762825,-16.45));
#9735=CARTESIAN_POINT('Ctrl Pts',(219.938810256746,-172.176140762825,-11.45));
#9736=CARTESIAN_POINT('Ctrl Pts',(219.938810256746,-172.176140762825,-6.45));
#9737=CARTESIAN_POINT('Ctrl Pts',(224.637273360676,-170.466040046196,-6.45));
#9738=CARTESIAN_POINT('Ctrl Pts',(229.335736464606,-168.755939329568,-6.45));
#9739=CARTESIAN_POINT('Ctrl Pts',(229.335736464606,-168.755939329568,-11.45));
#9740=CARTESIAN_POINT('Ctrl Pts',(229.335736464606,-168.755939329568,-16.45));
#9741=CARTESIAN_POINT('Ctrl Pts',(224.637273360676,-170.466040046196,-16.45));
#9742=CARTESIAN_POINT('',(219.938810256746,-172.176140762825,-11.45));
#9743=CARTESIAN_POINT('',(224.637273360676,-170.466040046196,-16.45));
#9744=CARTESIAN_POINT('Origin',(224.637273360676,-170.466040046196,-11.45));
#9745=CARTESIAN_POINT('Origin',(224.637273360676,-170.466040046196,-13.95));
#9746=CARTESIAN_POINT('Origin',(224.637273360676,-170.466040046196,-11.45));
#9747=CARTESIAN_POINT('Origin',(225.49232371899,-172.815271598161,-11.45));
#9748=CARTESIAN_POINT('',(220.793860615061,-174.525372314789,-11.45));
#9749=CARTESIAN_POINT('Origin',(165.144949641686,-172.849231551965,-11.45));
#9750=CARTESIAN_POINT('',(165.144949641686,-172.849231551965,-13.95));
#9751=CARTESIAN_POINT('Origin',(165.144949641686,-172.849231551965,-11.45));
#9752=CARTESIAN_POINT('Ctrl Pts',(165.144949641686,-172.849231551965,-13.95));
#9753=CARTESIAN_POINT('Ctrl Pts',(162.795718089721,-171.994181193651,-13.95));
#9754=CARTESIAN_POINT('Ctrl Pts',(162.795718089721,-171.994181193651,-11.45));
#9755=CARTESIAN_POINT('Ctrl Pts',(162.795718089721,-171.994181193651,-8.95000000000001));
#9756=CARTESIAN_POINT('Ctrl Pts',(165.144949641686,-172.849231551965,-8.95000000000001));
#9757=CARTESIAN_POINT('Ctrl Pts',(167.494181193651,-173.704281910279,-8.95000000000001));
#9758=CARTESIAN_POINT('Ctrl Pts',(167.494181193651,-173.704281910279,-11.45));
#9759=CARTESIAN_POINT('Ctrl Pts',(167.494181193651,-173.704281910279,-13.95));
#9760=CARTESIAN_POINT('Ctrl Pts',(165.144949641686,-172.849231551965,-13.95));
#9761=CARTESIAN_POINT('Ctrl Pts',(165.144949641686,-172.849231551965,-16.45));
#9762=CARTESIAN_POINT('Ctrl Pts',(160.446486537756,-171.139130835336,-16.45));
#9763=CARTESIAN_POINT('Ctrl Pts',(160.446486537756,-171.139130835336,-11.45));
#9764=CARTESIAN_POINT('Ctrl Pts',(160.446486537756,-171.139130835336,-6.44999999999997));
#9765=CARTESIAN_POINT('Ctrl Pts',(165.144949641686,-172.849231551965,-6.44999999999997));
#9766=CARTESIAN_POINT('Ctrl Pts',(169.843412745615,-174.559332268593,-6.44999999999997));
#9767=CARTESIAN_POINT('Ctrl Pts',(169.843412745615,-174.559332268593,-11.45));
#9768=CARTESIAN_POINT('Ctrl Pts',(169.843412745615,-174.559332268593,-16.45));
#9769=CARTESIAN_POINT('Ctrl Pts',(165.144949641686,-172.849231551965,-16.45));
#9770=CARTESIAN_POINT('Ctrl Pts',(166.,-170.5,-16.45));
#9771=CARTESIAN_POINT('Ctrl Pts',(161.301536896071,-168.789899283372,-16.45));
#9772=CARTESIAN_POINT('Ctrl Pts',(161.301536896071,-168.789899283372,-11.45));
#9773=CARTESIAN_POINT('Ctrl Pts',(161.301536896071,-168.789899283372,-6.45));
#9774=CARTESIAN_POINT('Ctrl Pts',(166.,-170.5,-6.45));
#9775=CARTESIAN_POINT('Ctrl Pts',(170.69846310393,-172.210100716628,-6.45));
#9776=CARTESIAN_POINT('Ctrl Pts',(170.69846310393,-172.210100716628,-11.45));
#9777=CARTESIAN_POINT('Ctrl Pts',(170.69846310393,-172.210100716628,-16.45));
#9778=CARTESIAN_POINT('Ctrl Pts',(166.,-170.5,-16.45));
#9779=CARTESIAN_POINT('',(161.301536896071,-168.789899283372,-11.45));
#9780=CARTESIAN_POINT('',(166.,-170.5,-16.45));
#9781=CARTESIAN_POINT('Origin',(166.,-170.5,-11.45));
#9782=CARTESIAN_POINT('Origin',(166.,-170.5,-13.95));
#9783=CARTESIAN_POINT('Origin',(166.,-170.5,-11.45));
#9784=CARTESIAN_POINT('Origin',(165.144949641686,-172.849231551965,-11.45));
#9785=CARTESIAN_POINT('',(160.446486537756,-171.139130835336,-11.45));
#9786=CARTESIAN_POINT('Origin',(165.144949641686,-172.849231551965,8.55));
#9787=CARTESIAN_POINT('',(165.144949641686,-172.849231551965,6.05));
#9788=CARTESIAN_POINT('Origin',(165.144949641686,-172.849231551965,8.55));
#9789=CARTESIAN_POINT('Ctrl Pts',(165.144949641686,-172.849231551965,6.05000000000001));
#9790=CARTESIAN_POINT('Ctrl Pts',(162.795718089721,-171.994181193651,6.05000000000001));
#9791=CARTESIAN_POINT('Ctrl Pts',(162.795718089721,-171.994181193651,8.55));
#9792=CARTESIAN_POINT('Ctrl Pts',(162.795718089721,-171.994181193651,11.05));
#9793=CARTESIAN_POINT('Ctrl Pts',(165.144949641686,-172.849231551965,11.05));
#9794=CARTESIAN_POINT('Ctrl Pts',(167.494181193651,-173.704281910279,11.05));
#9795=CARTESIAN_POINT('Ctrl Pts',(167.494181193651,-173.704281910279,8.55));
#9796=CARTESIAN_POINT('Ctrl Pts',(167.494181193651,-173.704281910279,6.05000000000001));
#9797=CARTESIAN_POINT('Ctrl Pts',(165.144949641686,-172.849231551965,6.05000000000001));
#9798=CARTESIAN_POINT('Ctrl Pts',(165.144949641686,-172.849231551965,3.54999999999998));
#9799=CARTESIAN_POINT('Ctrl Pts',(160.446486537756,-171.139130835336,3.54999999999998));
#9800=CARTESIAN_POINT('Ctrl Pts',(160.446486537756,-171.139130835336,8.55));
#9801=CARTESIAN_POINT('Ctrl Pts',(160.446486537756,-171.139130835336,13.55));
#9802=CARTESIAN_POINT('Ctrl Pts',(165.144949641686,-172.849231551965,13.55));
#9803=CARTESIAN_POINT('Ctrl Pts',(169.843412745615,-174.559332268593,13.55));
#9804=CARTESIAN_POINT('Ctrl Pts',(169.843412745615,-174.559332268593,8.55));
#9805=CARTESIAN_POINT('Ctrl Pts',(169.843412745615,-174.559332268593,3.54999999999998));
#9806=CARTESIAN_POINT('Ctrl Pts',(165.144949641686,-172.849231551965,3.54999999999998));
#9807=CARTESIAN_POINT('Ctrl Pts',(166.,-170.5,3.55));
#9808=CARTESIAN_POINT('Ctrl Pts',(161.301536896071,-168.789899283372,3.55));
#9809=CARTESIAN_POINT('Ctrl Pts',(161.301536896071,-168.789899283372,8.55));
#9810=CARTESIAN_POINT('Ctrl Pts',(161.301536896071,-168.789899283372,13.55));
#9811=CARTESIAN_POINT('Ctrl Pts',(166.,-170.5,13.55));
#9812=CARTESIAN_POINT('Ctrl Pts',(170.69846310393,-172.210100716628,13.55));
#9813=CARTESIAN_POINT('Ctrl Pts',(170.69846310393,-172.210100716628,8.55));
#9814=CARTESIAN_POINT('Ctrl Pts',(170.69846310393,-172.210100716628,3.55));
#9815=CARTESIAN_POINT('Ctrl Pts',(166.,-170.5,3.55));
#9816=CARTESIAN_POINT('',(161.301536896071,-168.789899283372,8.55));
#9817=CARTESIAN_POINT('',(166.,-170.5,3.55));
#9818=CARTESIAN_POINT('Origin',(166.,-170.5,8.55));
#9819=CARTESIAN_POINT('Origin',(166.,-170.5,6.05));
#9820=CARTESIAN_POINT('Origin',(166.,-170.5,8.55));
#9821=CARTESIAN_POINT('Origin',(165.144949641686,-172.849231551965,8.55));
#9822=CARTESIAN_POINT('',(160.446486537756,-171.139130835336,8.55));
#9823=CARTESIAN_POINT('Ctrl Pts',(204.000003039837,-145.000002160668,-22.));
#9824=CARTESIAN_POINT('Ctrl Pts',(204.000003039837,-145.000002160668,-21.7));
#9825=CARTESIAN_POINT('Ctrl Pts',(203.968974670847,-144.496662730826,-22.));
#9826=CARTESIAN_POINT('Ctrl Pts',(203.968974670847,-144.496662730826,-21.7));
#9827=CARTESIAN_POINT('Ctrl Pts',(203.926986237991,-143.502435066126,-22.));
#9828=CARTESIAN_POINT('Ctrl Pts',(203.926986237991,-143.502435066126,-21.7));
#9829=CARTESIAN_POINT('Ctrl Pts',(203.924206149615,-142.048445693222,-22.));
#9830=CARTESIAN_POINT('Ctrl Pts',(203.924206149615,-142.048445693222,-21.7));
#9831=CARTESIAN_POINT('Ctrl Pts',(204.042905739078,-140.185739102765,-22.));
#9832=CARTESIAN_POINT('Ctrl Pts',(204.042905739078,-140.185739102765,-21.7));
#9833=CARTESIAN_POINT('Ctrl Pts',(204.409229778013,-137.992580655897,-22.));
#9834=CARTESIAN_POINT('Ctrl Pts',(204.409229778013,-137.992580655897,-21.7));
#9835=CARTESIAN_POINT('Ctrl Pts',(205.013340349375,-135.946954671887,-22.));
#9836=CARTESIAN_POINT('Ctrl Pts',(205.013340349375,-135.946954671887,-21.7));
#9837=CARTESIAN_POINT('Ctrl Pts',(205.875210772634,-134.061253412757,-22.));
#9838=CARTESIAN_POINT('Ctrl Pts',(205.875210772634,-134.061253412757,-21.7));
#9839=CARTESIAN_POINT('Ctrl Pts',(207.006763978331,-132.342874350899,-22.));
#9840=CARTESIAN_POINT('Ctrl Pts',(207.006763978331,-132.342874350899,-21.7));
#9841=CARTESIAN_POINT('Ctrl Pts',(208.398641243255,-130.78601095274,-22.));
#9842=CARTESIAN_POINT('Ctrl Pts',(208.398641243255,-130.78601095274,-21.7));
#9843=CARTESIAN_POINT('Ctrl Pts',(210.031737966493,-129.378809944691,-22.));
#9844=CARTESIAN_POINT('Ctrl Pts',(210.031737966493,-129.378809944691,-21.7));
#9845=CARTESIAN_POINT('Ctrl Pts',(211.515633719253,-128.363126733621,-22.));
#9846=CARTESIAN_POINT('Ctrl Pts',(211.515633719253,-128.363126733621,-21.7));
#9847=CARTESIAN_POINT('Ctrl Pts',(212.722050824739,-127.659372617022,-22.));
#9848=CARTESIAN_POINT('Ctrl Pts',(212.722050824739,-127.659372617022,-21.7));
#9849=CARTESIAN_POINT('Ctrl Pts',(213.567206060323,-127.215565066463,-22.));
#9850=CARTESIAN_POINT('Ctrl Pts',(213.567206060323,-127.215565066463,-21.7));
#9851=CARTESIAN_POINT('Ctrl Pts',(214.000003188848,-127.000001892447,-22.));
#9852=CARTESIAN_POINT('Ctrl Pts',(214.000003188848,-127.000001892447,-21.7));
#9853=CARTESIAN_POINT('',(204.000003039837,-145.000002160668,-22.));
#9854=CARTESIAN_POINT('',(214.000003188848,-127.000001892447,-22.));
#9855=CARTESIAN_POINT('Ctrl Pts',(204.000003039837,-145.000002160668,-22.));
#9856=CARTESIAN_POINT('Ctrl Pts',(203.968974670847,-144.496662730826,-22.));
#9857=CARTESIAN_POINT('Ctrl Pts',(203.926986237991,-143.502435066126,-22.));
#9858=CARTESIAN_POINT('Ctrl Pts',(203.924206149615,-142.048445693222,-22.));
#9859=CARTESIAN_POINT('Ctrl Pts',(204.042905739078,-140.185739102765,-22.));
#9860=CARTESIAN_POINT('Ctrl Pts',(204.409229778013,-137.992580655897,-22.));
#9861=CARTESIAN_POINT('Ctrl Pts',(205.013340349375,-135.946954671887,-22.));
#9862=CARTESIAN_POINT('Ctrl Pts',(205.875210772634,-134.061253412757,-22.));
#9863=CARTESIAN_POINT('Ctrl Pts',(207.006763978331,-132.342874350899,-22.));
#9864=CARTESIAN_POINT('Ctrl Pts',(208.398641243255,-130.78601095274,-22.));
#9865=CARTESIAN_POINT('Ctrl Pts',(210.031737966493,-129.378809944691,-22.));
#9866=CARTESIAN_POINT('Ctrl Pts',(211.515633719253,-128.363126733621,-22.));
#9867=CARTESIAN_POINT('Ctrl Pts',(212.722050824739,-127.659372617022,-22.));
#9868=CARTESIAN_POINT('Ctrl Pts',(213.567206060323,-127.215565066463,-22.));
#9869=CARTESIAN_POINT('Ctrl Pts',(214.000003188848,-127.000001892447,-22.));
#9870=CARTESIAN_POINT('',(204.000003039837,-145.000002160668,-21.7));
#9871=CARTESIAN_POINT('',(204.000003039837,-145.000002160668,-22.));
#9872=CARTESIAN_POINT('',(214.000003188848,-127.000001892447,-21.7));
#9873=CARTESIAN_POINT('Ctrl Pts',(204.000003039837,-145.000002160668,-21.7));
#9874=CARTESIAN_POINT('Ctrl Pts',(203.968974670847,-144.496662730826,-21.7));
#9875=CARTESIAN_POINT('Ctrl Pts',(203.926986237991,-143.502435066126,-21.7));
#9876=CARTESIAN_POINT('Ctrl Pts',(203.924206149615,-142.048445693222,-21.7));
#9877=CARTESIAN_POINT('Ctrl Pts',(204.042905739078,-140.185739102765,-21.7));
#9878=CARTESIAN_POINT('Ctrl Pts',(204.409229778013,-137.992580655897,-21.7));
#9879=CARTESIAN_POINT('Ctrl Pts',(205.013340349375,-135.946954671887,-21.7));
#9880=CARTESIAN_POINT('Ctrl Pts',(205.875210772634,-134.061253412757,-21.7));
#9881=CARTESIAN_POINT('Ctrl Pts',(207.006763978331,-132.342874350899,-21.7));
#9882=CARTESIAN_POINT('Ctrl Pts',(208.398641243255,-130.78601095274,-21.7));
#9883=CARTESIAN_POINT('Ctrl Pts',(210.031737966493,-129.378809944691,-21.7));
#9884=CARTESIAN_POINT('Ctrl Pts',(211.515633719253,-128.363126733621,-21.7));
#9885=CARTESIAN_POINT('Ctrl Pts',(212.722050824739,-127.659372617022,-21.7));
#9886=CARTESIAN_POINT('Ctrl Pts',(213.567206060323,-127.215565066463,-21.7));
#9887=CARTESIAN_POINT('Ctrl Pts',(214.000003188848,-127.000001892447,-21.7));
#9888=CARTESIAN_POINT('',(214.000003188848,-127.000001892447,-22.));
#9889=CARTESIAN_POINT('Ctrl Pts',(214.000003188848,-127.000001892447,-22.));
#9890=CARTESIAN_POINT('Ctrl Pts',(214.000003188848,-127.000001892447,-21.7));
#9891=CARTESIAN_POINT('Ctrl Pts',(214.020429019724,-127.452678607545,-22.));
#9892=CARTESIAN_POINT('Ctrl Pts',(214.020429019724,-127.452678607545,-21.7));
#9893=CARTESIAN_POINT('Ctrl Pts',(214.041818197047,-128.349849153782,-22.));
#9894=CARTESIAN_POINT('Ctrl Pts',(214.041818197047,-128.349849153782,-21.7));
#9895=CARTESIAN_POINT('Ctrl Pts',(214.015515170769,-129.671056599184,-22.));
#9896=CARTESIAN_POINT('Ctrl Pts',(214.015515170769,-129.671056599184,-21.7));
#9897=CARTESIAN_POINT('Ctrl Pts',(213.861744041947,-131.382759649153,-22.));
#9898=CARTESIAN_POINT('Ctrl Pts',(213.861744041947,-131.382759649153,-21.7));
#9899=CARTESIAN_POINT('Ctrl Pts',(213.458456164122,-133.433643687875,-22.));
#9900=CARTESIAN_POINT('Ctrl Pts',(213.458456164122,-133.433643687875,-21.7));
#9901=CARTESIAN_POINT('Ctrl Pts',(212.825967464707,-135.388161626305,-22.));
#9902=CARTESIAN_POINT('Ctrl Pts',(212.825967464707,-135.388161626305,-21.7));
#9903=CARTESIAN_POINT('Ctrl Pts',(211.946714569986,-137.238929050104,-22.));
#9904=CARTESIAN_POINT('Ctrl Pts',(211.946714569986,-137.238929050104,-21.7));
#9905=CARTESIAN_POINT('Ctrl Pts',(210.813231564621,-138.982806960286,-22.));
#9906=CARTESIAN_POINT('Ctrl Pts',(210.813231564621,-138.982806960286,-21.7));
#9907=CARTESIAN_POINT('Ctrl Pts',(209.437946455378,-140.625020637183,-22.));
#9908=CARTESIAN_POINT('Ctrl Pts',(209.437946455378,-140.625020637183,-21.7));
#9909=CARTESIAN_POINT('Ctrl Pts',(207.840111347443,-142.173664512066,-22.));
#9910=CARTESIAN_POINT('Ctrl Pts',(207.840111347443,-142.173664512066,-21.7));
#9911=CARTESIAN_POINT('Ctrl Pts',(206.398909103209,-143.344074929945,-22.));
#9912=CARTESIAN_POINT('Ctrl Pts',(206.398909103209,-143.344074929945,-21.7));
#9913=CARTESIAN_POINT('Ctrl Pts',(205.232257266566,-144.185829609538,-22.));
#9914=CARTESIAN_POINT('Ctrl Pts',(205.232257266566,-144.185829609538,-21.7));
#9915=CARTESIAN_POINT('Ctrl Pts',(204.417002547217,-144.731238285535,-22.));
#9916=CARTESIAN_POINT('Ctrl Pts',(204.417002547217,-144.731238285535,-21.7));
#9917=CARTESIAN_POINT('Ctrl Pts',(204.000003039837,-145.000002160668,-22.));
#9918=CARTESIAN_POINT('Ctrl Pts',(204.000003039837,-145.000002160668,-21.7));
#9919=CARTESIAN_POINT('Ctrl Pts',(214.000003188848,-127.000001892447,-22.));
#9920=CARTESIAN_POINT('Ctrl Pts',(214.020429019724,-127.452678607545,-22.));
#9921=CARTESIAN_POINT('Ctrl Pts',(214.041818197047,-128.349849153782,-22.));
#9922=CARTESIAN_POINT('Ctrl Pts',(214.015515170769,-129.671056599184,-22.));
#9923=CARTESIAN_POINT('Ctrl Pts',(213.861744041947,-131.382759649153,-22.));
#9924=CARTESIAN_POINT('Ctrl Pts',(213.458456164122,-133.433643687875,-22.));
#9925=CARTESIAN_POINT('Ctrl Pts',(212.825967464707,-135.388161626305,-22.));
#9926=CARTESIAN_POINT('Ctrl Pts',(211.946714569986,-137.238929050104,-22.));
#9927=CARTESIAN_POINT('Ctrl Pts',(210.813231564621,-138.982806960286,-22.));
#9928=CARTESIAN_POINT('Ctrl Pts',(209.437946455378,-140.625020637183,-22.));
#9929=CARTESIAN_POINT('Ctrl Pts',(207.840111347443,-142.173664512066,-22.));
#9930=CARTESIAN_POINT('Ctrl Pts',(206.398909103209,-143.344074929945,-22.));
#9931=CARTESIAN_POINT('Ctrl Pts',(205.232257266566,-144.185829609538,-22.));
#9932=CARTESIAN_POINT('Ctrl Pts',(204.417002547217,-144.731238285535,-22.));
#9933=CARTESIAN_POINT('Ctrl Pts',(204.000003039837,-145.000002160668,-22.));
#9934=CARTESIAN_POINT('Ctrl Pts',(214.000003188848,-127.000001892447,-21.7));
#9935=CARTESIAN_POINT('Ctrl Pts',(214.020429019724,-127.452678607545,-21.7));
#9936=CARTESIAN_POINT('Ctrl Pts',(214.041818197047,-128.349849153782,-21.7));
#9937=CARTESIAN_POINT('Ctrl Pts',(214.015515170769,-129.671056599184,-21.7));
#9938=CARTESIAN_POINT('Ctrl Pts',(213.861744041947,-131.382759649153,-21.7));
#9939=CARTESIAN_POINT('Ctrl Pts',(213.458456164122,-133.433643687875,-21.7));
#9940=CARTESIAN_POINT('Ctrl Pts',(212.825967464707,-135.388161626305,-21.7));
#9941=CARTESIAN_POINT('Ctrl Pts',(211.946714569986,-137.238929050104,-21.7));
#9942=CARTESIAN_POINT('Ctrl Pts',(210.813231564621,-138.982806960286,-21.7));
#9943=CARTESIAN_POINT('Ctrl Pts',(209.437946455378,-140.625020637183,-21.7));
#9944=CARTESIAN_POINT('Ctrl Pts',(207.840111347443,-142.173664512066,-21.7));
#9945=CARTESIAN_POINT('Ctrl Pts',(206.398909103209,-143.344074929945,-21.7));
#9946=CARTESIAN_POINT('Ctrl Pts',(205.232257266566,-144.185829609538,-21.7));
#9947=CARTESIAN_POINT('Ctrl Pts',(204.417002547217,-144.731238285535,-21.7));
#9948=CARTESIAN_POINT('Ctrl Pts',(204.000003039837,-145.000002160668,-21.7));
#9949=CARTESIAN_POINT('Ctrl Pts',(191.000002846122,-145.000002160668,-22.));
#9950=CARTESIAN_POINT('Ctrl Pts',(191.000002846122,-145.000002160668,-21.7));
#9951=CARTESIAN_POINT('Ctrl Pts',(190.583003338795,-144.731238285535,-22.));
#9952=CARTESIAN_POINT('Ctrl Pts',(190.583003338795,-144.731238285535,-21.7));
#9953=CARTESIAN_POINT('Ctrl Pts',(189.767748619542,-144.185829609538,-22.));
#9954=CARTESIAN_POINT('Ctrl Pts',(189.767748619542,-144.185829609538,-21.7));
#9955=CARTESIAN_POINT('Ctrl Pts',(188.601096783005,-143.344074929945,-22.));
#9956=CARTESIAN_POINT('Ctrl Pts',(188.601096783005,-143.344074929945,-21.7));
#9957=CARTESIAN_POINT('Ctrl Pts',(187.159894538835,-142.173664512066,-22.));
#9958=CARTESIAN_POINT('Ctrl Pts',(187.159894538835,-142.173664512066,-21.7));
#9959=CARTESIAN_POINT('Ctrl Pts',(185.562059430872,-140.625020637183,-22.));
#9960=CARTESIAN_POINT('Ctrl Pts',(185.562059430872,-140.625020637183,-21.7));
#9961=CARTESIAN_POINT('Ctrl Pts',(184.186774321519,-138.982806960286,-22.));
#9962=CARTESIAN_POINT('Ctrl Pts',(184.186774321519,-138.982806960286,-21.7));
#9963=CARTESIAN_POINT('Ctrl Pts',(183.053291315995,-137.238929050104,-22.));
#9964=CARTESIAN_POINT('Ctrl Pts',(183.053291315995,-137.238929050104,-21.7));
#9965=CARTESIAN_POINT('Ctrl Pts',(182.174038421102,-135.388161626305,-22.));
#9966=CARTESIAN_POINT('Ctrl Pts',(182.174038421102,-135.388161626305,-21.7));
#9967=CARTESIAN_POINT('Ctrl Pts',(181.541549721551,-133.433643687875,-22.));
#9968=CARTESIAN_POINT('Ctrl Pts',(181.541549721551,-133.433643687875,-21.7));
#9969=CARTESIAN_POINT('Ctrl Pts',(181.138261843671,-131.382759649153,-22.));
#9970=CARTESIAN_POINT('Ctrl Pts',(181.138261843671,-131.382759649153,-21.7));
#9971=CARTESIAN_POINT('Ctrl Pts',(180.984490714906,-129.671056599184,-22.));
#9972=CARTESIAN_POINT('Ctrl Pts',(180.984490714906,-129.671056599184,-21.7));
#9973=CARTESIAN_POINT('Ctrl Pts',(180.958187688741,-128.349849153782,-22.));
#9974=CARTESIAN_POINT('Ctrl Pts',(180.958187688741,-128.349849153782,-21.7));
#9975=CARTESIAN_POINT('Ctrl Pts',(180.979576866172,-127.452678607545,-22.));
#9976=CARTESIAN_POINT('Ctrl Pts',(180.979576866172,-127.452678607545,-21.7));
#9977=CARTESIAN_POINT('Ctrl Pts',(181.00000269711,-127.000001892447,-22.));
#9978=CARTESIAN_POINT('Ctrl Pts',(181.00000269711,-127.000001892447,-21.7));
#9979=CARTESIAN_POINT('',(191.000002846122,-145.000002160668,-22.));
#9980=CARTESIAN_POINT('',(181.00000269711,-127.000001892447,-22.));
#9981=CARTESIAN_POINT('Ctrl Pts',(191.000002846122,-145.000002160668,-22.));
#9982=CARTESIAN_POINT('Ctrl Pts',(190.583003338795,-144.731238285535,-22.));
#9983=CARTESIAN_POINT('Ctrl Pts',(189.767748619542,-144.185829609538,-22.));
#9984=CARTESIAN_POINT('Ctrl Pts',(188.601096783005,-143.344074929945,-22.));
#9985=CARTESIAN_POINT('Ctrl Pts',(187.159894538835,-142.173664512066,-22.));
#9986=CARTESIAN_POINT('Ctrl Pts',(185.562059430872,-140.625020637183,-22.));
#9987=CARTESIAN_POINT('Ctrl Pts',(184.186774321519,-138.982806960286,-22.));
#9988=CARTESIAN_POINT('Ctrl Pts',(183.053291315995,-137.238929050104,-22.));
#9989=CARTESIAN_POINT('Ctrl Pts',(182.174038421102,-135.388161626305,-22.));
#9990=CARTESIAN_POINT('Ctrl Pts',(181.541549721551,-133.433643687875,-22.));
#9991=CARTESIAN_POINT('Ctrl Pts',(181.138261843671,-131.382759649153,-22.));
#9992=CARTESIAN_POINT('Ctrl Pts',(180.984490714906,-129.671056599184,-22.));
#9993=CARTESIAN_POINT('Ctrl Pts',(180.958187688741,-128.349849153782,-22.));
#9994=CARTESIAN_POINT('Ctrl Pts',(180.979576866172,-127.452678607545,-22.));
#9995=CARTESIAN_POINT('Ctrl Pts',(181.00000269711,-127.000001892447,-22.));
#9996=CARTESIAN_POINT('',(191.000002846122,-145.000002160668,-21.7));
#9997=CARTESIAN_POINT('',(191.000002846122,-145.000002160668,-22.));
#9998=CARTESIAN_POINT('',(181.00000269711,-127.000001892447,-21.7));
#9999=CARTESIAN_POINT('Ctrl Pts',(191.000002846122,-145.000002160668,-21.7));
#10000=CARTESIAN_POINT('Ctrl Pts',(190.583003338795,-144.731238285535,-21.7));
#10001=CARTESIAN_POINT('Ctrl Pts',(189.767748619542,-144.185829609538,-21.7));
#10002=CARTESIAN_POINT('Ctrl Pts',(188.601096783005,-143.344074929945,-21.7));
#10003=CARTESIAN_POINT('Ctrl Pts',(187.159894538835,-142.173664512066,-21.7));
#10004=CARTESIAN_POINT('Ctrl Pts',(185.562059430872,-140.625020637183,-21.7));
#10005=CARTESIAN_POINT('Ctrl Pts',(184.186774321519,-138.982806960286,-21.7));
#10006=CARTESIAN_POINT('Ctrl Pts',(183.053291315995,-137.238929050104,-21.7));
#10007=CARTESIAN_POINT('Ctrl Pts',(182.174038421102,-135.388161626305,-21.7));
#10008=CARTESIAN_POINT('Ctrl Pts',(181.541549721551,-133.433643687875,-21.7));
#10009=CARTESIAN_POINT('Ctrl Pts',(181.138261843671,-131.382759649153,-21.7));
#10010=CARTESIAN_POINT('Ctrl Pts',(180.984490714906,-129.671056599184,-21.7));
#10011=CARTESIAN_POINT('Ctrl Pts',(180.958187688741,-128.349849153782,-21.7));
#10012=CARTESIAN_POINT('Ctrl Pts',(180.979576866172,-127.452678607545,-21.7));
#10013=CARTESIAN_POINT('Ctrl Pts',(181.00000269711,-127.000001892447,-21.7));
#10014=CARTESIAN_POINT('',(181.00000269711,-127.000001892447,-22.));
#10015=CARTESIAN_POINT('Ctrl Pts',(181.00000269711,-127.000001892447,-22.));
#10016=CARTESIAN_POINT('Ctrl Pts',(181.00000269711,-127.000001892447,-21.7));
#10017=CARTESIAN_POINT('Ctrl Pts',(181.432799825666,-127.215565066482,-22.));
#10018=CARTESIAN_POINT('Ctrl Pts',(181.432799825666,-127.215565066482,-21.7));
#10019=CARTESIAN_POINT('Ctrl Pts',(182.277955061304,-127.659372617072,-22.));
#10020=CARTESIAN_POINT('Ctrl Pts',(182.277955061304,-127.659372617072,-21.7));
#10021=CARTESIAN_POINT('Ctrl Pts',(183.484372166851,-128.363126733703,-22.));
#10022=CARTESIAN_POINT('Ctrl Pts',(183.484372166851,-128.363126733703,-21.7));
#10023=CARTESIAN_POINT('Ctrl Pts',(184.968267919647,-129.378809944788,-22.));
#10024=CARTESIAN_POINT('Ctrl Pts',(184.968267919647,-129.378809944788,-21.7));
#10025=CARTESIAN_POINT('Ctrl Pts',(186.601364642866,-130.786010952821,-22.));
#10026=CARTESIAN_POINT('Ctrl Pts',(186.601364642866,-130.786010952821,-21.7));
#10027=CARTESIAN_POINT('Ctrl Pts',(187.993241907721,-132.342874350942,-22.));
#10028=CARTESIAN_POINT('Ctrl Pts',(187.993241907721,-132.342874350942,-21.7));
#10029=CARTESIAN_POINT('Ctrl Pts',(189.12479511332,-134.061253412753,-22.));
#10030=CARTESIAN_POINT('Ctrl Pts',(189.12479511332,-134.061253412753,-21.7));
#10031=CARTESIAN_POINT('Ctrl Pts',(189.986665536477,-135.946954671841,-22.));
#10032=CARTESIAN_POINT('Ctrl Pts',(189.986665536477,-135.946954671841,-21.7));
#10033=CARTESIAN_POINT('Ctrl Pts',(190.59077610776,-137.99258065582,-22.));
#10034=CARTESIAN_POINT('Ctrl Pts',(190.59077610776,-137.99258065582,-21.7));
#10035=CARTESIAN_POINT('Ctrl Pts',(190.957100146664,-140.18573910268,-22.));
#10036=CARTESIAN_POINT('Ctrl Pts',(190.957100146664,-140.18573910268,-21.7));
#10037=CARTESIAN_POINT('Ctrl Pts',(191.075799736164,-142.048445693153,-22.));
#10038=CARTESIAN_POINT('Ctrl Pts',(191.075799736164,-142.048445693153,-21.7));
#10039=CARTESIAN_POINT('Ctrl Pts',(191.073019647859,-143.502435066085,-22.));
#10040=CARTESIAN_POINT('Ctrl Pts',(191.073019647859,-143.502435066085,-21.7));
#10041=CARTESIAN_POINT('Ctrl Pts',(191.031031215072,-144.496662730811,-22.));
#10042=CARTESIAN_POINT('Ctrl Pts',(191.031031215072,-144.496662730811,-21.7));
#10043=CARTESIAN_POINT('Ctrl Pts',(191.000002846122,-145.000002160668,-22.));
#10044=CARTESIAN_POINT('Ctrl Pts',(191.000002846122,-145.000002160668,-21.7));
#10045=CARTESIAN_POINT('Ctrl Pts',(181.00000269711,-127.000001892447,-22.));
#10046=CARTESIAN_POINT('Ctrl Pts',(181.432799825666,-127.215565066482,-22.));
#10047=CARTESIAN_POINT('Ctrl Pts',(182.277955061304,-127.659372617072,-22.));
#10048=CARTESIAN_POINT('Ctrl Pts',(183.484372166851,-128.363126733703,-22.));
#10049=CARTESIAN_POINT('Ctrl Pts',(184.968267919647,-129.378809944788,-22.));
#10050=CARTESIAN_POINT('Ctrl Pts',(186.601364642866,-130.786010952821,-22.));
#10051=CARTESIAN_POINT('Ctrl Pts',(187.993241907721,-132.342874350942,-22.));
#10052=CARTESIAN_POINT('Ctrl Pts',(189.12479511332,-134.061253412753,-22.));
#10053=CARTESIAN_POINT('Ctrl Pts',(189.986665536477,-135.946954671841,-22.));
#10054=CARTESIAN_POINT('Ctrl Pts',(190.59077610776,-137.99258065582,-22.));
#10055=CARTESIAN_POINT('Ctrl Pts',(190.957100146664,-140.18573910268,-22.));
#10056=CARTESIAN_POINT('Ctrl Pts',(191.075799736164,-142.048445693153,-22.));
#10057=CARTESIAN_POINT('Ctrl Pts',(191.073019647859,-143.502435066085,-22.));
#10058=CARTESIAN_POINT('Ctrl Pts',(191.031031215072,-144.496662730811,-22.));
#10059=CARTESIAN_POINT('Ctrl Pts',(191.000002846122,-145.000002160668,-22.));
#10060=CARTESIAN_POINT('Ctrl Pts',(181.00000269711,-127.000001892447,-21.7));
#10061=CARTESIAN_POINT('Ctrl Pts',(181.432799825666,-127.215565066482,-21.7));
#10062=CARTESIAN_POINT('Ctrl Pts',(182.277955061304,-127.659372617072,-21.7));
#10063=CARTESIAN_POINT('Ctrl Pts',(183.484372166851,-128.363126733703,-21.7));
#10064=CARTESIAN_POINT('Ctrl Pts',(184.968267919647,-129.378809944788,-21.7));
#10065=CARTESIAN_POINT('Ctrl Pts',(186.601364642866,-130.786010952821,-21.7));
#10066=CARTESIAN_POINT('Ctrl Pts',(187.993241907721,-132.342874350942,-21.7));
#10067=CARTESIAN_POINT('Ctrl Pts',(189.12479511332,-134.061253412753,-21.7));
#10068=CARTESIAN_POINT('Ctrl Pts',(189.986665536477,-135.946954671841,-21.7));
#10069=CARTESIAN_POINT('Ctrl Pts',(190.59077610776,-137.99258065582,-21.7));
#10070=CARTESIAN_POINT('Ctrl Pts',(190.957100146664,-140.18573910268,-21.7));
#10071=CARTESIAN_POINT('Ctrl Pts',(191.075799736164,-142.048445693153,-21.7));
#10072=CARTESIAN_POINT('Ctrl Pts',(191.073019647859,-143.502435066085,-21.7));
#10073=CARTESIAN_POINT('Ctrl Pts',(191.031031215072,-144.496662730811,-21.7));
#10074=CARTESIAN_POINT('Ctrl Pts',(191.000002846122,-145.000002160668,-21.7));
#10075=CARTESIAN_POINT('Ctrl Pts',(214.000003188848,-67.0000009983778,-22.));
#10076=CARTESIAN_POINT('Ctrl Pts',(214.000003188848,-67.0000009983778,-21.7));
#10077=CARTESIAN_POINT('Ctrl Pts',(213.331418826749,-69.9325588877317,-22.));
#10078=CARTESIAN_POINT('Ctrl Pts',(213.331418826749,-69.9325588877317,-21.7));
#10079=CARTESIAN_POINT('Ctrl Pts',(211.996737501612,-75.5442250304956,-22.));
#10080=CARTESIAN_POINT('Ctrl Pts',(211.996737501612,-75.5442250304956,-21.7));
#10081=CARTESIAN_POINT('Ctrl Pts',(210.002177439619,-83.2014029977017,-22.));
#10082=CARTESIAN_POINT('Ctrl Pts',(210.002177439619,-83.2014029977017,-21.7));
#10083=CARTESIAN_POINT('Ctrl Pts',(207.357935747965,-91.8650745040125,-22.));
#10084=CARTESIAN_POINT('Ctrl Pts',(207.357935747965,-91.8650745040125,-21.7));
#10085=CARTESIAN_POINT('Ctrl Pts',(204.07964365323,-99.9425201700737,-22.));
#10086=CARTESIAN_POINT('Ctrl Pts',(204.07964365323,-99.9425201700737,-21.7));
#10087=CARTESIAN_POINT('Ctrl Pts',(200.830805204002,-105.018832702933,-22.));
#10088=CARTESIAN_POINT('Ctrl Pts',(200.830805204002,-105.018832702933,-21.7));
#10089=CARTESIAN_POINT('Ctrl Pts',(197.613870982586,-106.844313851705,-22.));
#10090=CARTESIAN_POINT('Ctrl Pts',(197.613870982586,-106.844313851705,-21.7));
#10091=CARTESIAN_POINT('Ctrl Pts',(194.430263478496,-105.27402127144,-22.));
#10092=CARTESIAN_POINT('Ctrl Pts',(194.430263478496,-105.27402127144,-21.7));
#10093=CARTESIAN_POINT('Ctrl Pts',(191.278771417082,-100.431375896446,-22.));
#10094=CARTESIAN_POINT('Ctrl Pts',(191.278771417082,-100.431375896446,-21.7));
#10095=CARTESIAN_POINT('Ctrl Pts',(188.157015716583,-92.558790539418,-22.));
#10096=CARTESIAN_POINT('Ctrl Pts',(188.157015716583,-92.558790539418,-21.7));
#10097=CARTESIAN_POINT('Ctrl Pts',(185.681471077429,-84.0333397700164,-22.));
#10098=CARTESIAN_POINT('Ctrl Pts',(185.681471077429,-84.0333397700164,-21.7));
#10099=CARTESIAN_POINT('Ctrl Pts',(183.836330611465,-76.465641732311,-22.));
#10100=CARTESIAN_POINT('Ctrl Pts',(183.836330611465,-76.465641732311,-21.7));
#10101=CARTESIAN_POINT('Ctrl Pts',(182.611272702087,-70.9074014064186,-22.));
#10102=CARTESIAN_POINT('Ctrl Pts',(182.611272702087,-70.9074014064186,-21.7));
#10103=CARTESIAN_POINT('Ctrl Pts',(182.000002712011,-68.000001013279,-22.));
#10104=CARTESIAN_POINT('Ctrl Pts',(182.000002712011,-68.000001013279,-21.7));
#10105=CARTESIAN_POINT('',(214.000003188848,-67.0000009983778,-22.));
#10106=CARTESIAN_POINT('',(182.000002712011,-68.000001013279,-22.));
#10107=CARTESIAN_POINT('Ctrl Pts',(214.000003188848,-67.0000009983778,-22.));
#10108=CARTESIAN_POINT('Ctrl Pts',(213.331418826749,-69.9325588877317,-22.));
#10109=CARTESIAN_POINT('Ctrl Pts',(211.996737501612,-75.5442250304956,-22.));
#10110=CARTESIAN_POINT('Ctrl Pts',(210.002177439619,-83.2014029977017,-22.));
#10111=CARTESIAN_POINT('Ctrl Pts',(207.357935747965,-91.8650745040125,-22.));
#10112=CARTESIAN_POINT('Ctrl Pts',(204.07964365323,-99.9425201700737,-22.));
#10113=CARTESIAN_POINT('Ctrl Pts',(200.830805204002,-105.018832702933,-22.));
#10114=CARTESIAN_POINT('Ctrl Pts',(197.613870982586,-106.844313851705,-22.));
#10115=CARTESIAN_POINT('Ctrl Pts',(194.430263478496,-105.27402127144,-22.));
#10116=CARTESIAN_POINT('Ctrl Pts',(191.278771417082,-100.431375896446,-22.));
#10117=CARTESIAN_POINT('Ctrl Pts',(188.157015716583,-92.558790539418,-22.));
#10118=CARTESIAN_POINT('Ctrl Pts',(185.681471077429,-84.0333397700164,-22.));
#10119=CARTESIAN_POINT('Ctrl Pts',(183.836330611465,-76.465641732311,-22.));
#10120=CARTESIAN_POINT('Ctrl Pts',(182.611272702087,-70.9074014064186,-22.));
#10121=CARTESIAN_POINT('Ctrl Pts',(182.000002712011,-68.000001013279,-22.));
#10122=CARTESIAN_POINT('',(214.000003188848,-67.0000009983778,-21.7));
#10123=CARTESIAN_POINT('',(214.000003188848,-67.0000009983778,-22.));
#10124=CARTESIAN_POINT('',(182.000002712011,-68.000001013279,-21.7));
#10125=CARTESIAN_POINT('Ctrl Pts',(214.000003188848,-67.0000009983778,-21.7));
#10126=CARTESIAN_POINT('Ctrl Pts',(213.331418826749,-69.9325588877317,-21.7));
#10127=CARTESIAN_POINT('Ctrl Pts',(211.996737501612,-75.5442250304956,-21.7));
#10128=CARTESIAN_POINT('Ctrl Pts',(210.002177439619,-83.2014029977017,-21.7));
#10129=CARTESIAN_POINT('Ctrl Pts',(207.357935747965,-91.8650745040125,-21.7));
#10130=CARTESIAN_POINT('Ctrl Pts',(204.07964365323,-99.9425201700737,-21.7));
#10131=CARTESIAN_POINT('Ctrl Pts',(200.830805204002,-105.018832702933,-21.7));
#10132=CARTESIAN_POINT('Ctrl Pts',(197.613870982586,-106.844313851705,-21.7));
#10133=CARTESIAN_POINT('Ctrl Pts',(194.430263478496,-105.27402127144,-21.7));
#10134=CARTESIAN_POINT('Ctrl Pts',(191.278771417082,-100.431375896446,-21.7));
#10135=CARTESIAN_POINT('Ctrl Pts',(188.157015716583,-92.558790539418,-21.7));
#10136=CARTESIAN_POINT('Ctrl Pts',(185.681471077429,-84.0333397700164,-21.7));
#10137=CARTESIAN_POINT('Ctrl Pts',(183.836330611465,-76.465641732311,-21.7));
#10138=CARTESIAN_POINT('Ctrl Pts',(182.611272702087,-70.9074014064186,-21.7));
#10139=CARTESIAN_POINT('Ctrl Pts',(182.000002712011,-68.000001013279,-21.7));
#10140=CARTESIAN_POINT('',(182.000002712011,-68.000001013279,-22.));
#10141=CARTESIAN_POINT('Ctrl Pts',(197.500002942979,-152.500002272427,-22.));
#10142=CARTESIAN_POINT('Ctrl Pts',(197.500002942979,-152.500002272427,-21.7));
#10143=CARTESIAN_POINT('Ctrl Pts',(198.7450093479,-152.078341653976,-22.));
#10144=CARTESIAN_POINT('Ctrl Pts',(198.7450093479,-152.078341653976,-21.7));
#10145=CARTESIAN_POINT('Ctrl Pts',(201.152820729659,-151.118753309469,-22.));
#10146=CARTESIAN_POINT('Ctrl Pts',(201.152820729659,-151.118753309469,-21.7));
#10147=CARTESIAN_POINT('Ctrl Pts',(204.517933623859,-149.330568510232,-22.));
#10148=CARTESIAN_POINT('Ctrl Pts',(204.517933623859,-149.330568510232,-21.7));
#10149=CARTESIAN_POINT('Ctrl Pts',(208.507956351983,-146.243654180456,-22.));
#10150=CARTESIAN_POINT('Ctrl Pts',(208.507956351983,-146.243654180456,-21.7));
#10151=CARTESIAN_POINT('Ctrl Pts',(212.647338776641,-141.195521848772,-22.));
#10152=CARTESIAN_POINT('Ctrl Pts',(212.647338776641,-141.195521848772,-21.7));
#10153=CARTESIAN_POINT('Ctrl Pts',(215.916088262442,-134.95688472302,-22.));
#10154=CARTESIAN_POINT('Ctrl Pts',(215.916088262442,-134.95688472302,-21.7));
#10155=CARTESIAN_POINT('Ctrl Pts',(218.299658539391,-127.569068787174,-22.));
#10156=CARTESIAN_POINT('Ctrl Pts',(218.299658539391,-127.569068787174,-21.7));
#10157=CARTESIAN_POINT('Ctrl Pts',(219.805476880048,-119.147743415379,-22.));
#10158=CARTESIAN_POINT('Ctrl Pts',(219.805476880048,-119.147743415379,-21.7));
#10159=CARTESIAN_POINT('Ctrl Pts',(220.476293459928,-109.911984220458,-22.));
#10160=CARTESIAN_POINT('Ctrl Pts',(220.476293459928,-109.911984220458,-21.7));
#10161=CARTESIAN_POINT('Ctrl Pts',(220.414679423116,-100.236221715676,-22.));
#10162=CARTESIAN_POINT('Ctrl Pts',(220.414679423116,-100.236221715676,-21.7));
#10163=CARTESIAN_POINT('Ctrl Pts',(219.778217927149,-90.6356513079881,-22.));
#10164=CARTESIAN_POINT('Ctrl Pts',(219.778217927149,-90.6356513079881,-21.7));
#10165=CARTESIAN_POINT('Ctrl Pts',(218.75254333665,-81.7007431603972,-22.));
#10166=CARTESIAN_POINT('Ctrl Pts',(218.75254333665,-81.7007431603972,-21.7));
#10167=CARTESIAN_POINT('Ctrl Pts',(217.533353316407,-74.0478581253732,-22.));
#10168=CARTESIAN_POINT('Ctrl Pts',(217.533353316407,-74.0478581253732,-21.7));
#10169=CARTESIAN_POINT('Ctrl Pts',(216.307408380539,-68.2653355289121,-22.));
#10170=CARTESIAN_POINT('Ctrl Pts',(216.307408380539,-68.2653355289121,-21.7));
#10171=CARTESIAN_POINT('Ctrl Pts',(215.233212089823,-64.85127263597,-22.));
#10172=CARTESIAN_POINT('Ctrl Pts',(215.233212089823,-64.85127263597,-21.7));
#10173=CARTESIAN_POINT('Ctrl Pts',(214.586634867824,-64.2988902163741,-22.));
#10174=CARTESIAN_POINT('Ctrl Pts',(214.586634867824,-64.2988902163741,-21.7));
#10175=CARTESIAN_POINT('Ctrl Pts',(214.24013451155,-65.1586015230077,-22.));
#10176=CARTESIAN_POINT('Ctrl Pts',(214.24013451155,-65.1586015230077,-21.7));
#10177=CARTESIAN_POINT('Ctrl Pts',(214.069906602696,-66.2926680245758,-22.));
#10178=CARTESIAN_POINT('Ctrl Pts',(214.069906602696,-66.2926680245758,-21.7));
#10179=CARTESIAN_POINT('Ctrl Pts',(214.000003188848,-67.0000009983778,-22.));
#10180=CARTESIAN_POINT('Ctrl Pts',(214.000003188848,-67.0000009983778,-21.7));
#10181=CARTESIAN_POINT('',(197.500002942979,-152.500002272427,-22.));
#10182=CARTESIAN_POINT('Ctrl Pts',(197.500002942979,-152.500002272427,-22.));
#10183=CARTESIAN_POINT('Ctrl Pts',(198.7450093479,-152.078341653976,-22.));
#10184=CARTESIAN_POINT('Ctrl Pts',(201.152820729659,-151.118753309469,-22.));
#10185=CARTESIAN_POINT('Ctrl Pts',(204.517933623859,-149.330568510232,-22.));
#10186=CARTESIAN_POINT('Ctrl Pts',(208.507956351983,-146.243654180456,-22.));
#10187=CARTESIAN_POINT('Ctrl Pts',(212.647338776641,-141.195521848772,-22.));
#10188=CARTESIAN_POINT('Ctrl Pts',(215.916088262442,-134.95688472302,-22.));
#10189=CARTESIAN_POINT('Ctrl Pts',(218.299658539391,-127.569068787174,-22.));
#10190=CARTESIAN_POINT('Ctrl Pts',(219.805476880048,-119.147743415379,-22.));
#10191=CARTESIAN_POINT('Ctrl Pts',(220.476293459928,-109.911984220458,-22.));
#10192=CARTESIAN_POINT('Ctrl Pts',(220.414679423116,-100.236221715676,-22.));
#10193=CARTESIAN_POINT('Ctrl Pts',(219.778217927149,-90.6356513079881,-22.));
#10194=CARTESIAN_POINT('Ctrl Pts',(218.75254333665,-81.7007431603972,-22.));
#10195=CARTESIAN_POINT('Ctrl Pts',(217.533353316407,-74.0478581253732,-22.));
#10196=CARTESIAN_POINT('Ctrl Pts',(216.307408380539,-68.2653355289121,-22.));
#10197=CARTESIAN_POINT('Ctrl Pts',(215.233212089823,-64.85127263597,-22.));
#10198=CARTESIAN_POINT('Ctrl Pts',(214.586634867824,-64.2988902163741,-22.));
#10199=CARTESIAN_POINT('Ctrl Pts',(214.24013451155,-65.1586015230077,-22.));
#10200=CARTESIAN_POINT('Ctrl Pts',(214.069906602696,-66.2926680245758,-22.));
#10201=CARTESIAN_POINT('Ctrl Pts',(214.000003188848,-67.0000009983778,-22.));
#10202=CARTESIAN_POINT('',(197.500002942979,-152.500002272427,-21.7));
#10203=CARTESIAN_POINT('',(197.500002942979,-152.500002272427,-22.));
#10204=CARTESIAN_POINT('Ctrl Pts',(197.500002942979,-152.500002272427,-21.7));
#10205=CARTESIAN_POINT('Ctrl Pts',(198.7450093479,-152.078341653976,-21.7));
#10206=CARTESIAN_POINT('Ctrl Pts',(201.152820729659,-151.118753309469,-21.7));
#10207=CARTESIAN_POINT('Ctrl Pts',(204.517933623859,-149.330568510232,-21.7));
#10208=CARTESIAN_POINT('Ctrl Pts',(208.507956351983,-146.243654180456,-21.7));
#10209=CARTESIAN_POINT('Ctrl Pts',(212.647338776641,-141.195521848772,-21.7));
#10210=CARTESIAN_POINT('Ctrl Pts',(215.916088262442,-134.95688472302,-21.7));
#10211=CARTESIAN_POINT('Ctrl Pts',(218.299658539391,-127.569068787174,-21.7));
#10212=CARTESIAN_POINT('Ctrl Pts',(219.805476880048,-119.147743415379,-21.7));
#10213=CARTESIAN_POINT('Ctrl Pts',(220.476293459928,-109.911984220458,-21.7));
#10214=CARTESIAN_POINT('Ctrl Pts',(220.414679423116,-100.236221715676,-21.7));
#10215=CARTESIAN_POINT('Ctrl Pts',(219.778217927149,-90.6356513079881,-21.7));
#10216=CARTESIAN_POINT('Ctrl Pts',(218.75254333665,-81.7007431603972,-21.7));
#10217=CARTESIAN_POINT('Ctrl Pts',(217.533353316407,-74.0478581253732,-21.7));
#10218=CARTESIAN_POINT('Ctrl Pts',(216.307408380539,-68.2653355289121,-21.7));
#10219=CARTESIAN_POINT('Ctrl Pts',(215.233212089823,-64.85127263597,-21.7));
#10220=CARTESIAN_POINT('Ctrl Pts',(214.586634867824,-64.2988902163741,-21.7));
#10221=CARTESIAN_POINT('Ctrl Pts',(214.24013451155,-65.1586015230077,-21.7));
#10222=CARTESIAN_POINT('Ctrl Pts',(214.069906602696,-66.2926680245758,-21.7));
#10223=CARTESIAN_POINT('Ctrl Pts',(214.000003188848,-67.0000009983778,-21.7));
#10224=CARTESIAN_POINT('Ctrl Pts',(182.000002712011,-68.000001013279,-22.));
#10225=CARTESIAN_POINT('Ctrl Pts',(182.000002712011,-68.000001013279,-21.7));
#10226=CARTESIAN_POINT('Ctrl Pts',(181.832974569681,-67.1240173007906,-22.));
#10227=CARTESIAN_POINT('Ctrl Pts',(181.832974569681,-67.1240173007906,-21.7));
#10228=CARTESIAN_POINT('Ctrl Pts',(181.48009361367,-65.6623378043995,-22.));
#10229=CARTESIAN_POINT('Ctrl Pts',(181.48009361367,-65.6623378043995,-21.7));
#10230=CARTESIAN_POINT('Ctrl Pts',(180.894306287523,-64.3406411357094,-22.));
#10231=CARTESIAN_POINT('Ctrl Pts',(180.894306287523,-64.3406411357094,-21.7));
#10232=CARTESIAN_POINT('Ctrl Pts',(179.999430201243,-64.3330551859642,-22.));
#10233=CARTESIAN_POINT('Ctrl Pts',(179.999430201243,-64.3330551859642,-21.7));
#10234=CARTESIAN_POINT('Ctrl Pts',(178.719614859456,-67.183647081579,-22.));
#10235=CARTESIAN_POINT('Ctrl Pts',(178.719614859456,-67.183647081579,-21.7));
#10236=CARTESIAN_POINT('Ctrl Pts',(177.371840944006,-72.5721621311013,-22.));
#10237=CARTESIAN_POINT('Ctrl Pts',(177.371840944006,-72.5721621311013,-21.7));
#10238=CARTESIAN_POINT('Ctrl Pts',(176.094561840781,-80.0036890998328,-22.));
#10239=CARTESIAN_POINT('Ctrl Pts',(176.094561840781,-80.0036890998328,-21.7));
#10240=CARTESIAN_POINT('Ctrl Pts',(175.054361661229,-88.8787782868297,-22.));
#10241=CARTESIAN_POINT('Ctrl Pts',(175.054361661229,-88.8787782868297,-21.7));
#10242=CARTESIAN_POINT('Ctrl Pts',(174.429127830979,-98.5561304559872,-22.));
#10243=CARTESIAN_POINT('Ctrl Pts',(174.429127830979,-98.5561304559872,-21.7));
#10244=CARTESIAN_POINT('Ctrl Pts',(174.390230212042,-108.411845665505,-22.));
#10245=CARTESIAN_POINT('Ctrl Pts',(174.390230212042,-108.411845665505,-21.7));
#10246=CARTESIAN_POINT('Ctrl Pts',(175.085508036043,-117.892517900026,-22.));
#10247=CARTESIAN_POINT('Ctrl Pts',(175.085508036043,-117.892517900026,-21.7));
#10248=CARTESIAN_POINT('Ctrl Pts',(176.615365566031,-126.581243270852,-22.));
#10249=CARTESIAN_POINT('Ctrl Pts',(176.615365566031,-126.581243270852,-21.7));
#10250=CARTESIAN_POINT('Ctrl Pts',(179.021399991888,-134.230340205155,-22.));
#10251=CARTESIAN_POINT('Ctrl Pts',(179.021399991888,-134.230340205155,-21.7));
#10252=CARTESIAN_POINT('Ctrl Pts',(182.310214434723,-140.706440392874,-22.));
#10253=CARTESIAN_POINT('Ctrl Pts',(182.310214434723,-140.706440392874,-21.7));
#10254=CARTESIAN_POINT('Ctrl Pts',(186.466898782537,-145.958551304743,-22.));
#10255=CARTESIAN_POINT('Ctrl Pts',(186.466898782537,-145.958551304743,-21.7));
#10256=CARTESIAN_POINT('Ctrl Pts',(190.468433284064,-149.178618032039,-22.));
#10257=CARTESIAN_POINT('Ctrl Pts',(190.468433284064,-149.178618032039,-21.7));
#10258=CARTESIAN_POINT('Ctrl Pts',(193.840871320928,-151.049431857049,-22.));
#10259=CARTESIAN_POINT('Ctrl Pts',(193.840871320928,-151.049431857049,-21.7));
#10260=CARTESIAN_POINT('Ctrl Pts',(196.252988225808,-152.056501907326,-22.));
#10261=CARTESIAN_POINT('Ctrl Pts',(196.252988225808,-152.056501907326,-21.7));
#10262=CARTESIAN_POINT('Ctrl Pts',(197.500002942979,-152.500002272427,-22.));
#10263=CARTESIAN_POINT('Ctrl Pts',(197.500002942979,-152.500002272427,-21.7));
#10264=CARTESIAN_POINT('Ctrl Pts',(182.000002712011,-68.000001013279,-22.));
#10265=CARTESIAN_POINT('Ctrl Pts',(181.832974569681,-67.1240173007906,-22.));
#10266=CARTESIAN_POINT('Ctrl Pts',(181.48009361367,-65.6623378043995,-22.));
#10267=CARTESIAN_POINT('Ctrl Pts',(180.894306287523,-64.3406411357094,-22.));
#10268=CARTESIAN_POINT('Ctrl Pts',(179.999430201243,-64.3330551859642,-22.));
#10269=CARTESIAN_POINT('Ctrl Pts',(178.719614859456,-67.183647081579,-22.));
#10270=CARTESIAN_POINT('Ctrl Pts',(177.371840944006,-72.5721621311013,-22.));
#10271=CARTESIAN_POINT('Ctrl Pts',(176.094561840781,-80.0036890998328,-22.));
#10272=CARTESIAN_POINT('Ctrl Pts',(175.054361661229,-88.8787782868297,-22.));
#10273=CARTESIAN_POINT('Ctrl Pts',(174.429127830979,-98.5561304559872,-22.));
#10274=CARTESIAN_POINT('Ctrl Pts',(174.390230212042,-108.411845665505,-22.));
#10275=CARTESIAN_POINT('Ctrl Pts',(175.085508036043,-117.892517900026,-22.));
#10276=CARTESIAN_POINT('Ctrl Pts',(176.615365566031,-126.581243270852,-22.));
#10277=CARTESIAN_POINT('Ctrl Pts',(179.021399991888,-134.230340205155,-22.));
#10278=CARTESIAN_POINT('Ctrl Pts',(182.310214434723,-140.706440392874,-22.));
#10279=CARTESIAN_POINT('Ctrl Pts',(186.466898782537,-145.958551304743,-22.));
#10280=CARTESIAN_POINT('Ctrl Pts',(190.468433284064,-149.178618032039,-22.));
#10281=CARTESIAN_POINT('Ctrl Pts',(193.840871320928,-151.049431857049,-22.));
#10282=CARTESIAN_POINT('Ctrl Pts',(196.252988225808,-152.056501907326,-22.));
#10283=CARTESIAN_POINT('Ctrl Pts',(197.500002942979,-152.500002272427,-22.));
#10284=CARTESIAN_POINT('Ctrl Pts',(182.000002712011,-68.000001013279,-21.7));
#10285=CARTESIAN_POINT('Ctrl Pts',(181.832974569681,-67.1240173007906,-21.7));
#10286=CARTESIAN_POINT('Ctrl Pts',(181.48009361367,-65.6623378043995,-21.7));
#10287=CARTESIAN_POINT('Ctrl Pts',(180.894306287523,-64.3406411357094,-21.7));
#10288=CARTESIAN_POINT('Ctrl Pts',(179.999430201243,-64.3330551859642,-21.7));
#10289=CARTESIAN_POINT('Ctrl Pts',(178.719614859456,-67.183647081579,-21.7));
#10290=CARTESIAN_POINT('Ctrl Pts',(177.371840944006,-72.5721621311013,-21.7));
#10291=CARTESIAN_POINT('Ctrl Pts',(176.094561840781,-80.0036890998328,-21.7));
#10292=CARTESIAN_POINT('Ctrl Pts',(175.054361661229,-88.8787782868297,-21.7));
#10293=CARTESIAN_POINT('Ctrl Pts',(174.429127830979,-98.5561304559872,-21.7));
#10294=CARTESIAN_POINT('Ctrl Pts',(174.390230212042,-108.411845665505,-21.7));
#10295=CARTESIAN_POINT('Ctrl Pts',(175.085508036043,-117.892517900026,-21.7));
#10296=CARTESIAN_POINT('Ctrl Pts',(176.615365566031,-126.581243270852,-21.7));
#10297=CARTESIAN_POINT('Ctrl Pts',(179.021399991888,-134.230340205155,-21.7));
#10298=CARTESIAN_POINT('Ctrl Pts',(182.310214434723,-140.706440392874,-21.7));
#10299=CARTESIAN_POINT('Ctrl Pts',(186.466898782537,-145.958551304743,-21.7));
#10300=CARTESIAN_POINT('Ctrl Pts',(190.468433284064,-149.178618032039,-21.7));
#10301=CARTESIAN_POINT('Ctrl Pts',(193.840871320928,-151.049431857049,-21.7));
#10302=CARTESIAN_POINT('Ctrl Pts',(196.252988225808,-152.056501907326,-21.7));
#10303=CARTESIAN_POINT('Ctrl Pts',(197.500002942979,-152.500002272427,-21.7));
#10304=CARTESIAN_POINT('Origin',(197.433261835985,-108.399446244401,-21.7));
#10305=CARTESIAN_POINT('Origin',(196.250000068918,-103.650001959503,-22.));
#10306=CARTESIAN_POINT('',(250.050000068918,-103.650001959503,-22.));
#10307=CARTESIAN_POINT('Origin',(196.250000068918,-103.650001959503,-22.));
#10308=CARTESIAN_POINT('Origin',(196.250000068918,-103.650001959503,-22.));
#10309=CARTESIAN_POINT('Origin',(196.250000068918,-103.650001959503,-19.));
#10310=CARTESIAN_POINT('',(250.050000068918,-103.650001959503,-19.));
#10311=CARTESIAN_POINT('Origin',(196.250000068918,-103.650001959503,-19.));
#10312=CARTESIAN_POINT('',(219.00000320375,-138.000001490116,-19.));
#10313=CARTESIAN_POINT('',(204.000002980232,-138.000001490116,-19.));
#10314=CARTESIAN_POINT('',(219.00000320375,-138.000001490116,-19.));
#10315=CARTESIAN_POINT('',(209.000003054738,-133.00000141561,-19.));
#10316=CARTESIAN_POINT('',(204.000002980232,-138.000001490116,-19.));
#10317=CARTESIAN_POINT('',(183.500003129244,-133.00000141561,-19.));
#10318=CARTESIAN_POINT('',(241.00000359118,-133.000001937151,-19.0000001341104));
#10319=CARTESIAN_POINT('',(188.50000320375,-138.000001490116,-19.));
#10320=CARTESIAN_POINT('',(188.50000320375,-138.000001490116,-19.));
#10321=CARTESIAN_POINT('',(173.500002980232,-138.000001490116,-19.));
#10322=CARTESIAN_POINT('',(188.50000320375,-138.000001490116,-19.));
#10323=CARTESIAN_POINT('',(178.500003054738,-133.00000141561,-19.));
#10324=CARTESIAN_POINT('',(173.500002980232,-138.000001490116,-19.));
#10325=CARTESIAN_POINT('',(151.499996546656,-133.000001937151,-19.0000001341104));
#10326=CARTESIAN_POINT('',(241.00000359118,-133.000001937151,-19.0000001341104));
#10327=CARTESIAN_POINT('',(151.499996546656,-77.2999982722103,-19.));
#10328=CARTESIAN_POINT('',(151.499996546656,-130.000001937151,-19.));
#10329=CARTESIAN_POINT('',(151.499996546656,-74.3000019371509,-19.0000001341104));
#10330=CARTESIAN_POINT('',(151.499996546656,-74.3000019371509,-19.0000001341104));
#10331=CARTESIAN_POINT('',(178.500003054738,-74.3000014156103,-19.));
#10332=CARTESIAN_POINT('',(241.00000359118,-74.3000019371509,-19.0000001341104));
#10333=CARTESIAN_POINT('',(173.500002980232,-69.3000013411045,-19.));
#10334=CARTESIAN_POINT('',(173.500002980232,-69.3000013411045,-19.));
#10335=CARTESIAN_POINT('',(188.50000320375,-69.3000013411045,-19.));
#10336=CARTESIAN_POINT('',(188.50000320375,-69.3000013411045,-19.));
#10337=CARTESIAN_POINT('',(183.500003129244,-74.3000014156103,-19.));
#10338=CARTESIAN_POINT('',(188.50000320375,-69.3000013411045,-19.));
#10339=CARTESIAN_POINT('',(209.000003054738,-74.3000014156103,-19.));
#10340=CARTESIAN_POINT('',(241.00000359118,-74.3000019371509,-19.0000001341104));
#10341=CARTESIAN_POINT('',(204.000002980232,-69.3000013411045,-19.));
#10342=CARTESIAN_POINT('',(204.000002980232,-69.3000013411045,-19.));
#10343=CARTESIAN_POINT('',(219.00000320375,-69.3000013411045,-19.));
#10344=CARTESIAN_POINT('',(219.00000320375,-69.3000013411045,-19.));
#10345=CARTESIAN_POINT('',(214.000003129244,-74.3000014156103,-19.));
#10346=CARTESIAN_POINT('',(219.00000320375,-69.3000013411045,-19.));
#10347=CARTESIAN_POINT('',(241.00000359118,-74.3000019371509,-19.0000001341104));
#10348=CARTESIAN_POINT('',(241.00000359118,-74.3000019371509,-19.0000001341104));
#10349=CARTESIAN_POINT('',(240.999994680285,-77.2999982722103,-19.));
#10350=CARTESIAN_POINT('',(241.00000359118,-74.3000019371509,-19.0000001341104));
#10351=CARTESIAN_POINT('',(240.999994680285,-130.000001937151,-19.));
#10352=CARTESIAN_POINT('',(240.999994680285,-130.000001937151,-19.));
#10353=CARTESIAN_POINT('',(241.00000359118,-133.000001937151,-19.0000001341104));
#10354=CARTESIAN_POINT('',(241.00000359118,-130.000001937151,-19.0000001341104));
#10355=CARTESIAN_POINT('',(214.000003129244,-133.00000141561,-19.));
#10356=CARTESIAN_POINT('',(241.00000359118,-133.000001937151,-19.0000001341104));
#10357=CARTESIAN_POINT('',(219.00000320375,-138.000001490116,-19.));
#10358=CARTESIAN_POINT('Origin',(196.250000068918,-103.650001959503,-19.));
#10359=CARTESIAN_POINT('',(250.050000068918,-103.650001959503,-19.));
#10360=CARTESIAN_POINT('Origin',(196.250000068918,-103.650001959503,-22.));
#10361=CARTESIAN_POINT('Origin',(211.500003091991,-71.8000013783574,-4.99999999999996));
#10362=CARTESIAN_POINT('',(214.000003129244,-74.3000014156103,-4.99999999999996));
#10363=CARTESIAN_POINT('',(219.00000320375,-69.3000013411045,-4.99999999999996));
#10364=CARTESIAN_POINT('',(219.00000320375,-69.3000013411045,-4.99999999999996));
#10365=CARTESIAN_POINT('',(204.000002980232,-69.3000013411045,-4.99999999999996));
#10366=CARTESIAN_POINT('',(219.00000320375,-69.3000013411045,-4.99999999999996));
#10367=CARTESIAN_POINT('',(209.000003054738,-74.3000014156103,-4.99999999999996));
#10368=CARTESIAN_POINT('',(204.000002980232,-69.3000013411045,-4.99999999999996));
#10369=CARTESIAN_POINT('',(214.000003129244,-74.3000014156103,-4.99999999999996));
#10370=CARTESIAN_POINT('Origin',(204.000002980232,-69.3000013411045,-16.));
#10371=CARTESIAN_POINT('',(219.00000320375,-69.3000013411045,-16.));
#10372=CARTESIAN_POINT('',(204.000002980232,-69.3000013411045,-16.));
#10373=CARTESIAN_POINT('Origin',(209.000003054738,-74.3000014156103,-16.));
#10374=CARTESIAN_POINT('',(209.000003576279,-74.3000019371509,-17.0000001341104));
#10375=CARTESIAN_POINT('',(209.000003576279,-74.3000019371509,-16.5000000670552));
#10376=CARTESIAN_POINT('',(209.000003054738,-74.3000014156103,-16.));
#10377=CARTESIAN_POINT('Origin',(214.000003129244,-74.3000014156103,-16.));
#10378=CARTESIAN_POINT('',(214.000003129244,-74.3000014156103,-17.));
#10379=CARTESIAN_POINT('',(241.00000359118,-74.3000019371509,-17.0000001341104));
#10380=CARTESIAN_POINT('',(214.000003129244,-74.3000014156103,-16.));
#10381=CARTESIAN_POINT('Origin',(219.00000320375,-69.3000013411045,-16.));
#10382=CARTESIAN_POINT('',(214.000002607703,-74.3000019371509,-16.5000000670552));
#10383=CARTESIAN_POINT('Origin',(151.499996546656,-74.3000019371509,-17.0000001341104));
#10384=CARTESIAN_POINT('',(183.500002607703,-74.3000019371509,-17.0000001341104));
#10385=CARTESIAN_POINT('',(183.500003129244,-74.3000014156103,-16.));
#10386=CARTESIAN_POINT('',(241.00000359118,-74.3000019371509,-17.0000001341104));
#10387=CARTESIAN_POINT('Origin',(151.499996546656,-74.3000019371509,-17.0000001341104));
#10388=CARTESIAN_POINT('',(241.00000359118,-74.3000019371509,-17.0000001341104));
#10389=CARTESIAN_POINT('',(241.00000359118,-74.3000019371509,-17.0000001341104));
#10390=CARTESIAN_POINT('',(241.00000359118,-74.3000019371509,-17.0000001341104));
#10391=CARTESIAN_POINT('Origin',(183.500003129244,-133.00000141561,-19.));
#10392=CARTESIAN_POINT('',(178.500002533197,-133.000001937151,-17.0000001341104));
#10393=CARTESIAN_POINT('',(183.500003129244,-133.00000141561,-17.));
#10394=CARTESIAN_POINT('',(241.00000359118,-133.000001937151,-17.0000001341104));
#10395=CARTESIAN_POINT('',(178.500003054738,-133.00000141561,-4.99999999999996));
#10396=CARTESIAN_POINT('',(178.500003054738,-133.00000141561,-19.));
#10397=CARTESIAN_POINT('',(183.500003129244,-133.00000141561,-4.99999999999996));
#10398=CARTESIAN_POINT('',(183.500003129244,-133.00000141561,-4.99999999999996));
#10399=CARTESIAN_POINT('',(183.500003129244,-133.00000141561,-19.));
#10400=CARTESIAN_POINT('Origin',(181.000003091991,-135.500001452863,-4.99999999999996));
#10401=CARTESIAN_POINT('',(188.50000320375,-138.000001490116,-4.99999999999996));
#10402=CARTESIAN_POINT('',(188.50000320375,-138.000001490116,-4.99999999999996));
#10403=CARTESIAN_POINT('',(173.500002980232,-138.000001490116,-4.99999999999996));
#10404=CARTESIAN_POINT('',(173.500002980232,-138.000001490116,-4.99999999999996));
#10405=CARTESIAN_POINT('',(188.50000320375,-138.000001490116,-4.99999999999996));
#10406=CARTESIAN_POINT('Origin',(173.500002980232,-138.000001490116,-19.));
#10407=CARTESIAN_POINT('',(188.50000320375,-138.000001490116,-19.));
#10408=CARTESIAN_POINT('',(173.500002980232,-138.000001490116,-19.));
#10409=CARTESIAN_POINT('Origin',(178.500003054738,-133.00000141561,-19.));
#10410=CARTESIAN_POINT('',(178.500002533197,-133.000001937151,-18.0000000670552));
#10411=CARTESIAN_POINT('Origin',(188.50000320375,-138.000001490116,-19.));
#10412=CARTESIAN_POINT('',(183.500003650784,-133.000001937151,-18.0000000670552));
#10413=CARTESIAN_POINT('Origin',(241.00000359118,-133.000001937151,-17.0000001341104));
#10414=CARTESIAN_POINT('',(151.499996546656,-133.000001937151,-17.0000001341104));
#10415=CARTESIAN_POINT('',(241.00000359118,-133.000001937151,-17.0000001341104));
#10416=CARTESIAN_POINT('',(151.499996546656,-133.000001937151,-17.0000001341104));
#10417=CARTESIAN_POINT('Origin',(241.00000359118,-133.000001937151,-17.0000001341104));
#10418=CARTESIAN_POINT('',(209.000002533197,-133.000001937151,-17.0000001341104));
#10419=CARTESIAN_POINT('',(209.000003054738,-133.00000141561,-19.));
#10420=CARTESIAN_POINT('',(241.00000359118,-133.000001937151,-17.0000001341104));
#10421=CARTESIAN_POINT('Origin',(241.00000359118,-133.000001937151,-17.0000001341104));
#10422=CARTESIAN_POINT('',(214.000003650784,-133.000001937151,-17.0000001341104));
#10423=CARTESIAN_POINT('',(214.000003129244,-133.00000141561,-19.));
#10424=CARTESIAN_POINT('',(241.00000359118,-133.000001937151,-17.0000001341104));
#10425=CARTESIAN_POINT('',(241.00000359118,-133.000001937151,-17.0000001341104));
#10426=CARTESIAN_POINT('',(241.00000359118,-133.000001937151,-17.0000001341104));
#10427=CARTESIAN_POINT('Origin',(241.00000359118,-74.3000019371509,-17.0000001341104));
#10428=CARTESIAN_POINT('',(240.999994680285,-77.2999982722103,-17.));
#10429=CARTESIAN_POINT('',(241.00000359118,-74.3000019371509,-17.0000001341104));
#10430=CARTESIAN_POINT('',(240.999994680285,-130.000001937151,-17.));
#10431=CARTESIAN_POINT('',(240.999994680285,-130.000001937151,-17.));
#10432=CARTESIAN_POINT('',(241.00000359118,-130.000001937151,-17.0000001341104));
#10433=CARTESIAN_POINT('Origin',(151.499996546656,-74.3000019371509,-17.0000001341104));
#10434=CARTESIAN_POINT('',(178.500003576279,-74.3000019371509,-17.0000001341104));
#10435=CARTESIAN_POINT('',(178.500003054738,-74.3000014156103,-16.));
#10436=CARTESIAN_POINT('',(151.499996546656,-74.3000019371509,-17.0000001341104));
#10437=CARTESIAN_POINT('',(151.499996546656,-74.3000019371509,-17.0000001341104));
#10438=CARTESIAN_POINT('',(241.00000359118,-74.3000019371509,-17.0000001341104));
#10439=CARTESIAN_POINT('Origin',(151.499996546656,-133.000001937151,-17.));
#10440=CARTESIAN_POINT('',(151.499996546656,-77.2999982722103,-17.));
#10441=CARTESIAN_POINT('',(151.499996546656,-130.000001937151,-17.));
#10442=CARTESIAN_POINT('',(151.499996546656,-74.3000019371509,-17.0000001341104));
#10443=CARTESIAN_POINT('Origin',(196.249995613471,-103.649997683242,-17.));
#10444=CARTESIAN_POINT('',(205.124999371357,-133.00000141561,-17.));
#10445=CARTESIAN_POINT('',(189.874999371357,-74.3000014156103,-17.));
#10446=CARTESIAN_POINT('Origin',(183.500003129244,-74.3000014156103,-16.));
#10447=CARTESIAN_POINT('',(183.500003129244,-74.3000014156103,-4.99999999999996));
#10448=CARTESIAN_POINT('',(183.500003129244,-74.3000014156103,-16.));
#10449=CARTESIAN_POINT('',(178.500003054738,-74.3000014156103,-4.99999999999996));
#10450=CARTESIAN_POINT('',(183.500003129244,-74.3000014156103,-4.99999999999996));
#10451=CARTESIAN_POINT('',(178.500003054738,-74.3000014156103,-16.));
#10452=CARTESIAN_POINT('Origin',(181.000003091991,-71.8000013783574,-4.99999999999996));
#10453=CARTESIAN_POINT('',(188.50000320375,-69.3000013411045,-4.99999999999996));
#10454=CARTESIAN_POINT('',(188.50000320375,-69.3000013411045,-4.99999999999996));
#10455=CARTESIAN_POINT('',(173.500002980232,-69.3000013411045,-4.99999999999996));
#10456=CARTESIAN_POINT('',(188.50000320375,-69.3000013411045,-4.99999999999996));
#10457=CARTESIAN_POINT('',(173.500002980232,-69.3000013411045,-4.99999999999996));
#10458=CARTESIAN_POINT('Origin',(173.500002980232,-69.3000013411045,-16.));
#10459=CARTESIAN_POINT('',(188.50000320375,-69.3000013411045,-16.));
#10460=CARTESIAN_POINT('',(173.500002980232,-69.3000013411045,-16.));
#10461=CARTESIAN_POINT('Origin',(178.500003054738,-74.3000014156103,-16.));
#10462=CARTESIAN_POINT('Origin',(188.50000320375,-69.3000013411045,-16.));
#10463=CARTESIAN_POINT('Origin',(211.500003091991,-135.500001452863,-4.99999999999996));
#10464=CARTESIAN_POINT('',(219.00000320375,-138.000001490116,-4.99999999999996));
#10465=CARTESIAN_POINT('',(214.000003129244,-133.00000141561,-4.99999999999996));
#10466=CARTESIAN_POINT('',(219.00000320375,-138.000001490116,-4.99999999999996));
#10467=CARTESIAN_POINT('',(209.000003054738,-133.00000141561,-4.99999999999996));
#10468=CARTESIAN_POINT('',(214.000003129244,-133.00000141561,-4.99999999999996));
#10469=CARTESIAN_POINT('',(204.000002980232,-138.000001490116,-4.99999999999996));
#10470=CARTESIAN_POINT('',(204.000002980232,-138.000001490116,-4.99999999999996));
#10471=CARTESIAN_POINT('',(219.00000320375,-138.000001490116,-4.99999999999996));
#10472=CARTESIAN_POINT('Origin',(204.000002980232,-138.000001490116,-19.));
#10473=CARTESIAN_POINT('',(219.00000320375,-138.000001490116,-19.));
#10474=CARTESIAN_POINT('',(204.000002980232,-138.000001490116,-19.));
#10475=CARTESIAN_POINT('Origin',(209.000003054738,-133.00000141561,-19.));
#10476=CARTESIAN_POINT('',(209.000003054738,-133.00000141561,-19.));
#10477=CARTESIAN_POINT('Origin',(214.000003129244,-133.00000141561,-19.));
#10478=CARTESIAN_POINT('',(214.000003129244,-133.00000141561,-19.));
#10479=CARTESIAN_POINT('Origin',(219.00000320375,-138.000001490116,-19.));
#10480=CARTESIAN_POINT('Origin',(162.720678700277,-55.2797631371062,-2.00000000000006));
#10481=CARTESIAN_POINT('',(163.867831572979,-56.9180672256842,-1.25000000000007));
#10482=CARTESIAN_POINT('Origin',(163.867831572979,-56.9180672256842,-2.00000000000006));
#10483=CARTESIAN_POINT('',(162.721151719374,-55.2804386783861,-1.25000000000007));
#10484=CARTESIAN_POINT('',(162.720678700277,-55.2797631371062,-1.25000000000007));
#10485=CARTESIAN_POINT('Origin',(162.721151719374,-55.2804386783861,-2.00000000000006));
#10486=CARTESIAN_POINT('Origin',(163.867831572979,-56.9180672256842,-2.00000000000006));
#10487=CARTESIAN_POINT('',(164.44140800933,-57.7372192699732,-0.500000000000078));
#10488=CARTESIAN_POINT('Origin',(164.44140800933,-57.7372192699732,-2.00000000000006));
#10489=CARTESIAN_POINT('',(163.867831572979,-56.9180672256842,-0.500000000000078));
#10490=CARTESIAN_POINT('',(163.867831572979,-56.9180672256842,-0.500000000000078));
#10491=CARTESIAN_POINT('Origin',(163.867831572979,-56.9180672256842,-2.00000000000006));
#10492=CARTESIAN_POINT('Origin',(164.44140800933,-57.7372192699732,-2.00000000000006));
#10493=CARTESIAN_POINT('Origin',(163.867831572979,-56.9180672256842,-2.00000000000006));
#10494=CARTESIAN_POINT('Origin',(156.986614390254,-59.2947981915635,-2.00000000000006));
#10495=CARTESIAN_POINT('',(158.133767262956,-60.9331022801415,-1.25000000000007));
#10496=CARTESIAN_POINT('Origin',(158.133767262956,-60.9331022801415,-2.00000000000006));
#10497=CARTESIAN_POINT('',(156.987087409351,-59.2954737328434,-1.25000000000007));
#10498=CARTESIAN_POINT('',(156.986614390254,-59.2947981915635,-1.25000000000007));
#10499=CARTESIAN_POINT('Origin',(156.987087409351,-59.2954737328434,-2.00000000000006));
#10500=CARTESIAN_POINT('Origin',(158.133767262956,-60.9331022801415,-2.00000000000006));
#10501=CARTESIAN_POINT('',(158.707343699307,-61.7522543244305,-0.500000000000078));
#10502=CARTESIAN_POINT('Origin',(158.707343699307,-61.7522543244305,-2.00000000000006));
#10503=CARTESIAN_POINT('',(158.133767262956,-60.9331022801415,-0.500000000000078));
#10504=CARTESIAN_POINT('',(158.133767262956,-60.9331022801415,-0.500000000000078));
#10505=CARTESIAN_POINT('Origin',(158.133767262956,-60.9331022801415,-2.00000000000006));
#10506=CARTESIAN_POINT('Origin',(158.707343699307,-61.7522543244305,-2.00000000000006));
#10507=CARTESIAN_POINT('Origin',(158.133767262956,-60.9331022801415,-2.00000000000006));
#10508=CARTESIAN_POINT('Origin',(160.290276110943,-56.9825561038594,-2.00000000000003));
#10509=CARTESIAN_POINT('',(154.146635778776,-61.2843793764922,-2.00000000000003));
#10510=CARTESIAN_POINT('Origin',(160.290276110943,-56.9825561038594,-2.00000000000003));
#10511=CARTESIAN_POINT('Origin',(151.686629565677,-44.6952754395245,-2.00000000000003));
#10512=CARTESIAN_POINT('',(128.882099340275,-25.2028820205847,-2.00000000000003));
#10513=CARTESIAN_POINT('',(135.025739672443,-20.9010587479518,5.49999999999997));
#10514=CARTESIAN_POINT('Origin',(135.025739672443,-20.9010587479518,-2.00000000000003));
#10515=CARTESIAN_POINT('',(145.54298923351,-48.9970987121573,-2.00000000000003));
#10516=CARTESIAN_POINT('Origin',(135.025739672443,-20.9010587479518,-2.00000000000003));
#10517=CARTESIAN_POINT('Origin',(151.686629565677,-44.6952754395245,-2.00000000000003));
#10518=CARTESIAN_POINT('',(151.686629565677,-44.6952754395245,28.));
#10519=CARTESIAN_POINT('Origin',(151.686629565677,-44.6952754395245,-2.00000000000003));
#10520=CARTESIAN_POINT('Origin',(151.686629565677,-44.6952754395245,-2.00000000000003));
#10521=CARTESIAN_POINT('Origin',(151.686629565677,-44.6952754395245,-2.00000000000003));
#10522=CARTESIAN_POINT('',(151.686629565677,-44.6952754395245,33.));
#10523=CARTESIAN_POINT('Origin',(151.686629565677,-44.6952754395245,-2.00000000000003));
#10524=CARTESIAN_POINT('Origin',(151.686629565677,-44.6952754395245,-2.00000000000003));
#10525=CARTESIAN_POINT('',(131.611454293391,-16.0249538894098,-2.00000000000003));
#10526=CARTESIAN_POINT('Origin',(151.686629565677,-44.6952754395245,-2.00000000000003));
#10527=CARTESIAN_POINT('Origin',(235.080123331884,-58.9903493463785,-2.00346172221998));
#10528=CARTESIAN_POINT('',(233.932970459182,-60.6286534349565,-1.25346172221999));
#10529=CARTESIAN_POINT('Origin',(233.932970459182,-60.6286534349565,-2.00346172221998));
#10530=CARTESIAN_POINT('',(235.079650312787,-58.9910248876584,-1.25346172221999));
#10531=CARTESIAN_POINT('',(235.080123331884,-58.9903493463785,-1.25346172221999));
#10532=CARTESIAN_POINT('Origin',(235.079650312787,-58.9910248876584,-2.00346172221998));
#10533=CARTESIAN_POINT('Origin',(233.932970459182,-60.6286534349564,-2.00346172221998));
#10534=CARTESIAN_POINT('',(233.359394022831,-61.4478054792454,-0.503461722219996));
#10535=CARTESIAN_POINT('Origin',(233.359394022831,-61.4478054792454,-2.00346172221998));
#10536=CARTESIAN_POINT('',(233.932970459182,-60.6286534349564,-0.503461722219996));
#10537=CARTESIAN_POINT('',(233.932970459182,-60.6286534349564,-0.503461722219995));
#10538=CARTESIAN_POINT('Origin',(233.932970459182,-60.6286534349564,-2.00346172221998));
#10539=CARTESIAN_POINT('Origin',(233.359394022831,-61.4478054792454,-2.00346172221998));
#10540=CARTESIAN_POINT('Origin',(233.932970459182,-60.6286534349564,-2.00346172221998));
#10541=CARTESIAN_POINT('Origin',(229.346059021861,-54.9753142919212,-2.00346172221998));
#10542=CARTESIAN_POINT('',(228.198906149159,-56.6136183804991,-1.25346172221999));
#10543=CARTESIAN_POINT('Origin',(228.198906149159,-56.6136183804991,-2.00346172221998));
#10544=CARTESIAN_POINT('',(229.345586002764,-54.975989833201,-1.25346172221999));
#10545=CARTESIAN_POINT('',(229.346059021861,-54.9753142919212,-1.25346172221999));
#10546=CARTESIAN_POINT('Origin',(229.345586002764,-54.975989833201,-2.00346172221998));
#10547=CARTESIAN_POINT('Origin',(228.198906149159,-56.6136183804991,-2.00346172221998));
#10548=CARTESIAN_POINT('',(227.625329712808,-57.4327704247882,-0.503461722219996));
#10549=CARTESIAN_POINT('Origin',(227.625329712808,-57.4327704247882,-2.00346172221998));
#10550=CARTESIAN_POINT('',(228.198906149159,-56.6136183804991,-0.503461722219996));
#10551=CARTESIAN_POINT('',(228.198906149159,-56.6136183804991,-0.503461722219995));
#10552=CARTESIAN_POINT('Origin',(228.198906149159,-56.6136183804991,-2.00346172221998));
#10553=CARTESIAN_POINT('Origin',(227.625329712808,-57.4327704247882,-2.00346172221998));
#10554=CARTESIAN_POINT('Origin',(228.198906149159,-56.6136183804991,-2.00346172221998));
#10555=CARTESIAN_POINT('Origin',(232.648774704357,-57.2889074621851,-2.00346172221995));
#10556=CARTESIAN_POINT('',(226.505134372189,-52.9870841895523,-2.00346172221995));
#10557=CARTESIAN_POINT('Origin',(232.648774704357,-57.2889074621852,-2.00346172221995));
#10558=CARTESIAN_POINT('Origin',(241.252421249622,-45.0016267978503,-2.00346172221995));
#10559=CARTESIAN_POINT('',(251.769670810689,-16.9055868336447,-2.00346172221995));
#10560=CARTESIAN_POINT('',(257.913311142857,-21.2074101062776,5.49653827778006));
#10561=CARTESIAN_POINT('Origin',(257.913311142857,-21.2074101062776,-2.00346172221995));
#10562=CARTESIAN_POINT('',(235.108780917455,-40.6998035252174,-2.00346172221994));
#10563=CARTESIAN_POINT('Origin',(257.913311142857,-21.2074101062776,-2.00346172221995));
#10564=CARTESIAN_POINT('Origin',(241.252421249622,-45.0016267978503,-2.00346172221995));
#10565=CARTESIAN_POINT('',(241.252421249622,-45.0016267978503,27.9965382777801));
#10566=CARTESIAN_POINT('Origin',(241.252421249622,-45.0016267978503,-2.00346172221995));
#10567=CARTESIAN_POINT('Origin',(241.252421249622,-45.0016267978503,-2.00346172221995));
#10568=CARTESIAN_POINT('Origin',(241.252421249622,-45.0016267978503,-2.00346172221995));
#10569=CARTESIAN_POINT('',(241.252421249622,-45.0016267978503,32.9965382777801));
#10570=CARTESIAN_POINT('Origin',(241.252421249622,-45.0016267978503,-2.00346172221995));
#10571=CARTESIAN_POINT('Origin',(241.252421249622,-45.0016267978503,-2.00346172221995));
#10572=CARTESIAN_POINT('',(261.327596521909,-16.3313052477355,-2.00346172221994));
#10573=CARTESIAN_POINT('Origin',(241.252421249622,-45.0016267978503,-2.00346172221995));
#10574=UNCERTAINTY_MEASURE_WITH_UNIT(LENGTH_MEASURE(0.01),#10578,
'DISTANCE_ACCURACY_VALUE',
'Maximum model space distance between geometric entities at asserted c
onnectivities');
#10575=UNCERTAINTY_MEASURE_WITH_UNIT(LENGTH_MEASURE(0.01),#10578,
'DISTANCE_ACCURACY_VALUE',
'Maximum model space distance between geometric entities at asserted c
onnectivities');
#10576=(
GEOMETRIC_REPRESENTATION_CONTEXT(3)
GLOBAL_UNCERTAINTY_ASSIGNED_CONTEXT((#10574))
GLOBAL_UNIT_ASSIGNED_CONTEXT((#10578,#10579,#10580))
REPRESENTATION_CONTEXT('','3D')
);
#10577=(
GEOMETRIC_REPRESENTATION_CONTEXT(3)
GLOBAL_UNCERTAINTY_ASSIGNED_CONTEXT((#10575))
GLOBAL_UNIT_ASSIGNED_CONTEXT((#10578,#10579,#10580))
REPRESENTATION_CONTEXT('','3D')
);
#10578=(
LENGTH_UNIT()
NAMED_UNIT(*)
SI_UNIT(.MILLI.,.METRE.)
);
#10579=(
NAMED_UNIT(*)
PLANE_ANGLE_UNIT()
SI_UNIT($,.RADIAN.)
);
#10580=(
NAMED_UNIT(*)
SI_UNIT($,.STERADIAN.)
SOLID_ANGLE_UNIT()
);
#10581=SHAPE_DEFINITION_REPRESENTATION(#10582,#10583);
#10582=PRODUCT_DEFINITION_SHAPE('',$,#10585);
#10583=SHAPE_REPRESENTATION('',(#5983),#10576);
#10584=PRODUCT_DEFINITION_CONTEXT('part definition',#10589,'design');
#10585=PRODUCT_DEFINITION('Hollow Alarm 1','Hollow Alarm',#10586,#10584);
#10586=PRODUCT_DEFINITION_FORMATION('',$,#10591);
#10587=PRODUCT_RELATED_PRODUCT_CATEGORY('Hollow Alarm','Hollow Alarm',(#10591));
#10588=APPLICATION_PROTOCOL_DEFINITION('international standard',
'automotive_design',2009,#10589);
#10589=APPLICATION_CONTEXT(
'Core Data for Automotive Mechanical Design Process');
#10590=PRODUCT_CONTEXT('part definition',#10589,'mechanical');
#10591=PRODUCT('Hollow Alarm 1','Hollow Alarm',
'KiCad electronic assembly',(#10590));
#10592=PRESENTATION_STYLE_ASSIGNMENT((#10598));
#10593=PRESENTATION_STYLE_ASSIGNMENT((#10599));
#10594=PRESENTATION_STYLE_ASSIGNMENT((#10600));
#10595=PRESENTATION_STYLE_ASSIGNMENT((#10601));
#10596=PRESENTATION_STYLE_ASSIGNMENT((#10602));
#10597=PRESENTATION_STYLE_ASSIGNMENT((#10603));
#10598=SURFACE_STYLE_USAGE(.BOTH.,#10604);
#10599=SURFACE_STYLE_USAGE(.BOTH.,#10605);
#10600=SURFACE_STYLE_USAGE(.BOTH.,#10606);
#10601=SURFACE_STYLE_USAGE(.BOTH.,#10607);
#10602=SURFACE_STYLE_USAGE(.BOTH.,#10608);
#10603=SURFACE_STYLE_USAGE(.BOTH.,#10609);
#10604=SURFACE_SIDE_STYLE('',(#10610));
#10605=SURFACE_SIDE_STYLE('',(#10611));
#10606=SURFACE_SIDE_STYLE('',(#10612));
#10607=SURFACE_SIDE_STYLE('',(#10613));
#10608=SURFACE_SIDE_STYLE('',(#10614));
#10609=SURFACE_SIDE_STYLE('',(#10615));
#10610=SURFACE_STYLE_FILL_AREA(#10616);
#10611=SURFACE_STYLE_FILL_AREA(#10617);
#10612=SURFACE_STYLE_FILL_AREA(#10618);
#10613=SURFACE_STYLE_FILL_AREA(#10619);
#10614=SURFACE_STYLE_FILL_AREA(#10620);
#10615=SURFACE_STYLE_FILL_AREA(#10621);
#10616=FILL_AREA_STYLE('Steel - Satin',(#10622));
#10617=FILL_AREA_STYLE('Opaque(214,115,99)',(#10623));
#10618=FILL_AREA_STYLE('Opaque(247,224,153)',(#10624));
#10619=FILL_AREA_STYLE('Opaque(255,255,255)',(#10625));
#10620=FILL_AREA_STYLE('Opaque(26,26,26)',(#10626));
#10621=FILL_AREA_STYLE('Opaque(255,206,127)',(#10627));
#10622=FILL_AREA_STYLE_COLOUR('Steel - Satin',#10628);
#10623=FILL_AREA_STYLE_COLOUR('Opaque(214,115,99)',#10629);
#10624=FILL_AREA_STYLE_COLOUR('Opaque(247,224,153)',#10630);
#10625=FILL_AREA_STYLE_COLOUR('Opaque(255,255,255)',#10631);
#10626=FILL_AREA_STYLE_COLOUR('Opaque(26,26,26)',#10632);
#10627=FILL_AREA_STYLE_COLOUR('Opaque(255,206,127)',#10633);
#10628=COLOUR_RGB('Steel - Satin',0.627450980392157,0.627450980392157,0.627450980392157);
#10629=COLOUR_RGB('Opaque(214,115,99)',0.83921568627451,0.450980392156863,
0.388235294117647);
#10630=COLOUR_RGB('Opaque(247,224,153)',0.968627450980392,0.87843137254902,
0.6);
#10631=COLOUR_RGB('Opaque(255,255,255)',1.,1.,1.);
#10632=COLOUR_RGB('Opaque(26,26,26)',0.101960784313725,0.101960784313725,
0.101960784313725);
#10633=COLOUR_RGB('Opaque(255,206,127)',1.,0.807843137254902,0.498039215686275);
ENDSEC;
END-ISO-10303-21;
