ISO-10303-21;
HEADER;
/* Generated by software containing ST-Developer
 * from STEP Tools, Inc. (www.steptools.com) 
 */

FILE_DESCRIPTION(
/* description */ ('KiCad electronic assembly'),
/* implementation_level */ '2;1');

FILE_NAME(
/* name */ 'Hollow AlarmUPD.step',
/* time_stamp */ '2026-09-08T23:26:50+01:00',
/* author */ (''),
/* organization */ (''),
/* preprocessor_version */ 'ST-DEVELOPER v20.1',
/* originating_system */ 'Autodesk Translation Framework v15.8.0.0',
/* authorisation */ '');

FILE_SCHEMA (('AUTOMOTIVE_DESIGN { 1 0 10303 214 3 1 1 }'));
ENDSEC;

DATA;
#10=MECHANICAL_DESIGN_GEOMETRIC_PRESENTATION_REPRESENTATION('',(#62,#63,
#64,#65,#66,#67,#68,#69,#70,#71,#72,#73,#74,#75,#76,#77,#78,#79,#80,#81,
#82,#83),#10187);
#11=SHAPE_REPRESENTATION_RELATIONSHIP('SRR','None',#10193,#12);
#12=ADVANCED_BREP_SHAPE_REPRESENTATION('',(#84,#85,#86,#87,#88,#89),#10186);
#13=SPHERICAL_SURFACE('',#6190,30.);
#14=SPHERICAL_SURFACE('',#6195,35.);
#15=SPHERICAL_SURFACE('',#6218,30.);
#16=SPHERICAL_SURFACE('',#6223,35.);
#17=(
BOUNDED_CURVE()
B_SPLINE_CURVE(5,(#9465,#9466,#9467,#9468,#9469,#9470,#9471,#9472,#9473,
#9474,#9475,#9476,#9477,#9478,#9479),.UNSPECIFIED.,.F.,.F.)
B_SPLINE_CURVE_WITH_KNOTS((6,1,1,1,1,1,1,1,1,1,6),(-1.,-0.9,-0.8,-0.7,-0.6,
-0.5,-0.4,-0.3,-0.2,-0.1,0.),.UNSPECIFIED.)
CURVE()
GEOMETRIC_REPRESENTATION_ITEM()
RATIONAL_B_SPLINE_CURVE((1.,1.,1.,1.,1.,1.,1.,1.,1.,1.,1.,1.,1.,1.,1.))
REPRESENTATION_ITEM('')
);
#18=(
BOUNDED_CURVE()
B_SPLINE_CURVE(5,(#9483,#9484,#9485,#9486,#9487,#9488,#9489,#9490,#9491,
#9492,#9493,#9494,#9495,#9496,#9497),.UNSPECIFIED.,.F.,.F.)
B_SPLINE_CURVE_WITH_KNOTS((6,1,1,1,1,1,1,1,1,1,6),(-1.,-0.9,-0.8,-0.7,-0.6,
-0.5,-0.4,-0.3,-0.2,-0.1,0.),.UNSPECIFIED.)
CURVE()
GEOMETRIC_REPRESENTATION_ITEM()
RATIONAL_B_SPLINE_CURVE((1.,1.,1.,1.,1.,1.,1.,1.,1.,1.,1.,1.,1.,1.,1.))
REPRESENTATION_ITEM('')
);
#19=(
BOUNDED_CURVE()
B_SPLINE_CURVE(5,(#9529,#9530,#9531,#9532,#9533,#9534,#9535,#9536,#9537,
#9538,#9539,#9540,#9541,#9542,#9543),.UNSPECIFIED.,.F.,.F.)
B_SPLINE_CURVE_WITH_KNOTS((6,1,1,1,1,1,1,1,1,1,6),(0.,0.1,0.2,0.3,0.4,0.5,
0.6,0.7,0.8,0.9,1.),.UNSPECIFIED.)
CURVE()
GEOMETRIC_REPRESENTATION_ITEM()
RATIONAL_B_SPLINE_CURVE((1.,1.,1.,1.,1.,1.,1.,1.,1.,1.,1.,1.,1.,1.,1.))
REPRESENTATION_ITEM('')
);
#20=(
BOUNDED_CURVE()
B_SPLINE_CURVE(5,(#9544,#9545,#9546,#9547,#9548,#9549,#9550,#9551,#9552,
#9553,#9554,#9555,#9556,#9557,#9558),.UNSPECIFIED.,.F.,.F.)
B_SPLINE_CURVE_WITH_KNOTS((6,1,1,1,1,1,1,1,1,1,6),(0.,0.1,0.2,0.3,0.4,0.5,
0.6,0.7,0.8,0.9,1.),.UNSPECIFIED.)
CURVE()
GEOMETRIC_REPRESENTATION_ITEM()
RATIONAL_B_SPLINE_CURVE((1.,1.,1.,1.,1.,1.,1.,1.,1.,1.,1.,1.,1.,1.,1.))
REPRESENTATION_ITEM('')
);
#21=(
BOUNDED_CURVE()
B_SPLINE_CURVE(5,(#9591,#9592,#9593,#9594,#9595,#9596,#9597,#9598,#9599,
#9600,#9601,#9602,#9603,#9604,#9605),.UNSPECIFIED.,.F.,.F.)
B_SPLINE_CURVE_WITH_KNOTS((6,1,1,1,1,1,1,1,1,1,6),(-1.,-0.9,-0.8,-0.7,-0.6,
-0.5,-0.4,-0.3,-0.2,-0.1,0.),.UNSPECIFIED.)
CURVE()
GEOMETRIC_REPRESENTATION_ITEM()
RATIONAL_B_SPLINE_CURVE((1.,1.,1.,1.,1.,1.,1.,1.,1.,1.,1.,1.,1.,1.,1.))
REPRESENTATION_ITEM('')
);
#22=(
BOUNDED_CURVE()
B_SPLINE_CURVE(5,(#9609,#9610,#9611,#9612,#9613,#9614,#9615,#9616,#9617,
#9618,#9619,#9620,#9621,#9622,#9623),.UNSPECIFIED.,.F.,.F.)
B_SPLINE_CURVE_WITH_KNOTS((6,1,1,1,1,1,1,1,1,1,6),(-1.,-0.9,-0.8,-0.7,-0.6,
-0.5,-0.4,-0.3,-0.2,-0.1,0.),.UNSPECIFIED.)
CURVE()
GEOMETRIC_REPRESENTATION_ITEM()
RATIONAL_B_SPLINE_CURVE((1.,1.,1.,1.,1.,1.,1.,1.,1.,1.,1.,1.,1.,1.,1.))
REPRESENTATION_ITEM('')
);
#23=(
BOUNDED_CURVE()
B_SPLINE_CURVE(5,(#9655,#9656,#9657,#9658,#9659,#9660,#9661,#9662,#9663,
#9664,#9665,#9666,#9667,#9668,#9669),.UNSPECIFIED.,.F.,.F.)
B_SPLINE_CURVE_WITH_KNOTS((6,1,1,1,1,1,1,1,1,1,6),(-1.,-0.9,-0.8,-0.7,-0.6,
-0.5,-0.4,-0.3,-0.2,-0.1,0.),.UNSPECIFIED.)
CURVE()
GEOMETRIC_REPRESENTATION_ITEM()
RATIONAL_B_SPLINE_CURVE((1.,1.,1.,1.,1.,1.,1.,1.,1.,1.,1.,1.,1.,1.,1.))
REPRESENTATION_ITEM('')
);
#24=(
BOUNDED_CURVE()
B_SPLINE_CURVE(5,(#9670,#9671,#9672,#9673,#9674,#9675,#9676,#9677,#9678,
#9679,#9680,#9681,#9682,#9683,#9684),.UNSPECIFIED.,.F.,.F.)
B_SPLINE_CURVE_WITH_KNOTS((6,1,1,1,1,1,1,1,1,1,6),(-1.,-0.9,-0.8,-0.7,-0.6,
-0.5,-0.4,-0.3,-0.2,-0.1,0.),.UNSPECIFIED.)
CURVE()
GEOMETRIC_REPRESENTATION_ITEM()
RATIONAL_B_SPLINE_CURVE((1.,1.,1.,1.,1.,1.,1.,1.,1.,1.,1.,1.,1.,1.,1.))
REPRESENTATION_ITEM('')
);
#25=(
BOUNDED_CURVE()
B_SPLINE_CURVE(5,(#9717,#9718,#9719,#9720,#9721,#9722,#9723,#9724,#9725,
#9726,#9727,#9728,#9729,#9730,#9731),.UNSPECIFIED.,.F.,.F.)
B_SPLINE_CURVE_WITH_KNOTS((6,1,1,1,1,1,1,1,1,1,6),(0.,0.1,0.2,0.3,0.4,0.5,
0.6,0.7,0.8,0.9,1.),.UNSPECIFIED.)
CURVE()
GEOMETRIC_REPRESENTATION_ITEM()
RATIONAL_B_SPLINE_CURVE((1.,1.,1.,1.,1.,1.,1.,1.,1.,1.,1.,1.,1.,1.,1.))
REPRESENTATION_ITEM('')
);
#26=(
BOUNDED_CURVE()
B_SPLINE_CURVE(5,(#9735,#9736,#9737,#9738,#9739,#9740,#9741,#9742,#9743,
#9744,#9745,#9746,#9747,#9748,#9749),.UNSPECIFIED.,.F.,.F.)
B_SPLINE_CURVE_WITH_KNOTS((6,1,1,1,1,1,1,1,1,1,6),(0.,0.1,0.2,0.3,0.4,0.5,
0.6,0.7,0.8,0.9,1.),.UNSPECIFIED.)
CURVE()
GEOMETRIC_REPRESENTATION_ITEM()
RATIONAL_B_SPLINE_CURVE((1.,1.,1.,1.,1.,1.,1.,1.,1.,1.,1.,1.,1.,1.,1.))
REPRESENTATION_ITEM('')
);
#27=(
BOUNDED_CURVE()
B_SPLINE_CURVE(5,(#9792,#9793,#9794,#9795,#9796,#9797,#9798,#9799,#9800,
#9801,#9802,#9803,#9804,#9805,#9806,#9807,#9808,#9809,#9810,#9811),
 .UNSPECIFIED.,.F.,.F.)
B_SPLINE_CURVE_WITH_KNOTS((6,1,1,1,1,1,1,1,1,1,1,1,1,1,1,6),(0.,0.0666666666666667,
0.133333333333333,0.2,0.266666666666667,0.333333333333333,0.4,0.466666666666667,
0.533333333333333,0.6,0.666666666666667,0.733333333333333,0.8,0.866666666666667,
0.933333333333333,1.),.UNSPECIFIED.)
CURVE()
GEOMETRIC_REPRESENTATION_ITEM()
RATIONAL_B_SPLINE_CURVE((1.,1.,1.,1.,1.,1.,1.,1.,1.,1.,1.,1.,1.,1.,1.,1.,
1.,1.,1.,1.))
REPRESENTATION_ITEM('')
);
#28=(
BOUNDED_CURVE()
B_SPLINE_CURVE(5,(#9814,#9815,#9816,#9817,#9818,#9819,#9820,#9821,#9822,
#9823,#9824,#9825,#9826,#9827,#9828,#9829,#9830,#9831,#9832,#9833),
 .UNSPECIFIED.,.F.,.F.)
B_SPLINE_CURVE_WITH_KNOTS((6,1,1,1,1,1,1,1,1,1,1,1,1,1,1,6),(0.,0.0666666666666667,
0.133333333333333,0.2,0.266666666666667,0.333333333333333,0.4,0.466666666666667,
0.533333333333333,0.6,0.666666666666667,0.733333333333333,0.8,0.866666666666667,
0.933333333333333,1.),.UNSPECIFIED.)
CURVE()
GEOMETRIC_REPRESENTATION_ITEM()
RATIONAL_B_SPLINE_CURVE((1.,1.,1.,1.,1.,1.,1.,1.,1.,1.,1.,1.,1.,1.,1.,1.,
1.,1.,1.,1.))
REPRESENTATION_ITEM('')
);
#29=(
BOUNDED_CURVE()
B_SPLINE_CURVE(5,(#9874,#9875,#9876,#9877,#9878,#9879,#9880,#9881,#9882,
#9883,#9884,#9885,#9886,#9887,#9888,#9889,#9890,#9891,#9892,#9893),
 .UNSPECIFIED.,.F.,.F.)
B_SPLINE_CURVE_WITH_KNOTS((6,1,1,1,1,1,1,1,1,1,1,1,1,1,1,6),(-1.,-0.933333333333333,
-0.866666666666667,-0.8,-0.733333333333333,-0.666666666666667,-0.6,-0.533333333333333,
-0.466666666666667,-0.4,-0.333333333333333,-0.266666666666667,-0.2,-0.133333333333333,
-0.0666666666666667,0.),.UNSPECIFIED.)
CURVE()
GEOMETRIC_REPRESENTATION_ITEM()
RATIONAL_B_SPLINE_CURVE((1.,1.,1.,1.,1.,1.,1.,1.,1.,1.,1.,1.,1.,1.,1.,1.,
1.,1.,1.,1.))
REPRESENTATION_ITEM('')
);
#30=(
BOUNDED_CURVE()
B_SPLINE_CURVE(5,(#9894,#9895,#9896,#9897,#9898,#9899,#9900,#9901,#9902,
#9903,#9904,#9905,#9906,#9907,#9908,#9909,#9910,#9911,#9912,#9913),
 .UNSPECIFIED.,.F.,.F.)
B_SPLINE_CURVE_WITH_KNOTS((6,1,1,1,1,1,1,1,1,1,1,1,1,1,1,6),(-1.,-0.933333333333333,
-0.866666666666667,-0.8,-0.733333333333333,-0.666666666666667,-0.6,-0.533333333333333,
-0.466666666666667,-0.4,-0.333333333333333,-0.266666666666667,-0.2,-0.133333333333333,
-0.0666666666666667,0.),.UNSPECIFIED.)
CURVE()
GEOMETRIC_REPRESENTATION_ITEM()
RATIONAL_B_SPLINE_CURVE((1.,1.,1.,1.,1.,1.,1.,1.,1.,1.,1.,1.,1.,1.,1.,1.,
1.,1.,1.,1.))
REPRESENTATION_ITEM('')
);
#31=(
BOUNDED_SURFACE()
B_SPLINE_SURFACE(2,2,((#9288,#9289,#9290,#9291,#9292,#9293,#9294,#9295,
#9296),(#9297,#9298,#9299,#9300,#9301,#9302,#9303,#9304,#9305),(#9306,#9307,
#9308,#9309,#9310,#9311,#9312,#9313,#9314)),.UNSPECIFIED.,.F.,.T.,.F.)
B_SPLINE_SURFACE_WITH_KNOTS((3,3),(3,2,2,2,3),(-1.57079632679493,1.06571368165026E-14),
(-3.14159265358979,-1.5707963267949,0.,1.5707963267949,3.14159265358979),
 .UNSPECIFIED.)
GEOMETRIC_REPRESENTATION_ITEM()
RATIONAL_B_SPLINE_SURFACE(((1.,0.707106781186548,1.,0.707106781186548,1.,
0.707106781186548,1.,0.707106781186548,1.),(0.707106781186533,0.49999999999999,
0.707106781186533,0.49999999999999,0.707106781186533,0.49999999999999,0.707106781186533,
0.49999999999999,0.707106781186533),(1.,0.707106781186548,1.,0.707106781186548,
1.,0.707106781186548,1.,0.707106781186548,1.)))
REPRESENTATION_ITEM('')
SURFACE()
);
#32=(
BOUNDED_SURFACE()
B_SPLINE_SURFACE(2,2,((#9325,#9326,#9327,#9328,#9329,#9330,#9331,#9332,
#9333),(#9334,#9335,#9336,#9337,#9338,#9339,#9340,#9341,#9342),(#9343,#9344,
#9345,#9346,#9347,#9348,#9349,#9350,#9351)),.UNSPECIFIED.,.F.,.T.,.F.)
B_SPLINE_SURFACE_WITH_KNOTS((3,3),(3,2,2,2,3),(-1.57079632679493,1.07434147746872E-14),
(-3.14159265358979,-1.5707963267949,0.,1.5707963267949,3.14159265358979),
 .UNSPECIFIED.)
GEOMETRIC_REPRESENTATION_ITEM()
RATIONAL_B_SPLINE_SURFACE(((1.,0.707106781186548,1.,0.707106781186548,1.,
0.707106781186548,1.,0.707106781186548,1.),(0.707106781186533,0.49999999999999,
0.707106781186533,0.49999999999999,0.707106781186533,0.49999999999999,0.707106781186533,
0.49999999999999,0.707106781186533),(1.,0.707106781186548,1.,0.707106781186548,
1.,0.707106781186548,1.,0.707106781186548,1.)))
REPRESENTATION_ITEM('')
SURFACE()
);
#33=(
BOUNDED_SURFACE()
B_SPLINE_SURFACE(2,2,((#9362,#9363,#9364,#9365,#9366,#9367,#9368,#9369,
#9370),(#9371,#9372,#9373,#9374,#9375,#9376,#9377,#9378,#9379),(#9380,#9381,
#9382,#9383,#9384,#9385,#9386,#9387,#9388)),.UNSPECIFIED.,.F.,.T.,.F.)
B_SPLINE_SURFACE_WITH_KNOTS((3,3),(3,2,2,2,3),(-1.5707963267949,1.08751462205562E-14),
(-3.14159265358979,-1.5707963267949,0.,1.5707963267949,3.14159265358979),
 .UNSPECIFIED.)
GEOMETRIC_REPRESENTATION_ITEM()
RATIONAL_B_SPLINE_SURFACE(((1.,0.707106781186548,1.,0.707106781186548,1.,
0.707106781186548,1.,0.707106781186548,1.),(0.707106781186536,0.499999999999992,
0.707106781186536,0.499999999999992,0.707106781186536,0.499999999999992,
0.707106781186536,0.499999999999992,0.707106781186536),(1.,0.707106781186548,
1.,0.707106781186548,1.,0.707106781186548,1.,0.707106781186548,1.)))
REPRESENTATION_ITEM('')
SURFACE()
);
#34=(
BOUNDED_SURFACE()
B_SPLINE_SURFACE(2,2,((#9399,#9400,#9401,#9402,#9403,#9404,#9405,#9406,
#9407),(#9408,#9409,#9410,#9411,#9412,#9413,#9414,#9415,#9416),(#9417,#9418,
#9419,#9420,#9421,#9422,#9423,#9424,#9425)),.UNSPECIFIED.,.F.,.T.,.F.)
B_SPLINE_SURFACE_WITH_KNOTS((3,3),(3,2,2,2,3),(-1.5707963267949,1.08642481603726E-14),
(-3.14159265358979,-1.5707963267949,0.,1.5707963267949,3.14159265358979),
 .UNSPECIFIED.)
GEOMETRIC_REPRESENTATION_ITEM()
RATIONAL_B_SPLINE_SURFACE(((1.,0.707106781186548,1.,0.707106781186548,1.,
0.707106781186548,1.,0.707106781186548,1.),(0.707106781186536,0.499999999999992,
0.707106781186536,0.499999999999992,0.707106781186536,0.499999999999992,
0.707106781186536,0.499999999999992,0.707106781186536),(1.,0.707106781186548,
1.,0.707106781186548,1.,0.707106781186548,1.,0.707106781186548,1.)))
REPRESENTATION_ITEM('')
SURFACE()
);
#35=(
BOUNDED_SURFACE()
B_SPLINE_SURFACE(5,1,((#9433,#9434),(#9435,#9436),(#9437,#9438),(#9439,
#9440),(#9441,#9442),(#9443,#9444),(#9445,#9446),(#9447,#9448),(#9449,#9450),
(#9451,#9452),(#9453,#9454),(#9455,#9456),(#9457,#9458),(#9459,#9460),(#9461,
#9462)),.UNSPECIFIED.,.F.,.F.,.F.)
B_SPLINE_SURFACE_WITH_KNOTS((6,1,1,1,1,1,1,1,1,1,6),(2,2),(-1.,-0.9,-0.8,
-0.7,-0.6,-0.5,-0.4,-0.3,-0.2,-0.1,0.),(0.,0.0299999999999998),
 .UNSPECIFIED.)
GEOMETRIC_REPRESENTATION_ITEM()
RATIONAL_B_SPLINE_SURFACE(((1.,1.),(1.,1.),(1.,1.),(1.,1.),(1.,1.),(1.,
1.),(1.,1.),(1.,1.),(1.,1.),(1.,1.),(1.,1.),(1.,1.),(1.,1.),(1.,1.),(1.,
1.)))
REPRESENTATION_ITEM('')
SURFACE()
);
#36=(
BOUNDED_SURFACE()
B_SPLINE_SURFACE(5,1,((#9499,#9500),(#9501,#9502),(#9503,#9504),(#9505,
#9506),(#9507,#9508),(#9509,#9510),(#9511,#9512),(#9513,#9514),(#9515,#9516),
(#9517,#9518),(#9519,#9520),(#9521,#9522),(#9523,#9524),(#9525,#9526),(#9527,
#9528)),.UNSPECIFIED.,.F.,.F.,.F.)
B_SPLINE_SURFACE_WITH_KNOTS((6,1,1,1,1,1,1,1,1,1,6),(2,2),(0.,0.1,0.2,0.3,
0.4,0.5,0.6,0.7,0.8,0.9,1.),(0.,0.0299999999999998),.UNSPECIFIED.)
GEOMETRIC_REPRESENTATION_ITEM()
RATIONAL_B_SPLINE_SURFACE(((1.,1.),(1.,1.),(1.,1.),(1.,1.),(1.,1.),(1.,
1.),(1.,1.),(1.,1.),(1.,1.),(1.,1.),(1.,1.),(1.,1.),(1.,1.),(1.,1.),(1.,
1.)))
REPRESENTATION_ITEM('')
SURFACE()
);
#37=(
BOUNDED_SURFACE()
B_SPLINE_SURFACE(5,1,((#9559,#9560),(#9561,#9562),(#9563,#9564),(#9565,
#9566),(#9567,#9568),(#9569,#9570),(#9571,#9572),(#9573,#9574),(#9575,#9576),
(#9577,#9578),(#9579,#9580),(#9581,#9582),(#9583,#9584),(#9585,#9586),(#9587,
#9588)),.UNSPECIFIED.,.F.,.F.,.F.)
B_SPLINE_SURFACE_WITH_KNOTS((6,1,1,1,1,1,1,1,1,1,6),(2,2),(-1.,-0.9,-0.8,
-0.7,-0.6,-0.5,-0.4,-0.3,-0.2,-0.1,0.),(0.,0.0299999999999998),
 .UNSPECIFIED.)
GEOMETRIC_REPRESENTATION_ITEM()
RATIONAL_B_SPLINE_SURFACE(((1.,1.),(1.,1.),(1.,1.),(1.,1.),(1.,1.),(1.,
1.),(1.,1.),(1.,1.),(1.,1.),(1.,1.),(1.,1.),(1.,1.),(1.,1.),(1.,1.),(1.,
1.)))
REPRESENTATION_ITEM('')
SURFACE()
);
#38=(
BOUNDED_SURFACE()
B_SPLINE_SURFACE(5,1,((#9625,#9626),(#9627,#9628),(#9629,#9630),(#9631,
#9632),(#9633,#9634),(#9635,#9636),(#9637,#9638),(#9639,#9640),(#9641,#9642),
(#9643,#9644),(#9645,#9646),(#9647,#9648),(#9649,#9650),(#9651,#9652),(#9653,
#9654)),.UNSPECIFIED.,.F.,.F.,.F.)
B_SPLINE_SURFACE_WITH_KNOTS((6,1,1,1,1,1,1,1,1,1,6),(2,2),(-1.,-0.9,-0.8,
-0.7,-0.6,-0.5,-0.4,-0.3,-0.2,-0.1,0.),(0.,0.0299999999999998),
 .UNSPECIFIED.)
GEOMETRIC_REPRESENTATION_ITEM()
RATIONAL_B_SPLINE_SURFACE(((1.,1.),(1.,1.),(1.,1.),(1.,1.),(1.,1.),(1.,
1.),(1.,1.),(1.,1.),(1.,1.),(1.,1.),(1.,1.),(1.,1.),(1.,1.),(1.,1.),(1.,
1.)))
REPRESENTATION_ITEM('')
SURFACE()
);
#39=(
BOUNDED_SURFACE()
B_SPLINE_SURFACE(5,1,((#9685,#9686),(#9687,#9688),(#9689,#9690),(#9691,
#9692),(#9693,#9694),(#9695,#9696),(#9697,#9698),(#9699,#9700),(#9701,#9702),
(#9703,#9704),(#9705,#9706),(#9707,#9708),(#9709,#9710),(#9711,#9712),(#9713,
#9714)),.UNSPECIFIED.,.F.,.F.,.F.)
B_SPLINE_SURFACE_WITH_KNOTS((6,1,1,1,1,1,1,1,1,1,6),(2,2),(0.,0.1,0.2,0.3,
0.4,0.5,0.6,0.7,0.8,0.9,1.),(0.,0.0299999999999998),.UNSPECIFIED.)
GEOMETRIC_REPRESENTATION_ITEM()
RATIONAL_B_SPLINE_SURFACE(((1.,1.),(1.,1.),(1.,1.),(1.,1.),(1.,1.),(1.,
1.),(1.,1.),(1.,1.),(1.,1.),(1.,1.),(1.,1.),(1.,1.),(1.,1.),(1.,1.),(1.,
1.)))
REPRESENTATION_ITEM('')
SURFACE()
);
#40=(
BOUNDED_SURFACE()
B_SPLINE_SURFACE(5,1,((#9751,#9752),(#9753,#9754),(#9755,#9756),(#9757,
#9758),(#9759,#9760),(#9761,#9762),(#9763,#9764),(#9765,#9766),(#9767,#9768),
(#9769,#9770),(#9771,#9772),(#9773,#9774),(#9775,#9776),(#9777,#9778),(#9779,
#9780),(#9781,#9782),(#9783,#9784),(#9785,#9786),(#9787,#9788),(#9789,#9790)),
 .UNSPECIFIED.,.F.,.F.,.F.)
B_SPLINE_SURFACE_WITH_KNOTS((6,1,1,1,1,1,1,1,1,1,1,1,1,1,1,6),(2,2),(0.,
0.0666666666666667,0.133333333333333,0.2,0.266666666666667,0.333333333333333,
0.4,0.466666666666667,0.533333333333333,0.6,0.666666666666667,0.733333333333333,
0.8,0.866666666666667,0.933333333333333,1.),(0.,0.0299999999999998),
 .UNSPECIFIED.)
GEOMETRIC_REPRESENTATION_ITEM()
RATIONAL_B_SPLINE_SURFACE(((1.,1.),(1.,1.),(1.,1.),(1.,1.),(1.,1.),(1.,
1.),(1.,1.),(1.,1.),(1.,1.),(1.,1.),(1.,1.),(1.,1.),(1.,1.),(1.,1.),(1.,
1.),(1.,1.),(1.,1.),(1.,1.),(1.,1.),(1.,1.)))
REPRESENTATION_ITEM('')
SURFACE()
);
#41=(
BOUNDED_SURFACE()
B_SPLINE_SURFACE(5,1,((#9834,#9835),(#9836,#9837),(#9838,#9839),(#9840,
#9841),(#9842,#9843),(#9844,#9845),(#9846,#9847),(#9848,#9849),(#9850,#9851),
(#9852,#9853),(#9854,#9855),(#9856,#9857),(#9858,#9859),(#9860,#9861),(#9862,
#9863),(#9864,#9865),(#9866,#9867),(#9868,#9869),(#9870,#9871),(#9872,#9873)),
 .UNSPECIFIED.,.F.,.F.,.F.)
B_SPLINE_SURFACE_WITH_KNOTS((6,1,1,1,1,1,1,1,1,1,1,1,1,1,1,6),(2,2),(-1.,
-0.933333333333333,-0.866666666666667,-0.8,-0.733333333333333,-0.666666666666667,
-0.6,-0.533333333333333,-0.466666666666667,-0.4,-0.333333333333333,-0.266666666666667,
-0.2,-0.133333333333333,-0.0666666666666667,0.),(0.,0.0299999999999998),
 .UNSPECIFIED.)
GEOMETRIC_REPRESENTATION_ITEM()
RATIONAL_B_SPLINE_SURFACE(((1.,1.),(1.,1.),(1.,1.),(1.,1.),(1.,1.),(1.,
1.),(1.,1.),(1.,1.),(1.,1.),(1.,1.),(1.,1.),(1.,1.),(1.,1.),(1.,1.),(1.,
1.),(1.,1.),(1.,1.),(1.,1.),(1.,1.),(1.,1.)))
REPRESENTATION_ITEM('')
SURFACE()
);
#42=ELLIPSE('',#6082,0.300000300835379,0.299999999999975);
#43=ELLIPSE('',#6083,0.300000300835379,0.299999999999976);
#44=ELLIPSE('',#6084,0.300000300835379,0.299999999999976);
#45=ELLIPSE('',#6085,0.300000300835379,0.299999999999976);
#46=B_SPLINE_CURVE_WITH_KNOTS('',3,(#8638,#8639,#8640,#8641,#8642,#8643,
#8644,#8645,#8646,#8647,#8648,#8649,#8650,#8651,#8652,#8653,#8654,#8655),
 .UNSPECIFIED.,.F.,.F.,(4,2,2,2,2,2,2,2,4),(0.,0.282825543594393,0.565651087188785,
0.84939275784716,1.13313442850553,1.41565592498166,1.69817742145779,1.98087427770793,
2.26357113395807),.UNSPECIFIED.);
#47=B_SPLINE_CURVE_WITH_KNOTS('',3,(#8656,#8657,#8658,#8659,#8660,#8661,
#8662,#8663,#8664,#8665,#8666,#8667,#8668,#8669,#8670,#8671,#8672,#8673),
 .UNSPECIFIED.,.F.,.F.,(4,2,2,2,2,2,2,2,4),(2.26357113395807,2.54626799020822,
2.82896484645836,3.11148634293449,3.39400783941061,3.67774951006899,3.96149118072736,
4.24431672432176,4.52714226791615),.UNSPECIFIED.);
#48=B_SPLINE_CURVE_WITH_KNOTS('',3,(#8799,#8800,#8801,#8802,#8803,#8804,
#8805,#8806,#8807,#8808,#8809,#8810,#8811,#8812,#8813,#8814,#8815,#8816),
 .UNSPECIFIED.,.F.,.F.,(4,2,2,2,2,2,2,2,4),(0.,0.282696856246784,0.565393712493568,
0.847915208973196,1.13043670545282,1.41417837615779,1.69792004686276,1.98074559045836,
2.26357113405397),.UNSPECIFIED.);
#49=B_SPLINE_CURVE_WITH_KNOTS('',3,(#8817,#8818,#8819,#8820,#8821,#8822,
#8823,#8824,#8825,#8826,#8827,#8828,#8829,#8830,#8831,#8832,#8833,#8834),
 .UNSPECIFIED.,.F.,.F.,(4,2,2,2,2,2,2,2,4),(2.26357113405397,2.54639667764957,
2.82922222124517,3.11296389195014,3.39670556265511,3.67922705913474,3.96174855561436,
4.24444541186115,4.52714226810793),.UNSPECIFIED.);
#50=B_SPLINE_CURVE_WITH_KNOTS('',3,(#8855,#8856,#8857,#8858,#8859,#8860,
#8861,#8862,#8863,#8864),.UNSPECIFIED.,.F.,.F.,(4,2,2,2,4),(0.135879600631903,
0.147225473504753,0.158571346377604,0.169869453777603,0.181108444843651),
 .UNSPECIFIED.);
#51=B_SPLINE_CURVE_WITH_KNOTS('',3,(#8868,#8869,#8870,#8871,#8872,#8873,
#8874,#8875,#8876,#8877),.UNSPECIFIED.,.F.,.F.,(4,2,2,2,4),(0.,0.0112981073999997,
0.0225962147999994,0.0339420876728498,0.0452879605457001),.UNSPECIFIED.);
#52=B_SPLINE_CURVE_WITH_KNOTS('',3,(#8881,#8882,#8883,#8884,#8885,#8886,
#8887,#8888,#8889,#8890),.UNSPECIFIED.,.F.,.F.,(4,2,2,2,4),(0.0462166192084189,
0.058063669322871,0.0699107194373231,0.0811867632955039,0.0924628071536847),
 .UNSPECIFIED.);
#53=B_SPLINE_CURVE_WITH_KNOTS('',3,(#8893,#8894,#8895,#8896,#8897,#8898,
#8899,#8900,#8901,#8902),.UNSPECIFIED.,.F.,.F.,(4,2,2,2,4),(0.0925228748035304,
0.103739801399215,0.115015845257395,0.126862895371848,0.1387099454863),
 .UNSPECIFIED.);
#54=B_SPLINE_CURVE_WITH_KNOTS('',3,(#8905,#8906,#8907,#8908,#8909,#8910,
#8911,#8912,#8913,#8914,#8915,#8916,#8917,#8918,#8919,#8920,#8921,#8922),
 .UNSPECIFIED.,.F.,.F.,(4,2,2,2,2,2,2,2,4),(0.,0.188356760922597,0.376713521845194,
0.565352727008324,0.753991932171455,0.943589298402606,1.13318666463376,
1.32162249067802,1.51005831672229),.UNSPECIFIED.);
#55=B_SPLINE_CURVE_WITH_KNOTS('',3,(#8923,#8924,#8925,#8926,#8927,#8928,
#8929,#8930,#8931,#8932,#8933,#8934,#8935,#8936,#8937,#8938,#8939,#8940),
 .UNSPECIFIED.,.F.,.F.,(4,2,2,2,2,2,2,2,4),(1.51005831672229,1.69849414276655,
1.88692996881081,2.07652733504196,2.26612470127312,2.4547815021068,2.64343830294048,
2.83177747002468,3.02011663710887),.UNSPECIFIED.);
#56=B_SPLINE_CURVE_WITH_KNOTS('',3,(#8943,#8944,#8945,#8946,#8947,#8948,
#8949,#8950,#8951,#8952,#8953,#8954,#8955,#8956,#8957,#8958,#8959,#8960),
 .UNSPECIFIED.,.F.,.F.,(4,2,2,2,2,2,2,2,4),(0.,0.188356760922597,0.376713521845194,
0.565352727008325,0.753991932171455,0.943254918401313,1.13251790463117,
1.32128824550967,1.51005858638817),.UNSPECIFIED.);
#57=B_SPLINE_CURVE_WITH_KNOTS('',3,(#8961,#8962,#8963,#8964,#8965,#8966,
#8967,#8968,#8969,#8970,#8971,#8972,#8973,#8974,#8975,#8976,#8977,#8978),
 .UNSPECIFIED.,.F.,.F.,(4,2,2,2,2,2,2,2,4),(1.51005858638817,1.69849441243244,
1.8869302384767,2.07652760470785,2.266124970939,2.45478177177269,2.64343857260637,
2.83177773969056,3.02011690677476),.UNSPECIFIED.);
#58=B_SPLINE_CURVE_WITH_KNOTS('',3,(#8981,#8982,#8983,#8984,#8985,#8986,
#8987,#8988,#8989,#8990,#8991,#8992,#8993,#8994,#8995,#8996,#8997,#8998),
 .UNSPECIFIED.,.F.,.F.,(4,2,2,2,2,2,2,2,4),(0.,0.188628941769281,0.377257883538563,
0.566141269365881,0.755024655193199,0.943481860004622,1.13193906481604,
1.32028574595246,1.50863242708889),.UNSPECIFIED.);
#59=B_SPLINE_CURVE_WITH_KNOTS('',3,(#8999,#9000,#9001,#9002,#9003,#9004,
#9005,#9006,#9007,#9008,#9009,#9010,#9011,#9012,#9013,#9014,#9015,#9016),
 .UNSPECIFIED.,.F.,.F.,(4,2,2,2,2,2,2,2,4),(1.50863242708889,1.6970044249647,
1.88537642284052,2.07380830835314,2.26224019386576,2.4513147291714,2.64038926447704,
2.82882701029236,3.01726475610769),.UNSPECIFIED.);
#60=B_SPLINE_CURVE_WITH_KNOTS('',3,(#9019,#9020,#9021,#9022,#9023,#9024,
#9025,#9026,#9027,#9028,#9029,#9030,#9031,#9032,#9033,#9034,#9035,#9036),
 .UNSPECIFIED.,.F.,.F.,(4,2,2,2,2,2,2,2,4),(0.,0.188628941769281,0.377257883538562,
0.566141269365881,0.755024655193199,0.943456540705817,1.13188842621844,
1.32026042409425,1.50863242197007),.UNSPECIFIED.);
#61=B_SPLINE_CURVE_WITH_KNOTS('',3,(#9037,#9038,#9039,#9040,#9041,#9042,
#9043,#9044,#9045,#9046,#9047,#9048,#9049,#9050,#9051,#9052,#9053,#9054),
 .UNSPECIFIED.,.F.,.F.,(4,2,2,2,2,2,2,2,4),(1.50863242197007,1.69700441984589,
1.8853764177217,2.07380830323432,2.26224018874694,2.45131472405258,2.64038925935822,
2.82882700517355,3.01726475098887),.UNSPECIFIED.);
#62=STYLED_ITEM('',(#10202),#84);
#63=STYLED_ITEM('',(#10202),#85);
#64=STYLED_ITEM('',(#10204),#5683);
#65=STYLED_ITEM('',(#10204),#5684);
#66=STYLED_ITEM('',(#10204),#5685);
#67=STYLED_ITEM('',(#10204),#5686);
#68=STYLED_ITEM('',(#10204),#5687);
#69=STYLED_ITEM('',(#10204),#5688);
#70=STYLED_ITEM('',(#10204),#5689);
#71=STYLED_ITEM('',(#10204),#5690);
#72=STYLED_ITEM('',(#10204),#5691);
#73=STYLED_ITEM('',(#10204),#5692);
#74=STYLED_ITEM('',(#10204),#5693);
#75=STYLED_ITEM('',(#10204),#5694);
#76=STYLED_ITEM('',(#10203),#86);
#77=STYLED_ITEM('',(#10205),#5702);
#78=STYLED_ITEM('',(#10203),#5703);
#79=STYLED_ITEM('',(#10206),#5704);
#80=STYLED_ITEM('',(#10206),#5707);
#81=STYLED_ITEM('',(#10202),#87);
#82=STYLED_ITEM('',(#10207),#88);
#83=STYLED_ITEM('',(#10207),#89);
#84=MANIFOLD_SOLID_BREP('Main',#5763);
#85=MANIFOLD_SOLID_BREP('Cover',#5764);
#86=MANIFOLD_SOLID_BREP('Shell',#5765);
#87=MANIFOLD_SOLID_BREP('Bottom',#5766);
#88=MANIFOLD_SOLID_BREP('Shell Bell (Pokemon Reference??)',#5767);
#89=MANIFOLD_SOLID_BREP('Silksong Bell',#5768);
#90=CIRCLE('',#5831,0.299999999999976);
#91=CIRCLE('',#5832,0.299999999999976);
#92=CIRCLE('',#5835,0.299999999999976);
#93=CIRCLE('',#5836,0.299999999999976);
#94=CIRCLE('',#5839,0.299999999999974);
#95=CIRCLE('',#5840,0.299999999999974);
#96=CIRCLE('',#5843,0.299999999999976);
#97=CIRCLE('',#5844,0.299999999999976);
#98=CIRCLE('',#5875,1.8);
#99=CIRCLE('',#5876,1.8);
#100=CIRCLE('',#5878,3.00000000000001);
#101=CIRCLE('',#5879,3.00000000000001);
#102=CIRCLE('',#5882,3.00000000000001);
#103=CIRCLE('',#5884,1.8);
#104=CIRCLE('',#5885,1.8);
#105=CIRCLE('',#5887,3.00000000000001);
#106=CIRCLE('',#5939,4.35000000000003);
#107=CIRCLE('',#5940,4.35000000000003);
#108=CIRCLE('',#5942,1.8);
#109=CIRCLE('',#5943,1.8);
#110=CIRCLE('',#5945,7.50000000000001);
#111=CIRCLE('',#5946,7.50000000000001);
#112=CIRCLE('',#5948,5.4313670720639);
#113=CIRCLE('',#5949,5.4313670720639);
#114=CIRCLE('',#5951,1.8);
#115=CIRCLE('',#5952,4.35000000000003);
#116=CIRCLE('',#5954,1.8);
#117=CIRCLE('',#5955,4.35000000000003);
#118=CIRCLE('',#5956,1.8);
#119=CIRCLE('',#5957,4.35000000000003);
#120=CIRCLE('',#5959,1.8);
#121=CIRCLE('',#5961,4.35000000000003);
#122=CIRCLE('',#5963,4.35000000000003);
#123=CIRCLE('',#5965,1.8);
#124=CIRCLE('',#5967,1.8);
#125=CIRCLE('',#5969,4.35000000000003);
#126=CIRCLE('',#5971,7.5);
#127=CIRCLE('',#5973,7.5);
#128=CIRCLE('',#5974,7.5);
#129=CIRCLE('',#5976,1.8);
#130=CIRCLE('',#5977,2.65000000000001);
#131=CIRCLE('',#5978,1.8);
#132=CIRCLE('',#5979,2.65000000000001);
#133=CIRCLE('',#5981,2.65000000000001);
#134=CIRCLE('',#5983,1.8);
#135=CIRCLE('',#5985,2.65000000000001);
#136=CIRCLE('',#5987,1.8);
#137=CIRCLE('',#5990,2.65000000000001);
#138=CIRCLE('',#5991,2.65000000000001);
#139=CIRCLE('',#5993,1.8);
#140=CIRCLE('',#5994,1.8);
#141=CIRCLE('',#5996,2.65000000000001);
#142=CIRCLE('',#5997,2.65000000000001);
#143=CIRCLE('',#5999,1.8);
#144=CIRCLE('',#6000,1.8);
#145=CIRCLE('',#6003,4.35000000000002);
#146=CIRCLE('',#6004,4.35000000000002);
#147=CIRCLE('',#6006,1.8);
#148=CIRCLE('',#6007,1.8);
#149=CIRCLE('',#6009,7.5);
#150=CIRCLE('',#6010,7.5);
#151=CIRCLE('',#6012,5.4313670720639);
#152=CIRCLE('',#6013,5.4313670720639);
#153=CIRCLE('',#6015,1.8);
#154=CIRCLE('',#6016,4.35000000000002);
#155=CIRCLE('',#6018,1.8);
#156=CIRCLE('',#6019,4.35000000000002);
#157=CIRCLE('',#6020,1.8);
#158=CIRCLE('',#6021,4.35000000000002);
#159=CIRCLE('',#6023,1.8);
#160=CIRCLE('',#6025,4.35000000000002);
#161=CIRCLE('',#6027,4.35000000000002);
#162=CIRCLE('',#6029,1.8);
#163=CIRCLE('',#6031,1.8);
#164=CIRCLE('',#6033,4.35000000000002);
#165=CIRCLE('',#6035,7.5);
#166=CIRCLE('',#6037,7.5);
#167=CIRCLE('',#6038,7.5);
#168=CIRCLE('',#6043,66.2033620298916);
#169=CIRCLE('',#6044,54.);
#170=CIRCLE('',#6046,66.2033620298916);
#171=CIRCLE('',#6047,54.);
#172=CIRCLE('',#6049,66.2033620298916);
#173=CIRCLE('',#6050,66.2033620298916);
#174=CIRCLE('',#6052,54.);
#175=CIRCLE('',#6053,54.);
#176=CIRCLE('',#6054,54.);
#177=CIRCLE('',#6055,54.);
#178=CIRCLE('',#6056,54.);
#179=CIRCLE('',#6057,54.);
#180=CIRCLE('',#6058,54.);
#181=CIRCLE('',#6059,54.);
#182=CIRCLE('',#6061,54.);
#183=CIRCLE('',#6109,2.5);
#184=CIRCLE('',#6110,5.);
#185=CIRCLE('',#6111,2.5);
#186=CIRCLE('',#6112,5.);
#187=CIRCLE('',#6115,2.5);
#188=CIRCLE('',#6116,5.);
#189=CIRCLE('',#6117,2.5);
#190=CIRCLE('',#6118,5.);
#191=CIRCLE('',#6121,2.5);
#192=CIRCLE('',#6122,5.);
#193=CIRCLE('',#6123,2.5);
#194=CIRCLE('',#6124,5.);
#195=CIRCLE('',#6127,2.5);
#196=CIRCLE('',#6128,5.);
#197=CIRCLE('',#6129,2.5);
#198=CIRCLE('',#6130,5.);
#199=CIRCLE('',#6134,53.8);
#200=CIRCLE('',#6137,53.8);
#201=CIRCLE('',#6170,0.749999999999993);
#202=CIRCLE('',#6171,0.749999999999993);
#203=CIRCLE('',#6173,1.49999999999999);
#204=CIRCLE('',#6174,1.49999999999999);
#205=CIRCLE('',#6178,0.749999999999993);
#206=CIRCLE('',#6179,0.749999999999993);
#207=CIRCLE('',#6181,1.49999999999999);
#208=CIRCLE('',#6182,1.49999999999999);
#209=CIRCLE('',#6186,7.5);
#210=CIRCLE('',#6188,7.5);
#211=CIRCLE('',#6189,7.5);
#212=CIRCLE('',#6191,30.);
#213=CIRCLE('',#6192,30.);
#214=CIRCLE('',#6194,35.);
#215=CIRCLE('',#6196,35.);
#216=CIRCLE('',#6198,0.749999999999993);
#217=CIRCLE('',#6199,0.749999999999993);
#218=CIRCLE('',#6201,1.49999999999999);
#219=CIRCLE('',#6202,1.49999999999999);
#220=CIRCLE('',#6206,0.749999999999993);
#221=CIRCLE('',#6207,0.749999999999993);
#222=CIRCLE('',#6209,1.49999999999999);
#223=CIRCLE('',#6210,1.49999999999999);
#224=CIRCLE('',#6214,7.5);
#225=CIRCLE('',#6216,7.5);
#226=CIRCLE('',#6217,7.5);
#227=CIRCLE('',#6219,30.);
#228=CIRCLE('',#6220,30.);
#229=CIRCLE('',#6222,35.);
#230=CIRCLE('',#6224,35.);
#231=CYLINDRICAL_SURFACE('',#5830,0.299999999999976);
#232=CYLINDRICAL_SURFACE('',#5834,0.299999999999976);
#233=CYLINDRICAL_SURFACE('',#5838,0.299999999999974);
#234=CYLINDRICAL_SURFACE('',#5842,0.299999999999976);
#235=CYLINDRICAL_SURFACE('',#5874,1.8);
#236=CYLINDRICAL_SURFACE('',#5877,3.00000000000001);
#237=CYLINDRICAL_SURFACE('',#5883,1.8);
#238=CYLINDRICAL_SURFACE('',#5886,3.00000000000001);
#239=CYLINDRICAL_SURFACE('',#5938,4.35000000000003);
#240=CYLINDRICAL_SURFACE('',#5941,1.8);
#241=CYLINDRICAL_SURFACE('',#5944,7.50000000000001);
#242=CYLINDRICAL_SURFACE('',#5947,5.4313670720639);
#243=CYLINDRICAL_SURFACE('',#5958,1.8);
#244=CYLINDRICAL_SURFACE('',#5960,4.35000000000003);
#245=CYLINDRICAL_SURFACE('',#5962,4.35000000000003);
#246=CYLINDRICAL_SURFACE('',#5964,1.8);
#247=CYLINDRICAL_SURFACE('',#5966,1.8);
#248=CYLINDRICAL_SURFACE('',#5968,4.35000000000003);
#249=CYLINDRICAL_SURFACE('',#5972,7.5);
#250=CYLINDRICAL_SURFACE('',#5980,2.65000000000001);
#251=CYLINDRICAL_SURFACE('',#5982,1.8);
#252=CYLINDRICAL_SURFACE('',#5984,2.65000000000001);
#253=CYLINDRICAL_SURFACE('',#5986,1.8);
#254=CYLINDRICAL_SURFACE('',#5989,2.65000000000001);
#255=CYLINDRICAL_SURFACE('',#5992,1.8);
#256=CYLINDRICAL_SURFACE('',#5995,2.65000000000001);
#257=CYLINDRICAL_SURFACE('',#5998,1.8);
#258=CYLINDRICAL_SURFACE('',#6002,4.35000000000002);
#259=CYLINDRICAL_SURFACE('',#6005,1.8);
#260=CYLINDRICAL_SURFACE('',#6008,7.5);
#261=CYLINDRICAL_SURFACE('',#6011,5.4313670720639);
#262=CYLINDRICAL_SURFACE('',#6022,1.8);
#263=CYLINDRICAL_SURFACE('',#6024,4.35000000000002);
#264=CYLINDRICAL_SURFACE('',#6026,4.35000000000002);
#265=CYLINDRICAL_SURFACE('',#6028,1.8);
#266=CYLINDRICAL_SURFACE('',#6030,1.8);
#267=CYLINDRICAL_SURFACE('',#6032,4.35000000000002);
#268=CYLINDRICAL_SURFACE('',#6036,7.5);
#269=CYLINDRICAL_SURFACE('',#6048,66.2033620298916);
#270=CYLINDRICAL_SURFACE('',#6051,54.);
#271=CYLINDRICAL_SURFACE('',#6060,54.);
#272=CYLINDRICAL_SURFACE('',#6100,0.299999999999975);
#273=CYLINDRICAL_SURFACE('',#6102,0.299999999999976);
#274=CYLINDRICAL_SURFACE('',#6104,0.299999999999976);
#275=CYLINDRICAL_SURFACE('',#6106,0.299999999999976);
#276=CYLINDRICAL_SURFACE('',#6113,5.);
#277=CYLINDRICAL_SURFACE('',#6119,5.);
#278=CYLINDRICAL_SURFACE('',#6125,5.);
#279=CYLINDRICAL_SURFACE('',#6131,5.);
#280=CYLINDRICAL_SURFACE('',#6138,53.8);
#281=CYLINDRICAL_SURFACE('',#6169,0.749999999999993);
#282=CYLINDRICAL_SURFACE('',#6172,1.49999999999999);
#283=CYLINDRICAL_SURFACE('',#6177,0.749999999999993);
#284=CYLINDRICAL_SURFACE('',#6180,1.49999999999999);
#285=CYLINDRICAL_SURFACE('',#6187,7.5);
#286=CYLINDRICAL_SURFACE('',#6197,0.749999999999993);
#287=CYLINDRICAL_SURFACE('',#6200,1.49999999999999);
#288=CYLINDRICAL_SURFACE('',#6205,0.749999999999993);
#289=CYLINDRICAL_SURFACE('',#6208,1.49999999999999);
#290=CYLINDRICAL_SURFACE('',#6215,7.5);
#291=FACE_BOUND('',#724,.T.);
#292=FACE_BOUND('',#725,.T.);
#293=FACE_BOUND('',#726,.T.);
#294=FACE_BOUND('',#727,.T.);
#295=FACE_BOUND('',#730,.T.);
#296=FACE_BOUND('',#731,.T.);
#297=FACE_BOUND('',#733,.T.);
#298=FACE_BOUND('',#734,.T.);
#299=FACE_BOUND('',#748,.T.);
#300=FACE_BOUND('',#750,.T.);
#301=FACE_BOUND('',#781,.T.);
#302=FACE_BOUND('',#783,.T.);
#303=FACE_BOUND('',#784,.T.);
#304=FACE_BOUND('',#785,.T.);
#305=FACE_BOUND('',#786,.T.);
#306=FACE_BOUND('',#787,.T.);
#307=FACE_BOUND('',#788,.T.);
#308=FACE_BOUND('',#792,.T.);
#309=FACE_BOUND('',#841,.T.);
#310=FACE_BOUND('',#843,.T.);
#311=FACE_BOUND('',#844,.T.);
#312=FACE_BOUND('',#845,.T.);
#313=FACE_BOUND('',#846,.T.);
#314=FACE_BOUND('',#847,.T.);
#315=FACE_BOUND('',#853,.T.);
#316=FACE_BOUND('',#855,.T.);
#317=FACE_BOUND('',#863,.T.);
#318=FACE_BOUND('',#866,.T.);
#319=FACE_BOUND('',#882,.T.);
#320=FACE_BOUND('',#884,.T.);
#321=FACE_BOUND('',#892,.T.);
#322=FACE_BOUND('',#895,.T.);
#323=FACE_BOUND('',#899,.T.);
#324=FACE_BOUND('',#901,.T.);
#325=FACE_BOUND('',#903,.T.);
#326=FACE_BOUND('',#904,.T.);
#327=FACE_BOUND('',#905,.T.);
#328=FACE_BOUND('',#906,.T.);
#329=FACE_BOUND('',#907,.T.);
#330=FACE_BOUND('',#908,.T.);
#331=FACE_BOUND('',#909,.T.);
#332=FACE_BOUND('',#913,.T.);
#333=FACE_BOUND('',#914,.T.);
#334=FACE_BOUND('',#924,.T.);
#335=FACE_BOUND('',#925,.T.);
#336=FACE_BOUND('',#936,.T.);
#337=FACE_BOUND('',#979,.T.);
#338=FACE_BOUND('',#980,.T.);
#339=FACE_BOUND('',#982,.T.);
#340=FACE_BOUND('',#985,.T.);
#341=FACE_BOUND('',#1021,.T.);
#342=FACE_BOUND('',#1026,.T.);
#343=FACE_BOUND('',#1028,.T.);
#344=FACE_BOUND('',#1029,.T.);
#345=FACE_BOUND('',#1033,.T.);
#346=FACE_BOUND('',#1039,.T.);
#347=FACE_BOUND('',#1044,.T.);
#348=FACE_BOUND('',#1046,.T.);
#349=FACE_BOUND('',#1047,.T.);
#350=FACE_BOUND('',#1051,.T.);
#351=FACE_OUTER_BOUND('',#672,.T.);
#352=FACE_OUTER_BOUND('',#673,.T.);
#353=FACE_OUTER_BOUND('',#674,.T.);
#354=FACE_OUTER_BOUND('',#675,.T.);
#355=FACE_OUTER_BOUND('',#676,.T.);
#356=FACE_OUTER_BOUND('',#677,.T.);
#357=FACE_OUTER_BOUND('',#678,.T.);
#358=FACE_OUTER_BOUND('',#679,.T.);
#359=FACE_OUTER_BOUND('',#680,.T.);
#360=FACE_OUTER_BOUND('',#681,.T.);
#361=FACE_OUTER_BOUND('',#682,.T.);
#362=FACE_OUTER_BOUND('',#683,.T.);
#363=FACE_OUTER_BOUND('',#684,.T.);
#364=FACE_OUTER_BOUND('',#685,.T.);
#365=FACE_OUTER_BOUND('',#686,.T.);
#366=FACE_OUTER_BOUND('',#687,.T.);
#367=FACE_OUTER_BOUND('',#688,.T.);
#368=FACE_OUTER_BOUND('',#689,.T.);
#369=FACE_OUTER_BOUND('',#690,.T.);
#370=FACE_OUTER_BOUND('',#691,.T.);
#371=FACE_OUTER_BOUND('',#692,.T.);
#372=FACE_OUTER_BOUND('',#693,.T.);
#373=FACE_OUTER_BOUND('',#694,.T.);
#374=FACE_OUTER_BOUND('',#695,.T.);
#375=FACE_OUTER_BOUND('',#696,.T.);
#376=FACE_OUTER_BOUND('',#697,.T.);
#377=FACE_OUTER_BOUND('',#698,.T.);
#378=FACE_OUTER_BOUND('',#699,.T.);
#379=FACE_OUTER_BOUND('',#700,.T.);
#380=FACE_OUTER_BOUND('',#701,.T.);
#381=FACE_OUTER_BOUND('',#702,.T.);
#382=FACE_OUTER_BOUND('',#703,.T.);
#383=FACE_OUTER_BOUND('',#704,.T.);
#384=FACE_OUTER_BOUND('',#705,.T.);
#385=FACE_OUTER_BOUND('',#706,.T.);
#386=FACE_OUTER_BOUND('',#707,.T.);
#387=FACE_OUTER_BOUND('',#708,.T.);
#388=FACE_OUTER_BOUND('',#709,.T.);
#389=FACE_OUTER_BOUND('',#710,.T.);
#390=FACE_OUTER_BOUND('',#711,.T.);
#391=FACE_OUTER_BOUND('',#712,.T.);
#392=FACE_OUTER_BOUND('',#713,.T.);
#393=FACE_OUTER_BOUND('',#714,.T.);
#394=FACE_OUTER_BOUND('',#715,.T.);
#395=FACE_OUTER_BOUND('',#716,.T.);
#396=FACE_OUTER_BOUND('',#717,.T.);
#397=FACE_OUTER_BOUND('',#718,.T.);
#398=FACE_OUTER_BOUND('',#719,.T.);
#399=FACE_OUTER_BOUND('',#720,.T.);
#400=FACE_OUTER_BOUND('',#721,.T.);
#401=FACE_OUTER_BOUND('',#722,.T.);
#402=FACE_OUTER_BOUND('',#723,.T.);
#403=FACE_OUTER_BOUND('',#728,.T.);
#404=FACE_OUTER_BOUND('',#729,.T.);
#405=FACE_OUTER_BOUND('',#732,.T.);
#406=FACE_OUTER_BOUND('',#735,.T.);
#407=FACE_OUTER_BOUND('',#736,.T.);
#408=FACE_OUTER_BOUND('',#737,.T.);
#409=FACE_OUTER_BOUND('',#738,.T.);
#410=FACE_OUTER_BOUND('',#739,.T.);
#411=FACE_OUTER_BOUND('',#740,.T.);
#412=FACE_OUTER_BOUND('',#741,.T.);
#413=FACE_OUTER_BOUND('',#742,.T.);
#414=FACE_OUTER_BOUND('',#743,.T.);
#415=FACE_OUTER_BOUND('',#744,.T.);
#416=FACE_OUTER_BOUND('',#745,.T.);
#417=FACE_OUTER_BOUND('',#746,.T.);
#418=FACE_OUTER_BOUND('',#747,.T.);
#419=FACE_OUTER_BOUND('',#749,.T.);
#420=FACE_OUTER_BOUND('',#751,.T.);
#421=FACE_OUTER_BOUND('',#752,.T.);
#422=FACE_OUTER_BOUND('',#753,.T.);
#423=FACE_OUTER_BOUND('',#754,.T.);
#424=FACE_OUTER_BOUND('',#755,.T.);
#425=FACE_OUTER_BOUND('',#756,.T.);
#426=FACE_OUTER_BOUND('',#757,.T.);
#427=FACE_OUTER_BOUND('',#758,.T.);
#428=FACE_OUTER_BOUND('',#759,.T.);
#429=FACE_OUTER_BOUND('',#760,.T.);
#430=FACE_OUTER_BOUND('',#761,.T.);
#431=FACE_OUTER_BOUND('',#762,.T.);
#432=FACE_OUTER_BOUND('',#763,.T.);
#433=FACE_OUTER_BOUND('',#764,.T.);
#434=FACE_OUTER_BOUND('',#765,.T.);
#435=FACE_OUTER_BOUND('',#766,.T.);
#436=FACE_OUTER_BOUND('',#767,.T.);
#437=FACE_OUTER_BOUND('',#768,.T.);
#438=FACE_OUTER_BOUND('',#769,.T.);
#439=FACE_OUTER_BOUND('',#770,.T.);
#440=FACE_OUTER_BOUND('',#771,.T.);
#441=FACE_OUTER_BOUND('',#772,.T.);
#442=FACE_OUTER_BOUND('',#773,.T.);
#443=FACE_OUTER_BOUND('',#774,.T.);
#444=FACE_OUTER_BOUND('',#775,.T.);
#445=FACE_OUTER_BOUND('',#776,.T.);
#446=FACE_OUTER_BOUND('',#777,.T.);
#447=FACE_OUTER_BOUND('',#778,.T.);
#448=FACE_OUTER_BOUND('',#779,.T.);
#449=FACE_OUTER_BOUND('',#780,.T.);
#450=FACE_OUTER_BOUND('',#782,.T.);
#451=FACE_OUTER_BOUND('',#789,.T.);
#452=FACE_OUTER_BOUND('',#790,.T.);
#453=FACE_OUTER_BOUND('',#791,.T.);
#454=FACE_OUTER_BOUND('',#793,.T.);
#455=FACE_OUTER_BOUND('',#794,.T.);
#456=FACE_OUTER_BOUND('',#795,.T.);
#457=FACE_OUTER_BOUND('',#796,.T.);
#458=FACE_OUTER_BOUND('',#797,.T.);
#459=FACE_OUTER_BOUND('',#798,.T.);
#460=FACE_OUTER_BOUND('',#799,.T.);
#461=FACE_OUTER_BOUND('',#800,.T.);
#462=FACE_OUTER_BOUND('',#801,.T.);
#463=FACE_OUTER_BOUND('',#802,.T.);
#464=FACE_OUTER_BOUND('',#803,.T.);
#465=FACE_OUTER_BOUND('',#804,.T.);
#466=FACE_OUTER_BOUND('',#805,.T.);
#467=FACE_OUTER_BOUND('',#806,.T.);
#468=FACE_OUTER_BOUND('',#807,.T.);
#469=FACE_OUTER_BOUND('',#808,.T.);
#470=FACE_OUTER_BOUND('',#809,.T.);
#471=FACE_OUTER_BOUND('',#810,.T.);
#472=FACE_OUTER_BOUND('',#811,.T.);
#473=FACE_OUTER_BOUND('',#812,.T.);
#474=FACE_OUTER_BOUND('',#813,.T.);
#475=FACE_OUTER_BOUND('',#814,.T.);
#476=FACE_OUTER_BOUND('',#815,.T.);
#477=FACE_OUTER_BOUND('',#816,.T.);
#478=FACE_OUTER_BOUND('',#817,.T.);
#479=FACE_OUTER_BOUND('',#818,.T.);
#480=FACE_OUTER_BOUND('',#819,.T.);
#481=FACE_OUTER_BOUND('',#820,.T.);
#482=FACE_OUTER_BOUND('',#821,.T.);
#483=FACE_OUTER_BOUND('',#822,.T.);
#484=FACE_OUTER_BOUND('',#823,.T.);
#485=FACE_OUTER_BOUND('',#824,.T.);
#486=FACE_OUTER_BOUND('',#825,.T.);
#487=FACE_OUTER_BOUND('',#826,.T.);
#488=FACE_OUTER_BOUND('',#827,.T.);
#489=FACE_OUTER_BOUND('',#828,.T.);
#490=FACE_OUTER_BOUND('',#829,.T.);
#491=FACE_OUTER_BOUND('',#830,.T.);
#492=FACE_OUTER_BOUND('',#831,.T.);
#493=FACE_OUTER_BOUND('',#832,.T.);
#494=FACE_OUTER_BOUND('',#833,.T.);
#495=FACE_OUTER_BOUND('',#834,.T.);
#496=FACE_OUTER_BOUND('',#835,.T.);
#497=FACE_OUTER_BOUND('',#836,.T.);
#498=FACE_OUTER_BOUND('',#837,.T.);
#499=FACE_OUTER_BOUND('',#838,.T.);
#500=FACE_OUTER_BOUND('',#839,.T.);
#501=FACE_OUTER_BOUND('',#840,.T.);
#502=FACE_OUTER_BOUND('',#842,.T.);
#503=FACE_OUTER_BOUND('',#848,.T.);
#504=FACE_OUTER_BOUND('',#849,.T.);
#505=FACE_OUTER_BOUND('',#850,.T.);
#506=FACE_OUTER_BOUND('',#851,.T.);
#507=FACE_OUTER_BOUND('',#852,.T.);
#508=FACE_OUTER_BOUND('',#854,.T.);
#509=FACE_OUTER_BOUND('',#856,.T.);
#510=FACE_OUTER_BOUND('',#857,.T.);
#511=FACE_OUTER_BOUND('',#858,.T.);
#512=FACE_OUTER_BOUND('',#859,.T.);
#513=FACE_OUTER_BOUND('',#860,.T.);
#514=FACE_OUTER_BOUND('',#861,.T.);
#515=FACE_OUTER_BOUND('',#862,.T.);
#516=FACE_OUTER_BOUND('',#864,.T.);
#517=FACE_OUTER_BOUND('',#865,.T.);
#518=FACE_OUTER_BOUND('',#867,.T.);
#519=FACE_OUTER_BOUND('',#868,.T.);
#520=FACE_OUTER_BOUND('',#869,.T.);
#521=FACE_OUTER_BOUND('',#870,.T.);
#522=FACE_OUTER_BOUND('',#871,.T.);
#523=FACE_OUTER_BOUND('',#872,.T.);
#524=FACE_OUTER_BOUND('',#873,.T.);
#525=FACE_OUTER_BOUND('',#874,.T.);
#526=FACE_OUTER_BOUND('',#875,.T.);
#527=FACE_OUTER_BOUND('',#876,.T.);
#528=FACE_OUTER_BOUND('',#877,.T.);
#529=FACE_OUTER_BOUND('',#878,.T.);
#530=FACE_OUTER_BOUND('',#879,.T.);
#531=FACE_OUTER_BOUND('',#880,.T.);
#532=FACE_OUTER_BOUND('',#881,.T.);
#533=FACE_OUTER_BOUND('',#883,.T.);
#534=FACE_OUTER_BOUND('',#885,.T.);
#535=FACE_OUTER_BOUND('',#886,.T.);
#536=FACE_OUTER_BOUND('',#887,.T.);
#537=FACE_OUTER_BOUND('',#888,.T.);
#538=FACE_OUTER_BOUND('',#889,.T.);
#539=FACE_OUTER_BOUND('',#890,.T.);
#540=FACE_OUTER_BOUND('',#891,.T.);
#541=FACE_OUTER_BOUND('',#893,.T.);
#542=FACE_OUTER_BOUND('',#894,.T.);
#543=FACE_OUTER_BOUND('',#896,.T.);
#544=FACE_OUTER_BOUND('',#897,.T.);
#545=FACE_OUTER_BOUND('',#898,.T.);
#546=FACE_OUTER_BOUND('',#900,.T.);
#547=FACE_OUTER_BOUND('',#902,.T.);
#548=FACE_OUTER_BOUND('',#910,.T.);
#549=FACE_OUTER_BOUND('',#911,.T.);
#550=FACE_OUTER_BOUND('',#912,.T.);
#551=FACE_OUTER_BOUND('',#915,.T.);
#552=FACE_OUTER_BOUND('',#916,.T.);
#553=FACE_OUTER_BOUND('',#917,.T.);
#554=FACE_OUTER_BOUND('',#918,.T.);
#555=FACE_OUTER_BOUND('',#919,.T.);
#556=FACE_OUTER_BOUND('',#920,.T.);
#557=FACE_OUTER_BOUND('',#921,.T.);
#558=FACE_OUTER_BOUND('',#922,.T.);
#559=FACE_OUTER_BOUND('',#923,.T.);
#560=FACE_OUTER_BOUND('',#926,.T.);
#561=FACE_OUTER_BOUND('',#927,.T.);
#562=FACE_OUTER_BOUND('',#928,.T.);
#563=FACE_OUTER_BOUND('',#929,.T.);
#564=FACE_OUTER_BOUND('',#930,.T.);
#565=FACE_OUTER_BOUND('',#931,.T.);
#566=FACE_OUTER_BOUND('',#932,.T.);
#567=FACE_OUTER_BOUND('',#933,.T.);
#568=FACE_OUTER_BOUND('',#934,.T.);
#569=FACE_OUTER_BOUND('',#935,.T.);
#570=FACE_OUTER_BOUND('',#937,.T.);
#571=FACE_OUTER_BOUND('',#938,.T.);
#572=FACE_OUTER_BOUND('',#939,.T.);
#573=FACE_OUTER_BOUND('',#940,.T.);
#574=FACE_OUTER_BOUND('',#941,.T.);
#575=FACE_OUTER_BOUND('',#942,.T.);
#576=FACE_OUTER_BOUND('',#943,.T.);
#577=FACE_OUTER_BOUND('',#944,.T.);
#578=FACE_OUTER_BOUND('',#945,.T.);
#579=FACE_OUTER_BOUND('',#946,.T.);
#580=FACE_OUTER_BOUND('',#947,.T.);
#581=FACE_OUTER_BOUND('',#948,.T.);
#582=FACE_OUTER_BOUND('',#949,.T.);
#583=FACE_OUTER_BOUND('',#950,.T.);
#584=FACE_OUTER_BOUND('',#951,.T.);
#585=FACE_OUTER_BOUND('',#952,.T.);
#586=FACE_OUTER_BOUND('',#953,.T.);
#587=FACE_OUTER_BOUND('',#954,.T.);
#588=FACE_OUTER_BOUND('',#955,.T.);
#589=FACE_OUTER_BOUND('',#956,.T.);
#590=FACE_OUTER_BOUND('',#957,.T.);
#591=FACE_OUTER_BOUND('',#958,.T.);
#592=FACE_OUTER_BOUND('',#959,.T.);
#593=FACE_OUTER_BOUND('',#960,.T.);
#594=FACE_OUTER_BOUND('',#961,.T.);
#595=FACE_OUTER_BOUND('',#962,.T.);
#596=FACE_OUTER_BOUND('',#963,.T.);
#597=FACE_OUTER_BOUND('',#964,.T.);
#598=FACE_OUTER_BOUND('',#965,.T.);
#599=FACE_OUTER_BOUND('',#966,.T.);
#600=FACE_OUTER_BOUND('',#967,.T.);
#601=FACE_OUTER_BOUND('',#968,.T.);
#602=FACE_OUTER_BOUND('',#969,.T.);
#603=FACE_OUTER_BOUND('',#970,.T.);
#604=FACE_OUTER_BOUND('',#971,.T.);
#605=FACE_OUTER_BOUND('',#972,.T.);
#606=FACE_OUTER_BOUND('',#973,.T.);
#607=FACE_OUTER_BOUND('',#974,.T.);
#608=FACE_OUTER_BOUND('',#975,.T.);
#609=FACE_OUTER_BOUND('',#976,.T.);
#610=FACE_OUTER_BOUND('',#977,.T.);
#611=FACE_OUTER_BOUND('',#978,.T.);
#612=FACE_OUTER_BOUND('',#981,.T.);
#613=FACE_OUTER_BOUND('',#983,.T.);
#614=FACE_OUTER_BOUND('',#984,.T.);
#615=FACE_OUTER_BOUND('',#986,.T.);
#616=FACE_OUTER_BOUND('',#987,.T.);
#617=FACE_OUTER_BOUND('',#988,.T.);
#618=FACE_OUTER_BOUND('',#989,.T.);
#619=FACE_OUTER_BOUND('',#990,.T.);
#620=FACE_OUTER_BOUND('',#991,.T.);
#621=FACE_OUTER_BOUND('',#992,.T.);
#622=FACE_OUTER_BOUND('',#993,.T.);
#623=FACE_OUTER_BOUND('',#994,.T.);
#624=FACE_OUTER_BOUND('',#995,.T.);
#625=FACE_OUTER_BOUND('',#996,.T.);
#626=FACE_OUTER_BOUND('',#997,.T.);
#627=FACE_OUTER_BOUND('',#998,.T.);
#628=FACE_OUTER_BOUND('',#999,.T.);
#629=FACE_OUTER_BOUND('',#1000,.T.);
#630=FACE_OUTER_BOUND('',#1001,.T.);
#631=FACE_OUTER_BOUND('',#1002,.T.);
#632=FACE_OUTER_BOUND('',#1003,.T.);
#633=FACE_OUTER_BOUND('',#1004,.T.);
#634=FACE_OUTER_BOUND('',#1005,.T.);
#635=FACE_OUTER_BOUND('',#1006,.T.);
#636=FACE_OUTER_BOUND('',#1007,.T.);
#637=FACE_OUTER_BOUND('',#1008,.T.);
#638=FACE_OUTER_BOUND('',#1009,.T.);
#639=FACE_OUTER_BOUND('',#1010,.T.);
#640=FACE_OUTER_BOUND('',#1011,.T.);
#641=FACE_OUTER_BOUND('',#1012,.T.);
#642=FACE_OUTER_BOUND('',#1013,.T.);
#643=FACE_OUTER_BOUND('',#1014,.T.);
#644=FACE_OUTER_BOUND('',#1015,.T.);
#645=FACE_OUTER_BOUND('',#1016,.T.);
#646=FACE_OUTER_BOUND('',#1017,.T.);
#647=FACE_OUTER_BOUND('',#1018,.T.);
#648=FACE_OUTER_BOUND('',#1019,.T.);
#649=FACE_OUTER_BOUND('',#1020,.T.);
#650=FACE_OUTER_BOUND('',#1022,.T.);
#651=FACE_OUTER_BOUND('',#1023,.T.);
#652=FACE_OUTER_BOUND('',#1024,.T.);
#653=FACE_OUTER_BOUND('',#1025,.T.);
#654=FACE_OUTER_BOUND('',#1027,.T.);
#655=FACE_OUTER_BOUND('',#1030,.T.);
#656=FACE_OUTER_BOUND('',#1031,.T.);
#657=FACE_OUTER_BOUND('',#1032,.T.);
#658=FACE_OUTER_BOUND('',#1034,.T.);
#659=FACE_OUTER_BOUND('',#1035,.T.);
#660=FACE_OUTER_BOUND('',#1036,.T.);
#661=FACE_OUTER_BOUND('',#1037,.T.);
#662=FACE_OUTER_BOUND('',#1038,.T.);
#663=FACE_OUTER_BOUND('',#1040,.T.);
#664=FACE_OUTER_BOUND('',#1041,.T.);
#665=FACE_OUTER_BOUND('',#1042,.T.);
#666=FACE_OUTER_BOUND('',#1043,.T.);
#667=FACE_OUTER_BOUND('',#1045,.T.);
#668=FACE_OUTER_BOUND('',#1048,.T.);
#669=FACE_OUTER_BOUND('',#1049,.T.);
#670=FACE_OUTER_BOUND('',#1050,.T.);
#671=FACE_OUTER_BOUND('',#1052,.T.);
#672=EDGE_LOOP('',(#3612,#3613,#3614,#3615));
#673=EDGE_LOOP('',(#3616,#3617,#3618,#3619));
#674=EDGE_LOOP('',(#3620,#3621,#3622,#3623));
#675=EDGE_LOOP('',(#3624,#3625,#3626,#3627));
#676=EDGE_LOOP('',(#3628,#3629,#3630,#3631));
#677=EDGE_LOOP('',(#3632,#3633,#3634,#3635));
#678=EDGE_LOOP('',(#3636,#3637,#3638,#3639));
#679=EDGE_LOOP('',(#3640,#3641,#3642,#3643));
#680=EDGE_LOOP('',(#3644,#3645,#3646,#3647));
#681=EDGE_LOOP('',(#3648,#3649,#3650,#3651));
#682=EDGE_LOOP('',(#3652,#3653,#3654,#3655));
#683=EDGE_LOOP('',(#3656,#3657,#3658,#3659));
#684=EDGE_LOOP('',(#3660,#3661,#3662,#3663));
#685=EDGE_LOOP('',(#3664,#3665,#3666,#3667));
#686=EDGE_LOOP('',(#3668,#3669,#3670,#3671));
#687=EDGE_LOOP('',(#3672,#3673,#3674,#3675));
#688=EDGE_LOOP('',(#3676,#3677,#3678,#3679));
#689=EDGE_LOOP('',(#3680,#3681,#3682,#3683));
#690=EDGE_LOOP('',(#3684,#3685,#3686,#3687));
#691=EDGE_LOOP('',(#3688,#3689,#3690,#3691));
#692=EDGE_LOOP('',(#3692,#3693,#3694,#3695));
#693=EDGE_LOOP('',(#3696,#3697,#3698));
#694=EDGE_LOOP('',(#3699,#3700,#3701,#3702,#3703,#3704));
#695=EDGE_LOOP('',(#3705,#3706,#3707,#3708));
#696=EDGE_LOOP('',(#3709,#3710,#3711));
#697=EDGE_LOOP('',(#3712,#3713,#3714,#3715,#3716,#3717));
#698=EDGE_LOOP('',(#3718,#3719,#3720,#3721));
#699=EDGE_LOOP('',(#3722,#3723,#3724));
#700=EDGE_LOOP('',(#3725,#3726,#3727,#3728,#3729,#3730));
#701=EDGE_LOOP('',(#3731,#3732,#3733,#3734,#3735,#3736));
#702=EDGE_LOOP('',(#3737,#3738,#3739,#3740));
#703=EDGE_LOOP('',(#3741,#3742,#3743));
#704=EDGE_LOOP('',(#3744,#3745,#3746,#3747,#3748,#3749));
#705=EDGE_LOOP('',(#3750,#3751,#3752,#3753));
#706=EDGE_LOOP('',(#3754,#3755,#3756));
#707=EDGE_LOOP('',(#3757,#3758,#3759,#3760,#3761,#3762));
#708=EDGE_LOOP('',(#3763,#3764,#3765,#3766,#3767,#3768));
#709=EDGE_LOOP('',(#3769,#3770,#3771,#3772));
#710=EDGE_LOOP('',(#3773,#3774,#3775));
#711=EDGE_LOOP('',(#3776,#3777,#3778,#3779,#3780,#3781));
#712=EDGE_LOOP('',(#3782,#3783,#3784,#3785));
#713=EDGE_LOOP('',(#3786,#3787,#3788));
#714=EDGE_LOOP('',(#3789,#3790,#3791,#3792,#3793,#3794));
#715=EDGE_LOOP('',(#3795,#3796,#3797,#3798,#3799,#3800));
#716=EDGE_LOOP('',(#3801,#3802,#3803,#3804));
#717=EDGE_LOOP('',(#3805,#3806,#3807,#3808,#3809,#3810));
#718=EDGE_LOOP('',(#3811,#3812,#3813,#3814));
#719=EDGE_LOOP('',(#3815,#3816,#3817));
#720=EDGE_LOOP('',(#3818,#3819,#3820,#3821,#3822,#3823));
#721=EDGE_LOOP('',(#3824,#3825,#3826,#3827));
#722=EDGE_LOOP('',(#3828,#3829,#3830,#3831,#3832,#3833,#3834,#3835,#3836));
#723=EDGE_LOOP('',(#3837,#3838,#3839,#3840,#3841,#3842,#3843,#3844,#3845,
#3846));
#724=EDGE_LOOP('',(#3847,#3848,#3849,#3850,#3851,#3852,#3853,#3854));
#725=EDGE_LOOP('',(#3855,#3856,#3857,#3858,#3859,#3860,#3861,#3862));
#726=EDGE_LOOP('',(#3863,#3864,#3865,#3866,#3867,#3868,#3869,#3870));
#727=EDGE_LOOP('',(#3871,#3872,#3873,#3874,#3875,#3876,#3877,#3878));
#728=EDGE_LOOP('',(#3879,#3880,#3881,#3882));
#729=EDGE_LOOP('',(#3883,#3884,#3885,#3886));
#730=EDGE_LOOP('',(#3887,#3888,#3889,#3890));
#731=EDGE_LOOP('',(#3891,#3892,#3893,#3894));
#732=EDGE_LOOP('',(#3895,#3896,#3897,#3898,#3899));
#733=EDGE_LOOP('',(#3900,#3901,#3902,#3903));
#734=EDGE_LOOP('',(#3904,#3905,#3906,#3907));
#735=EDGE_LOOP('',(#3908,#3909,#3910,#3911));
#736=EDGE_LOOP('',(#3912,#3913,#3914,#3915));
#737=EDGE_LOOP('',(#3916,#3917,#3918,#3919));
#738=EDGE_LOOP('',(#3920,#3921,#3922,#3923));
#739=EDGE_LOOP('',(#3924,#3925,#3926,#3927));
#740=EDGE_LOOP('',(#3928,#3929,#3930,#3931));
#741=EDGE_LOOP('',(#3932,#3933,#3934,#3935));
#742=EDGE_LOOP('',(#3936,#3937,#3938,#3939));
#743=EDGE_LOOP('',(#3940,#3941,#3942,#3943));
#744=EDGE_LOOP('',(#3944,#3945,#3946,#3947));
#745=EDGE_LOOP('',(#3948,#3949,#3950,#3951));
#746=EDGE_LOOP('',(#3952,#3953,#3954,#3955));
#747=EDGE_LOOP('',(#3956,#3957,#3958,#3959,#3960,#3961,#3962,#3963,#3964,
#3965,#3966));
#748=EDGE_LOOP('',(#3967,#3968,#3969,#3970,#3971,#3972,#3973,#3974));
#749=EDGE_LOOP('',(#3975,#3976,#3977,#3978,#3979,#3980,#3981));
#750=EDGE_LOOP('',(#3982,#3983,#3984,#3985,#3986,#3987,#3988,#3989));
#751=EDGE_LOOP('',(#3990,#3991,#3992,#3993,#3994,#3995,#3996));
#752=EDGE_LOOP('',(#3997,#3998,#3999,#4000));
#753=EDGE_LOOP('',(#4001,#4002,#4003,#4004));
#754=EDGE_LOOP('',(#4005,#4006,#4007,#4008,#4009,#4010));
#755=EDGE_LOOP('',(#4011,#4012,#4013,#4014));
#756=EDGE_LOOP('',(#4015,#4016,#4017,#4018));
#757=EDGE_LOOP('',(#4019,#4020,#4021,#4022,#4023,#4024,#4025,#4026));
#758=EDGE_LOOP('',(#4027,#4028,#4029,#4030));
#759=EDGE_LOOP('',(#4031,#4032,#4033,#4034));
#760=EDGE_LOOP('',(#4035,#4036,#4037,#4038));
#761=EDGE_LOOP('',(#4039,#4040,#4041,#4042));
#762=EDGE_LOOP('',(#4043,#4044,#4045,#4046));
#763=EDGE_LOOP('',(#4047,#4048,#4049,#4050));
#764=EDGE_LOOP('',(#4051,#4052,#4053,#4054));
#765=EDGE_LOOP('',(#4055,#4056,#4057,#4058));
#766=EDGE_LOOP('',(#4059,#4060,#4061,#4062));
#767=EDGE_LOOP('',(#4063,#4064,#4065,#4066));
#768=EDGE_LOOP('',(#4067,#4068,#4069,#4070));
#769=EDGE_LOOP('',(#4071,#4072,#4073,#4074));
#770=EDGE_LOOP('',(#4075,#4076,#4077,#4078));
#771=EDGE_LOOP('',(#4079,#4080,#4081,#4082));
#772=EDGE_LOOP('',(#4083,#4084,#4085,#4086));
#773=EDGE_LOOP('',(#4087,#4088,#4089,#4090));
#774=EDGE_LOOP('',(#4091,#4092,#4093,#4094));
#775=EDGE_LOOP('',(#4095,#4096,#4097,#4098));
#776=EDGE_LOOP('',(#4099,#4100,#4101,#4102));
#777=EDGE_LOOP('',(#4103,#4104,#4105,#4106));
#778=EDGE_LOOP('',(#4107,#4108,#4109,#4110));
#779=EDGE_LOOP('',(#4111,#4112,#4113,#4114));
#780=EDGE_LOOP('',(#4115));
#781=EDGE_LOOP('',(#4116));
#782=EDGE_LOOP('',(#4117,#4118,#4119,#4120));
#783=EDGE_LOOP('',(#4121,#4122,#4123,#4124));
#784=EDGE_LOOP('',(#4125,#4126,#4127,#4128));
#785=EDGE_LOOP('',(#4129,#4130,#4131,#4132));
#786=EDGE_LOOP('',(#4133,#4134,#4135,#4136));
#787=EDGE_LOOP('',(#4137));
#788=EDGE_LOOP('',(#4138));
#789=EDGE_LOOP('',(#4139,#4140,#4141,#4142));
#790=EDGE_LOOP('',(#4143,#4144,#4145,#4146));
#791=EDGE_LOOP('',(#4147));
#792=EDGE_LOOP('',(#4148));
#793=EDGE_LOOP('',(#4149));
#794=EDGE_LOOP('',(#4150,#4151,#4152,#4153,#4154,#4155,#4156));
#795=EDGE_LOOP('',(#4157));
#796=EDGE_LOOP('',(#4158,#4159,#4160,#4161));
#797=EDGE_LOOP('',(#4162,#4163,#4164,#4165));
#798=EDGE_LOOP('',(#4166,#4167,#4168,#4169));
#799=EDGE_LOOP('',(#4170,#4171,#4172,#4173));
#800=EDGE_LOOP('',(#4174,#4175,#4176,#4177));
#801=EDGE_LOOP('',(#4178,#4179,#4180,#4181));
#802=EDGE_LOOP('',(#4182,#4183,#4184,#4185));
#803=EDGE_LOOP('',(#4186,#4187,#4188,#4189,#4190,#4191,#4192,#4193));
#804=EDGE_LOOP('',(#4194,#4195,#4196,#4197,#4198,#4199,#4200,#4201));
#805=EDGE_LOOP('',(#4202,#4203,#4204,#4205));
#806=EDGE_LOOP('',(#4206,#4207,#4208,#4209));
#807=EDGE_LOOP('',(#4210,#4211,#4212,#4213));
#808=EDGE_LOOP('',(#4214,#4215,#4216,#4217));
#809=EDGE_LOOP('',(#4218,#4219,#4220,#4221));
#810=EDGE_LOOP('',(#4222,#4223,#4224,#4225));
#811=EDGE_LOOP('',(#4226,#4227,#4228,#4229));
#812=EDGE_LOOP('',(#4230,#4231,#4232,#4233,#4234,#4235,#4236,#4237));
#813=EDGE_LOOP('',(#4238,#4239,#4240,#4241,#4242,#4243,#4244,#4245));
#814=EDGE_LOOP('',(#4246,#4247,#4248,#4249));
#815=EDGE_LOOP('',(#4250,#4251,#4252,#4253));
#816=EDGE_LOOP('',(#4254,#4255,#4256,#4257));
#817=EDGE_LOOP('',(#4258,#4259,#4260,#4261));
#818=EDGE_LOOP('',(#4262,#4263,#4264,#4265));
#819=EDGE_LOOP('',(#4266,#4267,#4268,#4269));
#820=EDGE_LOOP('',(#4270,#4271,#4272,#4273));
#821=EDGE_LOOP('',(#4274,#4275,#4276,#4277,#4278,#4279,#4280,#4281));
#822=EDGE_LOOP('',(#4282,#4283,#4284,#4285,#4286,#4287,#4288,#4289));
#823=EDGE_LOOP('',(#4290,#4291,#4292,#4293));
#824=EDGE_LOOP('',(#4294,#4295,#4296,#4297));
#825=EDGE_LOOP('',(#4298,#4299,#4300,#4301));
#826=EDGE_LOOP('',(#4302,#4303,#4304,#4305));
#827=EDGE_LOOP('',(#4306,#4307,#4308,#4309));
#828=EDGE_LOOP('',(#4310,#4311,#4312,#4313));
#829=EDGE_LOOP('',(#4314,#4315,#4316,#4317));
#830=EDGE_LOOP('',(#4318,#4319,#4320,#4321,#4322,#4323,#4324,#4325));
#831=EDGE_LOOP('',(#4326,#4327,#4328,#4329,#4330,#4331,#4332,#4333));
#832=EDGE_LOOP('',(#4334,#4335,#4336,#4337));
#833=EDGE_LOOP('',(#4338,#4339,#4340,#4341));
#834=EDGE_LOOP('',(#4342,#4343,#4344,#4345));
#835=EDGE_LOOP('',(#4346,#4347,#4348,#4349));
#836=EDGE_LOOP('',(#4350,#4351,#4352,#4353));
#837=EDGE_LOOP('',(#4354,#4355,#4356,#4357));
#838=EDGE_LOOP('',(#4358,#4359,#4360,#4361));
#839=EDGE_LOOP('',(#4362,#4363,#4364,#4365));
#840=EDGE_LOOP('',(#4366,#4367,#4368,#4369));
#841=EDGE_LOOP('',(#4370,#4371,#4372,#4373));
#842=EDGE_LOOP('',(#4374,#4375,#4376,#4377));
#843=EDGE_LOOP('',(#4378,#4379,#4380,#4381));
#844=EDGE_LOOP('',(#4382,#4383,#4384,#4385));
#845=EDGE_LOOP('',(#4386,#4387,#4388,#4389));
#846=EDGE_LOOP('',(#4390,#4391,#4392,#4393));
#847=EDGE_LOOP('',(#4394,#4395,#4396,#4397));
#848=EDGE_LOOP('',(#4398,#4399,#4400,#4401));
#849=EDGE_LOOP('',(#4402,#4403,#4404,#4405));
#850=EDGE_LOOP('',(#4406,#4407,#4408,#4409));
#851=EDGE_LOOP('',(#4410,#4411,#4412,#4413));
#852=EDGE_LOOP('',(#4414));
#853=EDGE_LOOP('',(#4415,#4416,#4417,#4418));
#854=EDGE_LOOP('',(#4419));
#855=EDGE_LOOP('',(#4420,#4421,#4422,#4423));
#856=EDGE_LOOP('',(#4424,#4425,#4426,#4427));
#857=EDGE_LOOP('',(#4428,#4429,#4430,#4431));
#858=EDGE_LOOP('',(#4432,#4433,#4434,#4435));
#859=EDGE_LOOP('',(#4436,#4437,#4438,#4439));
#860=EDGE_LOOP('',(#4440,#4441,#4442,#4443));
#861=EDGE_LOOP('',(#4444,#4445,#4446,#4447));
#862=EDGE_LOOP('',(#4448,#4449));
#863=EDGE_LOOP('',(#4450,#4451,#4452,#4453));
#864=EDGE_LOOP('',(#4454,#4455,#4456,#4457,#4458,#4459,#4460,#4461,#4462));
#865=EDGE_LOOP('',(#4463,#4464,#4465,#4466));
#866=EDGE_LOOP('',(#4467,#4468,#4469,#4470));
#867=EDGE_LOOP('',(#4471,#4472,#4473,#4474));
#868=EDGE_LOOP('',(#4475,#4476,#4477,#4478));
#869=EDGE_LOOP('',(#4479,#4480,#4481,#4482));
#870=EDGE_LOOP('',(#4483,#4484,#4485,#4486));
#871=EDGE_LOOP('',(#4487,#4488,#4489,#4490));
#872=EDGE_LOOP('',(#4491,#4492,#4493,#4494));
#873=EDGE_LOOP('',(#4495,#4496,#4497,#4498));
#874=EDGE_LOOP('',(#4499,#4500,#4501,#4502));
#875=EDGE_LOOP('',(#4503,#4504,#4505,#4506));
#876=EDGE_LOOP('',(#4507,#4508,#4509,#4510));
#877=EDGE_LOOP('',(#4511,#4512,#4513,#4514));
#878=EDGE_LOOP('',(#4515,#4516,#4517,#4518));
#879=EDGE_LOOP('',(#4519,#4520,#4521,#4522));
#880=EDGE_LOOP('',(#4523,#4524,#4525,#4526));
#881=EDGE_LOOP('',(#4527));
#882=EDGE_LOOP('',(#4528,#4529,#4530,#4531));
#883=EDGE_LOOP('',(#4532));
#884=EDGE_LOOP('',(#4533,#4534,#4535,#4536));
#885=EDGE_LOOP('',(#4537,#4538,#4539,#4540));
#886=EDGE_LOOP('',(#4541,#4542,#4543,#4544));
#887=EDGE_LOOP('',(#4545,#4546,#4547,#4548));
#888=EDGE_LOOP('',(#4549,#4550,#4551,#4552));
#889=EDGE_LOOP('',(#4553,#4554,#4555,#4556));
#890=EDGE_LOOP('',(#4557,#4558,#4559,#4560));
#891=EDGE_LOOP('',(#4561,#4562));
#892=EDGE_LOOP('',(#4563,#4564,#4565,#4566));
#893=EDGE_LOOP('',(#4567,#4568,#4569,#4570,#4571,#4572,#4573,#4574,#4575));
#894=EDGE_LOOP('',(#4576,#4577,#4578,#4579));
#895=EDGE_LOOP('',(#4580,#4581,#4582,#4583));
#896=EDGE_LOOP('',(#4584,#4585,#4586));
#897=EDGE_LOOP('',(#4587,#4588,#4589));
#898=EDGE_LOOP('',(#4590));
#899=EDGE_LOOP('',(#4591));
#900=EDGE_LOOP('',(#4592));
#901=EDGE_LOOP('',(#4593));
#902=EDGE_LOOP('',(#4594,#4595,#4596,#4597));
#903=EDGE_LOOP('',(#4598,#4599));
#904=EDGE_LOOP('',(#4600,#4601));
#905=EDGE_LOOP('',(#4602,#4603,#4604,#4605,#4606,#4607,#4608,#4609));
#906=EDGE_LOOP('',(#4610,#4611));
#907=EDGE_LOOP('',(#4612,#4613));
#908=EDGE_LOOP('',(#4614,#4615));
#909=EDGE_LOOP('',(#4616,#4617));
#910=EDGE_LOOP('',(#4618,#4619,#4620,#4621,#4622,#4623,#4624,#4625,#4626,
#4627,#4628,#4629,#4630,#4631,#4632,#4633,#4634));
#911=EDGE_LOOP('',(#4635,#4636,#4637,#4638));
#912=EDGE_LOOP('',(#4639));
#913=EDGE_LOOP('',(#4640,#4641,#4642,#4643));
#914=EDGE_LOOP('',(#4644,#4645,#4646,#4647));
#915=EDGE_LOOP('',(#4648,#4649,#4650,#4651));
#916=EDGE_LOOP('',(#4652,#4653,#4654,#4655));
#917=EDGE_LOOP('',(#4656,#4657,#4658,#4659));
#918=EDGE_LOOP('',(#4660,#4661,#4662,#4663));
#919=EDGE_LOOP('',(#4664,#4665,#4666,#4667));
#920=EDGE_LOOP('',(#4668,#4669,#4670,#4671));
#921=EDGE_LOOP('',(#4672,#4673,#4674,#4675));
#922=EDGE_LOOP('',(#4676,#4677,#4678,#4679));
#923=EDGE_LOOP('',(#4680,#4681,#4682,#4683,#4684,#4685,#4686,#4687,#4688,
#4689,#4690,#4691,#4692,#4693,#4694,#4695,#4696,#4697,#4698,#4699,#4700,
#4701,#4702));
#924=EDGE_LOOP('',(#4703,#4704,#4705,#4706));
#925=EDGE_LOOP('',(#4707,#4708,#4709,#4710));
#926=EDGE_LOOP('',(#4711,#4712,#4713,#4714));
#927=EDGE_LOOP('',(#4715,#4716,#4717,#4718));
#928=EDGE_LOOP('',(#4719,#4720,#4721,#4722));
#929=EDGE_LOOP('',(#4723,#4724,#4725,#4726));
#930=EDGE_LOOP('',(#4727,#4728,#4729,#4730));
#931=EDGE_LOOP('',(#4731,#4732,#4733,#4734));
#932=EDGE_LOOP('',(#4735,#4736,#4737,#4738));
#933=EDGE_LOOP('',(#4739,#4740,#4741,#4742));
#934=EDGE_LOOP('',(#4743,#4744,#4745,#4746));
#935=EDGE_LOOP('',(#4747,#4748,#4749,#4750));
#936=EDGE_LOOP('',(#4751,#4752,#4753,#4754,#4755,#4756,#4757,#4758));
#937=EDGE_LOOP('',(#4759,#4760,#4761,#4762));
#938=EDGE_LOOP('',(#4763,#4764,#4765,#4766));
#939=EDGE_LOOP('',(#4767,#4768,#4769,#4770));
#940=EDGE_LOOP('',(#4771,#4772,#4773,#4774));
#941=EDGE_LOOP('',(#4775,#4776,#4777,#4778));
#942=EDGE_LOOP('',(#4779,#4780,#4781,#4782));
#943=EDGE_LOOP('',(#4783,#4784,#4785,#4786));
#944=EDGE_LOOP('',(#4787,#4788,#4789,#4790));
#945=EDGE_LOOP('',(#4791,#4792,#4793,#4794));
#946=EDGE_LOOP('',(#4795,#4796,#4797,#4798));
#947=EDGE_LOOP('',(#4799,#4800,#4801));
#948=EDGE_LOOP('',(#4802,#4803));
#949=EDGE_LOOP('',(#4804,#4805,#4806,#4807,#4808,#4809,#4810,#4811,#4812,
#4813));
#950=EDGE_LOOP('',(#4814,#4815,#4816,#4817,#4818,#4819,#4820,#4821,#4822,
#4823));
#951=EDGE_LOOP('',(#4824,#4825,#4826,#4827));
#952=EDGE_LOOP('',(#4828,#4829,#4830,#4831));
#953=EDGE_LOOP('',(#4832,#4833,#4834,#4835));
#954=EDGE_LOOP('',(#4836,#4837,#4838,#4839));
#955=EDGE_LOOP('',(#4840,#4841,#4842,#4843));
#956=EDGE_LOOP('',(#4844,#4845,#4846,#4847));
#957=EDGE_LOOP('',(#4848,#4849,#4850,#4851));
#958=EDGE_LOOP('',(#4852,#4853,#4854,#4855));
#959=EDGE_LOOP('',(#4856));
#960=EDGE_LOOP('',(#4857,#4858,#4859,#4860,#4861));
#961=EDGE_LOOP('',(#4862,#4863,#4864,#4865,#4866,#4867));
#962=EDGE_LOOP('',(#4868));
#963=EDGE_LOOP('',(#4869,#4870,#4871,#4872,#4873));
#964=EDGE_LOOP('',(#4874,#4875,#4876,#4877,#4878,#4879));
#965=EDGE_LOOP('',(#4880));
#966=EDGE_LOOP('',(#4881,#4882,#4883,#4884,#4885));
#967=EDGE_LOOP('',(#4886,#4887,#4888,#4889,#4890,#4891));
#968=EDGE_LOOP('',(#4892));
#969=EDGE_LOOP('',(#4893,#4894,#4895,#4896,#4897));
#970=EDGE_LOOP('',(#4898,#4899,#4900,#4901,#4902,#4903));
#971=EDGE_LOOP('',(#4904,#4905,#4906,#4907));
#972=EDGE_LOOP('',(#4908,#4909,#4910,#4911));
#973=EDGE_LOOP('',(#4912,#4913,#4914,#4915));
#974=EDGE_LOOP('',(#4916,#4917,#4918,#4919));
#975=EDGE_LOOP('',(#4920,#4921,#4922,#4923));
#976=EDGE_LOOP('',(#4924,#4925,#4926,#4927));
#977=EDGE_LOOP('',(#4928,#4929,#4930,#4931));
#978=EDGE_LOOP('',(#4932,#4933,#4934));
#979=EDGE_LOOP('',(#4935,#4936));
#980=EDGE_LOOP('',(#4937,#4938));
#981=EDGE_LOOP('',(#4939));
#982=EDGE_LOOP('',(#4940,#4941,#4942));
#983=EDGE_LOOP('',(#4943,#4944));
#984=EDGE_LOOP('',(#4945));
#985=EDGE_LOOP('',(#4946,#4947,#4948,#4949,#4950,#4951,#4952,#4953,#4954,
#4955,#4956,#4957,#4958,#4959,#4960,#4961,#4962,#4963,#4964,#4965,#4966,
#4967,#4968));
#986=EDGE_LOOP('',(#4969,#4970,#4971,#4972));
#987=EDGE_LOOP('',(#4973,#4974));
#988=EDGE_LOOP('',(#4975,#4976,#4977,#4978));
#989=EDGE_LOOP('',(#4979,#4980,#4981,#4982));
#990=EDGE_LOOP('',(#4983,#4984,#4985,#4986,#4987));
#991=EDGE_LOOP('',(#4988,#4989,#4990,#4991));
#992=EDGE_LOOP('',(#4992,#4993,#4994,#4995,#4996));
#993=EDGE_LOOP('',(#4997,#4998,#4999,#5000));
#994=EDGE_LOOP('',(#5001,#5002,#5003,#5004));
#995=EDGE_LOOP('',(#5005,#5006,#5007,#5008));
#996=EDGE_LOOP('',(#5009,#5010,#5011,#5012));
#997=EDGE_LOOP('',(#5013,#5014,#5015,#5016));
#998=EDGE_LOOP('',(#5017,#5018,#5019,#5020,#5021));
#999=EDGE_LOOP('',(#5022,#5023,#5024,#5025,#5026));
#1000=EDGE_LOOP('',(#5027,#5028,#5029,#5030));
#1001=EDGE_LOOP('',(#5031,#5032,#5033,#5034));
#1002=EDGE_LOOP('',(#5035,#5036,#5037,#5038));
#1003=EDGE_LOOP('',(#5039,#5040,#5041,#5042,#5043,#5044,#5045,#5046));
#1004=EDGE_LOOP('',(#5047,#5048,#5049,#5050));
#1005=EDGE_LOOP('',(#5051,#5052,#5053,#5054,#5055,#5056));
#1006=EDGE_LOOP('',(#5057,#5058,#5059,#5060,#5061,#5062,#5063,#5064,#5065,
#5066,#5067,#5068,#5069,#5070,#5071));
#1007=EDGE_LOOP('',(#5072,#5073,#5074,#5075));
#1008=EDGE_LOOP('',(#5076,#5077,#5078,#5079));
#1009=EDGE_LOOP('',(#5080,#5081,#5082,#5083));
#1010=EDGE_LOOP('',(#5084,#5085,#5086,#5087,#5088));
#1011=EDGE_LOOP('',(#5089,#5090,#5091,#5092,#5093));
#1012=EDGE_LOOP('',(#5094,#5095,#5096,#5097));
#1013=EDGE_LOOP('',(#5098,#5099,#5100,#5101));
#1014=EDGE_LOOP('',(#5102,#5103,#5104,#5105,#5106));
#1015=EDGE_LOOP('',(#5107,#5108,#5109,#5110));
#1016=EDGE_LOOP('',(#5111,#5112,#5113,#5114,#5115));
#1017=EDGE_LOOP('',(#5116,#5117,#5118,#5119));
#1018=EDGE_LOOP('',(#5120,#5121,#5122,#5123));
#1019=EDGE_LOOP('',(#5124));
#1020=EDGE_LOOP('',(#5125));
#1021=EDGE_LOOP('',(#5126));
#1022=EDGE_LOOP('',(#5127,#5128,#5129,#5130));
#1023=EDGE_LOOP('',(#5131,#5132,#5133,#5134));
#1024=EDGE_LOOP('',(#5135));
#1025=EDGE_LOOP('',(#5136));
#1026=EDGE_LOOP('',(#5137));
#1027=EDGE_LOOP('',(#5138));
#1028=EDGE_LOOP('',(#5139));
#1029=EDGE_LOOP('',(#5140));
#1030=EDGE_LOOP('',(#5141,#5142,#5143,#5144,#5145));
#1031=EDGE_LOOP('',(#5146,#5147,#5148,#5149,#5150));
#1032=EDGE_LOOP('',(#5151));
#1033=EDGE_LOOP('',(#5152));
#1034=EDGE_LOOP('',(#5153,#5154,#5155));
#1035=EDGE_LOOP('',(#5156,#5157,#5158,#5159));
#1036=EDGE_LOOP('',(#5160,#5161,#5162,#5163));
#1037=EDGE_LOOP('',(#5164));
#1038=EDGE_LOOP('',(#5165));
#1039=EDGE_LOOP('',(#5166));
#1040=EDGE_LOOP('',(#5167,#5168,#5169,#5170));
#1041=EDGE_LOOP('',(#5171,#5172,#5173,#5174));
#1042=EDGE_LOOP('',(#5175));
#1043=EDGE_LOOP('',(#5176));
#1044=EDGE_LOOP('',(#5177));
#1045=EDGE_LOOP('',(#5178));
#1046=EDGE_LOOP('',(#5179));
#1047=EDGE_LOOP('',(#5180));
#1048=EDGE_LOOP('',(#5181,#5182,#5183,#5184,#5185));
#1049=EDGE_LOOP('',(#5186,#5187,#5188,#5189,#5190));
#1050=EDGE_LOOP('',(#5191));
#1051=EDGE_LOOP('',(#5192));
#1052=EDGE_LOOP('',(#5193,#5194,#5195));
#1053=LINE('',#7758,#1670);
#1054=LINE('',#7760,#1671);
#1055=LINE('',#7762,#1672);
#1056=LINE('',#7763,#1673);
#1057=LINE('',#7766,#1674);
#1058=LINE('',#7768,#1675);
#1059=LINE('',#7769,#1676);
#1060=LINE('',#7772,#1677);
#1061=LINE('',#7774,#1678);
#1062=LINE('',#7775,#1679);
#1063=LINE('',#7777,#1680);
#1064=LINE('',#7779,#1681);
#1065=LINE('',#7783,#1682);
#1066=LINE('',#7785,#1683);
#1067=LINE('',#7787,#1684);
#1068=LINE('',#7788,#1685);
#1069=LINE('',#7791,#1686);
#1070=LINE('',#7793,#1687);
#1071=LINE('',#7794,#1688);
#1072=LINE('',#7797,#1689);
#1073=LINE('',#7799,#1690);
#1074=LINE('',#7800,#1691);
#1075=LINE('',#7802,#1692);
#1076=LINE('',#7804,#1693);
#1077=LINE('',#7808,#1694);
#1078=LINE('',#7810,#1695);
#1079=LINE('',#7812,#1696);
#1080=LINE('',#7813,#1697);
#1081=LINE('',#7816,#1698);
#1082=LINE('',#7818,#1699);
#1083=LINE('',#7819,#1700);
#1084=LINE('',#7822,#1701);
#1085=LINE('',#7824,#1702);
#1086=LINE('',#7825,#1703);
#1087=LINE('',#7827,#1704);
#1088=LINE('',#7829,#1705);
#1089=LINE('',#7833,#1706);
#1090=LINE('',#7835,#1707);
#1091=LINE('',#7837,#1708);
#1092=LINE('',#7838,#1709);
#1093=LINE('',#7841,#1710);
#1094=LINE('',#7843,#1711);
#1095=LINE('',#7844,#1712);
#1096=LINE('',#7847,#1713);
#1097=LINE('',#7849,#1714);
#1098=LINE('',#7850,#1715);
#1099=LINE('',#7852,#1716);
#1100=LINE('',#7854,#1717);
#1101=LINE('',#7858,#1718);
#1102=LINE('',#7860,#1719);
#1103=LINE('',#7862,#1720);
#1104=LINE('',#7863,#1721);
#1105=LINE('',#7866,#1722);
#1106=LINE('',#7867,#1723);
#1107=LINE('',#7870,#1724);
#1108=LINE('',#7872,#1725);
#1109=LINE('',#7874,#1726);
#1110=LINE('',#7875,#1727);
#1111=LINE('',#7879,#1728);
#1112=LINE('',#7881,#1729);
#1113=LINE('',#7883,#1730);
#1114=LINE('',#7884,#1731);
#1115=LINE('',#7887,#1732);
#1116=LINE('',#7888,#1733);
#1117=LINE('',#7891,#1734);
#1118=LINE('',#7892,#1735);
#1119=LINE('',#7893,#1736);
#1120=LINE('',#7897,#1737);
#1121=LINE('',#7899,#1738);
#1122=LINE('',#7901,#1739);
#1123=LINE('',#7902,#1740);
#1124=LINE('',#7905,#1741);
#1125=LINE('',#7906,#1742);
#1126=LINE('',#7909,#1743);
#1127=LINE('',#7911,#1744);
#1128=LINE('',#7913,#1745);
#1129=LINE('',#7914,#1746);
#1130=LINE('',#7917,#1747);
#1131=LINE('',#7919,#1748);
#1132=LINE('',#7921,#1749);
#1133=LINE('',#7922,#1750);
#1134=LINE('',#7925,#1751);
#1135=LINE('',#7927,#1752);
#1136=LINE('',#7928,#1753);
#1137=LINE('',#7931,#1754);
#1138=LINE('',#7932,#1755);
#1139=LINE('',#7935,#1756);
#1140=LINE('',#7937,#1757);
#1141=LINE('',#7938,#1758);
#1142=LINE('',#7942,#1759);
#1143=LINE('',#7944,#1760);
#1144=LINE('',#7946,#1761);
#1145=LINE('',#7947,#1762);
#1146=LINE('',#7950,#1763);
#1147=LINE('',#7951,#1764);
#1148=LINE('',#7954,#1765);
#1149=LINE('',#7956,#1766);
#1150=LINE('',#7958,#1767);
#1151=LINE('',#7959,#1768);
#1152=LINE('',#7962,#1769);
#1153=LINE('',#7964,#1770);
#1154=LINE('',#7966,#1771);
#1155=LINE('',#7967,#1772);
#1156=LINE('',#7970,#1773);
#1157=LINE('',#7972,#1774);
#1158=LINE('',#7973,#1775);
#1159=LINE('',#7976,#1776);
#1160=LINE('',#7977,#1777);
#1161=LINE('',#7980,#1778);
#1162=LINE('',#7982,#1779);
#1163=LINE('',#7983,#1780);
#1164=LINE('',#7987,#1781);
#1165=LINE('',#7989,#1782);
#1166=LINE('',#7991,#1783);
#1167=LINE('',#7992,#1784);
#1168=LINE('',#7995,#1785);
#1169=LINE('',#7996,#1786);
#1170=LINE('',#7999,#1787);
#1171=LINE('',#8001,#1788);
#1172=LINE('',#8003,#1789);
#1173=LINE('',#8004,#1790);
#1174=LINE('',#8007,#1791);
#1175=LINE('',#8009,#1792);
#1176=LINE('',#8011,#1793);
#1177=LINE('',#8012,#1794);
#1178=LINE('',#8016,#1795);
#1179=LINE('',#8018,#1796);
#1180=LINE('',#8020,#1797);
#1181=LINE('',#8021,#1798);
#1182=LINE('',#8025,#1799);
#1183=LINE('',#8027,#1800);
#1184=LINE('',#8029,#1801);
#1185=LINE('',#8031,#1802);
#1186=LINE('',#8033,#1803);
#1187=LINE('',#8034,#1804);
#1188=LINE('',#8037,#1805);
#1189=LINE('',#8039,#1806);
#1190=LINE('',#8040,#1807);
#1191=LINE('',#8043,#1808);
#1192=LINE('',#8044,#1809);
#1193=LINE('',#8047,#1810);
#1194=LINE('',#8049,#1811);
#1195=LINE('',#8050,#1812);
#1196=LINE('',#8054,#1813);
#1197=LINE('',#8056,#1814);
#1198=LINE('',#8058,#1815);
#1199=LINE('',#8059,#1816);
#1200=LINE('',#8061,#1817);
#1201=LINE('',#8063,#1818);
#1202=LINE('',#8065,#1819);
#1203=LINE('',#8067,#1820);
#1204=LINE('',#8068,#1821);
#1205=LINE('',#8069,#1822);
#1206=LINE('',#8072,#1823);
#1207=LINE('',#8074,#1824);
#1208=LINE('',#8075,#1825);
#1209=LINE('',#8077,#1826);
#1210=LINE('',#8079,#1827);
#1211=LINE('',#8081,#1828);
#1212=LINE('',#8083,#1829);
#1213=LINE('',#8084,#1830);
#1214=LINE('',#8086,#1831);
#1215=LINE('',#8087,#1832);
#1216=LINE('',#8088,#1833);
#1217=LINE('',#8089,#1834);
#1218=LINE('',#8090,#1835);
#1219=LINE('',#8093,#1836);
#1220=LINE('',#8095,#1837);
#1221=LINE('',#8096,#1838);
#1222=LINE('',#8100,#1839);
#1223=LINE('',#8101,#1840);
#1224=LINE('',#8102,#1841);
#1225=LINE('',#8106,#1842);
#1226=LINE('',#8108,#1843);
#1227=LINE('',#8109,#1844);
#1228=LINE('',#8110,#1845);
#1229=LINE('',#8112,#1846);
#1230=LINE('',#8115,#1847);
#1231=LINE('',#8120,#1848);
#1232=LINE('',#8122,#1849);
#1233=LINE('',#8124,#1850);
#1234=LINE('',#8125,#1851);
#1235=LINE('',#8130,#1852);
#1236=LINE('',#8134,#1853);
#1237=LINE('',#8136,#1854);
#1238=LINE('',#8137,#1855);
#1239=LINE('',#8142,#1856);
#1240=LINE('',#8146,#1857);
#1241=LINE('',#8148,#1858);
#1242=LINE('',#8149,#1859);
#1243=LINE('',#8154,#1860);
#1244=LINE('',#8158,#1861);
#1245=LINE('',#8160,#1862);
#1246=LINE('',#8161,#1863);
#1247=LINE('',#8168,#1864);
#1248=LINE('',#8169,#1865);
#1249=LINE('',#8170,#1866);
#1250=LINE('',#8172,#1867);
#1251=LINE('',#8174,#1868);
#1252=LINE('',#8176,#1869);
#1253=LINE('',#8180,#1870);
#1254=LINE('',#8181,#1871);
#1255=LINE('',#8183,#1872);
#1256=LINE('',#8187,#1873);
#1257=LINE('',#8188,#1874);
#1258=LINE('',#8192,#1875);
#1259=LINE('',#8194,#1876);
#1260=LINE('',#8196,#1877);
#1261=LINE('',#8197,#1878);
#1262=LINE('',#8200,#1879);
#1263=LINE('',#8202,#1880);
#1264=LINE('',#8203,#1881);
#1265=LINE('',#8206,#1882);
#1266=LINE('',#8208,#1883);
#1267=LINE('',#8209,#1884);
#1268=LINE('',#8211,#1885);
#1269=LINE('',#8212,#1886);
#1270=LINE('',#8217,#1887);
#1271=LINE('',#8219,#1888);
#1272=LINE('',#8221,#1889);
#1273=LINE('',#8222,#1890);
#1274=LINE('',#8225,#1891);
#1275=LINE('',#8227,#1892);
#1276=LINE('',#8228,#1893);
#1277=LINE('',#8231,#1894);
#1278=LINE('',#8233,#1895);
#1279=LINE('',#8234,#1896);
#1280=LINE('',#8236,#1897);
#1281=LINE('',#8237,#1898);
#1282=LINE('',#8242,#1899);
#1283=LINE('',#8244,#1900);
#1284=LINE('',#8246,#1901);
#1285=LINE('',#8247,#1902);
#1286=LINE('',#8250,#1903);
#1287=LINE('',#8252,#1904);
#1288=LINE('',#8253,#1905);
#1289=LINE('',#8256,#1906);
#1290=LINE('',#8258,#1907);
#1291=LINE('',#8259,#1908);
#1292=LINE('',#8261,#1909);
#1293=LINE('',#8262,#1910);
#1294=LINE('',#8267,#1911);
#1295=LINE('',#8269,#1912);
#1296=LINE('',#8271,#1913);
#1297=LINE('',#8272,#1914);
#1298=LINE('',#8275,#1915);
#1299=LINE('',#8277,#1916);
#1300=LINE('',#8278,#1917);
#1301=LINE('',#8281,#1918);
#1302=LINE('',#8283,#1919);
#1303=LINE('',#8284,#1920);
#1304=LINE('',#8286,#1921);
#1305=LINE('',#8287,#1922);
#1306=LINE('',#8293,#1923);
#1307=LINE('',#8299,#1924);
#1308=LINE('',#8309,#1925);
#1309=LINE('',#8314,#1926);
#1310=LINE('',#8322,#1927);
#1311=LINE('',#8324,#1928);
#1312=LINE('',#8326,#1929);
#1313=LINE('',#8327,#1930);
#1314=LINE('',#8331,#1931);
#1315=LINE('',#8333,#1932);
#1316=LINE('',#8335,#1933);
#1317=LINE('',#8336,#1934);
#1318=LINE('',#8339,#1935);
#1319=LINE('',#8341,#1936);
#1320=LINE('',#8342,#1937);
#1321=LINE('',#8345,#1938);
#1322=LINE('',#8347,#1939);
#1323=LINE('',#8348,#1940);
#1324=LINE('',#8351,#1941);
#1325=LINE('',#8353,#1942);
#1326=LINE('',#8354,#1943);
#1327=LINE('',#8357,#1944);
#1328=LINE('',#8359,#1945);
#1329=LINE('',#8360,#1946);
#1330=LINE('',#8362,#1947);
#1331=LINE('',#8363,#1948);
#1332=LINE('',#8365,#1949);
#1333=LINE('',#8367,#1950);
#1334=LINE('',#8371,#1951);
#1335=LINE('',#8373,#1952);
#1336=LINE('',#8375,#1953);
#1337=LINE('',#8376,#1954);
#1338=LINE('',#8380,#1955);
#1339=LINE('',#8382,#1956);
#1340=LINE('',#8384,#1957);
#1341=LINE('',#8385,#1958);
#1342=LINE('',#8388,#1959);
#1343=LINE('',#8390,#1960);
#1344=LINE('',#8391,#1961);
#1345=LINE('',#8394,#1962);
#1346=LINE('',#8396,#1963);
#1347=LINE('',#8397,#1964);
#1348=LINE('',#8400,#1965);
#1349=LINE('',#8402,#1966);
#1350=LINE('',#8403,#1967);
#1351=LINE('',#8406,#1968);
#1352=LINE('',#8408,#1969);
#1353=LINE('',#8409,#1970);
#1354=LINE('',#8411,#1971);
#1355=LINE('',#8412,#1972);
#1356=LINE('',#8414,#1973);
#1357=LINE('',#8416,#1974);
#1358=LINE('',#8420,#1975);
#1359=LINE('',#8422,#1976);
#1360=LINE('',#8424,#1977);
#1361=LINE('',#8425,#1978);
#1362=LINE('',#8429,#1979);
#1363=LINE('',#8431,#1980);
#1364=LINE('',#8433,#1981);
#1365=LINE('',#8434,#1982);
#1366=LINE('',#8437,#1983);
#1367=LINE('',#8439,#1984);
#1368=LINE('',#8440,#1985);
#1369=LINE('',#8443,#1986);
#1370=LINE('',#8445,#1987);
#1371=LINE('',#8446,#1988);
#1372=LINE('',#8449,#1989);
#1373=LINE('',#8451,#1990);
#1374=LINE('',#8452,#1991);
#1375=LINE('',#8455,#1992);
#1376=LINE('',#8457,#1993);
#1377=LINE('',#8458,#1994);
#1378=LINE('',#8460,#1995);
#1379=LINE('',#8461,#1996);
#1380=LINE('',#8463,#1997);
#1381=LINE('',#8465,#1998);
#1382=LINE('',#8469,#1999);
#1383=LINE('',#8471,#2000);
#1384=LINE('',#8473,#2001);
#1385=LINE('',#8474,#2002);
#1386=LINE('',#8478,#2003);
#1387=LINE('',#8480,#2004);
#1388=LINE('',#8482,#2005);
#1389=LINE('',#8483,#2006);
#1390=LINE('',#8486,#2007);
#1391=LINE('',#8488,#2008);
#1392=LINE('',#8489,#2009);
#1393=LINE('',#8492,#2010);
#1394=LINE('',#8494,#2011);
#1395=LINE('',#8495,#2012);
#1396=LINE('',#8498,#2013);
#1397=LINE('',#8500,#2014);
#1398=LINE('',#8501,#2015);
#1399=LINE('',#8504,#2016);
#1400=LINE('',#8506,#2017);
#1401=LINE('',#8507,#2018);
#1402=LINE('',#8509,#2019);
#1403=LINE('',#8510,#2020);
#1404=LINE('',#8512,#2021);
#1405=LINE('',#8514,#2022);
#1406=LINE('',#8518,#2023);
#1407=LINE('',#8520,#2024);
#1408=LINE('',#8522,#2025);
#1409=LINE('',#8523,#2026);
#1410=LINE('',#8526,#2027);
#1411=LINE('',#8528,#2028);
#1412=LINE('',#8529,#2029);
#1413=LINE('',#8532,#2030);
#1414=LINE('',#8534,#2031);
#1415=LINE('',#8535,#2032);
#1416=LINE('',#8537,#2033);
#1417=LINE('',#8538,#2034);
#1418=LINE('',#8542,#2035);
#1419=LINE('',#8544,#2036);
#1420=LINE('',#8546,#2037);
#1421=LINE('',#8547,#2038);
#1422=LINE('',#8550,#2039);
#1423=LINE('',#8552,#2040);
#1424=LINE('',#8553,#2041);
#1425=LINE('',#8556,#2042);
#1426=LINE('',#8558,#2043);
#1427=LINE('',#8559,#2044);
#1428=LINE('',#8561,#2045);
#1429=LINE('',#8562,#2046);
#1430=LINE('',#8570,#2047);
#1431=LINE('',#8573,#2048);
#1432=LINE('',#8578,#2049);
#1433=LINE('',#8583,#2050);
#1434=LINE('',#8587,#2051);
#1435=LINE('',#8593,#2052);
#1436=LINE('',#8610,#2053);
#1437=LINE('',#8613,#2054);
#1438=LINE('',#8617,#2055);
#1439=LINE('',#8620,#2056);
#1440=LINE('',#8627,#2057);
#1441=LINE('',#8636,#2058);
#1442=LINE('',#8686,#2059);
#1443=LINE('',#8689,#2060);
#1444=LINE('',#8692,#2061);
#1445=LINE('',#8696,#2062);
#1446=LINE('',#8706,#2063);
#1447=LINE('',#8709,#2064);
#1448=LINE('',#8714,#2065);
#1449=LINE('',#8720,#2066);
#1450=LINE('',#8731,#2067);
#1451=LINE('',#8734,#2068);
#1452=LINE('',#8739,#2069);
#1453=LINE('',#8744,#2070);
#1454=LINE('',#8748,#2071);
#1455=LINE('',#8754,#2072);
#1456=LINE('',#8771,#2073);
#1457=LINE('',#8774,#2074);
#1458=LINE('',#8778,#2075);
#1459=LINE('',#8781,#2076);
#1460=LINE('',#8788,#2077);
#1461=LINE('',#8797,#2078);
#1462=LINE('',#8850,#2079);
#1463=LINE('',#8866,#2080);
#1464=LINE('',#8892,#2081);
#1465=LINE('',#9057,#2082);
#1466=LINE('',#9061,#2083);
#1467=LINE('',#9065,#2084);
#1468=LINE('',#9069,#2085);
#1469=LINE('',#9073,#2086);
#1470=LINE('',#9079,#2087);
#1471=LINE('',#9083,#2088);
#1472=LINE('',#9088,#2089);
#1473=LINE('',#9092,#2090);
#1474=LINE('',#9094,#2091);
#1475=LINE('',#9096,#2092);
#1476=LINE('',#9097,#2093);
#1477=LINE('',#9100,#2094);
#1478=LINE('',#9102,#2095);
#1479=LINE('',#9104,#2096);
#1480=LINE('',#9105,#2097);
#1481=LINE('',#9109,#2098);
#1482=LINE('',#9110,#2099);
#1483=LINE('',#9111,#2100);
#1484=LINE('',#9114,#2101);
#1485=LINE('',#9115,#2102);
#1486=LINE('',#9118,#2103);
#1487=LINE('',#9119,#2104);
#1488=LINE('',#9121,#2105);
#1489=LINE('',#9125,#2106);
#1490=LINE('',#9126,#2107);
#1491=LINE('',#9127,#2108);
#1492=LINE('',#9130,#2109);
#1493=LINE('',#9131,#2110);
#1494=LINE('',#9134,#2111);
#1495=LINE('',#9135,#2112);
#1496=LINE('',#9137,#2113);
#1497=LINE('',#9139,#2114);
#1498=LINE('',#9141,#2115);
#1499=LINE('',#9143,#2116);
#1500=LINE('',#9145,#2117);
#1501=LINE('',#9147,#2118);
#1502=LINE('',#9149,#2119);
#1503=LINE('',#9151,#2120);
#1504=LINE('',#9153,#2121);
#1505=LINE('',#9155,#2122);
#1506=LINE('',#9157,#2123);
#1507=LINE('',#9158,#2124);
#1508=LINE('',#9160,#2125);
#1509=LINE('',#9162,#2126);
#1510=LINE('',#9164,#2127);
#1511=LINE('',#9166,#2128);
#1512=LINE('',#9168,#2129);
#1513=LINE('',#9170,#2130);
#1514=LINE('',#9172,#2131);
#1515=LINE('',#9174,#2132);
#1516=LINE('',#9175,#2133);
#1517=LINE('',#9178,#2134);
#1518=LINE('',#9179,#2135);
#1519=LINE('',#9182,#2136);
#1520=LINE('',#9183,#2137);
#1521=LINE('',#9186,#2138);
#1522=LINE('',#9187,#2139);
#1523=LINE('',#9190,#2140);
#1524=LINE('',#9191,#2141);
#1525=LINE('',#9194,#2142);
#1526=LINE('',#9195,#2143);
#1527=LINE('',#9198,#2144);
#1528=LINE('',#9199,#2145);
#1529=LINE('',#9202,#2146);
#1530=LINE('',#9203,#2147);
#1531=LINE('',#9206,#2148);
#1532=LINE('',#9207,#2149);
#1533=LINE('',#9209,#2150);
#1534=LINE('',#9211,#2151);
#1535=LINE('',#9212,#2152);
#1536=LINE('',#9215,#2153);
#1537=LINE('',#9219,#2154);
#1538=LINE('',#9223,#2155);
#1539=LINE('',#9227,#2156);
#1540=LINE('',#9231,#2157);
#1541=LINE('',#9232,#2158);
#1542=LINE('',#9235,#2159);
#1543=LINE('',#9236,#2160);
#1544=LINE('',#9239,#2161);
#1545=LINE('',#9240,#2162);
#1546=LINE('',#9243,#2163);
#1547=LINE('',#9244,#2164);
#1548=LINE('',#9247,#2165);
#1549=LINE('',#9248,#2166);
#1550=LINE('',#9251,#2167);
#1551=LINE('',#9252,#2168);
#1552=LINE('',#9255,#2169);
#1553=LINE('',#9256,#2170);
#1554=LINE('',#9259,#2171);
#1555=LINE('',#9260,#2172);
#1556=LINE('',#9262,#2173);
#1557=LINE('',#9264,#2174);
#1558=LINE('',#9270,#2175);
#1559=LINE('',#9271,#2176);
#1560=LINE('',#9273,#2177);
#1561=LINE('',#9275,#2178);
#1562=LINE('',#9277,#2179);
#1563=LINE('',#9279,#2180);
#1564=LINE('',#9281,#2181);
#1565=LINE('',#9283,#2182);
#1566=LINE('',#9321,#2183);
#1567=LINE('',#9358,#2184);
#1568=LINE('',#9395,#2185);
#1569=LINE('',#9432,#2186);
#1570=LINE('',#9481,#2187);
#1571=LINE('',#9498,#2188);
#1572=LINE('',#9607,#2189);
#1573=LINE('',#9624,#2190);
#1574=LINE('',#9733,#2191);
#1575=LINE('',#9750,#2192);
#1576=LINE('',#9813,#2193);
#1577=LINE('',#9924,#2194);
#1578=LINE('',#9926,#2195);
#1579=LINE('',#9928,#2196);
#1580=LINE('',#9930,#2197);
#1581=LINE('',#9932,#2198);
#1582=LINE('',#9934,#2199);
#1583=LINE('',#9936,#2200);
#1584=LINE('',#9938,#2201);
#1585=LINE('',#9940,#2202);
#1586=LINE('',#9942,#2203);
#1587=LINE('',#9944,#2204);
#1588=LINE('',#9946,#2205);
#1589=LINE('',#9948,#2206);
#1590=LINE('',#9950,#2207);
#1591=LINE('',#9952,#2208);
#1592=LINE('',#9954,#2209);
#1593=LINE('',#9956,#2210);
#1594=LINE('',#9958,#2211);
#1595=LINE('',#9960,#2212);
#1596=LINE('',#9962,#2213);
#1597=LINE('',#9964,#2214);
#1598=LINE('',#9966,#2215);
#1599=LINE('',#9967,#2216);
#1600=LINE('',#9969,#2217);
#1601=LINE('',#9974,#2218);
#1602=LINE('',#9976,#2219);
#1603=LINE('',#9978,#2220);
#1604=LINE('',#9979,#2221);
#1605=LINE('',#9981,#2222);
#1606=LINE('',#9982,#2223);
#1607=LINE('',#9985,#2224);
#1608=LINE('',#9986,#2225);
#1609=LINE('',#9989,#2226);
#1610=LINE('',#9990,#2227);
#1611=LINE('',#9992,#2228);
#1612=LINE('',#9995,#2229);
#1613=LINE('',#9996,#2230);
#1614=LINE('',#9999,#2231);
#1615=LINE('',#10000,#2232);
#1616=LINE('',#10004,#2233);
#1617=LINE('',#10006,#2234);
#1618=LINE('',#10008,#2235);
#1619=LINE('',#10009,#2236);
#1620=LINE('',#10012,#2237);
#1621=LINE('',#10014,#2238);
#1622=LINE('',#10015,#2239);
#1623=LINE('',#10017,#2240);
#1624=LINE('',#10018,#2241);
#1625=LINE('',#10020,#2242);
#1626=LINE('',#10022,#2243);
#1627=LINE('',#10025,#2244);
#1628=LINE('',#10026,#2245);
#1629=LINE('',#10029,#2246);
#1630=LINE('',#10030,#2247);
#1631=LINE('',#10033,#2248);
#1632=LINE('',#10035,#2249);
#1633=LINE('',#10036,#2250);
#1634=LINE('',#10039,#2251);
#1635=LINE('',#10041,#2252);
#1636=LINE('',#10042,#2253);
#1637=LINE('',#10045,#2254);
#1638=LINE('',#10047,#2255);
#1639=LINE('',#10048,#2256);
#1640=LINE('',#10051,#2257);
#1641=LINE('',#10052,#2258);
#1642=LINE('',#10054,#2259);
#1643=LINE('',#10055,#2260);
#1644=LINE('',#10058,#2261);
#1645=LINE('',#10060,#2262);
#1646=LINE('',#10061,#2263);
#1647=LINE('',#10064,#2264);
#1648=LINE('',#10066,#2265);
#1649=LINE('',#10067,#2266);
#1650=LINE('',#10069,#2267);
#1651=LINE('',#10070,#2268);
#1652=LINE('',#10076,#2269);
#1653=LINE('',#10078,#2270);
#1654=LINE('',#10080,#2271);
#1655=LINE('',#10081,#2272);
#1656=LINE('',#10083,#2273);
#1657=LINE('',#10084,#2274);
#1658=LINE('',#10086,#2275);
#1659=LINE('',#10088,#2276);
#1660=LINE('',#10094,#2277);
#1661=LINE('',#10100,#2278);
#1662=LINE('',#10108,#2279);
#1663=LINE('',#10114,#2280);
#1664=LINE('',#10125,#2281);
#1665=LINE('',#10141,#2282);
#1666=LINE('',#10147,#2283);
#1667=LINE('',#10155,#2284);
#1668=LINE('',#10161,#2285);
#1669=LINE('',#10172,#2286);
#1670=VECTOR('',#6229,10.);
#1671=VECTOR('',#6230,10.);
#1672=VECTOR('',#6231,10.);
#1673=VECTOR('',#6232,10.);
#1674=VECTOR('',#6235,10.);
#1675=VECTOR('',#6236,10.);
#1676=VECTOR('',#6237,10.);
#1677=VECTOR('',#6240,10.);
#1678=VECTOR('',#6241,10.);
#1679=VECTOR('',#6242,10.);
#1680=VECTOR('',#6245,10.);
#1681=VECTOR('',#6248,10.);
#1682=VECTOR('',#6251,10.);
#1683=VECTOR('',#6252,10.);
#1684=VECTOR('',#6253,10.);
#1685=VECTOR('',#6254,10.);
#1686=VECTOR('',#6257,10.);
#1687=VECTOR('',#6258,10.);
#1688=VECTOR('',#6259,10.);
#1689=VECTOR('',#6262,10.);
#1690=VECTOR('',#6263,10.);
#1691=VECTOR('',#6264,10.);
#1692=VECTOR('',#6267,10.);
#1693=VECTOR('',#6270,10.);
#1694=VECTOR('',#6273,10.);
#1695=VECTOR('',#6274,10.);
#1696=VECTOR('',#6275,10.);
#1697=VECTOR('',#6276,10.);
#1698=VECTOR('',#6279,10.);
#1699=VECTOR('',#6280,10.);
#1700=VECTOR('',#6281,10.);
#1701=VECTOR('',#6284,10.);
#1702=VECTOR('',#6285,10.);
#1703=VECTOR('',#6286,10.);
#1704=VECTOR('',#6289,10.);
#1705=VECTOR('',#6292,10.);
#1706=VECTOR('',#6295,10.);
#1707=VECTOR('',#6296,10.);
#1708=VECTOR('',#6297,10.);
#1709=VECTOR('',#6298,10.);
#1710=VECTOR('',#6301,10.);
#1711=VECTOR('',#6302,10.);
#1712=VECTOR('',#6303,10.);
#1713=VECTOR('',#6306,10.);
#1714=VECTOR('',#6307,10.);
#1715=VECTOR('',#6308,10.);
#1716=VECTOR('',#6311,10.);
#1717=VECTOR('',#6314,10.);
#1718=VECTOR('',#6317,10.);
#1719=VECTOR('',#6318,10.);
#1720=VECTOR('',#6319,10.);
#1721=VECTOR('',#6320,10.);
#1722=VECTOR('',#6323,10.);
#1723=VECTOR('',#6324,10.);
#1724=VECTOR('',#6327,10.);
#1725=VECTOR('',#6328,10.);
#1726=VECTOR('',#6329,10.);
#1727=VECTOR('',#6330,10.);
#1728=VECTOR('',#6333,10.);
#1729=VECTOR('',#6334,10.);
#1730=VECTOR('',#6335,10.);
#1731=VECTOR('',#6336,10.);
#1732=VECTOR('',#6339,10.);
#1733=VECTOR('',#6340,10.);
#1734=VECTOR('',#6343,10.);
#1735=VECTOR('',#6344,10.);
#1736=VECTOR('',#6345,10.);
#1737=VECTOR('',#6348,10.);
#1738=VECTOR('',#6349,10.);
#1739=VECTOR('',#6350,10.);
#1740=VECTOR('',#6351,10.);
#1741=VECTOR('',#6354,10.);
#1742=VECTOR('',#6355,10.);
#1743=VECTOR('',#6358,10.);
#1744=VECTOR('',#6359,10.);
#1745=VECTOR('',#6360,10.);
#1746=VECTOR('',#6361,10.);
#1747=VECTOR('',#6364,10.);
#1748=VECTOR('',#6365,10.);
#1749=VECTOR('',#6366,10.);
#1750=VECTOR('',#6367,10.);
#1751=VECTOR('',#6370,10.);
#1752=VECTOR('',#6371,10.);
#1753=VECTOR('',#6372,10.);
#1754=VECTOR('',#6375,10.);
#1755=VECTOR('',#6376,10.);
#1756=VECTOR('',#6379,10.);
#1757=VECTOR('',#6380,10.);
#1758=VECTOR('',#6381,10.);
#1759=VECTOR('',#6384,10.);
#1760=VECTOR('',#6385,10.);
#1761=VECTOR('',#6386,10.);
#1762=VECTOR('',#6387,10.);
#1763=VECTOR('',#6390,10.);
#1764=VECTOR('',#6391,10.);
#1765=VECTOR('',#6394,10.);
#1766=VECTOR('',#6395,10.);
#1767=VECTOR('',#6396,10.);
#1768=VECTOR('',#6397,10.);
#1769=VECTOR('',#6400,10.);
#1770=VECTOR('',#6401,10.);
#1771=VECTOR('',#6402,10.);
#1772=VECTOR('',#6403,10.);
#1773=VECTOR('',#6406,10.);
#1774=VECTOR('',#6407,10.);
#1775=VECTOR('',#6408,10.);
#1776=VECTOR('',#6411,10.);
#1777=VECTOR('',#6412,10.);
#1778=VECTOR('',#6415,10.);
#1779=VECTOR('',#6416,10.);
#1780=VECTOR('',#6417,10.);
#1781=VECTOR('',#6420,10.);
#1782=VECTOR('',#6421,10.);
#1783=VECTOR('',#6422,10.);
#1784=VECTOR('',#6423,10.);
#1785=VECTOR('',#6426,10.);
#1786=VECTOR('',#6427,10.);
#1787=VECTOR('',#6430,10.);
#1788=VECTOR('',#6431,10.);
#1789=VECTOR('',#6432,10.);
#1790=VECTOR('',#6433,10.);
#1791=VECTOR('',#6436,10.);
#1792=VECTOR('',#6437,10.);
#1793=VECTOR('',#6438,10.);
#1794=VECTOR('',#6439,10.);
#1795=VECTOR('',#6442,10.);
#1796=VECTOR('',#6443,10.);
#1797=VECTOR('',#6444,10.);
#1798=VECTOR('',#6445,10.);
#1799=VECTOR('',#6448,10.);
#1800=VECTOR('',#6449,10.);
#1801=VECTOR('',#6450,10.);
#1802=VECTOR('',#6451,10.);
#1803=VECTOR('',#6452,10.);
#1804=VECTOR('',#6453,10.);
#1805=VECTOR('',#6456,10.);
#1806=VECTOR('',#6457,10.);
#1807=VECTOR('',#6458,10.);
#1808=VECTOR('',#6461,10.);
#1809=VECTOR('',#6462,10.);
#1810=VECTOR('',#6465,10.);
#1811=VECTOR('',#6466,10.);
#1812=VECTOR('',#6467,10.);
#1813=VECTOR('',#6470,10.);
#1814=VECTOR('',#6471,10.);
#1815=VECTOR('',#6472,10.);
#1816=VECTOR('',#6473,10.);
#1817=VECTOR('',#6476,10.);
#1818=VECTOR('',#6477,10.);
#1819=VECTOR('',#6478,10.);
#1820=VECTOR('',#6479,10.);
#1821=VECTOR('',#6480,10.);
#1822=VECTOR('',#6481,10.);
#1823=VECTOR('',#6484,10.);
#1824=VECTOR('',#6485,10.);
#1825=VECTOR('',#6486,10.);
#1826=VECTOR('',#6487,10.);
#1827=VECTOR('',#6488,10.);
#1828=VECTOR('',#6489,10.);
#1829=VECTOR('',#6490,10.);
#1830=VECTOR('',#6491,10.);
#1831=VECTOR('',#6492,10.);
#1832=VECTOR('',#6493,10.);
#1833=VECTOR('',#6494,10.);
#1834=VECTOR('',#6495,10.);
#1835=VECTOR('',#6496,10.);
#1836=VECTOR('',#6499,10.);
#1837=VECTOR('',#6500,10.);
#1838=VECTOR('',#6501,10.);
#1839=VECTOR('',#6504,10.);
#1840=VECTOR('',#6505,10.);
#1841=VECTOR('',#6506,10.);
#1842=VECTOR('',#6509,10.);
#1843=VECTOR('',#6510,10.);
#1844=VECTOR('',#6511,10.);
#1845=VECTOR('',#6512,10.);
#1846=VECTOR('',#6515,10.);
#1847=VECTOR('',#6520,10.);
#1848=VECTOR('',#6525,10.);
#1849=VECTOR('',#6526,10.);
#1850=VECTOR('',#6527,10.);
#1851=VECTOR('',#6528,10.);
#1852=VECTOR('',#6533,10.);
#1853=VECTOR('',#6538,10.);
#1854=VECTOR('',#6539,10.);
#1855=VECTOR('',#6540,10.);
#1856=VECTOR('',#6545,10.);
#1857=VECTOR('',#6550,10.);
#1858=VECTOR('',#6551,10.);
#1859=VECTOR('',#6552,10.);
#1860=VECTOR('',#6557,10.);
#1861=VECTOR('',#6562,10.);
#1862=VECTOR('',#6563,10.);
#1863=VECTOR('',#6564,10.);
#1864=VECTOR('',#6573,10.);
#1865=VECTOR('',#6574,10.);
#1866=VECTOR('',#6575,10.);
#1867=VECTOR('',#6578,10.);
#1868=VECTOR('',#6581,10.);
#1869=VECTOR('',#6584,10.);
#1870=VECTOR('',#6589,10.);
#1871=VECTOR('',#6590,10.);
#1872=VECTOR('',#6593,10.);
#1873=VECTOR('',#6598,10.);
#1874=VECTOR('',#6599,10.);
#1875=VECTOR('',#6602,10.);
#1876=VECTOR('',#6603,10.);
#1877=VECTOR('',#6604,10.);
#1878=VECTOR('',#6605,10.);
#1879=VECTOR('',#6608,10.);
#1880=VECTOR('',#6609,10.);
#1881=VECTOR('',#6610,10.);
#1882=VECTOR('',#6613,10.);
#1883=VECTOR('',#6614,10.);
#1884=VECTOR('',#6615,10.);
#1885=VECTOR('',#6618,10.);
#1886=VECTOR('',#6619,10.);
#1887=VECTOR('',#6624,10.);
#1888=VECTOR('',#6625,10.);
#1889=VECTOR('',#6626,10.);
#1890=VECTOR('',#6627,10.);
#1891=VECTOR('',#6630,10.);
#1892=VECTOR('',#6631,10.);
#1893=VECTOR('',#6632,10.);
#1894=VECTOR('',#6635,10.);
#1895=VECTOR('',#6636,10.);
#1896=VECTOR('',#6637,10.);
#1897=VECTOR('',#6640,10.);
#1898=VECTOR('',#6641,10.);
#1899=VECTOR('',#6646,10.);
#1900=VECTOR('',#6647,10.);
#1901=VECTOR('',#6648,10.);
#1902=VECTOR('',#6649,10.);
#1903=VECTOR('',#6652,10.);
#1904=VECTOR('',#6653,10.);
#1905=VECTOR('',#6654,10.);
#1906=VECTOR('',#6657,10.);
#1907=VECTOR('',#6658,10.);
#1908=VECTOR('',#6659,10.);
#1909=VECTOR('',#6662,10.);
#1910=VECTOR('',#6663,10.);
#1911=VECTOR('',#6668,10.);
#1912=VECTOR('',#6669,10.);
#1913=VECTOR('',#6670,10.);
#1914=VECTOR('',#6671,10.);
#1915=VECTOR('',#6674,10.);
#1916=VECTOR('',#6675,10.);
#1917=VECTOR('',#6676,10.);
#1918=VECTOR('',#6679,10.);
#1919=VECTOR('',#6680,10.);
#1920=VECTOR('',#6681,10.);
#1921=VECTOR('',#6684,10.);
#1922=VECTOR('',#6685,10.);
#1923=VECTOR('',#6692,1.8);
#1924=VECTOR('',#6699,3.00000000000001);
#1925=VECTOR('',#6712,1.8);
#1926=VECTOR('',#6719,3.00000000000001);
#1927=VECTOR('',#6730,10.);
#1928=VECTOR('',#6731,10.);
#1929=VECTOR('',#6732,10.);
#1930=VECTOR('',#6733,10.);
#1931=VECTOR('',#6736,10.);
#1932=VECTOR('',#6737,10.);
#1933=VECTOR('',#6738,10.);
#1934=VECTOR('',#6739,10.);
#1935=VECTOR('',#6742,10.);
#1936=VECTOR('',#6743,10.);
#1937=VECTOR('',#6744,10.);
#1938=VECTOR('',#6747,10.);
#1939=VECTOR('',#6748,10.);
#1940=VECTOR('',#6749,10.);
#1941=VECTOR('',#6752,10.);
#1942=VECTOR('',#6753,10.);
#1943=VECTOR('',#6754,10.);
#1944=VECTOR('',#6757,10.);
#1945=VECTOR('',#6758,10.);
#1946=VECTOR('',#6759,10.);
#1947=VECTOR('',#6762,10.);
#1948=VECTOR('',#6763,10.);
#1949=VECTOR('',#6766,10.);
#1950=VECTOR('',#6769,10.);
#1951=VECTOR('',#6772,10.);
#1952=VECTOR('',#6773,10.);
#1953=VECTOR('',#6774,10.);
#1954=VECTOR('',#6775,10.);
#1955=VECTOR('',#6778,10.);
#1956=VECTOR('',#6779,10.);
#1957=VECTOR('',#6780,10.);
#1958=VECTOR('',#6781,10.);
#1959=VECTOR('',#6784,10.);
#1960=VECTOR('',#6785,10.);
#1961=VECTOR('',#6786,10.);
#1962=VECTOR('',#6789,10.);
#1963=VECTOR('',#6790,10.);
#1964=VECTOR('',#6791,10.);
#1965=VECTOR('',#6794,10.);
#1966=VECTOR('',#6795,10.);
#1967=VECTOR('',#6796,10.);
#1968=VECTOR('',#6799,10.);
#1969=VECTOR('',#6800,10.);
#1970=VECTOR('',#6801,10.);
#1971=VECTOR('',#6804,10.);
#1972=VECTOR('',#6805,10.);
#1973=VECTOR('',#6808,10.);
#1974=VECTOR('',#6811,10.);
#1975=VECTOR('',#6814,10.);
#1976=VECTOR('',#6815,10.);
#1977=VECTOR('',#6816,10.);
#1978=VECTOR('',#6817,10.);
#1979=VECTOR('',#6820,10.);
#1980=VECTOR('',#6821,10.);
#1981=VECTOR('',#6822,10.);
#1982=VECTOR('',#6823,10.);
#1983=VECTOR('',#6826,10.);
#1984=VECTOR('',#6827,10.);
#1985=VECTOR('',#6828,10.);
#1986=VECTOR('',#6831,10.);
#1987=VECTOR('',#6832,10.);
#1988=VECTOR('',#6833,10.);
#1989=VECTOR('',#6836,10.);
#1990=VECTOR('',#6837,10.);
#1991=VECTOR('',#6838,10.);
#1992=VECTOR('',#6841,10.);
#1993=VECTOR('',#6842,10.);
#1994=VECTOR('',#6843,10.);
#1995=VECTOR('',#6846,10.);
#1996=VECTOR('',#6847,10.);
#1997=VECTOR('',#6850,10.);
#1998=VECTOR('',#6853,10.);
#1999=VECTOR('',#6856,10.);
#2000=VECTOR('',#6857,10.);
#2001=VECTOR('',#6858,10.);
#2002=VECTOR('',#6859,10.);
#2003=VECTOR('',#6862,10.);
#2004=VECTOR('',#6863,10.);
#2005=VECTOR('',#6864,10.);
#2006=VECTOR('',#6865,10.);
#2007=VECTOR('',#6868,10.);
#2008=VECTOR('',#6869,10.);
#2009=VECTOR('',#6870,10.);
#2010=VECTOR('',#6873,10.);
#2011=VECTOR('',#6874,10.);
#2012=VECTOR('',#6875,10.);
#2013=VECTOR('',#6878,10.);
#2014=VECTOR('',#6879,10.);
#2015=VECTOR('',#6880,10.);
#2016=VECTOR('',#6883,10.);
#2017=VECTOR('',#6884,10.);
#2018=VECTOR('',#6885,10.);
#2019=VECTOR('',#6888,10.);
#2020=VECTOR('',#6889,10.);
#2021=VECTOR('',#6892,10.);
#2022=VECTOR('',#6895,10.);
#2023=VECTOR('',#6898,10.);
#2024=VECTOR('',#6899,10.);
#2025=VECTOR('',#6900,10.);
#2026=VECTOR('',#6901,10.);
#2027=VECTOR('',#6904,10.);
#2028=VECTOR('',#6905,10.);
#2029=VECTOR('',#6906,10.);
#2030=VECTOR('',#6909,10.);
#2031=VECTOR('',#6910,10.);
#2032=VECTOR('',#6911,10.);
#2033=VECTOR('',#6914,10.);
#2034=VECTOR('',#6915,10.);
#2035=VECTOR('',#6918,10.);
#2036=VECTOR('',#6919,10.);
#2037=VECTOR('',#6920,10.);
#2038=VECTOR('',#6921,10.);
#2039=VECTOR('',#6924,10.);
#2040=VECTOR('',#6925,10.);
#2041=VECTOR('',#6926,10.);
#2042=VECTOR('',#6929,10.);
#2043=VECTOR('',#6930,10.);
#2044=VECTOR('',#6931,10.);
#2045=VECTOR('',#6934,10.);
#2046=VECTOR('',#6935,10.);
#2047=VECTOR('',#6944,10.);
#2048=VECTOR('',#6947,10.);
#2049=VECTOR('',#6952,10.);
#2050=VECTOR('',#6957,10.);
#2051=VECTOR('',#6960,10.);
#2052=VECTOR('',#6967,5.4313670720639);
#2053=VECTOR('',#6988,10.);
#2054=VECTOR('',#6991,10.);
#2055=VECTOR('',#6996,10.);
#2056=VECTOR('',#6999,10.);
#2057=VECTOR('',#7010,10.);
#2058=VECTOR('',#7023,7.5);
#2059=VECTOR('',#7038,10.);
#2060=VECTOR('',#7041,10.);
#2061=VECTOR('',#7044,10.);
#2062=VECTOR('',#7049,10.);
#2063=VECTOR('',#7062,10.);
#2064=VECTOR('',#7065,10.);
#2065=VECTOR('',#7070,10.);
#2066=VECTOR('',#7077,10.);
#2067=VECTOR('',#7092,10.);
#2068=VECTOR('',#7095,10.);
#2069=VECTOR('',#7100,10.);
#2070=VECTOR('',#7105,10.);
#2071=VECTOR('',#7108,10.);
#2072=VECTOR('',#7115,5.4313670720639);
#2073=VECTOR('',#7136,10.);
#2074=VECTOR('',#7139,10.);
#2075=VECTOR('',#7144,10.);
#2076=VECTOR('',#7147,10.);
#2077=VECTOR('',#7158,10.);
#2078=VECTOR('',#7171,7.5);
#2079=VECTOR('',#7194,66.2033620298916);
#2080=VECTOR('',#7197,10.);
#2081=VECTOR('',#7200,10.);
#2082=VECTOR('',#7203,54.);
#2083=VECTOR('',#7206,10.);
#2084=VECTOR('',#7209,10.);
#2085=VECTOR('',#7212,10.);
#2086=VECTOR('',#7215,10.);
#2087=VECTOR('',#7220,10.);
#2088=VECTOR('',#7223,10.);
#2089=VECTOR('',#7230,54.);
#2090=VECTOR('',#7233,10.);
#2091=VECTOR('',#7234,10.);
#2092=VECTOR('',#7235,10.);
#2093=VECTOR('',#7236,10.);
#2094=VECTOR('',#7237,10.);
#2095=VECTOR('',#7238,10.);
#2096=VECTOR('',#7239,10.);
#2097=VECTOR('',#7240,10.);
#2098=VECTOR('',#7243,10.);
#2099=VECTOR('',#7244,10.);
#2100=VECTOR('',#7245,10.);
#2101=VECTOR('',#7248,10.);
#2102=VECTOR('',#7249,10.);
#2103=VECTOR('',#7252,10.);
#2104=VECTOR('',#7253,10.);
#2105=VECTOR('',#7256,10.);
#2106=VECTOR('',#7259,10.);
#2107=VECTOR('',#7260,10.);
#2108=VECTOR('',#7261,10.);
#2109=VECTOR('',#7264,10.);
#2110=VECTOR('',#7265,10.);
#2111=VECTOR('',#7268,10.);
#2112=VECTOR('',#7269,10.);
#2113=VECTOR('',#7272,10.);
#2114=VECTOR('',#7275,10.);
#2115=VECTOR('',#7276,10.);
#2116=VECTOR('',#7277,10.);
#2117=VECTOR('',#7278,10.);
#2118=VECTOR('',#7279,10.);
#2119=VECTOR('',#7280,10.);
#2120=VECTOR('',#7281,10.);
#2121=VECTOR('',#7282,10.);
#2122=VECTOR('',#7283,10.);
#2123=VECTOR('',#7284,10.);
#2124=VECTOR('',#7285,10.);
#2125=VECTOR('',#7286,10.);
#2126=VECTOR('',#7287,10.);
#2127=VECTOR('',#7288,10.);
#2128=VECTOR('',#7289,10.);
#2129=VECTOR('',#7290,10.);
#2130=VECTOR('',#7291,10.);
#2131=VECTOR('',#7292,10.);
#2132=VECTOR('',#7293,10.);
#2133=VECTOR('',#7294,10.);
#2134=VECTOR('',#7297,10.);
#2135=VECTOR('',#7298,10.);
#2136=VECTOR('',#7301,10.);
#2137=VECTOR('',#7302,10.);
#2138=VECTOR('',#7305,10.);
#2139=VECTOR('',#7306,10.);
#2140=VECTOR('',#7309,10.);
#2141=VECTOR('',#7310,10.);
#2142=VECTOR('',#7313,10.);
#2143=VECTOR('',#7314,10.);
#2144=VECTOR('',#7317,10.);
#2145=VECTOR('',#7318,10.);
#2146=VECTOR('',#7321,10.);
#2147=VECTOR('',#7322,10.);
#2148=VECTOR('',#7325,10.);
#2149=VECTOR('',#7326,10.);
#2150=VECTOR('',#7329,10.);
#2151=VECTOR('',#7332,10.);
#2152=VECTOR('',#7333,10.);
#2153=VECTOR('',#7334,10.);
#2154=VECTOR('',#7337,10.);
#2155=VECTOR('',#7340,10.);
#2156=VECTOR('',#7343,10.);
#2157=VECTOR('',#7348,10.);
#2158=VECTOR('',#7349,10.);
#2159=VECTOR('',#7352,10.);
#2160=VECTOR('',#7353,10.);
#2161=VECTOR('',#7356,10.);
#2162=VECTOR('',#7357,10.);
#2163=VECTOR('',#7360,10.);
#2164=VECTOR('',#7361,10.);
#2165=VECTOR('',#7364,10.);
#2166=VECTOR('',#7365,10.);
#2167=VECTOR('',#7368,10.);
#2168=VECTOR('',#7369,10.);
#2169=VECTOR('',#7372,10.);
#2170=VECTOR('',#7373,10.);
#2171=VECTOR('',#7376,10.);
#2172=VECTOR('',#7377,10.);
#2173=VECTOR('',#7380,10.);
#2174=VECTOR('',#7383,10.);
#2175=VECTOR('',#7394,10.);
#2176=VECTOR('',#7395,10.);
#2177=VECTOR('',#7398,10.);
#2178=VECTOR('',#7401,10.);
#2179=VECTOR('',#7404,10.);
#2180=VECTOR('',#7407,10.);
#2181=VECTOR('',#7410,10.);
#2182=VECTOR('',#7413,10.);
#2183=VECTOR('',#7428,5.);
#2184=VECTOR('',#7441,5.);
#2185=VECTOR('',#7454,5.);
#2186=VECTOR('',#7467,5.);
#2187=VECTOR('',#7468,10.);
#2188=VECTOR('',#7469,10.);
#2189=VECTOR('',#7470,10.);
#2190=VECTOR('',#7471,10.);
#2191=VECTOR('',#7472,10.);
#2192=VECTOR('',#7473,10.);
#2193=VECTOR('',#7474,10.);
#2194=VECTOR('',#7487,10.);
#2195=VECTOR('',#7488,10.);
#2196=VECTOR('',#7489,10.);
#2197=VECTOR('',#7490,10.);
#2198=VECTOR('',#7491,10.);
#2199=VECTOR('',#7492,10.);
#2200=VECTOR('',#7493,10.);
#2201=VECTOR('',#7494,10.);
#2202=VECTOR('',#7495,10.);
#2203=VECTOR('',#7496,10.);
#2204=VECTOR('',#7497,10.);
#2205=VECTOR('',#7498,10.);
#2206=VECTOR('',#7499,10.);
#2207=VECTOR('',#7500,10.);
#2208=VECTOR('',#7501,10.);
#2209=VECTOR('',#7502,10.);
#2210=VECTOR('',#7503,10.);
#2211=VECTOR('',#7504,10.);
#2212=VECTOR('',#7505,10.);
#2213=VECTOR('',#7506,10.);
#2214=VECTOR('',#7507,10.);
#2215=VECTOR('',#7508,10.);
#2216=VECTOR('',#7509,10.);
#2217=VECTOR('',#7512,53.8);
#2218=VECTOR('',#7517,10.);
#2219=VECTOR('',#7518,10.);
#2220=VECTOR('',#7519,10.);
#2221=VECTOR('',#7520,10.);
#2222=VECTOR('',#7523,10.);
#2223=VECTOR('',#7524,10.);
#2224=VECTOR('',#7527,10.);
#2225=VECTOR('',#7528,10.);
#2226=VECTOR('',#7531,10.);
#2227=VECTOR('',#7532,10.);
#2228=VECTOR('',#7535,10.);
#2229=VECTOR('',#7538,10.);
#2230=VECTOR('',#7539,10.);
#2231=VECTOR('',#7542,10.);
#2232=VECTOR('',#7543,10.);
#2233=VECTOR('',#7546,10.);
#2234=VECTOR('',#7547,10.);
#2235=VECTOR('',#7548,10.);
#2236=VECTOR('',#7549,10.);
#2237=VECTOR('',#7552,10.);
#2238=VECTOR('',#7553,10.);
#2239=VECTOR('',#7554,10.);
#2240=VECTOR('',#7557,10.);
#2241=VECTOR('',#7558,10.);
#2242=VECTOR('',#7561,10.);
#2243=VECTOR('',#7564,10.);
#2244=VECTOR('',#7567,10.);
#2245=VECTOR('',#7568,10.);
#2246=VECTOR('',#7571,10.);
#2247=VECTOR('',#7572,10.);
#2248=VECTOR('',#7575,10.);
#2249=VECTOR('',#7576,10.);
#2250=VECTOR('',#7577,10.);
#2251=VECTOR('',#7580,10.);
#2252=VECTOR('',#7581,10.);
#2253=VECTOR('',#7582,10.);
#2254=VECTOR('',#7585,10.);
#2255=VECTOR('',#7586,10.);
#2256=VECTOR('',#7587,10.);
#2257=VECTOR('',#7590,10.);
#2258=VECTOR('',#7591,10.);
#2259=VECTOR('',#7594,10.);
#2260=VECTOR('',#7595,10.);
#2261=VECTOR('',#7598,10.);
#2262=VECTOR('',#7599,10.);
#2263=VECTOR('',#7600,10.);
#2264=VECTOR('',#7603,10.);
#2265=VECTOR('',#7604,10.);
#2266=VECTOR('',#7605,10.);
#2267=VECTOR('',#7608,10.);
#2268=VECTOR('',#7609,10.);
#2269=VECTOR('',#7616,10.);
#2270=VECTOR('',#7617,10.);
#2271=VECTOR('',#7618,10.);
#2272=VECTOR('',#7619,10.);
#2273=VECTOR('',#7622,10.);
#2274=VECTOR('',#7623,10.);
#2275=VECTOR('',#7626,10.);
#2276=VECTOR('',#7629,10.);
#2277=VECTOR('',#7636,0.749999999999993);
#2278=VECTOR('',#7643,1.49999999999999);
#2279=VECTOR('',#7654,0.749999999999993);
#2280=VECTOR('',#7661,1.49999999999999);
#2281=VECTOR('',#7676,7.5);
#2282=VECTOR('',#7697,0.749999999999993);
#2283=VECTOR('',#7704,1.49999999999999);
#2284=VECTOR('',#7715,0.749999999999993);
#2285=VECTOR('',#7722,1.49999999999999);
#2286=VECTOR('',#7737,7.5);
#2287=VERTEX_POINT('',#7756);
#2288=VERTEX_POINT('',#7757);
#2289=VERTEX_POINT('',#7759);
#2290=VERTEX_POINT('',#7761);
#2291=VERTEX_POINT('',#7765);
#2292=VERTEX_POINT('',#7767);
#2293=VERTEX_POINT('',#7771);
#2294=VERTEX_POINT('',#7773);
#2295=VERTEX_POINT('',#7781);
#2296=VERTEX_POINT('',#7782);
#2297=VERTEX_POINT('',#7784);
#2298=VERTEX_POINT('',#7786);
#2299=VERTEX_POINT('',#7790);
#2300=VERTEX_POINT('',#7792);
#2301=VERTEX_POINT('',#7796);
#2302=VERTEX_POINT('',#7798);
#2303=VERTEX_POINT('',#7806);
#2304=VERTEX_POINT('',#7807);
#2305=VERTEX_POINT('',#7809);
#2306=VERTEX_POINT('',#7811);
#2307=VERTEX_POINT('',#7815);
#2308=VERTEX_POINT('',#7817);
#2309=VERTEX_POINT('',#7821);
#2310=VERTEX_POINT('',#7823);
#2311=VERTEX_POINT('',#7831);
#2312=VERTEX_POINT('',#7832);
#2313=VERTEX_POINT('',#7834);
#2314=VERTEX_POINT('',#7836);
#2315=VERTEX_POINT('',#7840);
#2316=VERTEX_POINT('',#7842);
#2317=VERTEX_POINT('',#7846);
#2318=VERTEX_POINT('',#7848);
#2319=VERTEX_POINT('',#7856);
#2320=VERTEX_POINT('',#7857);
#2321=VERTEX_POINT('',#7859);
#2322=VERTEX_POINT('',#7861);
#2323=VERTEX_POINT('',#7865);
#2324=VERTEX_POINT('',#7869);
#2325=VERTEX_POINT('',#7871);
#2326=VERTEX_POINT('',#7873);
#2327=VERTEX_POINT('',#7877);
#2328=VERTEX_POINT('',#7878);
#2329=VERTEX_POINT('',#7880);
#2330=VERTEX_POINT('',#7882);
#2331=VERTEX_POINT('',#7886);
#2332=VERTEX_POINT('',#7890);
#2333=VERTEX_POINT('',#7895);
#2334=VERTEX_POINT('',#7896);
#2335=VERTEX_POINT('',#7898);
#2336=VERTEX_POINT('',#7900);
#2337=VERTEX_POINT('',#7904);
#2338=VERTEX_POINT('',#7908);
#2339=VERTEX_POINT('',#7910);
#2340=VERTEX_POINT('',#7912);
#2341=VERTEX_POINT('',#7916);
#2342=VERTEX_POINT('',#7918);
#2343=VERTEX_POINT('',#7920);
#2344=VERTEX_POINT('',#7924);
#2345=VERTEX_POINT('',#7926);
#2346=VERTEX_POINT('',#7930);
#2347=VERTEX_POINT('',#7934);
#2348=VERTEX_POINT('',#7936);
#2349=VERTEX_POINT('',#7940);
#2350=VERTEX_POINT('',#7941);
#2351=VERTEX_POINT('',#7943);
#2352=VERTEX_POINT('',#7945);
#2353=VERTEX_POINT('',#7949);
#2354=VERTEX_POINT('',#7953);
#2355=VERTEX_POINT('',#7955);
#2356=VERTEX_POINT('',#7957);
#2357=VERTEX_POINT('',#7961);
#2358=VERTEX_POINT('',#7963);
#2359=VERTEX_POINT('',#7965);
#2360=VERTEX_POINT('',#7969);
#2361=VERTEX_POINT('',#7971);
#2362=VERTEX_POINT('',#7975);
#2363=VERTEX_POINT('',#7979);
#2364=VERTEX_POINT('',#7981);
#2365=VERTEX_POINT('',#7985);
#2366=VERTEX_POINT('',#7986);
#2367=VERTEX_POINT('',#7988);
#2368=VERTEX_POINT('',#7990);
#2369=VERTEX_POINT('',#7994);
#2370=VERTEX_POINT('',#7998);
#2371=VERTEX_POINT('',#8000);
#2372=VERTEX_POINT('',#8002);
#2373=VERTEX_POINT('',#8006);
#2374=VERTEX_POINT('',#8008);
#2375=VERTEX_POINT('',#8010);
#2376=VERTEX_POINT('',#8014);
#2377=VERTEX_POINT('',#8015);
#2378=VERTEX_POINT('',#8017);
#2379=VERTEX_POINT('',#8019);
#2380=VERTEX_POINT('',#8023);
#2381=VERTEX_POINT('',#8024);
#2382=VERTEX_POINT('',#8026);
#2383=VERTEX_POINT('',#8028);
#2384=VERTEX_POINT('',#8030);
#2385=VERTEX_POINT('',#8032);
#2386=VERTEX_POINT('',#8036);
#2387=VERTEX_POINT('',#8038);
#2388=VERTEX_POINT('',#8042);
#2389=VERTEX_POINT('',#8046);
#2390=VERTEX_POINT('',#8048);
#2391=VERTEX_POINT('',#8052);
#2392=VERTEX_POINT('',#8053);
#2393=VERTEX_POINT('',#8055);
#2394=VERTEX_POINT('',#8057);
#2395=VERTEX_POINT('',#8062);
#2396=VERTEX_POINT('',#8064);
#2397=VERTEX_POINT('',#8066);
#2398=VERTEX_POINT('',#8071);
#2399=VERTEX_POINT('',#8073);
#2400=VERTEX_POINT('',#8076);
#2401=VERTEX_POINT('',#8078);
#2402=VERTEX_POINT('',#8080);
#2403=VERTEX_POINT('',#8082);
#2404=VERTEX_POINT('',#8085);
#2405=VERTEX_POINT('',#8092);
#2406=VERTEX_POINT('',#8094);
#2407=VERTEX_POINT('',#8098);
#2408=VERTEX_POINT('',#8099);
#2409=VERTEX_POINT('',#8104);
#2410=VERTEX_POINT('',#8105);
#2411=VERTEX_POINT('',#8107);
#2412=VERTEX_POINT('',#8118);
#2413=VERTEX_POINT('',#8119);
#2414=VERTEX_POINT('',#8121);
#2415=VERTEX_POINT('',#8123);
#2416=VERTEX_POINT('',#8127);
#2417=VERTEX_POINT('',#8129);
#2418=VERTEX_POINT('',#8133);
#2419=VERTEX_POINT('',#8135);
#2420=VERTEX_POINT('',#8139);
#2421=VERTEX_POINT('',#8141);
#2422=VERTEX_POINT('',#8145);
#2423=VERTEX_POINT('',#8147);
#2424=VERTEX_POINT('',#8151);
#2425=VERTEX_POINT('',#8153);
#2426=VERTEX_POINT('',#8157);
#2427=VERTEX_POINT('',#8159);
#2428=VERTEX_POINT('',#8166);
#2429=VERTEX_POINT('',#8167);
#2430=VERTEX_POINT('',#8179);
#2431=VERTEX_POINT('',#8186);
#2432=VERTEX_POINT('',#8190);
#2433=VERTEX_POINT('',#8191);
#2434=VERTEX_POINT('',#8193);
#2435=VERTEX_POINT('',#8195);
#2436=VERTEX_POINT('',#8199);
#2437=VERTEX_POINT('',#8201);
#2438=VERTEX_POINT('',#8205);
#2439=VERTEX_POINT('',#8207);
#2440=VERTEX_POINT('',#8215);
#2441=VERTEX_POINT('',#8216);
#2442=VERTEX_POINT('',#8218);
#2443=VERTEX_POINT('',#8220);
#2444=VERTEX_POINT('',#8224);
#2445=VERTEX_POINT('',#8226);
#2446=VERTEX_POINT('',#8230);
#2447=VERTEX_POINT('',#8232);
#2448=VERTEX_POINT('',#8240);
#2449=VERTEX_POINT('',#8241);
#2450=VERTEX_POINT('',#8243);
#2451=VERTEX_POINT('',#8245);
#2452=VERTEX_POINT('',#8249);
#2453=VERTEX_POINT('',#8251);
#2454=VERTEX_POINT('',#8255);
#2455=VERTEX_POINT('',#8257);
#2456=VERTEX_POINT('',#8265);
#2457=VERTEX_POINT('',#8266);
#2458=VERTEX_POINT('',#8268);
#2459=VERTEX_POINT('',#8270);
#2460=VERTEX_POINT('',#8274);
#2461=VERTEX_POINT('',#8276);
#2462=VERTEX_POINT('',#8280);
#2463=VERTEX_POINT('',#8282);
#2464=VERTEX_POINT('',#8290);
#2465=VERTEX_POINT('',#8292);
#2466=VERTEX_POINT('',#8296);
#2467=VERTEX_POINT('',#8298);
#2468=VERTEX_POINT('',#8303);
#2469=VERTEX_POINT('',#8306);
#2470=VERTEX_POINT('',#8308);
#2471=VERTEX_POINT('',#8312);
#2472=VERTEX_POINT('',#8320);
#2473=VERTEX_POINT('',#8321);
#2474=VERTEX_POINT('',#8323);
#2475=VERTEX_POINT('',#8325);
#2476=VERTEX_POINT('',#8329);
#2477=VERTEX_POINT('',#8330);
#2478=VERTEX_POINT('',#8332);
#2479=VERTEX_POINT('',#8334);
#2480=VERTEX_POINT('',#8338);
#2481=VERTEX_POINT('',#8340);
#2482=VERTEX_POINT('',#8344);
#2483=VERTEX_POINT('',#8346);
#2484=VERTEX_POINT('',#8350);
#2485=VERTEX_POINT('',#8352);
#2486=VERTEX_POINT('',#8356);
#2487=VERTEX_POINT('',#8358);
#2488=VERTEX_POINT('',#8369);
#2489=VERTEX_POINT('',#8370);
#2490=VERTEX_POINT('',#8372);
#2491=VERTEX_POINT('',#8374);
#2492=VERTEX_POINT('',#8378);
#2493=VERTEX_POINT('',#8379);
#2494=VERTEX_POINT('',#8381);
#2495=VERTEX_POINT('',#8383);
#2496=VERTEX_POINT('',#8387);
#2497=VERTEX_POINT('',#8389);
#2498=VERTEX_POINT('',#8393);
#2499=VERTEX_POINT('',#8395);
#2500=VERTEX_POINT('',#8399);
#2501=VERTEX_POINT('',#8401);
#2502=VERTEX_POINT('',#8405);
#2503=VERTEX_POINT('',#8407);
#2504=VERTEX_POINT('',#8418);
#2505=VERTEX_POINT('',#8419);
#2506=VERTEX_POINT('',#8421);
#2507=VERTEX_POINT('',#8423);
#2508=VERTEX_POINT('',#8427);
#2509=VERTEX_POINT('',#8428);
#2510=VERTEX_POINT('',#8430);
#2511=VERTEX_POINT('',#8432);
#2512=VERTEX_POINT('',#8436);
#2513=VERTEX_POINT('',#8438);
#2514=VERTEX_POINT('',#8442);
#2515=VERTEX_POINT('',#8444);
#2516=VERTEX_POINT('',#8448);
#2517=VERTEX_POINT('',#8450);
#2518=VERTEX_POINT('',#8454);
#2519=VERTEX_POINT('',#8456);
#2520=VERTEX_POINT('',#8467);
#2521=VERTEX_POINT('',#8468);
#2522=VERTEX_POINT('',#8470);
#2523=VERTEX_POINT('',#8472);
#2524=VERTEX_POINT('',#8476);
#2525=VERTEX_POINT('',#8477);
#2526=VERTEX_POINT('',#8479);
#2527=VERTEX_POINT('',#8481);
#2528=VERTEX_POINT('',#8485);
#2529=VERTEX_POINT('',#8487);
#2530=VERTEX_POINT('',#8491);
#2531=VERTEX_POINT('',#8493);
#2532=VERTEX_POINT('',#8497);
#2533=VERTEX_POINT('',#8499);
#2534=VERTEX_POINT('',#8503);
#2535=VERTEX_POINT('',#8505);
#2536=VERTEX_POINT('',#8516);
#2537=VERTEX_POINT('',#8517);
#2538=VERTEX_POINT('',#8519);
#2539=VERTEX_POINT('',#8521);
#2540=VERTEX_POINT('',#8525);
#2541=VERTEX_POINT('',#8527);
#2542=VERTEX_POINT('',#8531);
#2543=VERTEX_POINT('',#8533);
#2544=VERTEX_POINT('',#8540);
#2545=VERTEX_POINT('',#8541);
#2546=VERTEX_POINT('',#8543);
#2547=VERTEX_POINT('',#8545);
#2548=VERTEX_POINT('',#8549);
#2549=VERTEX_POINT('',#8551);
#2550=VERTEX_POINT('',#8555);
#2551=VERTEX_POINT('',#8557);
#2552=VERTEX_POINT('',#8566);
#2553=VERTEX_POINT('',#8567);
#2554=VERTEX_POINT('',#8569);
#2555=VERTEX_POINT('',#8571);
#2556=VERTEX_POINT('',#8575);
#2557=VERTEX_POINT('',#8577);
#2558=VERTEX_POINT('',#8581);
#2559=VERTEX_POINT('',#8582);
#2560=VERTEX_POINT('',#8584);
#2561=VERTEX_POINT('',#8586);
#2562=VERTEX_POINT('',#8590);
#2563=VERTEX_POINT('',#8592);
#2564=VERTEX_POINT('',#8596);
#2565=VERTEX_POINT('',#8600);
#2566=VERTEX_POINT('',#8601);
#2567=VERTEX_POINT('',#8603);
#2568=VERTEX_POINT('',#8605);
#2569=VERTEX_POINT('',#8609);
#2570=VERTEX_POINT('',#8611);
#2571=VERTEX_POINT('',#8615);
#2572=VERTEX_POINT('',#8619);
#2573=VERTEX_POINT('',#8625);
#2574=VERTEX_POINT('',#8633);
#2575=VERTEX_POINT('',#8635);
#2576=VERTEX_POINT('',#8637);
#2577=VERTEX_POINT('',#8676);
#2578=VERTEX_POINT('',#8677);
#2579=VERTEX_POINT('',#8679);
#2580=VERTEX_POINT('',#8681);
#2581=VERTEX_POINT('',#8685);
#2582=VERTEX_POINT('',#8687);
#2583=VERTEX_POINT('',#8691);
#2584=VERTEX_POINT('',#8695);
#2585=VERTEX_POINT('',#8702);
#2586=VERTEX_POINT('',#8703);
#2587=VERTEX_POINT('',#8705);
#2588=VERTEX_POINT('',#8707);
#2589=VERTEX_POINT('',#8711);
#2590=VERTEX_POINT('',#8713);
#2591=VERTEX_POINT('',#8717);
#2592=VERTEX_POINT('',#8719);
#2593=VERTEX_POINT('',#8727);
#2594=VERTEX_POINT('',#8728);
#2595=VERTEX_POINT('',#8730);
#2596=VERTEX_POINT('',#8732);
#2597=VERTEX_POINT('',#8736);
#2598=VERTEX_POINT('',#8738);
#2599=VERTEX_POINT('',#8742);
#2600=VERTEX_POINT('',#8743);
#2601=VERTEX_POINT('',#8745);
#2602=VERTEX_POINT('',#8747);
#2603=VERTEX_POINT('',#8751);
#2604=VERTEX_POINT('',#8753);
#2605=VERTEX_POINT('',#8757);
#2606=VERTEX_POINT('',#8761);
#2607=VERTEX_POINT('',#8762);
#2608=VERTEX_POINT('',#8764);
#2609=VERTEX_POINT('',#8766);
#2610=VERTEX_POINT('',#8770);
#2611=VERTEX_POINT('',#8772);
#2612=VERTEX_POINT('',#8776);
#2613=VERTEX_POINT('',#8780);
#2614=VERTEX_POINT('',#8786);
#2615=VERTEX_POINT('',#8794);
#2616=VERTEX_POINT('',#8796);
#2617=VERTEX_POINT('',#8798);
#2618=VERTEX_POINT('',#8840);
#2619=VERTEX_POINT('',#8842);
#2620=VERTEX_POINT('',#8845);
#2621=VERTEX_POINT('',#8847);
#2622=VERTEX_POINT('',#8851);
#2623=VERTEX_POINT('',#8852);
#2624=VERTEX_POINT('',#8854);
#2625=VERTEX_POINT('',#8865);
#2626=VERTEX_POINT('',#8867);
#2627=VERTEX_POINT('',#8878);
#2628=VERTEX_POINT('',#8880);
#2629=VERTEX_POINT('',#8891);
#2630=VERTEX_POINT('',#8903);
#2631=VERTEX_POINT('',#8904);
#2632=VERTEX_POINT('',#8941);
#2633=VERTEX_POINT('',#8942);
#2634=VERTEX_POINT('',#8979);
#2635=VERTEX_POINT('',#8980);
#2636=VERTEX_POINT('',#9017);
#2637=VERTEX_POINT('',#9018);
#2638=VERTEX_POINT('',#9056);
#2639=VERTEX_POINT('',#9058);
#2640=VERTEX_POINT('',#9060);
#2641=VERTEX_POINT('',#9062);
#2642=VERTEX_POINT('',#9064);
#2643=VERTEX_POINT('',#9066);
#2644=VERTEX_POINT('',#9068);
#2645=VERTEX_POINT('',#9070);
#2646=VERTEX_POINT('',#9072);
#2647=VERTEX_POINT('',#9074);
#2648=VERTEX_POINT('',#9076);
#2649=VERTEX_POINT('',#9078);
#2650=VERTEX_POINT('',#9080);
#2651=VERTEX_POINT('',#9082);
#2652=VERTEX_POINT('',#9086);
#2653=VERTEX_POINT('',#9090);
#2654=VERTEX_POINT('',#9091);
#2655=VERTEX_POINT('',#9093);
#2656=VERTEX_POINT('',#9095);
#2657=VERTEX_POINT('',#9098);
#2658=VERTEX_POINT('',#9099);
#2659=VERTEX_POINT('',#9101);
#2660=VERTEX_POINT('',#9103);
#2661=VERTEX_POINT('',#9107);
#2662=VERTEX_POINT('',#9108);
#2663=VERTEX_POINT('',#9113);
#2664=VERTEX_POINT('',#9117);
#2665=VERTEX_POINT('',#9123);
#2666=VERTEX_POINT('',#9124);
#2667=VERTEX_POINT('',#9129);
#2668=VERTEX_POINT('',#9133);
#2669=VERTEX_POINT('',#9140);
#2670=VERTEX_POINT('',#9142);
#2671=VERTEX_POINT('',#9144);
#2672=VERTEX_POINT('',#9146);
#2673=VERTEX_POINT('',#9148);
#2674=VERTEX_POINT('',#9150);
#2675=VERTEX_POINT('',#9152);
#2676=VERTEX_POINT('',#9154);
#2677=VERTEX_POINT('',#9156);
#2678=VERTEX_POINT('',#9159);
#2679=VERTEX_POINT('',#9161);
#2680=VERTEX_POINT('',#9163);
#2681=VERTEX_POINT('',#9165);
#2682=VERTEX_POINT('',#9167);
#2683=VERTEX_POINT('',#9169);
#2684=VERTEX_POINT('',#9171);
#2685=VERTEX_POINT('',#9173);
#2686=VERTEX_POINT('',#9177);
#2687=VERTEX_POINT('',#9181);
#2688=VERTEX_POINT('',#9185);
#2689=VERTEX_POINT('',#9189);
#2690=VERTEX_POINT('',#9193);
#2691=VERTEX_POINT('',#9197);
#2692=VERTEX_POINT('',#9201);
#2693=VERTEX_POINT('',#9205);
#2694=VERTEX_POINT('',#9213);
#2695=VERTEX_POINT('',#9214);
#2696=VERTEX_POINT('',#9216);
#2697=VERTEX_POINT('',#9218);
#2698=VERTEX_POINT('',#9220);
#2699=VERTEX_POINT('',#9222);
#2700=VERTEX_POINT('',#9224);
#2701=VERTEX_POINT('',#9226);
#2702=VERTEX_POINT('',#9230);
#2703=VERTEX_POINT('',#9234);
#2704=VERTEX_POINT('',#9238);
#2705=VERTEX_POINT('',#9242);
#2706=VERTEX_POINT('',#9246);
#2707=VERTEX_POINT('',#9250);
#2708=VERTEX_POINT('',#9254);
#2709=VERTEX_POINT('',#9258);
#2710=VERTEX_POINT('',#9286);
#2711=VERTEX_POINT('',#9315);
#2712=VERTEX_POINT('',#9316);
#2713=VERTEX_POINT('',#9323);
#2714=VERTEX_POINT('',#9352);
#2715=VERTEX_POINT('',#9353);
#2716=VERTEX_POINT('',#9360);
#2717=VERTEX_POINT('',#9389);
#2718=VERTEX_POINT('',#9390);
#2719=VERTEX_POINT('',#9397);
#2720=VERTEX_POINT('',#9426);
#2721=VERTEX_POINT('',#9427);
#2722=VERTEX_POINT('',#9463);
#2723=VERTEX_POINT('',#9464);
#2724=VERTEX_POINT('',#9480);
#2725=VERTEX_POINT('',#9482);
#2726=VERTEX_POINT('',#9589);
#2727=VERTEX_POINT('',#9590);
#2728=VERTEX_POINT('',#9606);
#2729=VERTEX_POINT('',#9608);
#2730=VERTEX_POINT('',#9715);
#2731=VERTEX_POINT('',#9716);
#2732=VERTEX_POINT('',#9732);
#2733=VERTEX_POINT('',#9734);
#2734=VERTEX_POINT('',#9791);
#2735=VERTEX_POINT('',#9812);
#2736=VERTEX_POINT('',#9916);
#2737=VERTEX_POINT('',#9920);
#2738=VERTEX_POINT('',#9922);
#2739=VERTEX_POINT('',#9923);
#2740=VERTEX_POINT('',#9925);
#2741=VERTEX_POINT('',#9927);
#2742=VERTEX_POINT('',#9929);
#2743=VERTEX_POINT('',#9931);
#2744=VERTEX_POINT('',#9933);
#2745=VERTEX_POINT('',#9935);
#2746=VERTEX_POINT('',#9937);
#2747=VERTEX_POINT('',#9939);
#2748=VERTEX_POINT('',#9941);
#2749=VERTEX_POINT('',#9943);
#2750=VERTEX_POINT('',#9945);
#2751=VERTEX_POINT('',#9947);
#2752=VERTEX_POINT('',#9949);
#2753=VERTEX_POINT('',#9951);
#2754=VERTEX_POINT('',#9953);
#2755=VERTEX_POINT('',#9955);
#2756=VERTEX_POINT('',#9957);
#2757=VERTEX_POINT('',#9959);
#2758=VERTEX_POINT('',#9961);
#2759=VERTEX_POINT('',#9963);
#2760=VERTEX_POINT('',#9965);
#2761=VERTEX_POINT('',#9972);
#2762=VERTEX_POINT('',#9973);
#2763=VERTEX_POINT('',#9975);
#2764=VERTEX_POINT('',#9977);
#2765=VERTEX_POINT('',#9984);
#2766=VERTEX_POINT('',#9988);
#2767=VERTEX_POINT('',#9994);
#2768=VERTEX_POINT('',#9998);
#2769=VERTEX_POINT('',#10002);
#2770=VERTEX_POINT('',#10003);
#2771=VERTEX_POINT('',#10005);
#2772=VERTEX_POINT('',#10007);
#2773=VERTEX_POINT('',#10011);
#2774=VERTEX_POINT('',#10013);
#2775=VERTEX_POINT('',#10024);
#2776=VERTEX_POINT('',#10028);
#2777=VERTEX_POINT('',#10032);
#2778=VERTEX_POINT('',#10034);
#2779=VERTEX_POINT('',#10038);
#2780=VERTEX_POINT('',#10040);
#2781=VERTEX_POINT('',#10044);
#2782=VERTEX_POINT('',#10046);
#2783=VERTEX_POINT('',#10050);
#2784=VERTEX_POINT('',#10057);
#2785=VERTEX_POINT('',#10059);
#2786=VERTEX_POINT('',#10063);
#2787=VERTEX_POINT('',#10065);
#2788=VERTEX_POINT('',#10074);
#2789=VERTEX_POINT('',#10075);
#2790=VERTEX_POINT('',#10077);
#2791=VERTEX_POINT('',#10079);
#2792=VERTEX_POINT('',#10091);
#2793=VERTEX_POINT('',#10093);
#2794=VERTEX_POINT('',#10097);
#2795=VERTEX_POINT('',#10099);
#2796=VERTEX_POINT('',#10105);
#2797=VERTEX_POINT('',#10107);
#2798=VERTEX_POINT('',#10111);
#2799=VERTEX_POINT('',#10113);
#2800=VERTEX_POINT('',#10119);
#2801=VERTEX_POINT('',#10122);
#2802=VERTEX_POINT('',#10123);
#2803=VERTEX_POINT('',#10128);
#2804=VERTEX_POINT('',#10132);
#2805=VERTEX_POINT('',#10135);
#2806=VERTEX_POINT('',#10138);
#2807=VERTEX_POINT('',#10140);
#2808=VERTEX_POINT('',#10144);
#2809=VERTEX_POINT('',#10146);
#2810=VERTEX_POINT('',#10152);
#2811=VERTEX_POINT('',#10154);
#2812=VERTEX_POINT('',#10158);
#2813=VERTEX_POINT('',#10160);
#2814=VERTEX_POINT('',#10166);
#2815=VERTEX_POINT('',#10169);
#2816=VERTEX_POINT('',#10170);
#2817=VERTEX_POINT('',#10175);
#2818=VERTEX_POINT('',#10179);
#2819=VERTEX_POINT('',#10182);
#2820=EDGE_CURVE('',#2287,#2288,#1053,.T.);
#2821=EDGE_CURVE('',#2287,#2289,#1054,.T.);
#2822=EDGE_CURVE('',#2290,#2289,#1055,.T.);
#2823=EDGE_CURVE('',#2288,#2290,#1056,.T.);
#2824=EDGE_CURVE('',#2288,#2291,#1057,.T.);
#2825=EDGE_CURVE('',#2292,#2290,#1058,.T.);
#2826=EDGE_CURVE('',#2291,#2292,#1059,.T.);
#2827=EDGE_CURVE('',#2287,#2293,#1060,.T.);
#2828=EDGE_CURVE('',#2294,#2293,#1061,.T.);
#2829=EDGE_CURVE('',#2289,#2294,#1062,.T.);
#2830=EDGE_CURVE('',#2292,#2294,#1063,.T.);
#2831=EDGE_CURVE('',#2293,#2291,#1064,.T.);
#2832=EDGE_CURVE('',#2295,#2296,#1065,.T.);
#2833=EDGE_CURVE('',#2295,#2297,#1066,.T.);
#2834=EDGE_CURVE('',#2298,#2297,#1067,.T.);
#2835=EDGE_CURVE('',#2296,#2298,#1068,.T.);
#2836=EDGE_CURVE('',#2296,#2299,#1069,.T.);
#2837=EDGE_CURVE('',#2300,#2298,#1070,.T.);
#2838=EDGE_CURVE('',#2299,#2300,#1071,.T.);
#2839=EDGE_CURVE('',#2295,#2301,#1072,.T.);
#2840=EDGE_CURVE('',#2302,#2301,#1073,.T.);
#2841=EDGE_CURVE('',#2297,#2302,#1074,.T.);
#2842=EDGE_CURVE('',#2300,#2302,#1075,.T.);
#2843=EDGE_CURVE('',#2301,#2299,#1076,.T.);
#2844=EDGE_CURVE('',#2303,#2304,#1077,.T.);
#2845=EDGE_CURVE('',#2303,#2305,#1078,.T.);
#2846=EDGE_CURVE('',#2306,#2305,#1079,.T.);
#2847=EDGE_CURVE('',#2304,#2306,#1080,.T.);
#2848=EDGE_CURVE('',#2304,#2307,#1081,.T.);
#2849=EDGE_CURVE('',#2308,#2306,#1082,.T.);
#2850=EDGE_CURVE('',#2307,#2308,#1083,.T.);
#2851=EDGE_CURVE('',#2303,#2309,#1084,.T.);
#2852=EDGE_CURVE('',#2310,#2309,#1085,.T.);
#2853=EDGE_CURVE('',#2305,#2310,#1086,.T.);
#2854=EDGE_CURVE('',#2308,#2310,#1087,.T.);
#2855=EDGE_CURVE('',#2309,#2307,#1088,.T.);
#2856=EDGE_CURVE('',#2311,#2312,#1089,.T.);
#2857=EDGE_CURVE('',#2311,#2313,#1090,.T.);
#2858=EDGE_CURVE('',#2314,#2313,#1091,.T.);
#2859=EDGE_CURVE('',#2312,#2314,#1092,.T.);
#2860=EDGE_CURVE('',#2312,#2315,#1093,.T.);
#2861=EDGE_CURVE('',#2316,#2314,#1094,.T.);
#2862=EDGE_CURVE('',#2315,#2316,#1095,.T.);
#2863=EDGE_CURVE('',#2311,#2317,#1096,.T.);
#2864=EDGE_CURVE('',#2318,#2317,#1097,.T.);
#2865=EDGE_CURVE('',#2313,#2318,#1098,.T.);
#2866=EDGE_CURVE('',#2316,#2318,#1099,.T.);
#2867=EDGE_CURVE('',#2317,#2315,#1100,.T.);
#2868=EDGE_CURVE('',#2319,#2320,#1101,.T.);
#2869=EDGE_CURVE('',#2319,#2321,#1102,.T.);
#2870=EDGE_CURVE('',#2322,#2321,#1103,.T.);
#2871=EDGE_CURVE('',#2320,#2322,#1104,.T.);
#2872=EDGE_CURVE('',#2322,#2323,#1105,.T.);
#2873=EDGE_CURVE('',#2321,#2323,#1106,.T.);
#2874=EDGE_CURVE('',#2324,#2323,#1107,.T.);
#2875=EDGE_CURVE('',#2324,#2325,#1108,.T.);
#2876=EDGE_CURVE('',#2325,#2326,#1109,.T.);
#2877=EDGE_CURVE('',#2320,#2326,#1110,.T.);
#2878=EDGE_CURVE('',#2327,#2328,#1111,.T.);
#2879=EDGE_CURVE('',#2329,#2327,#1112,.T.);
#2880=EDGE_CURVE('',#2330,#2329,#1113,.T.);
#2881=EDGE_CURVE('',#2328,#2330,#1114,.T.);
#2882=EDGE_CURVE('',#2331,#2329,#1115,.T.);
#2883=EDGE_CURVE('',#2331,#2330,#1116,.T.);
#2884=EDGE_CURVE('',#2326,#2332,#1117,.T.);
#2885=EDGE_CURVE('',#2327,#2332,#1118,.T.);
#2886=EDGE_CURVE('',#2319,#2328,#1119,.T.);
#2887=EDGE_CURVE('',#2333,#2334,#1120,.T.);
#2888=EDGE_CURVE('',#2335,#2333,#1121,.T.);
#2889=EDGE_CURVE('',#2336,#2335,#1122,.T.);
#2890=EDGE_CURVE('',#2334,#2336,#1123,.T.);
#2891=EDGE_CURVE('',#2337,#2335,#1124,.T.);
#2892=EDGE_CURVE('',#2337,#2336,#1125,.T.);
#2893=EDGE_CURVE('',#2333,#2338,#1126,.T.);
#2894=EDGE_CURVE('',#2338,#2339,#1127,.T.);
#2895=EDGE_CURVE('',#2340,#2339,#1128,.T.);
#2896=EDGE_CURVE('',#2337,#2340,#1129,.T.);
#2897=EDGE_CURVE('',#2341,#2334,#1130,.T.);
#2898=EDGE_CURVE('',#2341,#2342,#1131,.T.);
#2899=EDGE_CURVE('',#2342,#2343,#1132,.T.);
#2900=EDGE_CURVE('',#2343,#2338,#1133,.T.);
#2901=EDGE_CURVE('',#2341,#2344,#1134,.T.);
#2902=EDGE_CURVE('',#2345,#2344,#1135,.T.);
#2903=EDGE_CURVE('',#2342,#2345,#1136,.T.);
#2904=EDGE_CURVE('',#2345,#2346,#1137,.T.);
#2905=EDGE_CURVE('',#2344,#2346,#1138,.T.);
#2906=EDGE_CURVE('',#2347,#2346,#1139,.T.);
#2907=EDGE_CURVE('',#2347,#2348,#1140,.T.);
#2908=EDGE_CURVE('',#2348,#2343,#1141,.T.);
#2909=EDGE_CURVE('',#2349,#2350,#1142,.T.);
#2910=EDGE_CURVE('',#2351,#2349,#1143,.T.);
#2911=EDGE_CURVE('',#2352,#2351,#1144,.T.);
#2912=EDGE_CURVE('',#2350,#2352,#1145,.T.);
#2913=EDGE_CURVE('',#2353,#2351,#1146,.T.);
#2914=EDGE_CURVE('',#2353,#2352,#1147,.T.);
#2915=EDGE_CURVE('',#2349,#2354,#1148,.T.);
#2916=EDGE_CURVE('',#2354,#2355,#1149,.T.);
#2917=EDGE_CURVE('',#2356,#2355,#1150,.T.);
#2918=EDGE_CURVE('',#2353,#2356,#1151,.T.);
#2919=EDGE_CURVE('',#2357,#2350,#1152,.T.);
#2920=EDGE_CURVE('',#2357,#2358,#1153,.T.);
#2921=EDGE_CURVE('',#2358,#2359,#1154,.T.);
#2922=EDGE_CURVE('',#2359,#2354,#1155,.T.);
#2923=EDGE_CURVE('',#2357,#2360,#1156,.T.);
#2924=EDGE_CURVE('',#2361,#2360,#1157,.T.);
#2925=EDGE_CURVE('',#2358,#2361,#1158,.T.);
#2926=EDGE_CURVE('',#2361,#2362,#1159,.T.);
#2927=EDGE_CURVE('',#2360,#2362,#1160,.T.);
#2928=EDGE_CURVE('',#2363,#2362,#1161,.T.);
#2929=EDGE_CURVE('',#2363,#2364,#1162,.T.);
#2930=EDGE_CURVE('',#2364,#2359,#1163,.T.);
#2931=EDGE_CURVE('',#2365,#2366,#1164,.T.);
#2932=EDGE_CURVE('',#2367,#2365,#1165,.T.);
#2933=EDGE_CURVE('',#2368,#2367,#1166,.T.);
#2934=EDGE_CURVE('',#2366,#2368,#1167,.T.);
#2935=EDGE_CURVE('',#2369,#2367,#1168,.T.);
#2936=EDGE_CURVE('',#2369,#2368,#1169,.T.);
#2937=EDGE_CURVE('',#2365,#2370,#1170,.T.);
#2938=EDGE_CURVE('',#2370,#2371,#1171,.T.);
#2939=EDGE_CURVE('',#2372,#2371,#1172,.T.);
#2940=EDGE_CURVE('',#2369,#2372,#1173,.T.);
#2941=EDGE_CURVE('',#2373,#2366,#1174,.T.);
#2942=EDGE_CURVE('',#2373,#2374,#1175,.T.);
#2943=EDGE_CURVE('',#2374,#2375,#1176,.T.);
#2944=EDGE_CURVE('',#2375,#2370,#1177,.T.);
#2945=EDGE_CURVE('',#2376,#2377,#1178,.T.);
#2946=EDGE_CURVE('',#2378,#2376,#1179,.T.);
#2947=EDGE_CURVE('',#2379,#2378,#1180,.T.);
#2948=EDGE_CURVE('',#2377,#2379,#1181,.T.);
#2949=EDGE_CURVE('',#2380,#2381,#1182,.T.);
#2950=EDGE_CURVE('',#2382,#2381,#1183,.T.);
#2951=EDGE_CURVE('',#2382,#2383,#1184,.T.);
#2952=EDGE_CURVE('',#2383,#2384,#1185,.T.);
#2953=EDGE_CURVE('',#2385,#2384,#1186,.T.);
#2954=EDGE_CURVE('',#2380,#2385,#1187,.T.);
#2955=EDGE_CURVE('',#2373,#2386,#1188,.T.);
#2956=EDGE_CURVE('',#2387,#2386,#1189,.T.);
#2957=EDGE_CURVE('',#2374,#2387,#1190,.T.);
#2958=EDGE_CURVE('',#2387,#2388,#1191,.T.);
#2959=EDGE_CURVE('',#2386,#2388,#1192,.T.);
#2960=EDGE_CURVE('',#2389,#2388,#1193,.T.);
#2961=EDGE_CURVE('',#2389,#2390,#1194,.T.);
#2962=EDGE_CURVE('',#2390,#2375,#1195,.T.);
#2963=EDGE_CURVE('',#2391,#2392,#1196,.T.);
#2964=EDGE_CURVE('',#2393,#2391,#1197,.T.);
#2965=EDGE_CURVE('',#2394,#2393,#1198,.T.);
#2966=EDGE_CURVE('',#2392,#2394,#1199,.T.);
#2967=EDGE_CURVE('',#2378,#2381,#1200,.T.);
#2968=EDGE_CURVE('',#2376,#2395,#1201,.T.);
#2969=EDGE_CURVE('',#2395,#2396,#1202,.T.);
#2970=EDGE_CURVE('',#2396,#2397,#1203,.T.);
#2971=EDGE_CURVE('',#2391,#2397,#1204,.T.);
#2972=EDGE_CURVE('',#2392,#2382,#1205,.T.);
#2973=EDGE_CURVE('',#2398,#2379,#1206,.T.);
#2974=EDGE_CURVE('',#2399,#2398,#1207,.T.);
#2975=EDGE_CURVE('',#2399,#2394,#1208,.T.);
#2976=EDGE_CURVE('',#2400,#2393,#1209,.T.);
#2977=EDGE_CURVE('',#2401,#2400,#1210,.T.);
#2978=EDGE_CURVE('',#2402,#2401,#1211,.T.);
#2979=EDGE_CURVE('',#2402,#2403,#1212,.T.);
#2980=EDGE_CURVE('',#2403,#2377,#1213,.T.);
#2981=EDGE_CURVE('',#2331,#2404,#1214,.T.);
#2982=EDGE_CURVE('',#2404,#2324,#1215,.T.);
#2983=EDGE_CURVE('',#2340,#2347,#1216,.T.);
#2984=EDGE_CURVE('',#2356,#2363,#1217,.T.);
#2985=EDGE_CURVE('',#2372,#2389,#1218,.T.);
#2986=EDGE_CURVE('',#2405,#2398,#1219,.T.);
#2987=EDGE_CURVE('',#2406,#2405,#1220,.T.);
#2988=EDGE_CURVE('',#2406,#2399,#1221,.T.);
#2989=EDGE_CURVE('',#2407,#2408,#1222,.T.);
#2990=EDGE_CURVE('',#2408,#2402,#1223,.T.);
#2991=EDGE_CURVE('',#2401,#2407,#1224,.T.);
#2992=EDGE_CURVE('',#2409,#2410,#1225,.T.);
#2993=EDGE_CURVE('',#2410,#2411,#1226,.T.);
#2994=EDGE_CURVE('',#2411,#2396,#1227,.T.);
#2995=EDGE_CURVE('',#2409,#2395,#1228,.T.);
#2996=EDGE_CURVE('',#2355,#2364,#1229,.T.);
#2997=EDGE_CURVE('',#2371,#2390,#1230,.T.);
#2998=EDGE_CURVE('',#2412,#2413,#1231,.T.);
#2999=EDGE_CURVE('',#2412,#2414,#1232,.T.);
#3000=EDGE_CURVE('',#2415,#2414,#1233,.T.);
#3001=EDGE_CURVE('',#2413,#2415,#1234,.T.);
#3002=EDGE_CURVE('',#2416,#2412,#90,.T.);
#3003=EDGE_CURVE('',#2416,#2417,#1235,.T.);
#3004=EDGE_CURVE('',#2414,#2417,#91,.T.);
#3005=EDGE_CURVE('',#2418,#2416,#1236,.T.);
#3006=EDGE_CURVE('',#2418,#2419,#1237,.T.);
#3007=EDGE_CURVE('',#2417,#2419,#1238,.T.);
#3008=EDGE_CURVE('',#2420,#2418,#92,.T.);
#3009=EDGE_CURVE('',#2420,#2421,#1239,.T.);
#3010=EDGE_CURVE('',#2419,#2421,#93,.T.);
#3011=EDGE_CURVE('',#2422,#2420,#1240,.T.);
#3012=EDGE_CURVE('',#2422,#2423,#1241,.T.);
#3013=EDGE_CURVE('',#2421,#2423,#1242,.T.);
#3014=EDGE_CURVE('',#2424,#2422,#94,.T.);
#3015=EDGE_CURVE('',#2424,#2425,#1243,.T.);
#3016=EDGE_CURVE('',#2423,#2425,#95,.T.);
#3017=EDGE_CURVE('',#2426,#2424,#1244,.T.);
#3018=EDGE_CURVE('',#2426,#2427,#1245,.T.);
#3019=EDGE_CURVE('',#2425,#2427,#1246,.T.);
#3020=EDGE_CURVE('',#2413,#2426,#96,.T.);
#3021=EDGE_CURVE('',#2427,#2415,#97,.T.);
#3022=EDGE_CURVE('',#2428,#2429,#1247,.T.);
#3023=EDGE_CURVE('',#2407,#2429,#1248,.T.);
#3024=EDGE_CURVE('',#2428,#2410,#1249,.T.);
#3025=EDGE_CURVE('',#2384,#2406,#1250,.T.);
#3026=EDGE_CURVE('',#2405,#2385,#1251,.T.);
#3027=EDGE_CURVE('',#2339,#2348,#1252,.T.);
#3028=EDGE_CURVE('',#2332,#2430,#1253,.T.);
#3029=EDGE_CURVE('',#2404,#2430,#1254,.T.);
#3030=EDGE_CURVE('',#2430,#2325,#1255,.T.);
#3031=EDGE_CURVE('',#2408,#2431,#1256,.T.);
#3032=EDGE_CURVE('',#2431,#2409,#1257,.T.);
#3033=EDGE_CURVE('',#2432,#2433,#1258,.T.);
#3034=EDGE_CURVE('',#2432,#2434,#1259,.T.);
#3035=EDGE_CURVE('',#2435,#2434,#1260,.T.);
#3036=EDGE_CURVE('',#2433,#2435,#1261,.T.);
#3037=EDGE_CURVE('',#2433,#2436,#1262,.T.);
#3038=EDGE_CURVE('',#2437,#2435,#1263,.T.);
#3039=EDGE_CURVE('',#2436,#2437,#1264,.T.);
#3040=EDGE_CURVE('',#2436,#2438,#1265,.T.);
#3041=EDGE_CURVE('',#2439,#2437,#1266,.T.);
#3042=EDGE_CURVE('',#2438,#2439,#1267,.T.);
#3043=EDGE_CURVE('',#2438,#2432,#1268,.T.);
#3044=EDGE_CURVE('',#2434,#2439,#1269,.T.);
#3045=EDGE_CURVE('',#2440,#2441,#1270,.T.);
#3046=EDGE_CURVE('',#2440,#2442,#1271,.T.);
#3047=EDGE_CURVE('',#2443,#2442,#1272,.T.);
#3048=EDGE_CURVE('',#2441,#2443,#1273,.T.);
#3049=EDGE_CURVE('',#2441,#2444,#1274,.T.);
#3050=EDGE_CURVE('',#2445,#2443,#1275,.T.);
#3051=EDGE_CURVE('',#2444,#2445,#1276,.T.);
#3052=EDGE_CURVE('',#2444,#2446,#1277,.T.);
#3053=EDGE_CURVE('',#2447,#2445,#1278,.T.);
#3054=EDGE_CURVE('',#2446,#2447,#1279,.T.);
#3055=EDGE_CURVE('',#2446,#2440,#1280,.T.);
#3056=EDGE_CURVE('',#2442,#2447,#1281,.T.);
#3057=EDGE_CURVE('',#2448,#2449,#1282,.T.);
#3058=EDGE_CURVE('',#2449,#2450,#1283,.T.);
#3059=EDGE_CURVE('',#2451,#2450,#1284,.T.);
#3060=EDGE_CURVE('',#2448,#2451,#1285,.T.);
#3061=EDGE_CURVE('',#2452,#2448,#1286,.T.);
#3062=EDGE_CURVE('',#2453,#2451,#1287,.T.);
#3063=EDGE_CURVE('',#2452,#2453,#1288,.T.);
#3064=EDGE_CURVE('',#2454,#2452,#1289,.T.);
#3065=EDGE_CURVE('',#2455,#2453,#1290,.T.);
#3066=EDGE_CURVE('',#2454,#2455,#1291,.T.);
#3067=EDGE_CURVE('',#2449,#2454,#1292,.T.);
#3068=EDGE_CURVE('',#2450,#2455,#1293,.T.);
#3069=EDGE_CURVE('',#2456,#2457,#1294,.T.);
#3070=EDGE_CURVE('',#2456,#2458,#1295,.T.);
#3071=EDGE_CURVE('',#2459,#2458,#1296,.T.);
#3072=EDGE_CURVE('',#2457,#2459,#1297,.T.);
#3073=EDGE_CURVE('',#2457,#2460,#1298,.T.);
#3074=EDGE_CURVE('',#2461,#2459,#1299,.T.);
#3075=EDGE_CURVE('',#2460,#2461,#1300,.T.);
#3076=EDGE_CURVE('',#2460,#2462,#1301,.T.);
#3077=EDGE_CURVE('',#2463,#2461,#1302,.T.);
#3078=EDGE_CURVE('',#2462,#2463,#1303,.T.);
#3079=EDGE_CURVE('',#2462,#2456,#1304,.T.);
#3080=EDGE_CURVE('',#2458,#2463,#1305,.T.);
#3081=EDGE_CURVE('',#2464,#2464,#98,.T.);
#3082=EDGE_CURVE('',#2464,#2465,#1306,.T.);
#3083=EDGE_CURVE('',#2465,#2465,#99,.T.);
#3084=EDGE_CURVE('',#2466,#2466,#100,.T.);
#3085=EDGE_CURVE('',#2466,#2467,#1307,.T.);
#3086=EDGE_CURVE('',#2467,#2467,#101,.T.);
#3087=EDGE_CURVE('',#2468,#2468,#102,.T.);
#3088=EDGE_CURVE('',#2469,#2469,#103,.T.);
#3089=EDGE_CURVE('',#2469,#2470,#1308,.T.);
#3090=EDGE_CURVE('',#2470,#2470,#104,.T.);
#3091=EDGE_CURVE('',#2471,#2471,#105,.T.);
#3092=EDGE_CURVE('',#2471,#2468,#1309,.T.);
#3093=EDGE_CURVE('',#2472,#2473,#1310,.T.);
#3094=EDGE_CURVE('',#2472,#2474,#1311,.T.);
#3095=EDGE_CURVE('',#2475,#2474,#1312,.T.);
#3096=EDGE_CURVE('',#2473,#2475,#1313,.T.);
#3097=EDGE_CURVE('',#2476,#2477,#1314,.T.);
#3098=EDGE_CURVE('',#2477,#2478,#1315,.T.);
#3099=EDGE_CURVE('',#2479,#2478,#1316,.T.);
#3100=EDGE_CURVE('',#2476,#2479,#1317,.T.);
#3101=EDGE_CURVE('',#2480,#2476,#1318,.T.);
#3102=EDGE_CURVE('',#2480,#2481,#1319,.T.);
#3103=EDGE_CURVE('',#2477,#2481,#1320,.T.);
#3104=EDGE_CURVE('',#2482,#2480,#1321,.T.);
#3105=EDGE_CURVE('',#2482,#2483,#1322,.T.);
#3106=EDGE_CURVE('',#2481,#2483,#1323,.T.);
#3107=EDGE_CURVE('',#2484,#2482,#1324,.T.);
#3108=EDGE_CURVE('',#2484,#2485,#1325,.T.);
#3109=EDGE_CURVE('',#2483,#2485,#1326,.T.);
#3110=EDGE_CURVE('',#2486,#2484,#1327,.T.);
#3111=EDGE_CURVE('',#2486,#2487,#1328,.T.);
#3112=EDGE_CURVE('',#2485,#2487,#1329,.T.);
#3113=EDGE_CURVE('',#2472,#2486,#1330,.T.);
#3114=EDGE_CURVE('',#2487,#2473,#1331,.T.);
#3115=EDGE_CURVE('',#2474,#2479,#1332,.T.);
#3116=EDGE_CURVE('',#2478,#2475,#1333,.T.);
#3117=EDGE_CURVE('',#2488,#2489,#1334,.T.);
#3118=EDGE_CURVE('',#2488,#2490,#1335,.T.);
#3119=EDGE_CURVE('',#2491,#2490,#1336,.T.);
#3120=EDGE_CURVE('',#2489,#2491,#1337,.T.);
#3121=EDGE_CURVE('',#2492,#2493,#1338,.T.);
#3122=EDGE_CURVE('',#2493,#2494,#1339,.T.);
#3123=EDGE_CURVE('',#2495,#2494,#1340,.T.);
#3124=EDGE_CURVE('',#2492,#2495,#1341,.T.);
#3125=EDGE_CURVE('',#2496,#2492,#1342,.T.);
#3126=EDGE_CURVE('',#2496,#2497,#1343,.T.);
#3127=EDGE_CURVE('',#2493,#2497,#1344,.T.);
#3128=EDGE_CURVE('',#2498,#2496,#1345,.T.);
#3129=EDGE_CURVE('',#2498,#2499,#1346,.T.);
#3130=EDGE_CURVE('',#2497,#2499,#1347,.T.);
#3131=EDGE_CURVE('',#2500,#2498,#1348,.T.);
#3132=EDGE_CURVE('',#2500,#2501,#1349,.T.);
#3133=EDGE_CURVE('',#2499,#2501,#1350,.T.);
#3134=EDGE_CURVE('',#2502,#2500,#1351,.T.);
#3135=EDGE_CURVE('',#2502,#2503,#1352,.T.);
#3136=EDGE_CURVE('',#2501,#2503,#1353,.T.);
#3137=EDGE_CURVE('',#2488,#2502,#1354,.T.);
#3138=EDGE_CURVE('',#2503,#2489,#1355,.T.);
#3139=EDGE_CURVE('',#2490,#2495,#1356,.T.);
#3140=EDGE_CURVE('',#2494,#2491,#1357,.T.);
#3141=EDGE_CURVE('',#2504,#2505,#1358,.T.);
#3142=EDGE_CURVE('',#2504,#2506,#1359,.T.);
#3143=EDGE_CURVE('',#2507,#2506,#1360,.T.);
#3144=EDGE_CURVE('',#2505,#2507,#1361,.T.);
#3145=EDGE_CURVE('',#2508,#2509,#1362,.T.);
#3146=EDGE_CURVE('',#2509,#2510,#1363,.T.);
#3147=EDGE_CURVE('',#2511,#2510,#1364,.T.);
#3148=EDGE_CURVE('',#2508,#2511,#1365,.T.);
#3149=EDGE_CURVE('',#2512,#2508,#1366,.T.);
#3150=EDGE_CURVE('',#2512,#2513,#1367,.T.);
#3151=EDGE_CURVE('',#2509,#2513,#1368,.T.);
#3152=EDGE_CURVE('',#2514,#2512,#1369,.T.);
#3153=EDGE_CURVE('',#2514,#2515,#1370,.T.);
#3154=EDGE_CURVE('',#2513,#2515,#1371,.T.);
#3155=EDGE_CURVE('',#2516,#2514,#1372,.T.);
#3156=EDGE_CURVE('',#2516,#2517,#1373,.T.);
#3157=EDGE_CURVE('',#2515,#2517,#1374,.T.);
#3158=EDGE_CURVE('',#2518,#2516,#1375,.T.);
#3159=EDGE_CURVE('',#2518,#2519,#1376,.T.);
#3160=EDGE_CURVE('',#2517,#2519,#1377,.T.);
#3161=EDGE_CURVE('',#2504,#2518,#1378,.T.);
#3162=EDGE_CURVE('',#2519,#2505,#1379,.T.);
#3163=EDGE_CURVE('',#2506,#2511,#1380,.T.);
#3164=EDGE_CURVE('',#2510,#2507,#1381,.T.);
#3165=EDGE_CURVE('',#2520,#2521,#1382,.T.);
#3166=EDGE_CURVE('',#2520,#2522,#1383,.T.);
#3167=EDGE_CURVE('',#2523,#2522,#1384,.T.);
#3168=EDGE_CURVE('',#2521,#2523,#1385,.T.);
#3169=EDGE_CURVE('',#2524,#2525,#1386,.T.);
#3170=EDGE_CURVE('',#2525,#2526,#1387,.T.);
#3171=EDGE_CURVE('',#2527,#2526,#1388,.T.);
#3172=EDGE_CURVE('',#2524,#2527,#1389,.T.);
#3173=EDGE_CURVE('',#2528,#2524,#1390,.T.);
#3174=EDGE_CURVE('',#2528,#2529,#1391,.T.);
#3175=EDGE_CURVE('',#2525,#2529,#1392,.T.);
#3176=EDGE_CURVE('',#2530,#2528,#1393,.T.);
#3177=EDGE_CURVE('',#2530,#2531,#1394,.T.);
#3178=EDGE_CURVE('',#2529,#2531,#1395,.T.);
#3179=EDGE_CURVE('',#2532,#2530,#1396,.T.);
#3180=EDGE_CURVE('',#2532,#2533,#1397,.T.);
#3181=EDGE_CURVE('',#2531,#2533,#1398,.T.);
#3182=EDGE_CURVE('',#2534,#2532,#1399,.T.);
#3183=EDGE_CURVE('',#2534,#2535,#1400,.T.);
#3184=EDGE_CURVE('',#2533,#2535,#1401,.T.);
#3185=EDGE_CURVE('',#2520,#2534,#1402,.T.);
#3186=EDGE_CURVE('',#2535,#2521,#1403,.T.);
#3187=EDGE_CURVE('',#2522,#2527,#1404,.T.);
#3188=EDGE_CURVE('',#2526,#2523,#1405,.T.);
#3189=EDGE_CURVE('',#2536,#2537,#1406,.T.);
#3190=EDGE_CURVE('',#2537,#2538,#1407,.T.);
#3191=EDGE_CURVE('',#2539,#2538,#1408,.T.);
#3192=EDGE_CURVE('',#2536,#2539,#1409,.T.);
#3193=EDGE_CURVE('',#2540,#2536,#1410,.T.);
#3194=EDGE_CURVE('',#2541,#2539,#1411,.T.);
#3195=EDGE_CURVE('',#2540,#2541,#1412,.T.);
#3196=EDGE_CURVE('',#2542,#2540,#1413,.T.);
#3197=EDGE_CURVE('',#2543,#2541,#1414,.T.);
#3198=EDGE_CURVE('',#2542,#2543,#1415,.T.);
#3199=EDGE_CURVE('',#2537,#2542,#1416,.T.);
#3200=EDGE_CURVE('',#2538,#2543,#1417,.T.);
#3201=EDGE_CURVE('',#2544,#2545,#1418,.T.);
#3202=EDGE_CURVE('',#2544,#2546,#1419,.T.);
#3203=EDGE_CURVE('',#2547,#2546,#1420,.T.);
#3204=EDGE_CURVE('',#2545,#2547,#1421,.T.);
#3205=EDGE_CURVE('',#2545,#2548,#1422,.T.);
#3206=EDGE_CURVE('',#2549,#2547,#1423,.T.);
#3207=EDGE_CURVE('',#2548,#2549,#1424,.T.);
#3208=EDGE_CURVE('',#2548,#2550,#1425,.T.);
#3209=EDGE_CURVE('',#2551,#2549,#1426,.T.);
#3210=EDGE_CURVE('',#2550,#2551,#1427,.T.);
#3211=EDGE_CURVE('',#2550,#2544,#1428,.T.);
#3212=EDGE_CURVE('',#2546,#2551,#1429,.T.);
#3213=EDGE_CURVE('',#2552,#2553,#106,.T.);
#3214=EDGE_CURVE('',#2554,#2552,#1430,.T.);
#3215=EDGE_CURVE('',#2554,#2555,#107,.T.);
#3216=EDGE_CURVE('',#2555,#2553,#1431,.T.);
#3217=EDGE_CURVE('',#2556,#2552,#108,.T.);
#3218=EDGE_CURVE('',#2557,#2556,#1432,.T.);
#3219=EDGE_CURVE('',#2557,#2554,#109,.T.);
#3220=EDGE_CURVE('',#2558,#2559,#1433,.T.);
#3221=EDGE_CURVE('',#2560,#2558,#110,.T.);
#3222=EDGE_CURVE('',#2561,#2560,#1434,.T.);
#3223=EDGE_CURVE('',#2561,#2559,#111,.T.);
#3224=EDGE_CURVE('',#2562,#2562,#112,.T.);
#3225=EDGE_CURVE('',#2562,#2563,#1435,.T.);
#3226=EDGE_CURVE('',#2563,#2563,#113,.T.);
#3227=EDGE_CURVE('',#2555,#2564,#114,.T.);
#3228=EDGE_CURVE('',#2564,#2557,#115,.T.);
#3229=EDGE_CURVE('',#2565,#2566,#116,.T.);
#3230=EDGE_CURVE('',#2567,#2565,#117,.T.);
#3231=EDGE_CURVE('',#2568,#2567,#118,.T.);
#3232=EDGE_CURVE('',#2566,#2568,#119,.T.);
#3233=EDGE_CURVE('',#2569,#2567,#1436,.T.);
#3234=EDGE_CURVE('',#2569,#2570,#120,.T.);
#3235=EDGE_CURVE('',#2570,#2568,#1437,.T.);
#3236=EDGE_CURVE('',#2570,#2571,#121,.T.);
#3237=EDGE_CURVE('',#2571,#2566,#1438,.T.);
#3238=EDGE_CURVE('',#2572,#2565,#1439,.T.);
#3239=EDGE_CURVE('',#2572,#2569,#122,.T.);
#3240=EDGE_CURVE('',#2571,#2572,#123,.T.);
#3241=EDGE_CURVE('',#2553,#2573,#124,.T.);
#3242=EDGE_CURVE('',#2564,#2573,#1440,.T.);
#3243=EDGE_CURVE('',#2573,#2556,#125,.T.);
#3244=EDGE_CURVE('',#2559,#2561,#126,.T.);
#3245=EDGE_CURVE('',#2574,#2560,#127,.T.);
#3246=EDGE_CURVE('',#2574,#2575,#1441,.T.);
#3247=EDGE_CURVE('',#2576,#2575,#46,.T.);
#3248=EDGE_CURVE('',#2575,#2576,#47,.T.);
#3249=EDGE_CURVE('',#2558,#2574,#128,.T.);
#3250=EDGE_CURVE('',#2577,#2578,#129,.T.);
#3251=EDGE_CURVE('',#2578,#2579,#130,.T.);
#3252=EDGE_CURVE('',#2579,#2580,#131,.T.);
#3253=EDGE_CURVE('',#2580,#2577,#132,.T.);
#3254=EDGE_CURVE('',#2581,#2578,#1442,.T.);
#3255=EDGE_CURVE('',#2581,#2582,#133,.T.);
#3256=EDGE_CURVE('',#2582,#2579,#1443,.T.);
#3257=EDGE_CURVE('',#2583,#2577,#1444,.T.);
#3258=EDGE_CURVE('',#2581,#2583,#134,.T.);
#3259=EDGE_CURVE('',#2584,#2580,#1445,.T.);
#3260=EDGE_CURVE('',#2584,#2583,#135,.T.);
#3261=EDGE_CURVE('',#2584,#2582,#136,.T.);
#3262=EDGE_CURVE('',#2585,#2586,#137,.T.);
#3263=EDGE_CURVE('',#2587,#2585,#1446,.T.);
#3264=EDGE_CURVE('',#2587,#2588,#138,.T.);
#3265=EDGE_CURVE('',#2588,#2586,#1447,.T.);
#3266=EDGE_CURVE('',#2589,#2585,#139,.T.);
#3267=EDGE_CURVE('',#2590,#2589,#1448,.T.);
#3268=EDGE_CURVE('',#2587,#2590,#140,.T.);
#3269=EDGE_CURVE('',#2591,#2589,#141,.T.);
#3270=EDGE_CURVE('',#2592,#2591,#1449,.T.);
#3271=EDGE_CURVE('',#2592,#2590,#142,.T.);
#3272=EDGE_CURVE('',#2586,#2591,#143,.T.);
#3273=EDGE_CURVE('',#2592,#2588,#144,.T.);
#3274=EDGE_CURVE('',#2593,#2594,#145,.T.);
#3275=EDGE_CURVE('',#2595,#2593,#1450,.T.);
#3276=EDGE_CURVE('',#2595,#2596,#146,.T.);
#3277=EDGE_CURVE('',#2596,#2594,#1451,.T.);
#3278=EDGE_CURVE('',#2597,#2593,#147,.T.);
#3279=EDGE_CURVE('',#2598,#2597,#1452,.T.);
#3280=EDGE_CURVE('',#2598,#2595,#148,.T.);
#3281=EDGE_CURVE('',#2599,#2600,#1453,.T.);
#3282=EDGE_CURVE('',#2601,#2599,#149,.T.);
#3283=EDGE_CURVE('',#2602,#2601,#1454,.T.);
#3284=EDGE_CURVE('',#2602,#2600,#150,.T.);
#3285=EDGE_CURVE('',#2603,#2603,#151,.T.);
#3286=EDGE_CURVE('',#2603,#2604,#1455,.T.);
#3287=EDGE_CURVE('',#2604,#2604,#152,.T.);
#3288=EDGE_CURVE('',#2596,#2605,#153,.T.);
#3289=EDGE_CURVE('',#2605,#2598,#154,.T.);
#3290=EDGE_CURVE('',#2606,#2607,#155,.T.);
#3291=EDGE_CURVE('',#2608,#2606,#156,.T.);
#3292=EDGE_CURVE('',#2609,#2608,#157,.T.);
#3293=EDGE_CURVE('',#2607,#2609,#158,.T.);
#3294=EDGE_CURVE('',#2610,#2608,#1456,.T.);
#3295=EDGE_CURVE('',#2610,#2611,#159,.T.);
#3296=EDGE_CURVE('',#2611,#2609,#1457,.T.);
#3297=EDGE_CURVE('',#2611,#2612,#160,.T.);
#3298=EDGE_CURVE('',#2612,#2607,#1458,.T.);
#3299=EDGE_CURVE('',#2613,#2606,#1459,.T.);
#3300=EDGE_CURVE('',#2613,#2610,#161,.T.);
#3301=EDGE_CURVE('',#2612,#2613,#162,.T.);
#3302=EDGE_CURVE('',#2594,#2614,#163,.T.);
#3303=EDGE_CURVE('',#2605,#2614,#1460,.T.);
#3304=EDGE_CURVE('',#2614,#2597,#164,.T.);
#3305=EDGE_CURVE('',#2600,#2602,#165,.T.);
#3306=EDGE_CURVE('',#2615,#2601,#166,.T.);
#3307=EDGE_CURVE('',#2615,#2616,#1461,.T.);
#3308=EDGE_CURVE('',#2617,#2616,#48,.T.);
#3309=EDGE_CURVE('',#2616,#2617,#49,.T.);
#3310=EDGE_CURVE('',#2599,#2615,#167,.T.);
#3311=EDGE_CURVE('',#2618,#2618,#168,.T.);
#3312=EDGE_CURVE('',#2619,#2619,#169,.T.);
#3313=EDGE_CURVE('',#2620,#2620,#170,.T.);
#3314=EDGE_CURVE('',#2621,#2621,#171,.T.);
#3315=EDGE_CURVE('',#2618,#2620,#1462,.T.);
#3316=EDGE_CURVE('',#2622,#2623,#172,.T.);
#3317=EDGE_CURVE('',#2623,#2624,#50,.T.);
#3318=EDGE_CURVE('',#2624,#2625,#1463,.T.);
#3319=EDGE_CURVE('',#2625,#2626,#51,.T.);
#3320=EDGE_CURVE('',#2626,#2627,#173,.T.);
#3321=EDGE_CURVE('',#2627,#2628,#52,.T.);
#3322=EDGE_CURVE('',#2628,#2629,#1464,.T.);
#3323=EDGE_CURVE('',#2629,#2622,#53,.T.);
#3324=EDGE_CURVE('',#2630,#2631,#54,.T.);
#3325=EDGE_CURVE('',#2631,#2630,#55,.T.);
#3326=EDGE_CURVE('',#2632,#2633,#56,.T.);
#3327=EDGE_CURVE('',#2633,#2632,#57,.T.);
#3328=EDGE_CURVE('',#2634,#2635,#58,.T.);
#3329=EDGE_CURVE('',#2635,#2634,#59,.T.);
#3330=EDGE_CURVE('',#2636,#2637,#60,.T.);
#3331=EDGE_CURVE('',#2637,#2636,#61,.T.);
#3332=EDGE_CURVE('',#2619,#2638,#1465,.T.);
#3333=EDGE_CURVE('',#2638,#2639,#174,.T.);
#3334=EDGE_CURVE('',#2639,#2640,#1466,.T.);
#3335=EDGE_CURVE('',#2640,#2641,#175,.T.);
#3336=EDGE_CURVE('',#2641,#2642,#1467,.T.);
#3337=EDGE_CURVE('',#2642,#2643,#176,.T.);
#3338=EDGE_CURVE('',#2643,#2644,#1468,.T.);
#3339=EDGE_CURVE('',#2644,#2645,#177,.T.);
#3340=EDGE_CURVE('',#2645,#2646,#1469,.T.);
#3341=EDGE_CURVE('',#2646,#2647,#178,.T.);
#3342=EDGE_CURVE('',#2647,#2648,#179,.T.);
#3343=EDGE_CURVE('',#2648,#2649,#1470,.T.);
#3344=EDGE_CURVE('',#2649,#2650,#180,.T.);
#3345=EDGE_CURVE('',#2650,#2651,#1471,.T.);
#3346=EDGE_CURVE('',#2651,#2638,#181,.T.);
#3347=EDGE_CURVE('',#2652,#2652,#182,.T.);
#3348=EDGE_CURVE('',#2652,#2621,#1472,.T.);
#3349=EDGE_CURVE('',#2653,#2654,#1473,.T.);
#3350=EDGE_CURVE('',#2654,#2655,#1474,.T.);
#3351=EDGE_CURVE('',#2655,#2656,#1475,.T.);
#3352=EDGE_CURVE('',#2656,#2653,#1476,.T.);
#3353=EDGE_CURVE('',#2657,#2658,#1477,.T.);
#3354=EDGE_CURVE('',#2658,#2659,#1478,.T.);
#3355=EDGE_CURVE('',#2659,#2660,#1479,.T.);
#3356=EDGE_CURVE('',#2660,#2657,#1480,.T.);
#3357=EDGE_CURVE('',#2661,#2662,#1481,.T.);
#3358=EDGE_CURVE('',#2662,#2658,#1482,.T.);
#3359=EDGE_CURVE('',#2661,#2657,#1483,.T.);
#3360=EDGE_CURVE('',#2662,#2663,#1484,.T.);
#3361=EDGE_CURVE('',#2663,#2659,#1485,.T.);
#3362=EDGE_CURVE('',#2663,#2664,#1486,.T.);
#3363=EDGE_CURVE('',#2664,#2660,#1487,.T.);
#3364=EDGE_CURVE('',#2664,#2661,#1488,.T.);
#3365=EDGE_CURVE('',#2665,#2666,#1489,.T.);
#3366=EDGE_CURVE('',#2653,#2665,#1490,.T.);
#3367=EDGE_CURVE('',#2656,#2666,#1491,.T.);
#3368=EDGE_CURVE('',#2667,#2665,#1492,.T.);
#3369=EDGE_CURVE('',#2654,#2667,#1493,.T.);
#3370=EDGE_CURVE('',#2668,#2667,#1494,.T.);
#3371=EDGE_CURVE('',#2655,#2668,#1495,.T.);
#3372=EDGE_CURVE('',#2666,#2668,#1496,.T.);
#3373=EDGE_CURVE('',#2640,#2650,#1497,.T.);
#3374=EDGE_CURVE('',#2649,#2669,#1498,.T.);
#3375=EDGE_CURVE('',#2669,#2670,#1499,.T.);
#3376=EDGE_CURVE('',#2670,#2671,#1500,.T.);
#3377=EDGE_CURVE('',#2671,#2672,#1501,.T.);
#3378=EDGE_CURVE('',#2672,#2673,#1502,.T.);
#3379=EDGE_CURVE('',#2673,#2674,#1503,.T.);
#3380=EDGE_CURVE('',#2674,#2675,#1504,.T.);
#3381=EDGE_CURVE('',#2675,#2676,#1505,.T.);
#3382=EDGE_CURVE('',#2676,#2677,#1506,.T.);
#3383=EDGE_CURVE('',#2677,#2645,#1507,.T.);
#3384=EDGE_CURVE('',#2644,#2678,#1508,.T.);
#3385=EDGE_CURVE('',#2678,#2679,#1509,.T.);
#3386=EDGE_CURVE('',#2679,#2680,#1510,.T.);
#3387=EDGE_CURVE('',#2680,#2681,#1511,.T.);
#3388=EDGE_CURVE('',#2681,#2682,#1512,.T.);
#3389=EDGE_CURVE('',#2682,#2683,#1513,.T.);
#3390=EDGE_CURVE('',#2683,#2684,#1514,.T.);
#3391=EDGE_CURVE('',#2684,#2685,#1515,.T.);
#3392=EDGE_CURVE('',#2685,#2641,#1516,.T.);
#3393=EDGE_CURVE('',#2686,#2678,#1517,.T.);
#3394=EDGE_CURVE('',#2686,#2643,#1518,.T.);
#3395=EDGE_CURVE('',#2679,#2687,#1519,.T.);
#3396=EDGE_CURVE('',#2687,#2686,#1520,.T.);
#3397=EDGE_CURVE('',#2680,#2688,#1521,.T.);
#3398=EDGE_CURVE('',#2688,#2687,#1522,.T.);
#3399=EDGE_CURVE('',#2681,#2689,#1523,.T.);
#3400=EDGE_CURVE('',#2689,#2688,#1524,.T.);
#3401=EDGE_CURVE('',#2682,#2690,#1525,.T.);
#3402=EDGE_CURVE('',#2690,#2689,#1526,.T.);
#3403=EDGE_CURVE('',#2683,#2691,#1527,.T.);
#3404=EDGE_CURVE('',#2691,#2690,#1528,.T.);
#3405=EDGE_CURVE('',#2684,#2692,#1529,.T.);
#3406=EDGE_CURVE('',#2692,#2691,#1530,.T.);
#3407=EDGE_CURVE('',#2685,#2693,#1531,.T.);
#3408=EDGE_CURVE('',#2693,#2692,#1532,.T.);
#3409=EDGE_CURVE('',#2642,#2693,#1533,.T.);
#3410=EDGE_CURVE('',#2677,#2647,#1534,.T.);
#3411=EDGE_CURVE('',#2646,#2647,#1535,.T.);
#3412=EDGE_CURVE('',#2694,#2695,#1536,.T.);
#3413=EDGE_CURVE('',#2695,#2696,#42,.T.);
#3414=EDGE_CURVE('',#2696,#2697,#1537,.T.);
#3415=EDGE_CURVE('',#2697,#2698,#43,.T.);
#3416=EDGE_CURVE('',#2698,#2699,#1538,.T.);
#3417=EDGE_CURVE('',#2699,#2700,#44,.T.);
#3418=EDGE_CURVE('',#2700,#2701,#1539,.T.);
#3419=EDGE_CURVE('',#2701,#2694,#45,.T.);
#3420=EDGE_CURVE('',#2702,#2669,#1540,.T.);
#3421=EDGE_CURVE('',#2702,#2648,#1541,.T.);
#3422=EDGE_CURVE('',#2670,#2703,#1542,.T.);
#3423=EDGE_CURVE('',#2703,#2702,#1543,.T.);
#3424=EDGE_CURVE('',#2671,#2704,#1544,.T.);
#3425=EDGE_CURVE('',#2704,#2703,#1545,.T.);
#3426=EDGE_CURVE('',#2672,#2705,#1546,.T.);
#3427=EDGE_CURVE('',#2705,#2704,#1547,.T.);
#3428=EDGE_CURVE('',#2673,#2706,#1548,.T.);
#3429=EDGE_CURVE('',#2706,#2705,#1549,.T.);
#3430=EDGE_CURVE('',#2674,#2707,#1550,.T.);
#3431=EDGE_CURVE('',#2707,#2706,#1551,.T.);
#3432=EDGE_CURVE('',#2675,#2708,#1552,.T.);
#3433=EDGE_CURVE('',#2708,#2707,#1553,.T.);
#3434=EDGE_CURVE('',#2676,#2709,#1554,.T.);
#3435=EDGE_CURVE('',#2709,#2708,#1555,.T.);
#3436=EDGE_CURVE('',#2647,#2709,#1556,.T.);
#3437=EDGE_CURVE('',#2651,#2639,#1557,.T.);
#3438=EDGE_CURVE('',#2695,#2622,#1558,.T.);
#3439=EDGE_CURVE('',#2696,#2629,#1559,.T.);
#3440=EDGE_CURVE('',#2697,#2628,#1560,.T.);
#3441=EDGE_CURVE('',#2698,#2627,#1561,.T.);
#3442=EDGE_CURVE('',#2694,#2623,#1562,.T.);
#3443=EDGE_CURVE('',#2701,#2624,#1563,.T.);
#3444=EDGE_CURVE('',#2700,#2625,#1564,.T.);
#3445=EDGE_CURVE('',#2699,#2626,#1565,.T.);
#3446=EDGE_CURVE('',#2710,#2710,#183,.T.);
#3447=EDGE_CURVE('',#2711,#2712,#184,.T.);
#3448=EDGE_CURVE('',#2712,#2710,#185,.T.);
#3449=EDGE_CURVE('',#2712,#2711,#186,.T.);
#3450=EDGE_CURVE('',#2637,#2711,#1566,.T.);
#3451=EDGE_CURVE('',#2713,#2713,#187,.T.);
#3452=EDGE_CURVE('',#2714,#2715,#188,.T.);
#3453=EDGE_CURVE('',#2715,#2713,#189,.T.);
#3454=EDGE_CURVE('',#2715,#2714,#190,.T.);
#3455=EDGE_CURVE('',#2635,#2714,#1567,.T.);
#3456=EDGE_CURVE('',#2716,#2716,#191,.T.);
#3457=EDGE_CURVE('',#2717,#2718,#192,.T.);
#3458=EDGE_CURVE('',#2718,#2716,#193,.T.);
#3459=EDGE_CURVE('',#2718,#2717,#194,.T.);
#3460=EDGE_CURVE('',#2633,#2717,#1568,.T.);
#3461=EDGE_CURVE('',#2719,#2719,#195,.T.);
#3462=EDGE_CURVE('',#2720,#2721,#196,.T.);
#3463=EDGE_CURVE('',#2721,#2719,#197,.T.);
#3464=EDGE_CURVE('',#2721,#2720,#198,.T.);
#3465=EDGE_CURVE('',#2631,#2720,#1569,.T.);
#3466=EDGE_CURVE('',#2722,#2723,#17,.T.);
#3467=EDGE_CURVE('',#2722,#2724,#1570,.T.);
#3468=EDGE_CURVE('',#2724,#2725,#18,.T.);
#3469=EDGE_CURVE('',#2723,#2725,#1571,.T.);
#3470=EDGE_CURVE('',#2723,#2722,#19,.T.);
#3471=EDGE_CURVE('',#2725,#2724,#20,.T.);
#3472=EDGE_CURVE('',#2726,#2727,#21,.T.);
#3473=EDGE_CURVE('',#2726,#2728,#1572,.T.);
#3474=EDGE_CURVE('',#2728,#2729,#22,.T.);
#3475=EDGE_CURVE('',#2727,#2729,#1573,.T.);
#3476=EDGE_CURVE('',#2727,#2726,#23,.T.);
#3477=EDGE_CURVE('',#2729,#2728,#24,.T.);
#3478=EDGE_CURVE('',#2730,#2731,#25,.T.);
#3479=EDGE_CURVE('',#2730,#2732,#1574,.T.);
#3480=EDGE_CURVE('',#2732,#2733,#26,.T.);
#3481=EDGE_CURVE('',#2731,#2733,#1575,.T.);
#3482=EDGE_CURVE('',#2734,#2730,#27,.T.);
#3483=EDGE_CURVE('',#2734,#2735,#1576,.T.);
#3484=EDGE_CURVE('',#2735,#2732,#28,.T.);
#3485=EDGE_CURVE('',#2731,#2734,#29,.T.);
#3486=EDGE_CURVE('',#2733,#2735,#30,.T.);
#3487=EDGE_CURVE('',#2736,#2736,#199,.T.);
#3488=EDGE_CURVE('',#2737,#2737,#200,.T.);
#3489=EDGE_CURVE('',#2738,#2739,#1577,.T.);
#3490=EDGE_CURVE('',#2739,#2740,#1578,.T.);
#3491=EDGE_CURVE('',#2740,#2741,#1579,.T.);
#3492=EDGE_CURVE('',#2742,#2741,#1580,.T.);
#3493=EDGE_CURVE('',#2742,#2743,#1581,.T.);
#3494=EDGE_CURVE('',#2743,#2744,#1582,.T.);
#3495=EDGE_CURVE('',#2744,#2745,#1583,.T.);
#3496=EDGE_CURVE('',#2745,#2746,#1584,.T.);
#3497=EDGE_CURVE('',#2746,#2747,#1585,.T.);
#3498=EDGE_CURVE('',#2747,#2748,#1586,.T.);
#3499=EDGE_CURVE('',#2748,#2749,#1587,.T.);
#3500=EDGE_CURVE('',#2749,#2750,#1588,.T.);
#3501=EDGE_CURVE('',#2750,#2751,#1589,.T.);
#3502=EDGE_CURVE('',#2751,#2752,#1590,.T.);
#3503=EDGE_CURVE('',#2752,#2753,#1591,.T.);
#3504=EDGE_CURVE('',#2753,#2754,#1592,.T.);
#3505=EDGE_CURVE('',#2754,#2755,#1593,.T.);
#3506=EDGE_CURVE('',#2755,#2756,#1594,.T.);
#3507=EDGE_CURVE('',#2756,#2757,#1595,.T.);
#3508=EDGE_CURVE('',#2757,#2758,#1596,.T.);
#3509=EDGE_CURVE('',#2758,#2759,#1597,.T.);
#3510=EDGE_CURVE('',#2759,#2760,#1598,.T.);
#3511=EDGE_CURVE('',#2738,#2760,#1599,.T.);
#3512=EDGE_CURVE('',#2736,#2737,#1600,.T.);
#3513=EDGE_CURVE('',#2761,#2762,#1601,.T.);
#3514=EDGE_CURVE('',#2762,#2763,#1602,.T.);
#3515=EDGE_CURVE('',#2763,#2764,#1603,.T.);
#3516=EDGE_CURVE('',#2764,#2761,#1604,.T.);
#3517=EDGE_CURVE('',#2754,#2762,#1605,.T.);
#3518=EDGE_CURVE('',#2763,#2753,#1606,.T.);
#3519=EDGE_CURVE('',#2765,#2752,#1607,.T.);
#3520=EDGE_CURVE('',#2764,#2765,#1608,.T.);
#3521=EDGE_CURVE('',#2766,#2765,#1609,.T.);
#3522=EDGE_CURVE('',#2761,#2766,#1610,.T.);
#3523=EDGE_CURVE('',#2755,#2766,#1611,.T.);
#3524=EDGE_CURVE('',#2767,#2751,#1612,.T.);
#3525=EDGE_CURVE('',#2765,#2767,#1613,.T.);
#3526=EDGE_CURVE('',#2768,#2766,#1614,.T.);
#3527=EDGE_CURVE('',#2768,#2756,#1615,.T.);
#3528=EDGE_CURVE('',#2769,#2770,#1616,.T.);
#3529=EDGE_CURVE('',#2769,#2771,#1617,.T.);
#3530=EDGE_CURVE('',#2772,#2771,#1618,.T.);
#3531=EDGE_CURVE('',#2770,#2772,#1619,.T.);
#3532=EDGE_CURVE('',#2773,#2772,#1620,.T.);
#3533=EDGE_CURVE('',#2771,#2774,#1621,.T.);
#3534=EDGE_CURVE('',#2774,#2773,#1622,.T.);
#3535=EDGE_CURVE('',#2742,#2773,#1623,.T.);
#3536=EDGE_CURVE('',#2743,#2774,#1624,.T.);
#3537=EDGE_CURVE('',#2744,#2769,#1625,.T.);
#3538=EDGE_CURVE('',#2770,#2741,#1626,.T.);
#3539=EDGE_CURVE('',#2775,#2769,#1627,.T.);
#3540=EDGE_CURVE('',#2775,#2745,#1628,.T.);
#3541=EDGE_CURVE('',#2740,#2776,#1629,.T.);
#3542=EDGE_CURVE('',#2770,#2776,#1630,.T.);
#3543=EDGE_CURVE('',#2760,#2777,#1631,.T.);
#3544=EDGE_CURVE('',#2778,#2759,#1632,.T.);
#3545=EDGE_CURVE('',#2777,#2778,#1633,.T.);
#3546=EDGE_CURVE('',#2768,#2779,#1634,.T.);
#3547=EDGE_CURVE('',#2780,#2779,#1635,.T.);
#3548=EDGE_CURVE('',#2780,#2778,#1636,.T.);
#3549=EDGE_CURVE('',#2781,#2748,#1637,.T.);
#3550=EDGE_CURVE('',#2782,#2747,#1638,.T.);
#3551=EDGE_CURVE('',#2781,#2782,#1639,.T.);
#3552=EDGE_CURVE('',#2783,#2775,#1640,.T.);
#3553=EDGE_CURVE('',#2782,#2783,#1641,.T.);
#3554=EDGE_CURVE('',#2777,#2776,#1642,.T.);
#3555=EDGE_CURVE('',#2781,#2767,#1643,.T.);
#3556=EDGE_CURVE('',#2784,#2767,#1644,.T.);
#3557=EDGE_CURVE('',#2785,#2784,#1645,.T.);
#3558=EDGE_CURVE('',#2785,#2781,#1646,.T.);
#3559=EDGE_CURVE('',#2784,#2786,#1647,.T.);
#3560=EDGE_CURVE('',#2786,#2787,#1648,.T.);
#3561=EDGE_CURVE('',#2787,#2785,#1649,.T.);
#3562=EDGE_CURVE('',#2750,#2786,#1650,.T.);
#3563=EDGE_CURVE('',#2787,#2749,#1651,.T.);
#3564=EDGE_CURVE('',#2788,#2789,#1652,.T.);
#3565=EDGE_CURVE('',#2789,#2790,#1653,.T.);
#3566=EDGE_CURVE('',#2790,#2791,#1654,.T.);
#3567=EDGE_CURVE('',#2791,#2788,#1655,.T.);
#3568=EDGE_CURVE('',#2738,#2788,#1656,.T.);
#3569=EDGE_CURVE('',#2739,#2791,#1657,.T.);
#3570=EDGE_CURVE('',#2776,#2790,#1658,.T.);
#3571=EDGE_CURVE('',#2777,#2789,#1659,.T.);
#3572=EDGE_CURVE('',#2792,#2792,#201,.T.);
#3573=EDGE_CURVE('',#2792,#2793,#1660,.T.);
#3574=EDGE_CURVE('',#2793,#2793,#202,.T.);
#3575=EDGE_CURVE('',#2794,#2794,#203,.T.);
#3576=EDGE_CURVE('',#2794,#2795,#1661,.T.);
#3577=EDGE_CURVE('',#2795,#2795,#204,.T.);
#3578=EDGE_CURVE('',#2796,#2796,#205,.T.);
#3579=EDGE_CURVE('',#2796,#2797,#1662,.T.);
#3580=EDGE_CURVE('',#2797,#2797,#206,.T.);
#3581=EDGE_CURVE('',#2798,#2798,#207,.T.);
#3582=EDGE_CURVE('',#2798,#2799,#1663,.T.);
#3583=EDGE_CURVE('',#2799,#2799,#208,.T.);
#3584=EDGE_CURVE('',#2800,#2800,#209,.T.);
#3585=EDGE_CURVE('',#2801,#2802,#210,.T.);
#3586=EDGE_CURVE('',#2801,#2800,#1664,.T.);
#3587=EDGE_CURVE('',#2802,#2801,#211,.T.);
#3588=EDGE_CURVE('',#2803,#2803,#212,.T.);
#3589=EDGE_CURVE('',#2803,#2802,#213,.T.);
#3590=EDGE_CURVE('',#2804,#2804,#214,.T.);
#3591=EDGE_CURVE('',#2805,#2804,#215,.T.);
#3592=EDGE_CURVE('',#2806,#2806,#216,.T.);
#3593=EDGE_CURVE('',#2806,#2807,#1665,.T.);
#3594=EDGE_CURVE('',#2807,#2807,#217,.T.);
#3595=EDGE_CURVE('',#2808,#2808,#218,.T.);
#3596=EDGE_CURVE('',#2808,#2809,#1666,.T.);
#3597=EDGE_CURVE('',#2809,#2809,#219,.T.);
#3598=EDGE_CURVE('',#2810,#2810,#220,.T.);
#3599=EDGE_CURVE('',#2810,#2811,#1667,.T.);
#3600=EDGE_CURVE('',#2811,#2811,#221,.T.);
#3601=EDGE_CURVE('',#2812,#2812,#222,.T.);
#3602=EDGE_CURVE('',#2812,#2813,#1668,.T.);
#3603=EDGE_CURVE('',#2813,#2813,#223,.T.);
#3604=EDGE_CURVE('',#2814,#2814,#224,.T.);
#3605=EDGE_CURVE('',#2815,#2816,#225,.T.);
#3606=EDGE_CURVE('',#2815,#2814,#1669,.T.);
#3607=EDGE_CURVE('',#2816,#2815,#226,.T.);
#3608=EDGE_CURVE('',#2817,#2817,#227,.T.);
#3609=EDGE_CURVE('',#2817,#2816,#228,.T.);
#3610=EDGE_CURVE('',#2818,#2818,#229,.T.);
#3611=EDGE_CURVE('',#2819,#2818,#230,.T.);
#3612=ORIENTED_EDGE('',*,*,#2820,.F.);
#3613=ORIENTED_EDGE('',*,*,#2821,.T.);
#3614=ORIENTED_EDGE('',*,*,#2822,.F.);
#3615=ORIENTED_EDGE('',*,*,#2823,.F.);
#3616=ORIENTED_EDGE('',*,*,#2824,.F.);
#3617=ORIENTED_EDGE('',*,*,#2823,.T.);
#3618=ORIENTED_EDGE('',*,*,#2825,.F.);
#3619=ORIENTED_EDGE('',*,*,#2826,.F.);
#3620=ORIENTED_EDGE('',*,*,#2827,.T.);
#3621=ORIENTED_EDGE('',*,*,#2828,.F.);
#3622=ORIENTED_EDGE('',*,*,#2829,.F.);
#3623=ORIENTED_EDGE('',*,*,#2821,.F.);
#3624=ORIENTED_EDGE('',*,*,#2829,.T.);
#3625=ORIENTED_EDGE('',*,*,#2830,.F.);
#3626=ORIENTED_EDGE('',*,*,#2825,.T.);
#3627=ORIENTED_EDGE('',*,*,#2822,.T.);
#3628=ORIENTED_EDGE('',*,*,#2827,.F.);
#3629=ORIENTED_EDGE('',*,*,#2820,.T.);
#3630=ORIENTED_EDGE('',*,*,#2824,.T.);
#3631=ORIENTED_EDGE('',*,*,#2831,.F.);
#3632=ORIENTED_EDGE('',*,*,#2832,.F.);
#3633=ORIENTED_EDGE('',*,*,#2833,.T.);
#3634=ORIENTED_EDGE('',*,*,#2834,.F.);
#3635=ORIENTED_EDGE('',*,*,#2835,.F.);
#3636=ORIENTED_EDGE('',*,*,#2836,.F.);
#3637=ORIENTED_EDGE('',*,*,#2835,.T.);
#3638=ORIENTED_EDGE('',*,*,#2837,.F.);
#3639=ORIENTED_EDGE('',*,*,#2838,.F.);
#3640=ORIENTED_EDGE('',*,*,#2839,.T.);
#3641=ORIENTED_EDGE('',*,*,#2840,.F.);
#3642=ORIENTED_EDGE('',*,*,#2841,.F.);
#3643=ORIENTED_EDGE('',*,*,#2833,.F.);
#3644=ORIENTED_EDGE('',*,*,#2841,.T.);
#3645=ORIENTED_EDGE('',*,*,#2842,.F.);
#3646=ORIENTED_EDGE('',*,*,#2837,.T.);
#3647=ORIENTED_EDGE('',*,*,#2834,.T.);
#3648=ORIENTED_EDGE('',*,*,#2839,.F.);
#3649=ORIENTED_EDGE('',*,*,#2832,.T.);
#3650=ORIENTED_EDGE('',*,*,#2836,.T.);
#3651=ORIENTED_EDGE('',*,*,#2843,.F.);
#3652=ORIENTED_EDGE('',*,*,#2844,.F.);
#3653=ORIENTED_EDGE('',*,*,#2845,.T.);
#3654=ORIENTED_EDGE('',*,*,#2846,.F.);
#3655=ORIENTED_EDGE('',*,*,#2847,.F.);
#3656=ORIENTED_EDGE('',*,*,#2848,.F.);
#3657=ORIENTED_EDGE('',*,*,#2847,.T.);
#3658=ORIENTED_EDGE('',*,*,#2849,.F.);
#3659=ORIENTED_EDGE('',*,*,#2850,.F.);
#3660=ORIENTED_EDGE('',*,*,#2851,.T.);
#3661=ORIENTED_EDGE('',*,*,#2852,.F.);
#3662=ORIENTED_EDGE('',*,*,#2853,.F.);
#3663=ORIENTED_EDGE('',*,*,#2845,.F.);
#3664=ORIENTED_EDGE('',*,*,#2853,.T.);
#3665=ORIENTED_EDGE('',*,*,#2854,.F.);
#3666=ORIENTED_EDGE('',*,*,#2849,.T.);
#3667=ORIENTED_EDGE('',*,*,#2846,.T.);
#3668=ORIENTED_EDGE('',*,*,#2851,.F.);
#3669=ORIENTED_EDGE('',*,*,#2844,.T.);
#3670=ORIENTED_EDGE('',*,*,#2848,.T.);
#3671=ORIENTED_EDGE('',*,*,#2855,.F.);
#3672=ORIENTED_EDGE('',*,*,#2856,.F.);
#3673=ORIENTED_EDGE('',*,*,#2857,.T.);
#3674=ORIENTED_EDGE('',*,*,#2858,.F.);
#3675=ORIENTED_EDGE('',*,*,#2859,.F.);
#3676=ORIENTED_EDGE('',*,*,#2860,.F.);
#3677=ORIENTED_EDGE('',*,*,#2859,.T.);
#3678=ORIENTED_EDGE('',*,*,#2861,.F.);
#3679=ORIENTED_EDGE('',*,*,#2862,.F.);
#3680=ORIENTED_EDGE('',*,*,#2863,.T.);
#3681=ORIENTED_EDGE('',*,*,#2864,.F.);
#3682=ORIENTED_EDGE('',*,*,#2865,.F.);
#3683=ORIENTED_EDGE('',*,*,#2857,.F.);
#3684=ORIENTED_EDGE('',*,*,#2865,.T.);
#3685=ORIENTED_EDGE('',*,*,#2866,.F.);
#3686=ORIENTED_EDGE('',*,*,#2861,.T.);
#3687=ORIENTED_EDGE('',*,*,#2858,.T.);
#3688=ORIENTED_EDGE('',*,*,#2863,.F.);
#3689=ORIENTED_EDGE('',*,*,#2856,.T.);
#3690=ORIENTED_EDGE('',*,*,#2860,.T.);
#3691=ORIENTED_EDGE('',*,*,#2867,.F.);
#3692=ORIENTED_EDGE('',*,*,#2868,.F.);
#3693=ORIENTED_EDGE('',*,*,#2869,.T.);
#3694=ORIENTED_EDGE('',*,*,#2870,.F.);
#3695=ORIENTED_EDGE('',*,*,#2871,.F.);
#3696=ORIENTED_EDGE('',*,*,#2872,.F.);
#3697=ORIENTED_EDGE('',*,*,#2870,.T.);
#3698=ORIENTED_EDGE('',*,*,#2873,.T.);
#3699=ORIENTED_EDGE('',*,*,#2871,.T.);
#3700=ORIENTED_EDGE('',*,*,#2872,.T.);
#3701=ORIENTED_EDGE('',*,*,#2874,.F.);
#3702=ORIENTED_EDGE('',*,*,#2875,.T.);
#3703=ORIENTED_EDGE('',*,*,#2876,.T.);
#3704=ORIENTED_EDGE('',*,*,#2877,.F.);
#3705=ORIENTED_EDGE('',*,*,#2878,.F.);
#3706=ORIENTED_EDGE('',*,*,#2879,.F.);
#3707=ORIENTED_EDGE('',*,*,#2880,.F.);
#3708=ORIENTED_EDGE('',*,*,#2881,.F.);
#3709=ORIENTED_EDGE('',*,*,#2880,.T.);
#3710=ORIENTED_EDGE('',*,*,#2882,.F.);
#3711=ORIENTED_EDGE('',*,*,#2883,.T.);
#3712=ORIENTED_EDGE('',*,*,#2868,.T.);
#3713=ORIENTED_EDGE('',*,*,#2877,.T.);
#3714=ORIENTED_EDGE('',*,*,#2884,.T.);
#3715=ORIENTED_EDGE('',*,*,#2885,.F.);
#3716=ORIENTED_EDGE('',*,*,#2878,.T.);
#3717=ORIENTED_EDGE('',*,*,#2886,.F.);
#3718=ORIENTED_EDGE('',*,*,#2887,.F.);
#3719=ORIENTED_EDGE('',*,*,#2888,.F.);
#3720=ORIENTED_EDGE('',*,*,#2889,.F.);
#3721=ORIENTED_EDGE('',*,*,#2890,.F.);
#3722=ORIENTED_EDGE('',*,*,#2889,.T.);
#3723=ORIENTED_EDGE('',*,*,#2891,.F.);
#3724=ORIENTED_EDGE('',*,*,#2892,.T.);
#3725=ORIENTED_EDGE('',*,*,#2891,.T.);
#3726=ORIENTED_EDGE('',*,*,#2888,.T.);
#3727=ORIENTED_EDGE('',*,*,#2893,.T.);
#3728=ORIENTED_EDGE('',*,*,#2894,.T.);
#3729=ORIENTED_EDGE('',*,*,#2895,.F.);
#3730=ORIENTED_EDGE('',*,*,#2896,.F.);
#3731=ORIENTED_EDGE('',*,*,#2887,.T.);
#3732=ORIENTED_EDGE('',*,*,#2897,.F.);
#3733=ORIENTED_EDGE('',*,*,#2898,.T.);
#3734=ORIENTED_EDGE('',*,*,#2899,.T.);
#3735=ORIENTED_EDGE('',*,*,#2900,.T.);
#3736=ORIENTED_EDGE('',*,*,#2893,.F.);
#3737=ORIENTED_EDGE('',*,*,#2898,.F.);
#3738=ORIENTED_EDGE('',*,*,#2901,.T.);
#3739=ORIENTED_EDGE('',*,*,#2902,.F.);
#3740=ORIENTED_EDGE('',*,*,#2903,.F.);
#3741=ORIENTED_EDGE('',*,*,#2904,.F.);
#3742=ORIENTED_EDGE('',*,*,#2902,.T.);
#3743=ORIENTED_EDGE('',*,*,#2905,.T.);
#3744=ORIENTED_EDGE('',*,*,#2903,.T.);
#3745=ORIENTED_EDGE('',*,*,#2904,.T.);
#3746=ORIENTED_EDGE('',*,*,#2906,.F.);
#3747=ORIENTED_EDGE('',*,*,#2907,.T.);
#3748=ORIENTED_EDGE('',*,*,#2908,.T.);
#3749=ORIENTED_EDGE('',*,*,#2899,.F.);
#3750=ORIENTED_EDGE('',*,*,#2909,.F.);
#3751=ORIENTED_EDGE('',*,*,#2910,.F.);
#3752=ORIENTED_EDGE('',*,*,#2911,.F.);
#3753=ORIENTED_EDGE('',*,*,#2912,.F.);
#3754=ORIENTED_EDGE('',*,*,#2911,.T.);
#3755=ORIENTED_EDGE('',*,*,#2913,.F.);
#3756=ORIENTED_EDGE('',*,*,#2914,.T.);
#3757=ORIENTED_EDGE('',*,*,#2913,.T.);
#3758=ORIENTED_EDGE('',*,*,#2910,.T.);
#3759=ORIENTED_EDGE('',*,*,#2915,.T.);
#3760=ORIENTED_EDGE('',*,*,#2916,.T.);
#3761=ORIENTED_EDGE('',*,*,#2917,.F.);
#3762=ORIENTED_EDGE('',*,*,#2918,.F.);
#3763=ORIENTED_EDGE('',*,*,#2909,.T.);
#3764=ORIENTED_EDGE('',*,*,#2919,.F.);
#3765=ORIENTED_EDGE('',*,*,#2920,.T.);
#3766=ORIENTED_EDGE('',*,*,#2921,.T.);
#3767=ORIENTED_EDGE('',*,*,#2922,.T.);
#3768=ORIENTED_EDGE('',*,*,#2915,.F.);
#3769=ORIENTED_EDGE('',*,*,#2920,.F.);
#3770=ORIENTED_EDGE('',*,*,#2923,.T.);
#3771=ORIENTED_EDGE('',*,*,#2924,.F.);
#3772=ORIENTED_EDGE('',*,*,#2925,.F.);
#3773=ORIENTED_EDGE('',*,*,#2926,.F.);
#3774=ORIENTED_EDGE('',*,*,#2924,.T.);
#3775=ORIENTED_EDGE('',*,*,#2927,.T.);
#3776=ORIENTED_EDGE('',*,*,#2925,.T.);
#3777=ORIENTED_EDGE('',*,*,#2926,.T.);
#3778=ORIENTED_EDGE('',*,*,#2928,.F.);
#3779=ORIENTED_EDGE('',*,*,#2929,.T.);
#3780=ORIENTED_EDGE('',*,*,#2930,.T.);
#3781=ORIENTED_EDGE('',*,*,#2921,.F.);
#3782=ORIENTED_EDGE('',*,*,#2931,.F.);
#3783=ORIENTED_EDGE('',*,*,#2932,.F.);
#3784=ORIENTED_EDGE('',*,*,#2933,.F.);
#3785=ORIENTED_EDGE('',*,*,#2934,.F.);
#3786=ORIENTED_EDGE('',*,*,#2933,.T.);
#3787=ORIENTED_EDGE('',*,*,#2935,.F.);
#3788=ORIENTED_EDGE('',*,*,#2936,.T.);
#3789=ORIENTED_EDGE('',*,*,#2935,.T.);
#3790=ORIENTED_EDGE('',*,*,#2932,.T.);
#3791=ORIENTED_EDGE('',*,*,#2937,.T.);
#3792=ORIENTED_EDGE('',*,*,#2938,.T.);
#3793=ORIENTED_EDGE('',*,*,#2939,.F.);
#3794=ORIENTED_EDGE('',*,*,#2940,.F.);
#3795=ORIENTED_EDGE('',*,*,#2931,.T.);
#3796=ORIENTED_EDGE('',*,*,#2941,.F.);
#3797=ORIENTED_EDGE('',*,*,#2942,.T.);
#3798=ORIENTED_EDGE('',*,*,#2943,.T.);
#3799=ORIENTED_EDGE('',*,*,#2944,.T.);
#3800=ORIENTED_EDGE('',*,*,#2937,.F.);
#3801=ORIENTED_EDGE('',*,*,#2945,.F.);
#3802=ORIENTED_EDGE('',*,*,#2946,.F.);
#3803=ORIENTED_EDGE('',*,*,#2947,.F.);
#3804=ORIENTED_EDGE('',*,*,#2948,.F.);
#3805=ORIENTED_EDGE('',*,*,#2949,.T.);
#3806=ORIENTED_EDGE('',*,*,#2950,.F.);
#3807=ORIENTED_EDGE('',*,*,#2951,.T.);
#3808=ORIENTED_EDGE('',*,*,#2952,.T.);
#3809=ORIENTED_EDGE('',*,*,#2953,.F.);
#3810=ORIENTED_EDGE('',*,*,#2954,.F.);
#3811=ORIENTED_EDGE('',*,*,#2942,.F.);
#3812=ORIENTED_EDGE('',*,*,#2955,.T.);
#3813=ORIENTED_EDGE('',*,*,#2956,.F.);
#3814=ORIENTED_EDGE('',*,*,#2957,.F.);
#3815=ORIENTED_EDGE('',*,*,#2958,.F.);
#3816=ORIENTED_EDGE('',*,*,#2956,.T.);
#3817=ORIENTED_EDGE('',*,*,#2959,.T.);
#3818=ORIENTED_EDGE('',*,*,#2957,.T.);
#3819=ORIENTED_EDGE('',*,*,#2958,.T.);
#3820=ORIENTED_EDGE('',*,*,#2960,.F.);
#3821=ORIENTED_EDGE('',*,*,#2961,.T.);
#3822=ORIENTED_EDGE('',*,*,#2962,.T.);
#3823=ORIENTED_EDGE('',*,*,#2943,.F.);
#3824=ORIENTED_EDGE('',*,*,#2963,.F.);
#3825=ORIENTED_EDGE('',*,*,#2964,.F.);
#3826=ORIENTED_EDGE('',*,*,#2965,.F.);
#3827=ORIENTED_EDGE('',*,*,#2966,.F.);
#3828=ORIENTED_EDGE('',*,*,#2950,.T.);
#3829=ORIENTED_EDGE('',*,*,#2967,.F.);
#3830=ORIENTED_EDGE('',*,*,#2946,.T.);
#3831=ORIENTED_EDGE('',*,*,#2968,.T.);
#3832=ORIENTED_EDGE('',*,*,#2969,.T.);
#3833=ORIENTED_EDGE('',*,*,#2970,.T.);
#3834=ORIENTED_EDGE('',*,*,#2971,.F.);
#3835=ORIENTED_EDGE('',*,*,#2963,.T.);
#3836=ORIENTED_EDGE('',*,*,#2972,.T.);
#3837=ORIENTED_EDGE('',*,*,#2948,.T.);
#3838=ORIENTED_EDGE('',*,*,#2973,.F.);
#3839=ORIENTED_EDGE('',*,*,#2974,.F.);
#3840=ORIENTED_EDGE('',*,*,#2975,.T.);
#3841=ORIENTED_EDGE('',*,*,#2965,.T.);
#3842=ORIENTED_EDGE('',*,*,#2976,.F.);
#3843=ORIENTED_EDGE('',*,*,#2977,.F.);
#3844=ORIENTED_EDGE('',*,*,#2978,.F.);
#3845=ORIENTED_EDGE('',*,*,#2979,.T.);
#3846=ORIENTED_EDGE('',*,*,#2980,.T.);
#3847=ORIENTED_EDGE('',*,*,#2981,.T.);
#3848=ORIENTED_EDGE('',*,*,#2982,.T.);
#3849=ORIENTED_EDGE('',*,*,#2874,.T.);
#3850=ORIENTED_EDGE('',*,*,#2873,.F.);
#3851=ORIENTED_EDGE('',*,*,#2869,.F.);
#3852=ORIENTED_EDGE('',*,*,#2886,.T.);
#3853=ORIENTED_EDGE('',*,*,#2881,.T.);
#3854=ORIENTED_EDGE('',*,*,#2883,.F.);
#3855=ORIENTED_EDGE('',*,*,#2897,.T.);
#3856=ORIENTED_EDGE('',*,*,#2890,.T.);
#3857=ORIENTED_EDGE('',*,*,#2892,.F.);
#3858=ORIENTED_EDGE('',*,*,#2896,.T.);
#3859=ORIENTED_EDGE('',*,*,#2983,.T.);
#3860=ORIENTED_EDGE('',*,*,#2906,.T.);
#3861=ORIENTED_EDGE('',*,*,#2905,.F.);
#3862=ORIENTED_EDGE('',*,*,#2901,.F.);
#3863=ORIENTED_EDGE('',*,*,#2919,.T.);
#3864=ORIENTED_EDGE('',*,*,#2912,.T.);
#3865=ORIENTED_EDGE('',*,*,#2914,.F.);
#3866=ORIENTED_EDGE('',*,*,#2918,.T.);
#3867=ORIENTED_EDGE('',*,*,#2984,.T.);
#3868=ORIENTED_EDGE('',*,*,#2928,.T.);
#3869=ORIENTED_EDGE('',*,*,#2927,.F.);
#3870=ORIENTED_EDGE('',*,*,#2923,.F.);
#3871=ORIENTED_EDGE('',*,*,#2941,.T.);
#3872=ORIENTED_EDGE('',*,*,#2934,.T.);
#3873=ORIENTED_EDGE('',*,*,#2936,.F.);
#3874=ORIENTED_EDGE('',*,*,#2940,.T.);
#3875=ORIENTED_EDGE('',*,*,#2985,.T.);
#3876=ORIENTED_EDGE('',*,*,#2960,.T.);
#3877=ORIENTED_EDGE('',*,*,#2959,.F.);
#3878=ORIENTED_EDGE('',*,*,#2955,.F.);
#3879=ORIENTED_EDGE('',*,*,#2986,.F.);
#3880=ORIENTED_EDGE('',*,*,#2987,.F.);
#3881=ORIENTED_EDGE('',*,*,#2988,.T.);
#3882=ORIENTED_EDGE('',*,*,#2974,.T.);
#3883=ORIENTED_EDGE('',*,*,#2989,.T.);
#3884=ORIENTED_EDGE('',*,*,#2990,.T.);
#3885=ORIENTED_EDGE('',*,*,#2978,.T.);
#3886=ORIENTED_EDGE('',*,*,#2991,.T.);
#3887=ORIENTED_EDGE('',*,*,#2840,.T.);
#3888=ORIENTED_EDGE('',*,*,#2843,.T.);
#3889=ORIENTED_EDGE('',*,*,#2838,.T.);
#3890=ORIENTED_EDGE('',*,*,#2842,.T.);
#3891=ORIENTED_EDGE('',*,*,#2864,.T.);
#3892=ORIENTED_EDGE('',*,*,#2867,.T.);
#3893=ORIENTED_EDGE('',*,*,#2862,.T.);
#3894=ORIENTED_EDGE('',*,*,#2866,.T.);
#3895=ORIENTED_EDGE('',*,*,#2992,.T.);
#3896=ORIENTED_EDGE('',*,*,#2993,.T.);
#3897=ORIENTED_EDGE('',*,*,#2994,.T.);
#3898=ORIENTED_EDGE('',*,*,#2969,.F.);
#3899=ORIENTED_EDGE('',*,*,#2995,.F.);
#3900=ORIENTED_EDGE('',*,*,#2828,.T.);
#3901=ORIENTED_EDGE('',*,*,#2831,.T.);
#3902=ORIENTED_EDGE('',*,*,#2826,.T.);
#3903=ORIENTED_EDGE('',*,*,#2830,.T.);
#3904=ORIENTED_EDGE('',*,*,#2852,.T.);
#3905=ORIENTED_EDGE('',*,*,#2855,.T.);
#3906=ORIENTED_EDGE('',*,*,#2850,.T.);
#3907=ORIENTED_EDGE('',*,*,#2854,.T.);
#3908=ORIENTED_EDGE('',*,*,#2984,.F.);
#3909=ORIENTED_EDGE('',*,*,#2917,.T.);
#3910=ORIENTED_EDGE('',*,*,#2996,.T.);
#3911=ORIENTED_EDGE('',*,*,#2929,.F.);
#3912=ORIENTED_EDGE('',*,*,#2916,.F.);
#3913=ORIENTED_EDGE('',*,*,#2922,.F.);
#3914=ORIENTED_EDGE('',*,*,#2930,.F.);
#3915=ORIENTED_EDGE('',*,*,#2996,.F.);
#3916=ORIENTED_EDGE('',*,*,#2985,.F.);
#3917=ORIENTED_EDGE('',*,*,#2939,.T.);
#3918=ORIENTED_EDGE('',*,*,#2997,.T.);
#3919=ORIENTED_EDGE('',*,*,#2961,.F.);
#3920=ORIENTED_EDGE('',*,*,#2938,.F.);
#3921=ORIENTED_EDGE('',*,*,#2944,.F.);
#3922=ORIENTED_EDGE('',*,*,#2962,.F.);
#3923=ORIENTED_EDGE('',*,*,#2997,.F.);
#3924=ORIENTED_EDGE('',*,*,#2998,.F.);
#3925=ORIENTED_EDGE('',*,*,#2999,.T.);
#3926=ORIENTED_EDGE('',*,*,#3000,.F.);
#3927=ORIENTED_EDGE('',*,*,#3001,.F.);
#3928=ORIENTED_EDGE('',*,*,#3002,.F.);
#3929=ORIENTED_EDGE('',*,*,#3003,.T.);
#3930=ORIENTED_EDGE('',*,*,#3004,.F.);
#3931=ORIENTED_EDGE('',*,*,#2999,.F.);
#3932=ORIENTED_EDGE('',*,*,#3005,.F.);
#3933=ORIENTED_EDGE('',*,*,#3006,.T.);
#3934=ORIENTED_EDGE('',*,*,#3007,.F.);
#3935=ORIENTED_EDGE('',*,*,#3003,.F.);
#3936=ORIENTED_EDGE('',*,*,#3008,.F.);
#3937=ORIENTED_EDGE('',*,*,#3009,.T.);
#3938=ORIENTED_EDGE('',*,*,#3010,.F.);
#3939=ORIENTED_EDGE('',*,*,#3006,.F.);
#3940=ORIENTED_EDGE('',*,*,#3011,.F.);
#3941=ORIENTED_EDGE('',*,*,#3012,.T.);
#3942=ORIENTED_EDGE('',*,*,#3013,.F.);
#3943=ORIENTED_EDGE('',*,*,#3009,.F.);
#3944=ORIENTED_EDGE('',*,*,#3014,.F.);
#3945=ORIENTED_EDGE('',*,*,#3015,.T.);
#3946=ORIENTED_EDGE('',*,*,#3016,.F.);
#3947=ORIENTED_EDGE('',*,*,#3012,.F.);
#3948=ORIENTED_EDGE('',*,*,#3017,.F.);
#3949=ORIENTED_EDGE('',*,*,#3018,.T.);
#3950=ORIENTED_EDGE('',*,*,#3019,.F.);
#3951=ORIENTED_EDGE('',*,*,#3015,.F.);
#3952=ORIENTED_EDGE('',*,*,#3020,.F.);
#3953=ORIENTED_EDGE('',*,*,#3001,.T.);
#3954=ORIENTED_EDGE('',*,*,#3021,.F.);
#3955=ORIENTED_EDGE('',*,*,#3018,.F.);
#3956=ORIENTED_EDGE('',*,*,#3022,.T.);
#3957=ORIENTED_EDGE('',*,*,#3023,.F.);
#3958=ORIENTED_EDGE('',*,*,#2991,.F.);
#3959=ORIENTED_EDGE('',*,*,#2977,.T.);
#3960=ORIENTED_EDGE('',*,*,#2976,.T.);
#3961=ORIENTED_EDGE('',*,*,#2964,.T.);
#3962=ORIENTED_EDGE('',*,*,#2971,.T.);
#3963=ORIENTED_EDGE('',*,*,#2970,.F.);
#3964=ORIENTED_EDGE('',*,*,#2994,.F.);
#3965=ORIENTED_EDGE('',*,*,#2993,.F.);
#3966=ORIENTED_EDGE('',*,*,#3024,.F.);
#3967=ORIENTED_EDGE('',*,*,#2998,.T.);
#3968=ORIENTED_EDGE('',*,*,#3020,.T.);
#3969=ORIENTED_EDGE('',*,*,#3017,.T.);
#3970=ORIENTED_EDGE('',*,*,#3014,.T.);
#3971=ORIENTED_EDGE('',*,*,#3011,.T.);
#3972=ORIENTED_EDGE('',*,*,#3008,.T.);
#3973=ORIENTED_EDGE('',*,*,#3005,.T.);
#3974=ORIENTED_EDGE('',*,*,#3002,.T.);
#3975=ORIENTED_EDGE('',*,*,#3025,.F.);
#3976=ORIENTED_EDGE('',*,*,#2952,.F.);
#3977=ORIENTED_EDGE('',*,*,#2951,.F.);
#3978=ORIENTED_EDGE('',*,*,#2972,.F.);
#3979=ORIENTED_EDGE('',*,*,#2966,.T.);
#3980=ORIENTED_EDGE('',*,*,#2975,.F.);
#3981=ORIENTED_EDGE('',*,*,#2988,.F.);
#3982=ORIENTED_EDGE('',*,*,#3000,.T.);
#3983=ORIENTED_EDGE('',*,*,#3004,.T.);
#3984=ORIENTED_EDGE('',*,*,#3007,.T.);
#3985=ORIENTED_EDGE('',*,*,#3010,.T.);
#3986=ORIENTED_EDGE('',*,*,#3013,.T.);
#3987=ORIENTED_EDGE('',*,*,#3016,.T.);
#3988=ORIENTED_EDGE('',*,*,#3019,.T.);
#3989=ORIENTED_EDGE('',*,*,#3021,.T.);
#3990=ORIENTED_EDGE('',*,*,#3026,.F.);
#3991=ORIENTED_EDGE('',*,*,#2986,.T.);
#3992=ORIENTED_EDGE('',*,*,#2973,.T.);
#3993=ORIENTED_EDGE('',*,*,#2947,.T.);
#3994=ORIENTED_EDGE('',*,*,#2967,.T.);
#3995=ORIENTED_EDGE('',*,*,#2949,.F.);
#3996=ORIENTED_EDGE('',*,*,#2954,.T.);
#3997=ORIENTED_EDGE('',*,*,#2983,.F.);
#3998=ORIENTED_EDGE('',*,*,#2895,.T.);
#3999=ORIENTED_EDGE('',*,*,#3027,.T.);
#4000=ORIENTED_EDGE('',*,*,#2907,.F.);
#4001=ORIENTED_EDGE('',*,*,#2894,.F.);
#4002=ORIENTED_EDGE('',*,*,#2900,.F.);
#4003=ORIENTED_EDGE('',*,*,#2908,.F.);
#4004=ORIENTED_EDGE('',*,*,#3027,.F.);
#4005=ORIENTED_EDGE('',*,*,#2879,.T.);
#4006=ORIENTED_EDGE('',*,*,#2885,.T.);
#4007=ORIENTED_EDGE('',*,*,#3028,.T.);
#4008=ORIENTED_EDGE('',*,*,#3029,.F.);
#4009=ORIENTED_EDGE('',*,*,#2981,.F.);
#4010=ORIENTED_EDGE('',*,*,#2882,.T.);
#4011=ORIENTED_EDGE('',*,*,#2982,.F.);
#4012=ORIENTED_EDGE('',*,*,#3029,.T.);
#4013=ORIENTED_EDGE('',*,*,#3030,.T.);
#4014=ORIENTED_EDGE('',*,*,#2875,.F.);
#4015=ORIENTED_EDGE('',*,*,#3030,.F.);
#4016=ORIENTED_EDGE('',*,*,#3028,.F.);
#4017=ORIENTED_EDGE('',*,*,#2884,.F.);
#4018=ORIENTED_EDGE('',*,*,#2876,.F.);
#4019=ORIENTED_EDGE('',*,*,#2980,.F.);
#4020=ORIENTED_EDGE('',*,*,#2979,.F.);
#4021=ORIENTED_EDGE('',*,*,#2990,.F.);
#4022=ORIENTED_EDGE('',*,*,#3031,.T.);
#4023=ORIENTED_EDGE('',*,*,#3032,.T.);
#4024=ORIENTED_EDGE('',*,*,#2995,.T.);
#4025=ORIENTED_EDGE('',*,*,#2968,.F.);
#4026=ORIENTED_EDGE('',*,*,#2945,.T.);
#4027=ORIENTED_EDGE('',*,*,#3033,.F.);
#4028=ORIENTED_EDGE('',*,*,#3034,.T.);
#4029=ORIENTED_EDGE('',*,*,#3035,.F.);
#4030=ORIENTED_EDGE('',*,*,#3036,.F.);
#4031=ORIENTED_EDGE('',*,*,#3037,.F.);
#4032=ORIENTED_EDGE('',*,*,#3036,.T.);
#4033=ORIENTED_EDGE('',*,*,#3038,.F.);
#4034=ORIENTED_EDGE('',*,*,#3039,.F.);
#4035=ORIENTED_EDGE('',*,*,#3040,.F.);
#4036=ORIENTED_EDGE('',*,*,#3039,.T.);
#4037=ORIENTED_EDGE('',*,*,#3041,.F.);
#4038=ORIENTED_EDGE('',*,*,#3042,.F.);
#4039=ORIENTED_EDGE('',*,*,#3043,.F.);
#4040=ORIENTED_EDGE('',*,*,#3042,.T.);
#4041=ORIENTED_EDGE('',*,*,#3044,.F.);
#4042=ORIENTED_EDGE('',*,*,#3034,.F.);
#4043=ORIENTED_EDGE('',*,*,#3043,.T.);
#4044=ORIENTED_EDGE('',*,*,#3033,.T.);
#4045=ORIENTED_EDGE('',*,*,#3037,.T.);
#4046=ORIENTED_EDGE('',*,*,#3040,.T.);
#4047=ORIENTED_EDGE('',*,*,#3045,.F.);
#4048=ORIENTED_EDGE('',*,*,#3046,.T.);
#4049=ORIENTED_EDGE('',*,*,#3047,.F.);
#4050=ORIENTED_EDGE('',*,*,#3048,.F.);
#4051=ORIENTED_EDGE('',*,*,#3049,.F.);
#4052=ORIENTED_EDGE('',*,*,#3048,.T.);
#4053=ORIENTED_EDGE('',*,*,#3050,.F.);
#4054=ORIENTED_EDGE('',*,*,#3051,.F.);
#4055=ORIENTED_EDGE('',*,*,#3052,.F.);
#4056=ORIENTED_EDGE('',*,*,#3051,.T.);
#4057=ORIENTED_EDGE('',*,*,#3053,.F.);
#4058=ORIENTED_EDGE('',*,*,#3054,.F.);
#4059=ORIENTED_EDGE('',*,*,#3055,.F.);
#4060=ORIENTED_EDGE('',*,*,#3054,.T.);
#4061=ORIENTED_EDGE('',*,*,#3056,.F.);
#4062=ORIENTED_EDGE('',*,*,#3046,.F.);
#4063=ORIENTED_EDGE('',*,*,#3055,.T.);
#4064=ORIENTED_EDGE('',*,*,#3045,.T.);
#4065=ORIENTED_EDGE('',*,*,#3049,.T.);
#4066=ORIENTED_EDGE('',*,*,#3052,.T.);
#4067=ORIENTED_EDGE('',*,*,#3057,.T.);
#4068=ORIENTED_EDGE('',*,*,#3058,.T.);
#4069=ORIENTED_EDGE('',*,*,#3059,.F.);
#4070=ORIENTED_EDGE('',*,*,#3060,.F.);
#4071=ORIENTED_EDGE('',*,*,#3061,.T.);
#4072=ORIENTED_EDGE('',*,*,#3060,.T.);
#4073=ORIENTED_EDGE('',*,*,#3062,.F.);
#4074=ORIENTED_EDGE('',*,*,#3063,.F.);
#4075=ORIENTED_EDGE('',*,*,#3064,.T.);
#4076=ORIENTED_EDGE('',*,*,#3063,.T.);
#4077=ORIENTED_EDGE('',*,*,#3065,.F.);
#4078=ORIENTED_EDGE('',*,*,#3066,.F.);
#4079=ORIENTED_EDGE('',*,*,#3067,.T.);
#4080=ORIENTED_EDGE('',*,*,#3066,.T.);
#4081=ORIENTED_EDGE('',*,*,#3068,.F.);
#4082=ORIENTED_EDGE('',*,*,#3058,.F.);
#4083=ORIENTED_EDGE('',*,*,#3067,.F.);
#4084=ORIENTED_EDGE('',*,*,#3057,.F.);
#4085=ORIENTED_EDGE('',*,*,#3061,.F.);
#4086=ORIENTED_EDGE('',*,*,#3064,.F.);
#4087=ORIENTED_EDGE('',*,*,#3069,.F.);
#4088=ORIENTED_EDGE('',*,*,#3070,.T.);
#4089=ORIENTED_EDGE('',*,*,#3071,.F.);
#4090=ORIENTED_EDGE('',*,*,#3072,.F.);
#4091=ORIENTED_EDGE('',*,*,#3073,.F.);
#4092=ORIENTED_EDGE('',*,*,#3072,.T.);
#4093=ORIENTED_EDGE('',*,*,#3074,.F.);
#4094=ORIENTED_EDGE('',*,*,#3075,.F.);
#4095=ORIENTED_EDGE('',*,*,#3076,.F.);
#4096=ORIENTED_EDGE('',*,*,#3075,.T.);
#4097=ORIENTED_EDGE('',*,*,#3077,.F.);
#4098=ORIENTED_EDGE('',*,*,#3078,.F.);
#4099=ORIENTED_EDGE('',*,*,#3079,.F.);
#4100=ORIENTED_EDGE('',*,*,#3078,.T.);
#4101=ORIENTED_EDGE('',*,*,#3080,.F.);
#4102=ORIENTED_EDGE('',*,*,#3070,.F.);
#4103=ORIENTED_EDGE('',*,*,#3079,.T.);
#4104=ORIENTED_EDGE('',*,*,#3069,.T.);
#4105=ORIENTED_EDGE('',*,*,#3073,.T.);
#4106=ORIENTED_EDGE('',*,*,#3076,.T.);
#4107=ORIENTED_EDGE('',*,*,#3081,.F.);
#4108=ORIENTED_EDGE('',*,*,#3082,.T.);
#4109=ORIENTED_EDGE('',*,*,#3083,.F.);
#4110=ORIENTED_EDGE('',*,*,#3082,.F.);
#4111=ORIENTED_EDGE('',*,*,#3084,.F.);
#4112=ORIENTED_EDGE('',*,*,#3085,.T.);
#4113=ORIENTED_EDGE('',*,*,#3086,.F.);
#4114=ORIENTED_EDGE('',*,*,#3085,.F.);
#4115=ORIENTED_EDGE('',*,*,#3084,.T.);
#4116=ORIENTED_EDGE('',*,*,#3081,.T.);
#4117=ORIENTED_EDGE('',*,*,#2953,.T.);
#4118=ORIENTED_EDGE('',*,*,#3025,.T.);
#4119=ORIENTED_EDGE('',*,*,#2987,.T.);
#4120=ORIENTED_EDGE('',*,*,#3026,.T.);
#4121=ORIENTED_EDGE('',*,*,#3035,.T.);
#4122=ORIENTED_EDGE('',*,*,#3044,.T.);
#4123=ORIENTED_EDGE('',*,*,#3041,.T.);
#4124=ORIENTED_EDGE('',*,*,#3038,.T.);
#4125=ORIENTED_EDGE('',*,*,#3047,.T.);
#4126=ORIENTED_EDGE('',*,*,#3056,.T.);
#4127=ORIENTED_EDGE('',*,*,#3053,.T.);
#4128=ORIENTED_EDGE('',*,*,#3050,.T.);
#4129=ORIENTED_EDGE('',*,*,#3059,.T.);
#4130=ORIENTED_EDGE('',*,*,#3068,.T.);
#4131=ORIENTED_EDGE('',*,*,#3065,.T.);
#4132=ORIENTED_EDGE('',*,*,#3062,.T.);
#4133=ORIENTED_EDGE('',*,*,#3071,.T.);
#4134=ORIENTED_EDGE('',*,*,#3080,.T.);
#4135=ORIENTED_EDGE('',*,*,#3077,.T.);
#4136=ORIENTED_EDGE('',*,*,#3074,.T.);
#4137=ORIENTED_EDGE('',*,*,#3087,.T.);
#4138=ORIENTED_EDGE('',*,*,#3086,.T.);
#4139=ORIENTED_EDGE('',*,*,#3088,.F.);
#4140=ORIENTED_EDGE('',*,*,#3089,.T.);
#4141=ORIENTED_EDGE('',*,*,#3090,.F.);
#4142=ORIENTED_EDGE('',*,*,#3089,.F.);
#4143=ORIENTED_EDGE('',*,*,#3091,.F.);
#4144=ORIENTED_EDGE('',*,*,#3092,.T.);
#4145=ORIENTED_EDGE('',*,*,#3087,.F.);
#4146=ORIENTED_EDGE('',*,*,#3092,.F.);
#4147=ORIENTED_EDGE('',*,*,#3091,.T.);
#4148=ORIENTED_EDGE('',*,*,#3088,.T.);
#4149=ORIENTED_EDGE('',*,*,#3083,.T.);
#4150=ORIENTED_EDGE('',*,*,#3032,.F.);
#4151=ORIENTED_EDGE('',*,*,#3031,.F.);
#4152=ORIENTED_EDGE('',*,*,#2989,.F.);
#4153=ORIENTED_EDGE('',*,*,#3023,.T.);
#4154=ORIENTED_EDGE('',*,*,#3022,.F.);
#4155=ORIENTED_EDGE('',*,*,#3024,.T.);
#4156=ORIENTED_EDGE('',*,*,#2992,.F.);
#4157=ORIENTED_EDGE('',*,*,#3090,.T.);
#4158=ORIENTED_EDGE('',*,*,#3093,.F.);
#4159=ORIENTED_EDGE('',*,*,#3094,.T.);
#4160=ORIENTED_EDGE('',*,*,#3095,.F.);
#4161=ORIENTED_EDGE('',*,*,#3096,.F.);
#4162=ORIENTED_EDGE('',*,*,#3097,.T.);
#4163=ORIENTED_EDGE('',*,*,#3098,.T.);
#4164=ORIENTED_EDGE('',*,*,#3099,.F.);
#4165=ORIENTED_EDGE('',*,*,#3100,.F.);
#4166=ORIENTED_EDGE('',*,*,#3101,.F.);
#4167=ORIENTED_EDGE('',*,*,#3102,.T.);
#4168=ORIENTED_EDGE('',*,*,#3103,.F.);
#4169=ORIENTED_EDGE('',*,*,#3097,.F.);
#4170=ORIENTED_EDGE('',*,*,#3104,.F.);
#4171=ORIENTED_EDGE('',*,*,#3105,.T.);
#4172=ORIENTED_EDGE('',*,*,#3106,.F.);
#4173=ORIENTED_EDGE('',*,*,#3102,.F.);
#4174=ORIENTED_EDGE('',*,*,#3107,.F.);
#4175=ORIENTED_EDGE('',*,*,#3108,.T.);
#4176=ORIENTED_EDGE('',*,*,#3109,.F.);
#4177=ORIENTED_EDGE('',*,*,#3105,.F.);
#4178=ORIENTED_EDGE('',*,*,#3110,.F.);
#4179=ORIENTED_EDGE('',*,*,#3111,.T.);
#4180=ORIENTED_EDGE('',*,*,#3112,.F.);
#4181=ORIENTED_EDGE('',*,*,#3108,.F.);
#4182=ORIENTED_EDGE('',*,*,#3113,.F.);
#4183=ORIENTED_EDGE('',*,*,#3093,.T.);
#4184=ORIENTED_EDGE('',*,*,#3114,.F.);
#4185=ORIENTED_EDGE('',*,*,#3111,.F.);
#4186=ORIENTED_EDGE('',*,*,#3101,.T.);
#4187=ORIENTED_EDGE('',*,*,#3100,.T.);
#4188=ORIENTED_EDGE('',*,*,#3115,.F.);
#4189=ORIENTED_EDGE('',*,*,#3094,.F.);
#4190=ORIENTED_EDGE('',*,*,#3113,.T.);
#4191=ORIENTED_EDGE('',*,*,#3110,.T.);
#4192=ORIENTED_EDGE('',*,*,#3107,.T.);
#4193=ORIENTED_EDGE('',*,*,#3104,.T.);
#4194=ORIENTED_EDGE('',*,*,#3103,.T.);
#4195=ORIENTED_EDGE('',*,*,#3106,.T.);
#4196=ORIENTED_EDGE('',*,*,#3109,.T.);
#4197=ORIENTED_EDGE('',*,*,#3112,.T.);
#4198=ORIENTED_EDGE('',*,*,#3114,.T.);
#4199=ORIENTED_EDGE('',*,*,#3096,.T.);
#4200=ORIENTED_EDGE('',*,*,#3116,.F.);
#4201=ORIENTED_EDGE('',*,*,#3098,.F.);
#4202=ORIENTED_EDGE('',*,*,#3117,.F.);
#4203=ORIENTED_EDGE('',*,*,#3118,.T.);
#4204=ORIENTED_EDGE('',*,*,#3119,.F.);
#4205=ORIENTED_EDGE('',*,*,#3120,.F.);
#4206=ORIENTED_EDGE('',*,*,#3121,.T.);
#4207=ORIENTED_EDGE('',*,*,#3122,.T.);
#4208=ORIENTED_EDGE('',*,*,#3123,.F.);
#4209=ORIENTED_EDGE('',*,*,#3124,.F.);
#4210=ORIENTED_EDGE('',*,*,#3125,.F.);
#4211=ORIENTED_EDGE('',*,*,#3126,.T.);
#4212=ORIENTED_EDGE('',*,*,#3127,.F.);
#4213=ORIENTED_EDGE('',*,*,#3121,.F.);
#4214=ORIENTED_EDGE('',*,*,#3128,.F.);
#4215=ORIENTED_EDGE('',*,*,#3129,.T.);
#4216=ORIENTED_EDGE('',*,*,#3130,.F.);
#4217=ORIENTED_EDGE('',*,*,#3126,.F.);
#4218=ORIENTED_EDGE('',*,*,#3131,.F.);
#4219=ORIENTED_EDGE('',*,*,#3132,.T.);
#4220=ORIENTED_EDGE('',*,*,#3133,.F.);
#4221=ORIENTED_EDGE('',*,*,#3129,.F.);
#4222=ORIENTED_EDGE('',*,*,#3134,.F.);
#4223=ORIENTED_EDGE('',*,*,#3135,.T.);
#4224=ORIENTED_EDGE('',*,*,#3136,.F.);
#4225=ORIENTED_EDGE('',*,*,#3132,.F.);
#4226=ORIENTED_EDGE('',*,*,#3137,.F.);
#4227=ORIENTED_EDGE('',*,*,#3117,.T.);
#4228=ORIENTED_EDGE('',*,*,#3138,.F.);
#4229=ORIENTED_EDGE('',*,*,#3135,.F.);
#4230=ORIENTED_EDGE('',*,*,#3125,.T.);
#4231=ORIENTED_EDGE('',*,*,#3124,.T.);
#4232=ORIENTED_EDGE('',*,*,#3139,.F.);
#4233=ORIENTED_EDGE('',*,*,#3118,.F.);
#4234=ORIENTED_EDGE('',*,*,#3137,.T.);
#4235=ORIENTED_EDGE('',*,*,#3134,.T.);
#4236=ORIENTED_EDGE('',*,*,#3131,.T.);
#4237=ORIENTED_EDGE('',*,*,#3128,.T.);
#4238=ORIENTED_EDGE('',*,*,#3127,.T.);
#4239=ORIENTED_EDGE('',*,*,#3130,.T.);
#4240=ORIENTED_EDGE('',*,*,#3133,.T.);
#4241=ORIENTED_EDGE('',*,*,#3136,.T.);
#4242=ORIENTED_EDGE('',*,*,#3138,.T.);
#4243=ORIENTED_EDGE('',*,*,#3120,.T.);
#4244=ORIENTED_EDGE('',*,*,#3140,.F.);
#4245=ORIENTED_EDGE('',*,*,#3122,.F.);
#4246=ORIENTED_EDGE('',*,*,#3141,.F.);
#4247=ORIENTED_EDGE('',*,*,#3142,.T.);
#4248=ORIENTED_EDGE('',*,*,#3143,.F.);
#4249=ORIENTED_EDGE('',*,*,#3144,.F.);
#4250=ORIENTED_EDGE('',*,*,#3145,.T.);
#4251=ORIENTED_EDGE('',*,*,#3146,.T.);
#4252=ORIENTED_EDGE('',*,*,#3147,.F.);
#4253=ORIENTED_EDGE('',*,*,#3148,.F.);
#4254=ORIENTED_EDGE('',*,*,#3149,.F.);
#4255=ORIENTED_EDGE('',*,*,#3150,.T.);
#4256=ORIENTED_EDGE('',*,*,#3151,.F.);
#4257=ORIENTED_EDGE('',*,*,#3145,.F.);
#4258=ORIENTED_EDGE('',*,*,#3152,.F.);
#4259=ORIENTED_EDGE('',*,*,#3153,.T.);
#4260=ORIENTED_EDGE('',*,*,#3154,.F.);
#4261=ORIENTED_EDGE('',*,*,#3150,.F.);
#4262=ORIENTED_EDGE('',*,*,#3155,.F.);
#4263=ORIENTED_EDGE('',*,*,#3156,.T.);
#4264=ORIENTED_EDGE('',*,*,#3157,.F.);
#4265=ORIENTED_EDGE('',*,*,#3153,.F.);
#4266=ORIENTED_EDGE('',*,*,#3158,.F.);
#4267=ORIENTED_EDGE('',*,*,#3159,.T.);
#4268=ORIENTED_EDGE('',*,*,#3160,.F.);
#4269=ORIENTED_EDGE('',*,*,#3156,.F.);
#4270=ORIENTED_EDGE('',*,*,#3161,.F.);
#4271=ORIENTED_EDGE('',*,*,#3141,.T.);
#4272=ORIENTED_EDGE('',*,*,#3162,.F.);
#4273=ORIENTED_EDGE('',*,*,#3159,.F.);
#4274=ORIENTED_EDGE('',*,*,#3149,.T.);
#4275=ORIENTED_EDGE('',*,*,#3148,.T.);
#4276=ORIENTED_EDGE('',*,*,#3163,.F.);
#4277=ORIENTED_EDGE('',*,*,#3142,.F.);
#4278=ORIENTED_EDGE('',*,*,#3161,.T.);
#4279=ORIENTED_EDGE('',*,*,#3158,.T.);
#4280=ORIENTED_EDGE('',*,*,#3155,.T.);
#4281=ORIENTED_EDGE('',*,*,#3152,.T.);
#4282=ORIENTED_EDGE('',*,*,#3151,.T.);
#4283=ORIENTED_EDGE('',*,*,#3154,.T.);
#4284=ORIENTED_EDGE('',*,*,#3157,.T.);
#4285=ORIENTED_EDGE('',*,*,#3160,.T.);
#4286=ORIENTED_EDGE('',*,*,#3162,.T.);
#4287=ORIENTED_EDGE('',*,*,#3144,.T.);
#4288=ORIENTED_EDGE('',*,*,#3164,.F.);
#4289=ORIENTED_EDGE('',*,*,#3146,.F.);
#4290=ORIENTED_EDGE('',*,*,#3165,.F.);
#4291=ORIENTED_EDGE('',*,*,#3166,.T.);
#4292=ORIENTED_EDGE('',*,*,#3167,.F.);
#4293=ORIENTED_EDGE('',*,*,#3168,.F.);
#4294=ORIENTED_EDGE('',*,*,#3169,.T.);
#4295=ORIENTED_EDGE('',*,*,#3170,.T.);
#4296=ORIENTED_EDGE('',*,*,#3171,.F.);
#4297=ORIENTED_EDGE('',*,*,#3172,.F.);
#4298=ORIENTED_EDGE('',*,*,#3173,.F.);
#4299=ORIENTED_EDGE('',*,*,#3174,.T.);
#4300=ORIENTED_EDGE('',*,*,#3175,.F.);
#4301=ORIENTED_EDGE('',*,*,#3169,.F.);
#4302=ORIENTED_EDGE('',*,*,#3176,.F.);
#4303=ORIENTED_EDGE('',*,*,#3177,.T.);
#4304=ORIENTED_EDGE('',*,*,#3178,.F.);
#4305=ORIENTED_EDGE('',*,*,#3174,.F.);
#4306=ORIENTED_EDGE('',*,*,#3179,.F.);
#4307=ORIENTED_EDGE('',*,*,#3180,.T.);
#4308=ORIENTED_EDGE('',*,*,#3181,.F.);
#4309=ORIENTED_EDGE('',*,*,#3177,.F.);
#4310=ORIENTED_EDGE('',*,*,#3182,.F.);
#4311=ORIENTED_EDGE('',*,*,#3183,.T.);
#4312=ORIENTED_EDGE('',*,*,#3184,.F.);
#4313=ORIENTED_EDGE('',*,*,#3180,.F.);
#4314=ORIENTED_EDGE('',*,*,#3185,.F.);
#4315=ORIENTED_EDGE('',*,*,#3165,.T.);
#4316=ORIENTED_EDGE('',*,*,#3186,.F.);
#4317=ORIENTED_EDGE('',*,*,#3183,.F.);
#4318=ORIENTED_EDGE('',*,*,#3173,.T.);
#4319=ORIENTED_EDGE('',*,*,#3172,.T.);
#4320=ORIENTED_EDGE('',*,*,#3187,.F.);
#4321=ORIENTED_EDGE('',*,*,#3166,.F.);
#4322=ORIENTED_EDGE('',*,*,#3185,.T.);
#4323=ORIENTED_EDGE('',*,*,#3182,.T.);
#4324=ORIENTED_EDGE('',*,*,#3179,.T.);
#4325=ORIENTED_EDGE('',*,*,#3176,.T.);
#4326=ORIENTED_EDGE('',*,*,#3175,.T.);
#4327=ORIENTED_EDGE('',*,*,#3178,.T.);
#4328=ORIENTED_EDGE('',*,*,#3181,.T.);
#4329=ORIENTED_EDGE('',*,*,#3184,.T.);
#4330=ORIENTED_EDGE('',*,*,#3186,.T.);
#4331=ORIENTED_EDGE('',*,*,#3168,.T.);
#4332=ORIENTED_EDGE('',*,*,#3188,.F.);
#4333=ORIENTED_EDGE('',*,*,#3170,.F.);
#4334=ORIENTED_EDGE('',*,*,#3189,.T.);
#4335=ORIENTED_EDGE('',*,*,#3190,.T.);
#4336=ORIENTED_EDGE('',*,*,#3191,.F.);
#4337=ORIENTED_EDGE('',*,*,#3192,.F.);
#4338=ORIENTED_EDGE('',*,*,#3193,.T.);
#4339=ORIENTED_EDGE('',*,*,#3192,.T.);
#4340=ORIENTED_EDGE('',*,*,#3194,.F.);
#4341=ORIENTED_EDGE('',*,*,#3195,.F.);
#4342=ORIENTED_EDGE('',*,*,#3196,.T.);
#4343=ORIENTED_EDGE('',*,*,#3195,.T.);
#4344=ORIENTED_EDGE('',*,*,#3197,.F.);
#4345=ORIENTED_EDGE('',*,*,#3198,.F.);
#4346=ORIENTED_EDGE('',*,*,#3199,.T.);
#4347=ORIENTED_EDGE('',*,*,#3198,.T.);
#4348=ORIENTED_EDGE('',*,*,#3200,.F.);
#4349=ORIENTED_EDGE('',*,*,#3190,.F.);
#4350=ORIENTED_EDGE('',*,*,#3201,.F.);
#4351=ORIENTED_EDGE('',*,*,#3202,.T.);
#4352=ORIENTED_EDGE('',*,*,#3203,.F.);
#4353=ORIENTED_EDGE('',*,*,#3204,.F.);
#4354=ORIENTED_EDGE('',*,*,#3205,.F.);
#4355=ORIENTED_EDGE('',*,*,#3204,.T.);
#4356=ORIENTED_EDGE('',*,*,#3206,.F.);
#4357=ORIENTED_EDGE('',*,*,#3207,.F.);
#4358=ORIENTED_EDGE('',*,*,#3208,.F.);
#4359=ORIENTED_EDGE('',*,*,#3207,.T.);
#4360=ORIENTED_EDGE('',*,*,#3209,.F.);
#4361=ORIENTED_EDGE('',*,*,#3210,.F.);
#4362=ORIENTED_EDGE('',*,*,#3211,.F.);
#4363=ORIENTED_EDGE('',*,*,#3210,.T.);
#4364=ORIENTED_EDGE('',*,*,#3212,.F.);
#4365=ORIENTED_EDGE('',*,*,#3202,.F.);
#4366=ORIENTED_EDGE('',*,*,#3212,.T.);
#4367=ORIENTED_EDGE('',*,*,#3209,.T.);
#4368=ORIENTED_EDGE('',*,*,#3206,.T.);
#4369=ORIENTED_EDGE('',*,*,#3203,.T.);
#4370=ORIENTED_EDGE('',*,*,#3200,.T.);
#4371=ORIENTED_EDGE('',*,*,#3197,.T.);
#4372=ORIENTED_EDGE('',*,*,#3194,.T.);
#4373=ORIENTED_EDGE('',*,*,#3191,.T.);
#4374=ORIENTED_EDGE('',*,*,#3211,.T.);
#4375=ORIENTED_EDGE('',*,*,#3201,.T.);
#4376=ORIENTED_EDGE('',*,*,#3205,.T.);
#4377=ORIENTED_EDGE('',*,*,#3208,.T.);
#4378=ORIENTED_EDGE('',*,*,#3099,.T.);
#4379=ORIENTED_EDGE('',*,*,#3116,.T.);
#4380=ORIENTED_EDGE('',*,*,#3095,.T.);
#4381=ORIENTED_EDGE('',*,*,#3115,.T.);
#4382=ORIENTED_EDGE('',*,*,#3123,.T.);
#4383=ORIENTED_EDGE('',*,*,#3140,.T.);
#4384=ORIENTED_EDGE('',*,*,#3119,.T.);
#4385=ORIENTED_EDGE('',*,*,#3139,.T.);
#4386=ORIENTED_EDGE('',*,*,#3147,.T.);
#4387=ORIENTED_EDGE('',*,*,#3164,.T.);
#4388=ORIENTED_EDGE('',*,*,#3143,.T.);
#4389=ORIENTED_EDGE('',*,*,#3163,.T.);
#4390=ORIENTED_EDGE('',*,*,#3171,.T.);
#4391=ORIENTED_EDGE('',*,*,#3188,.T.);
#4392=ORIENTED_EDGE('',*,*,#3167,.T.);
#4393=ORIENTED_EDGE('',*,*,#3187,.T.);
#4394=ORIENTED_EDGE('',*,*,#3199,.F.);
#4395=ORIENTED_EDGE('',*,*,#3189,.F.);
#4396=ORIENTED_EDGE('',*,*,#3193,.F.);
#4397=ORIENTED_EDGE('',*,*,#3196,.F.);
#4398=ORIENTED_EDGE('',*,*,#3213,.F.);
#4399=ORIENTED_EDGE('',*,*,#3214,.F.);
#4400=ORIENTED_EDGE('',*,*,#3215,.T.);
#4401=ORIENTED_EDGE('',*,*,#3216,.T.);
#4402=ORIENTED_EDGE('',*,*,#3217,.F.);
#4403=ORIENTED_EDGE('',*,*,#3218,.F.);
#4404=ORIENTED_EDGE('',*,*,#3219,.T.);
#4405=ORIENTED_EDGE('',*,*,#3214,.T.);
#4406=ORIENTED_EDGE('',*,*,#3220,.F.);
#4407=ORIENTED_EDGE('',*,*,#3221,.F.);
#4408=ORIENTED_EDGE('',*,*,#3222,.F.);
#4409=ORIENTED_EDGE('',*,*,#3223,.T.);
#4410=ORIENTED_EDGE('',*,*,#3224,.F.);
#4411=ORIENTED_EDGE('',*,*,#3225,.T.);
#4412=ORIENTED_EDGE('',*,*,#3226,.T.);
#4413=ORIENTED_EDGE('',*,*,#3225,.F.);
#4414=ORIENTED_EDGE('',*,*,#3226,.F.);
#4415=ORIENTED_EDGE('',*,*,#3227,.F.);
#4416=ORIENTED_EDGE('',*,*,#3215,.F.);
#4417=ORIENTED_EDGE('',*,*,#3219,.F.);
#4418=ORIENTED_EDGE('',*,*,#3228,.F.);
#4419=ORIENTED_EDGE('',*,*,#3224,.T.);
#4420=ORIENTED_EDGE('',*,*,#3229,.F.);
#4421=ORIENTED_EDGE('',*,*,#3230,.F.);
#4422=ORIENTED_EDGE('',*,*,#3231,.F.);
#4423=ORIENTED_EDGE('',*,*,#3232,.F.);
#4424=ORIENTED_EDGE('',*,*,#3231,.T.);
#4425=ORIENTED_EDGE('',*,*,#3233,.F.);
#4426=ORIENTED_EDGE('',*,*,#3234,.T.);
#4427=ORIENTED_EDGE('',*,*,#3235,.T.);
#4428=ORIENTED_EDGE('',*,*,#3232,.T.);
#4429=ORIENTED_EDGE('',*,*,#3235,.F.);
#4430=ORIENTED_EDGE('',*,*,#3236,.T.);
#4431=ORIENTED_EDGE('',*,*,#3237,.T.);
#4432=ORIENTED_EDGE('',*,*,#3230,.T.);
#4433=ORIENTED_EDGE('',*,*,#3238,.F.);
#4434=ORIENTED_EDGE('',*,*,#3239,.T.);
#4435=ORIENTED_EDGE('',*,*,#3233,.T.);
#4436=ORIENTED_EDGE('',*,*,#3229,.T.);
#4437=ORIENTED_EDGE('',*,*,#3237,.F.);
#4438=ORIENTED_EDGE('',*,*,#3240,.T.);
#4439=ORIENTED_EDGE('',*,*,#3238,.T.);
#4440=ORIENTED_EDGE('',*,*,#3241,.F.);
#4441=ORIENTED_EDGE('',*,*,#3216,.F.);
#4442=ORIENTED_EDGE('',*,*,#3227,.T.);
#4443=ORIENTED_EDGE('',*,*,#3242,.T.);
#4444=ORIENTED_EDGE('',*,*,#3243,.F.);
#4445=ORIENTED_EDGE('',*,*,#3242,.F.);
#4446=ORIENTED_EDGE('',*,*,#3228,.T.);
#4447=ORIENTED_EDGE('',*,*,#3218,.T.);
#4448=ORIENTED_EDGE('',*,*,#3244,.F.);
#4449=ORIENTED_EDGE('',*,*,#3223,.F.);
#4450=ORIENTED_EDGE('',*,*,#3239,.F.);
#4451=ORIENTED_EDGE('',*,*,#3240,.F.);
#4452=ORIENTED_EDGE('',*,*,#3236,.F.);
#4453=ORIENTED_EDGE('',*,*,#3234,.F.);
#4454=ORIENTED_EDGE('',*,*,#3220,.T.);
#4455=ORIENTED_EDGE('',*,*,#3244,.T.);
#4456=ORIENTED_EDGE('',*,*,#3222,.T.);
#4457=ORIENTED_EDGE('',*,*,#3245,.F.);
#4458=ORIENTED_EDGE('',*,*,#3246,.T.);
#4459=ORIENTED_EDGE('',*,*,#3247,.F.);
#4460=ORIENTED_EDGE('',*,*,#3248,.F.);
#4461=ORIENTED_EDGE('',*,*,#3246,.F.);
#4462=ORIENTED_EDGE('',*,*,#3249,.F.);
#4463=ORIENTED_EDGE('',*,*,#3217,.T.);
#4464=ORIENTED_EDGE('',*,*,#3213,.T.);
#4465=ORIENTED_EDGE('',*,*,#3241,.T.);
#4466=ORIENTED_EDGE('',*,*,#3243,.T.);
#4467=ORIENTED_EDGE('',*,*,#3250,.T.);
#4468=ORIENTED_EDGE('',*,*,#3251,.T.);
#4469=ORIENTED_EDGE('',*,*,#3252,.T.);
#4470=ORIENTED_EDGE('',*,*,#3253,.T.);
#4471=ORIENTED_EDGE('',*,*,#3251,.F.);
#4472=ORIENTED_EDGE('',*,*,#3254,.F.);
#4473=ORIENTED_EDGE('',*,*,#3255,.T.);
#4474=ORIENTED_EDGE('',*,*,#3256,.T.);
#4475=ORIENTED_EDGE('',*,*,#3250,.F.);
#4476=ORIENTED_EDGE('',*,*,#3257,.F.);
#4477=ORIENTED_EDGE('',*,*,#3258,.F.);
#4478=ORIENTED_EDGE('',*,*,#3254,.T.);
#4479=ORIENTED_EDGE('',*,*,#3253,.F.);
#4480=ORIENTED_EDGE('',*,*,#3259,.F.);
#4481=ORIENTED_EDGE('',*,*,#3260,.T.);
#4482=ORIENTED_EDGE('',*,*,#3257,.T.);
#4483=ORIENTED_EDGE('',*,*,#3252,.F.);
#4484=ORIENTED_EDGE('',*,*,#3256,.F.);
#4485=ORIENTED_EDGE('',*,*,#3261,.F.);
#4486=ORIENTED_EDGE('',*,*,#3259,.T.);
#4487=ORIENTED_EDGE('',*,*,#3255,.F.);
#4488=ORIENTED_EDGE('',*,*,#3258,.T.);
#4489=ORIENTED_EDGE('',*,*,#3260,.F.);
#4490=ORIENTED_EDGE('',*,*,#3261,.T.);
#4491=ORIENTED_EDGE('',*,*,#3262,.F.);
#4492=ORIENTED_EDGE('',*,*,#3263,.F.);
#4493=ORIENTED_EDGE('',*,*,#3264,.T.);
#4494=ORIENTED_EDGE('',*,*,#3265,.T.);
#4495=ORIENTED_EDGE('',*,*,#3266,.F.);
#4496=ORIENTED_EDGE('',*,*,#3267,.F.);
#4497=ORIENTED_EDGE('',*,*,#3268,.F.);
#4498=ORIENTED_EDGE('',*,*,#3263,.T.);
#4499=ORIENTED_EDGE('',*,*,#3269,.F.);
#4500=ORIENTED_EDGE('',*,*,#3270,.F.);
#4501=ORIENTED_EDGE('',*,*,#3271,.T.);
#4502=ORIENTED_EDGE('',*,*,#3267,.T.);
#4503=ORIENTED_EDGE('',*,*,#3272,.F.);
#4504=ORIENTED_EDGE('',*,*,#3265,.F.);
#4505=ORIENTED_EDGE('',*,*,#3273,.F.);
#4506=ORIENTED_EDGE('',*,*,#3270,.T.);
#4507=ORIENTED_EDGE('',*,*,#3264,.F.);
#4508=ORIENTED_EDGE('',*,*,#3268,.T.);
#4509=ORIENTED_EDGE('',*,*,#3271,.F.);
#4510=ORIENTED_EDGE('',*,*,#3273,.T.);
#4511=ORIENTED_EDGE('',*,*,#3274,.F.);
#4512=ORIENTED_EDGE('',*,*,#3275,.F.);
#4513=ORIENTED_EDGE('',*,*,#3276,.T.);
#4514=ORIENTED_EDGE('',*,*,#3277,.T.);
#4515=ORIENTED_EDGE('',*,*,#3278,.F.);
#4516=ORIENTED_EDGE('',*,*,#3279,.F.);
#4517=ORIENTED_EDGE('',*,*,#3280,.T.);
#4518=ORIENTED_EDGE('',*,*,#3275,.T.);
#4519=ORIENTED_EDGE('',*,*,#3281,.F.);
#4520=ORIENTED_EDGE('',*,*,#3282,.F.);
#4521=ORIENTED_EDGE('',*,*,#3283,.F.);
#4522=ORIENTED_EDGE('',*,*,#3284,.T.);
#4523=ORIENTED_EDGE('',*,*,#3285,.F.);
#4524=ORIENTED_EDGE('',*,*,#3286,.T.);
#4525=ORIENTED_EDGE('',*,*,#3287,.T.);
#4526=ORIENTED_EDGE('',*,*,#3286,.F.);
#4527=ORIENTED_EDGE('',*,*,#3287,.F.);
#4528=ORIENTED_EDGE('',*,*,#3288,.F.);
#4529=ORIENTED_EDGE('',*,*,#3276,.F.);
#4530=ORIENTED_EDGE('',*,*,#3280,.F.);
#4531=ORIENTED_EDGE('',*,*,#3289,.F.);
#4532=ORIENTED_EDGE('',*,*,#3285,.T.);
#4533=ORIENTED_EDGE('',*,*,#3290,.F.);
#4534=ORIENTED_EDGE('',*,*,#3291,.F.);
#4535=ORIENTED_EDGE('',*,*,#3292,.F.);
#4536=ORIENTED_EDGE('',*,*,#3293,.F.);
#4537=ORIENTED_EDGE('',*,*,#3292,.T.);
#4538=ORIENTED_EDGE('',*,*,#3294,.F.);
#4539=ORIENTED_EDGE('',*,*,#3295,.T.);
#4540=ORIENTED_EDGE('',*,*,#3296,.T.);
#4541=ORIENTED_EDGE('',*,*,#3293,.T.);
#4542=ORIENTED_EDGE('',*,*,#3296,.F.);
#4543=ORIENTED_EDGE('',*,*,#3297,.T.);
#4544=ORIENTED_EDGE('',*,*,#3298,.T.);
#4545=ORIENTED_EDGE('',*,*,#3291,.T.);
#4546=ORIENTED_EDGE('',*,*,#3299,.F.);
#4547=ORIENTED_EDGE('',*,*,#3300,.T.);
#4548=ORIENTED_EDGE('',*,*,#3294,.T.);
#4549=ORIENTED_EDGE('',*,*,#3290,.T.);
#4550=ORIENTED_EDGE('',*,*,#3298,.F.);
#4551=ORIENTED_EDGE('',*,*,#3301,.T.);
#4552=ORIENTED_EDGE('',*,*,#3299,.T.);
#4553=ORIENTED_EDGE('',*,*,#3302,.F.);
#4554=ORIENTED_EDGE('',*,*,#3277,.F.);
#4555=ORIENTED_EDGE('',*,*,#3288,.T.);
#4556=ORIENTED_EDGE('',*,*,#3303,.T.);
#4557=ORIENTED_EDGE('',*,*,#3304,.F.);
#4558=ORIENTED_EDGE('',*,*,#3303,.F.);
#4559=ORIENTED_EDGE('',*,*,#3289,.T.);
#4560=ORIENTED_EDGE('',*,*,#3279,.T.);
#4561=ORIENTED_EDGE('',*,*,#3305,.F.);
#4562=ORIENTED_EDGE('',*,*,#3284,.F.);
#4563=ORIENTED_EDGE('',*,*,#3300,.F.);
#4564=ORIENTED_EDGE('',*,*,#3301,.F.);
#4565=ORIENTED_EDGE('',*,*,#3297,.F.);
#4566=ORIENTED_EDGE('',*,*,#3295,.F.);
#4567=ORIENTED_EDGE('',*,*,#3281,.T.);
#4568=ORIENTED_EDGE('',*,*,#3305,.T.);
#4569=ORIENTED_EDGE('',*,*,#3283,.T.);
#4570=ORIENTED_EDGE('',*,*,#3306,.F.);
#4571=ORIENTED_EDGE('',*,*,#3307,.T.);
#4572=ORIENTED_EDGE('',*,*,#3308,.F.);
#4573=ORIENTED_EDGE('',*,*,#3309,.F.);
#4574=ORIENTED_EDGE('',*,*,#3307,.F.);
#4575=ORIENTED_EDGE('',*,*,#3310,.F.);
#4576=ORIENTED_EDGE('',*,*,#3278,.T.);
#4577=ORIENTED_EDGE('',*,*,#3274,.T.);
#4578=ORIENTED_EDGE('',*,*,#3302,.T.);
#4579=ORIENTED_EDGE('',*,*,#3304,.T.);
#4580=ORIENTED_EDGE('',*,*,#3266,.T.);
#4581=ORIENTED_EDGE('',*,*,#3262,.T.);
#4582=ORIENTED_EDGE('',*,*,#3272,.T.);
#4583=ORIENTED_EDGE('',*,*,#3269,.T.);
#4584=ORIENTED_EDGE('',*,*,#3221,.T.);
#4585=ORIENTED_EDGE('',*,*,#3249,.T.);
#4586=ORIENTED_EDGE('',*,*,#3245,.T.);
#4587=ORIENTED_EDGE('',*,*,#3282,.T.);
#4588=ORIENTED_EDGE('',*,*,#3310,.T.);
#4589=ORIENTED_EDGE('',*,*,#3306,.T.);
#4590=ORIENTED_EDGE('',*,*,#3311,.T.);
#4591=ORIENTED_EDGE('',*,*,#3312,.T.);
#4592=ORIENTED_EDGE('',*,*,#3313,.T.);
#4593=ORIENTED_EDGE('',*,*,#3314,.T.);
#4594=ORIENTED_EDGE('',*,*,#3311,.F.);
#4595=ORIENTED_EDGE('',*,*,#3315,.T.);
#4596=ORIENTED_EDGE('',*,*,#3313,.F.);
#4597=ORIENTED_EDGE('',*,*,#3315,.F.);
#4598=ORIENTED_EDGE('',*,*,#3247,.T.);
#4599=ORIENTED_EDGE('',*,*,#3248,.T.);
#4600=ORIENTED_EDGE('',*,*,#3308,.T.);
#4601=ORIENTED_EDGE('',*,*,#3309,.T.);
#4602=ORIENTED_EDGE('',*,*,#3316,.T.);
#4603=ORIENTED_EDGE('',*,*,#3317,.T.);
#4604=ORIENTED_EDGE('',*,*,#3318,.T.);
#4605=ORIENTED_EDGE('',*,*,#3319,.T.);
#4606=ORIENTED_EDGE('',*,*,#3320,.T.);
#4607=ORIENTED_EDGE('',*,*,#3321,.T.);
#4608=ORIENTED_EDGE('',*,*,#3322,.T.);
#4609=ORIENTED_EDGE('',*,*,#3323,.T.);
#4610=ORIENTED_EDGE('',*,*,#3324,.T.);
#4611=ORIENTED_EDGE('',*,*,#3325,.T.);
#4612=ORIENTED_EDGE('',*,*,#3326,.T.);
#4613=ORIENTED_EDGE('',*,*,#3327,.T.);
#4614=ORIENTED_EDGE('',*,*,#3328,.T.);
#4615=ORIENTED_EDGE('',*,*,#3329,.T.);
#4616=ORIENTED_EDGE('',*,*,#3330,.T.);
#4617=ORIENTED_EDGE('',*,*,#3331,.T.);
#4618=ORIENTED_EDGE('',*,*,#3312,.F.);
#4619=ORIENTED_EDGE('',*,*,#3332,.T.);
#4620=ORIENTED_EDGE('',*,*,#3333,.T.);
#4621=ORIENTED_EDGE('',*,*,#3334,.T.);
#4622=ORIENTED_EDGE('',*,*,#3335,.T.);
#4623=ORIENTED_EDGE('',*,*,#3336,.T.);
#4624=ORIENTED_EDGE('',*,*,#3337,.T.);
#4625=ORIENTED_EDGE('',*,*,#3338,.T.);
#4626=ORIENTED_EDGE('',*,*,#3339,.T.);
#4627=ORIENTED_EDGE('',*,*,#3340,.T.);
#4628=ORIENTED_EDGE('',*,*,#3341,.T.);
#4629=ORIENTED_EDGE('',*,*,#3342,.T.);
#4630=ORIENTED_EDGE('',*,*,#3343,.T.);
#4631=ORIENTED_EDGE('',*,*,#3344,.T.);
#4632=ORIENTED_EDGE('',*,*,#3345,.T.);
#4633=ORIENTED_EDGE('',*,*,#3346,.T.);
#4634=ORIENTED_EDGE('',*,*,#3332,.F.);
#4635=ORIENTED_EDGE('',*,*,#3347,.T.);
#4636=ORIENTED_EDGE('',*,*,#3348,.T.);
#4637=ORIENTED_EDGE('',*,*,#3314,.F.);
#4638=ORIENTED_EDGE('',*,*,#3348,.F.);
#4639=ORIENTED_EDGE('',*,*,#3347,.F.);
#4640=ORIENTED_EDGE('',*,*,#3349,.T.);
#4641=ORIENTED_EDGE('',*,*,#3350,.T.);
#4642=ORIENTED_EDGE('',*,*,#3351,.T.);
#4643=ORIENTED_EDGE('',*,*,#3352,.T.);
#4644=ORIENTED_EDGE('',*,*,#3353,.T.);
#4645=ORIENTED_EDGE('',*,*,#3354,.T.);
#4646=ORIENTED_EDGE('',*,*,#3355,.T.);
#4647=ORIENTED_EDGE('',*,*,#3356,.T.);
#4648=ORIENTED_EDGE('',*,*,#3357,.T.);
#4649=ORIENTED_EDGE('',*,*,#3358,.T.);
#4650=ORIENTED_EDGE('',*,*,#3353,.F.);
#4651=ORIENTED_EDGE('',*,*,#3359,.F.);
#4652=ORIENTED_EDGE('',*,*,#3360,.T.);
#4653=ORIENTED_EDGE('',*,*,#3361,.T.);
#4654=ORIENTED_EDGE('',*,*,#3354,.F.);
#4655=ORIENTED_EDGE('',*,*,#3358,.F.);
#4656=ORIENTED_EDGE('',*,*,#3362,.T.);
#4657=ORIENTED_EDGE('',*,*,#3363,.T.);
#4658=ORIENTED_EDGE('',*,*,#3355,.F.);
#4659=ORIENTED_EDGE('',*,*,#3361,.F.);
#4660=ORIENTED_EDGE('',*,*,#3364,.T.);
#4661=ORIENTED_EDGE('',*,*,#3359,.T.);
#4662=ORIENTED_EDGE('',*,*,#3356,.F.);
#4663=ORIENTED_EDGE('',*,*,#3363,.F.);
#4664=ORIENTED_EDGE('',*,*,#3365,.F.);
#4665=ORIENTED_EDGE('',*,*,#3366,.F.);
#4666=ORIENTED_EDGE('',*,*,#3352,.F.);
#4667=ORIENTED_EDGE('',*,*,#3367,.T.);
#4668=ORIENTED_EDGE('',*,*,#3368,.F.);
#4669=ORIENTED_EDGE('',*,*,#3369,.F.);
#4670=ORIENTED_EDGE('',*,*,#3349,.F.);
#4671=ORIENTED_EDGE('',*,*,#3366,.T.);
#4672=ORIENTED_EDGE('',*,*,#3370,.F.);
#4673=ORIENTED_EDGE('',*,*,#3371,.F.);
#4674=ORIENTED_EDGE('',*,*,#3350,.F.);
#4675=ORIENTED_EDGE('',*,*,#3369,.T.);
#4676=ORIENTED_EDGE('',*,*,#3372,.F.);
#4677=ORIENTED_EDGE('',*,*,#3367,.F.);
#4678=ORIENTED_EDGE('',*,*,#3351,.F.);
#4679=ORIENTED_EDGE('',*,*,#3371,.T.);
#4680=ORIENTED_EDGE('',*,*,#3373,.T.);
#4681=ORIENTED_EDGE('',*,*,#3344,.F.);
#4682=ORIENTED_EDGE('',*,*,#3374,.T.);
#4683=ORIENTED_EDGE('',*,*,#3375,.T.);
#4684=ORIENTED_EDGE('',*,*,#3376,.T.);
#4685=ORIENTED_EDGE('',*,*,#3377,.T.);
#4686=ORIENTED_EDGE('',*,*,#3378,.T.);
#4687=ORIENTED_EDGE('',*,*,#3379,.T.);
#4688=ORIENTED_EDGE('',*,*,#3380,.T.);
#4689=ORIENTED_EDGE('',*,*,#3381,.T.);
#4690=ORIENTED_EDGE('',*,*,#3382,.T.);
#4691=ORIENTED_EDGE('',*,*,#3383,.T.);
#4692=ORIENTED_EDGE('',*,*,#3339,.F.);
#4693=ORIENTED_EDGE('',*,*,#3384,.T.);
#4694=ORIENTED_EDGE('',*,*,#3385,.T.);
#4695=ORIENTED_EDGE('',*,*,#3386,.T.);
#4696=ORIENTED_EDGE('',*,*,#3387,.T.);
#4697=ORIENTED_EDGE('',*,*,#3388,.T.);
#4698=ORIENTED_EDGE('',*,*,#3389,.T.);
#4699=ORIENTED_EDGE('',*,*,#3390,.T.);
#4700=ORIENTED_EDGE('',*,*,#3391,.T.);
#4701=ORIENTED_EDGE('',*,*,#3392,.T.);
#4702=ORIENTED_EDGE('',*,*,#3335,.F.);
#4703=ORIENTED_EDGE('',*,*,#3357,.F.);
#4704=ORIENTED_EDGE('',*,*,#3364,.F.);
#4705=ORIENTED_EDGE('',*,*,#3362,.F.);
#4706=ORIENTED_EDGE('',*,*,#3360,.F.);
#4707=ORIENTED_EDGE('',*,*,#3368,.T.);
#4708=ORIENTED_EDGE('',*,*,#3365,.T.);
#4709=ORIENTED_EDGE('',*,*,#3372,.T.);
#4710=ORIENTED_EDGE('',*,*,#3370,.T.);
#4711=ORIENTED_EDGE('',*,*,#3393,.T.);
#4712=ORIENTED_EDGE('',*,*,#3384,.F.);
#4713=ORIENTED_EDGE('',*,*,#3338,.F.);
#4714=ORIENTED_EDGE('',*,*,#3394,.F.);
#4715=ORIENTED_EDGE('',*,*,#3395,.F.);
#4716=ORIENTED_EDGE('',*,*,#3385,.F.);
#4717=ORIENTED_EDGE('',*,*,#3393,.F.);
#4718=ORIENTED_EDGE('',*,*,#3396,.F.);
#4719=ORIENTED_EDGE('',*,*,#3397,.F.);
#4720=ORIENTED_EDGE('',*,*,#3386,.F.);
#4721=ORIENTED_EDGE('',*,*,#3395,.T.);
#4722=ORIENTED_EDGE('',*,*,#3398,.F.);
#4723=ORIENTED_EDGE('',*,*,#3399,.F.);
#4724=ORIENTED_EDGE('',*,*,#3387,.F.);
#4725=ORIENTED_EDGE('',*,*,#3397,.T.);
#4726=ORIENTED_EDGE('',*,*,#3400,.F.);
#4727=ORIENTED_EDGE('',*,*,#3401,.F.);
#4728=ORIENTED_EDGE('',*,*,#3388,.F.);
#4729=ORIENTED_EDGE('',*,*,#3399,.T.);
#4730=ORIENTED_EDGE('',*,*,#3402,.F.);
#4731=ORIENTED_EDGE('',*,*,#3403,.F.);
#4732=ORIENTED_EDGE('',*,*,#3389,.F.);
#4733=ORIENTED_EDGE('',*,*,#3401,.T.);
#4734=ORIENTED_EDGE('',*,*,#3404,.F.);
#4735=ORIENTED_EDGE('',*,*,#3405,.F.);
#4736=ORIENTED_EDGE('',*,*,#3390,.F.);
#4737=ORIENTED_EDGE('',*,*,#3403,.T.);
#4738=ORIENTED_EDGE('',*,*,#3406,.F.);
#4739=ORIENTED_EDGE('',*,*,#3407,.F.);
#4740=ORIENTED_EDGE('',*,*,#3391,.F.);
#4741=ORIENTED_EDGE('',*,*,#3405,.T.);
#4742=ORIENTED_EDGE('',*,*,#3408,.F.);
#4743=ORIENTED_EDGE('',*,*,#3336,.F.);
#4744=ORIENTED_EDGE('',*,*,#3392,.F.);
#4745=ORIENTED_EDGE('',*,*,#3407,.T.);
#4746=ORIENTED_EDGE('',*,*,#3409,.F.);
#4747=ORIENTED_EDGE('',*,*,#3340,.F.);
#4748=ORIENTED_EDGE('',*,*,#3383,.F.);
#4749=ORIENTED_EDGE('',*,*,#3410,.T.);
#4750=ORIENTED_EDGE('',*,*,#3411,.F.);
#4751=ORIENTED_EDGE('',*,*,#3412,.T.);
#4752=ORIENTED_EDGE('',*,*,#3413,.T.);
#4753=ORIENTED_EDGE('',*,*,#3414,.T.);
#4754=ORIENTED_EDGE('',*,*,#3415,.T.);
#4755=ORIENTED_EDGE('',*,*,#3416,.T.);
#4756=ORIENTED_EDGE('',*,*,#3417,.T.);
#4757=ORIENTED_EDGE('',*,*,#3418,.T.);
#4758=ORIENTED_EDGE('',*,*,#3419,.T.);
#4759=ORIENTED_EDGE('',*,*,#3420,.T.);
#4760=ORIENTED_EDGE('',*,*,#3374,.F.);
#4761=ORIENTED_EDGE('',*,*,#3343,.F.);
#4762=ORIENTED_EDGE('',*,*,#3421,.F.);
#4763=ORIENTED_EDGE('',*,*,#3422,.F.);
#4764=ORIENTED_EDGE('',*,*,#3375,.F.);
#4765=ORIENTED_EDGE('',*,*,#3420,.F.);
#4766=ORIENTED_EDGE('',*,*,#3423,.F.);
#4767=ORIENTED_EDGE('',*,*,#3424,.F.);
#4768=ORIENTED_EDGE('',*,*,#3376,.F.);
#4769=ORIENTED_EDGE('',*,*,#3422,.T.);
#4770=ORIENTED_EDGE('',*,*,#3425,.F.);
#4771=ORIENTED_EDGE('',*,*,#3426,.F.);
#4772=ORIENTED_EDGE('',*,*,#3377,.F.);
#4773=ORIENTED_EDGE('',*,*,#3424,.T.);
#4774=ORIENTED_EDGE('',*,*,#3427,.F.);
#4775=ORIENTED_EDGE('',*,*,#3428,.F.);
#4776=ORIENTED_EDGE('',*,*,#3378,.F.);
#4777=ORIENTED_EDGE('',*,*,#3426,.T.);
#4778=ORIENTED_EDGE('',*,*,#3429,.F.);
#4779=ORIENTED_EDGE('',*,*,#3430,.F.);
#4780=ORIENTED_EDGE('',*,*,#3379,.F.);
#4781=ORIENTED_EDGE('',*,*,#3428,.T.);
#4782=ORIENTED_EDGE('',*,*,#3431,.F.);
#4783=ORIENTED_EDGE('',*,*,#3432,.F.);
#4784=ORIENTED_EDGE('',*,*,#3380,.F.);
#4785=ORIENTED_EDGE('',*,*,#3430,.T.);
#4786=ORIENTED_EDGE('',*,*,#3433,.F.);
#4787=ORIENTED_EDGE('',*,*,#3434,.F.);
#4788=ORIENTED_EDGE('',*,*,#3381,.F.);
#4789=ORIENTED_EDGE('',*,*,#3432,.T.);
#4790=ORIENTED_EDGE('',*,*,#3435,.F.);
#4791=ORIENTED_EDGE('',*,*,#3410,.F.);
#4792=ORIENTED_EDGE('',*,*,#3382,.F.);
#4793=ORIENTED_EDGE('',*,*,#3434,.T.);
#4794=ORIENTED_EDGE('',*,*,#3436,.F.);
#4795=ORIENTED_EDGE('',*,*,#3345,.F.);
#4796=ORIENTED_EDGE('',*,*,#3373,.F.);
#4797=ORIENTED_EDGE('',*,*,#3334,.F.);
#4798=ORIENTED_EDGE('',*,*,#3437,.F.);
#4799=ORIENTED_EDGE('',*,*,#3346,.F.);
#4800=ORIENTED_EDGE('',*,*,#3437,.T.);
#4801=ORIENTED_EDGE('',*,*,#3333,.F.);
#4802=ORIENTED_EDGE('',*,*,#3411,.T.);
#4803=ORIENTED_EDGE('',*,*,#3341,.F.);
#4804=ORIENTED_EDGE('',*,*,#3421,.T.);
#4805=ORIENTED_EDGE('',*,*,#3342,.F.);
#4806=ORIENTED_EDGE('',*,*,#3436,.T.);
#4807=ORIENTED_EDGE('',*,*,#3435,.T.);
#4808=ORIENTED_EDGE('',*,*,#3433,.T.);
#4809=ORIENTED_EDGE('',*,*,#3431,.T.);
#4810=ORIENTED_EDGE('',*,*,#3429,.T.);
#4811=ORIENTED_EDGE('',*,*,#3427,.T.);
#4812=ORIENTED_EDGE('',*,*,#3425,.T.);
#4813=ORIENTED_EDGE('',*,*,#3423,.T.);
#4814=ORIENTED_EDGE('',*,*,#3394,.T.);
#4815=ORIENTED_EDGE('',*,*,#3337,.F.);
#4816=ORIENTED_EDGE('',*,*,#3409,.T.);
#4817=ORIENTED_EDGE('',*,*,#3408,.T.);
#4818=ORIENTED_EDGE('',*,*,#3406,.T.);
#4819=ORIENTED_EDGE('',*,*,#3404,.T.);
#4820=ORIENTED_EDGE('',*,*,#3402,.T.);
#4821=ORIENTED_EDGE('',*,*,#3400,.T.);
#4822=ORIENTED_EDGE('',*,*,#3398,.T.);
#4823=ORIENTED_EDGE('',*,*,#3396,.T.);
#4824=ORIENTED_EDGE('',*,*,#3413,.F.);
#4825=ORIENTED_EDGE('',*,*,#3438,.T.);
#4826=ORIENTED_EDGE('',*,*,#3323,.F.);
#4827=ORIENTED_EDGE('',*,*,#3439,.F.);
#4828=ORIENTED_EDGE('',*,*,#3414,.F.);
#4829=ORIENTED_EDGE('',*,*,#3439,.T.);
#4830=ORIENTED_EDGE('',*,*,#3322,.F.);
#4831=ORIENTED_EDGE('',*,*,#3440,.F.);
#4832=ORIENTED_EDGE('',*,*,#3415,.F.);
#4833=ORIENTED_EDGE('',*,*,#3440,.T.);
#4834=ORIENTED_EDGE('',*,*,#3321,.F.);
#4835=ORIENTED_EDGE('',*,*,#3441,.F.);
#4836=ORIENTED_EDGE('',*,*,#3412,.F.);
#4837=ORIENTED_EDGE('',*,*,#3442,.T.);
#4838=ORIENTED_EDGE('',*,*,#3316,.F.);
#4839=ORIENTED_EDGE('',*,*,#3438,.F.);
#4840=ORIENTED_EDGE('',*,*,#3419,.F.);
#4841=ORIENTED_EDGE('',*,*,#3443,.T.);
#4842=ORIENTED_EDGE('',*,*,#3317,.F.);
#4843=ORIENTED_EDGE('',*,*,#3442,.F.);
#4844=ORIENTED_EDGE('',*,*,#3418,.F.);
#4845=ORIENTED_EDGE('',*,*,#3444,.T.);
#4846=ORIENTED_EDGE('',*,*,#3318,.F.);
#4847=ORIENTED_EDGE('',*,*,#3443,.F.);
#4848=ORIENTED_EDGE('',*,*,#3417,.F.);
#4849=ORIENTED_EDGE('',*,*,#3445,.T.);
#4850=ORIENTED_EDGE('',*,*,#3319,.F.);
#4851=ORIENTED_EDGE('',*,*,#3444,.F.);
#4852=ORIENTED_EDGE('',*,*,#3416,.F.);
#4853=ORIENTED_EDGE('',*,*,#3441,.T.);
#4854=ORIENTED_EDGE('',*,*,#3320,.F.);
#4855=ORIENTED_EDGE('',*,*,#3445,.F.);
#4856=ORIENTED_EDGE('',*,*,#3446,.F.);
#4857=ORIENTED_EDGE('',*,*,#3447,.T.);
#4858=ORIENTED_EDGE('',*,*,#3448,.T.);
#4859=ORIENTED_EDGE('',*,*,#3446,.T.);
#4860=ORIENTED_EDGE('',*,*,#3448,.F.);
#4861=ORIENTED_EDGE('',*,*,#3449,.T.);
#4862=ORIENTED_EDGE('',*,*,#3330,.F.);
#4863=ORIENTED_EDGE('',*,*,#3331,.F.);
#4864=ORIENTED_EDGE('',*,*,#3450,.T.);
#4865=ORIENTED_EDGE('',*,*,#3449,.F.);
#4866=ORIENTED_EDGE('',*,*,#3447,.F.);
#4867=ORIENTED_EDGE('',*,*,#3450,.F.);
#4868=ORIENTED_EDGE('',*,*,#3451,.F.);
#4869=ORIENTED_EDGE('',*,*,#3452,.T.);
#4870=ORIENTED_EDGE('',*,*,#3453,.T.);
#4871=ORIENTED_EDGE('',*,*,#3451,.T.);
#4872=ORIENTED_EDGE('',*,*,#3453,.F.);
#4873=ORIENTED_EDGE('',*,*,#3454,.T.);
#4874=ORIENTED_EDGE('',*,*,#3328,.F.);
#4875=ORIENTED_EDGE('',*,*,#3329,.F.);
#4876=ORIENTED_EDGE('',*,*,#3455,.T.);
#4877=ORIENTED_EDGE('',*,*,#3454,.F.);
#4878=ORIENTED_EDGE('',*,*,#3452,.F.);
#4879=ORIENTED_EDGE('',*,*,#3455,.F.);
#4880=ORIENTED_EDGE('',*,*,#3456,.F.);
#4881=ORIENTED_EDGE('',*,*,#3457,.T.);
#4882=ORIENTED_EDGE('',*,*,#3458,.T.);
#4883=ORIENTED_EDGE('',*,*,#3456,.T.);
#4884=ORIENTED_EDGE('',*,*,#3458,.F.);
#4885=ORIENTED_EDGE('',*,*,#3459,.T.);
#4886=ORIENTED_EDGE('',*,*,#3326,.F.);
#4887=ORIENTED_EDGE('',*,*,#3327,.F.);
#4888=ORIENTED_EDGE('',*,*,#3460,.T.);
#4889=ORIENTED_EDGE('',*,*,#3459,.F.);
#4890=ORIENTED_EDGE('',*,*,#3457,.F.);
#4891=ORIENTED_EDGE('',*,*,#3460,.F.);
#4892=ORIENTED_EDGE('',*,*,#3461,.F.);
#4893=ORIENTED_EDGE('',*,*,#3462,.T.);
#4894=ORIENTED_EDGE('',*,*,#3463,.T.);
#4895=ORIENTED_EDGE('',*,*,#3461,.T.);
#4896=ORIENTED_EDGE('',*,*,#3463,.F.);
#4897=ORIENTED_EDGE('',*,*,#3464,.T.);
#4898=ORIENTED_EDGE('',*,*,#3324,.F.);
#4899=ORIENTED_EDGE('',*,*,#3325,.F.);
#4900=ORIENTED_EDGE('',*,*,#3465,.T.);
#4901=ORIENTED_EDGE('',*,*,#3464,.F.);
#4902=ORIENTED_EDGE('',*,*,#3462,.F.);
#4903=ORIENTED_EDGE('',*,*,#3465,.F.);
#4904=ORIENTED_EDGE('',*,*,#3466,.F.);
#4905=ORIENTED_EDGE('',*,*,#3467,.T.);
#4906=ORIENTED_EDGE('',*,*,#3468,.T.);
#4907=ORIENTED_EDGE('',*,*,#3469,.F.);
#4908=ORIENTED_EDGE('',*,*,#3470,.F.);
#4909=ORIENTED_EDGE('',*,*,#3469,.T.);
#4910=ORIENTED_EDGE('',*,*,#3471,.T.);
#4911=ORIENTED_EDGE('',*,*,#3467,.F.);
#4912=ORIENTED_EDGE('',*,*,#3472,.F.);
#4913=ORIENTED_EDGE('',*,*,#3473,.T.);
#4914=ORIENTED_EDGE('',*,*,#3474,.T.);
#4915=ORIENTED_EDGE('',*,*,#3475,.F.);
#4916=ORIENTED_EDGE('',*,*,#3476,.F.);
#4917=ORIENTED_EDGE('',*,*,#3475,.T.);
#4918=ORIENTED_EDGE('',*,*,#3477,.T.);
#4919=ORIENTED_EDGE('',*,*,#3473,.F.);
#4920=ORIENTED_EDGE('',*,*,#3478,.F.);
#4921=ORIENTED_EDGE('',*,*,#3479,.T.);
#4922=ORIENTED_EDGE('',*,*,#3480,.T.);
#4923=ORIENTED_EDGE('',*,*,#3481,.F.);
#4924=ORIENTED_EDGE('',*,*,#3482,.F.);
#4925=ORIENTED_EDGE('',*,*,#3483,.T.);
#4926=ORIENTED_EDGE('',*,*,#3484,.T.);
#4927=ORIENTED_EDGE('',*,*,#3479,.F.);
#4928=ORIENTED_EDGE('',*,*,#3485,.F.);
#4929=ORIENTED_EDGE('',*,*,#3481,.T.);
#4930=ORIENTED_EDGE('',*,*,#3486,.T.);
#4931=ORIENTED_EDGE('',*,*,#3483,.F.);
#4932=ORIENTED_EDGE('',*,*,#3486,.F.);
#4933=ORIENTED_EDGE('',*,*,#3480,.F.);
#4934=ORIENTED_EDGE('',*,*,#3484,.F.);
#4935=ORIENTED_EDGE('',*,*,#3477,.F.);
#4936=ORIENTED_EDGE('',*,*,#3474,.F.);
#4937=ORIENTED_EDGE('',*,*,#3471,.F.);
#4938=ORIENTED_EDGE('',*,*,#3468,.F.);
#4939=ORIENTED_EDGE('',*,*,#3487,.T.);
#4940=ORIENTED_EDGE('',*,*,#3478,.T.);
#4941=ORIENTED_EDGE('',*,*,#3485,.T.);
#4942=ORIENTED_EDGE('',*,*,#3482,.T.);
#4943=ORIENTED_EDGE('',*,*,#3472,.T.);
#4944=ORIENTED_EDGE('',*,*,#3476,.T.);
#4945=ORIENTED_EDGE('',*,*,#3488,.F.);
#4946=ORIENTED_EDGE('',*,*,#3489,.T.);
#4947=ORIENTED_EDGE('',*,*,#3490,.T.);
#4948=ORIENTED_EDGE('',*,*,#3491,.T.);
#4949=ORIENTED_EDGE('',*,*,#3492,.F.);
#4950=ORIENTED_EDGE('',*,*,#3493,.T.);
#4951=ORIENTED_EDGE('',*,*,#3494,.T.);
#4952=ORIENTED_EDGE('',*,*,#3495,.T.);
#4953=ORIENTED_EDGE('',*,*,#3496,.T.);
#4954=ORIENTED_EDGE('',*,*,#3497,.T.);
#4955=ORIENTED_EDGE('',*,*,#3498,.T.);
#4956=ORIENTED_EDGE('',*,*,#3499,.T.);
#4957=ORIENTED_EDGE('',*,*,#3500,.T.);
#4958=ORIENTED_EDGE('',*,*,#3501,.T.);
#4959=ORIENTED_EDGE('',*,*,#3502,.T.);
#4960=ORIENTED_EDGE('',*,*,#3503,.T.);
#4961=ORIENTED_EDGE('',*,*,#3504,.T.);
#4962=ORIENTED_EDGE('',*,*,#3505,.T.);
#4963=ORIENTED_EDGE('',*,*,#3506,.T.);
#4964=ORIENTED_EDGE('',*,*,#3507,.T.);
#4965=ORIENTED_EDGE('',*,*,#3508,.T.);
#4966=ORIENTED_EDGE('',*,*,#3509,.T.);
#4967=ORIENTED_EDGE('',*,*,#3510,.T.);
#4968=ORIENTED_EDGE('',*,*,#3511,.F.);
#4969=ORIENTED_EDGE('',*,*,#3487,.F.);
#4970=ORIENTED_EDGE('',*,*,#3512,.T.);
#4971=ORIENTED_EDGE('',*,*,#3488,.T.);
#4972=ORIENTED_EDGE('',*,*,#3512,.F.);
#4973=ORIENTED_EDGE('',*,*,#3466,.T.);
#4974=ORIENTED_EDGE('',*,*,#3470,.T.);
#4975=ORIENTED_EDGE('',*,*,#3513,.T.);
#4976=ORIENTED_EDGE('',*,*,#3514,.T.);
#4977=ORIENTED_EDGE('',*,*,#3515,.T.);
#4978=ORIENTED_EDGE('',*,*,#3516,.T.);
#4979=ORIENTED_EDGE('',*,*,#3517,.F.);
#4980=ORIENTED_EDGE('',*,*,#3504,.F.);
#4981=ORIENTED_EDGE('',*,*,#3518,.F.);
#4982=ORIENTED_EDGE('',*,*,#3514,.F.);
#4983=ORIENTED_EDGE('',*,*,#3518,.T.);
#4984=ORIENTED_EDGE('',*,*,#3503,.F.);
#4985=ORIENTED_EDGE('',*,*,#3519,.F.);
#4986=ORIENTED_EDGE('',*,*,#3520,.F.);
#4987=ORIENTED_EDGE('',*,*,#3515,.F.);
#4988=ORIENTED_EDGE('',*,*,#3521,.F.);
#4989=ORIENTED_EDGE('',*,*,#3522,.F.);
#4990=ORIENTED_EDGE('',*,*,#3516,.F.);
#4991=ORIENTED_EDGE('',*,*,#3520,.T.);
#4992=ORIENTED_EDGE('',*,*,#3522,.T.);
#4993=ORIENTED_EDGE('',*,*,#3523,.F.);
#4994=ORIENTED_EDGE('',*,*,#3505,.F.);
#4995=ORIENTED_EDGE('',*,*,#3517,.T.);
#4996=ORIENTED_EDGE('',*,*,#3513,.F.);
#4997=ORIENTED_EDGE('',*,*,#3519,.T.);
#4998=ORIENTED_EDGE('',*,*,#3502,.F.);
#4999=ORIENTED_EDGE('',*,*,#3524,.F.);
#5000=ORIENTED_EDGE('',*,*,#3525,.F.);
#5001=ORIENTED_EDGE('',*,*,#3523,.T.);
#5002=ORIENTED_EDGE('',*,*,#3526,.F.);
#5003=ORIENTED_EDGE('',*,*,#3527,.T.);
#5004=ORIENTED_EDGE('',*,*,#3506,.F.);
#5005=ORIENTED_EDGE('',*,*,#3528,.F.);
#5006=ORIENTED_EDGE('',*,*,#3529,.T.);
#5007=ORIENTED_EDGE('',*,*,#3530,.F.);
#5008=ORIENTED_EDGE('',*,*,#3531,.F.);
#5009=ORIENTED_EDGE('',*,*,#3532,.T.);
#5010=ORIENTED_EDGE('',*,*,#3530,.T.);
#5011=ORIENTED_EDGE('',*,*,#3533,.T.);
#5012=ORIENTED_EDGE('',*,*,#3534,.T.);
#5013=ORIENTED_EDGE('',*,*,#3493,.F.);
#5014=ORIENTED_EDGE('',*,*,#3535,.T.);
#5015=ORIENTED_EDGE('',*,*,#3534,.F.);
#5016=ORIENTED_EDGE('',*,*,#3536,.F.);
#5017=ORIENTED_EDGE('',*,*,#3494,.F.);
#5018=ORIENTED_EDGE('',*,*,#3536,.T.);
#5019=ORIENTED_EDGE('',*,*,#3533,.F.);
#5020=ORIENTED_EDGE('',*,*,#3529,.F.);
#5021=ORIENTED_EDGE('',*,*,#3537,.F.);
#5022=ORIENTED_EDGE('',*,*,#3492,.T.);
#5023=ORIENTED_EDGE('',*,*,#3538,.F.);
#5024=ORIENTED_EDGE('',*,*,#3531,.T.);
#5025=ORIENTED_EDGE('',*,*,#3532,.F.);
#5026=ORIENTED_EDGE('',*,*,#3535,.F.);
#5027=ORIENTED_EDGE('',*,*,#3537,.T.);
#5028=ORIENTED_EDGE('',*,*,#3539,.F.);
#5029=ORIENTED_EDGE('',*,*,#3540,.T.);
#5030=ORIENTED_EDGE('',*,*,#3495,.F.);
#5031=ORIENTED_EDGE('',*,*,#3538,.T.);
#5032=ORIENTED_EDGE('',*,*,#3491,.F.);
#5033=ORIENTED_EDGE('',*,*,#3541,.T.);
#5034=ORIENTED_EDGE('',*,*,#3542,.F.);
#5035=ORIENTED_EDGE('',*,*,#3543,.F.);
#5036=ORIENTED_EDGE('',*,*,#3510,.F.);
#5037=ORIENTED_EDGE('',*,*,#3544,.F.);
#5038=ORIENTED_EDGE('',*,*,#3545,.F.);
#5039=ORIENTED_EDGE('',*,*,#3546,.T.);
#5040=ORIENTED_EDGE('',*,*,#3547,.F.);
#5041=ORIENTED_EDGE('',*,*,#3548,.T.);
#5042=ORIENTED_EDGE('',*,*,#3544,.T.);
#5043=ORIENTED_EDGE('',*,*,#3509,.F.);
#5044=ORIENTED_EDGE('',*,*,#3508,.F.);
#5045=ORIENTED_EDGE('',*,*,#3507,.F.);
#5046=ORIENTED_EDGE('',*,*,#3527,.F.);
#5047=ORIENTED_EDGE('',*,*,#3549,.T.);
#5048=ORIENTED_EDGE('',*,*,#3498,.F.);
#5049=ORIENTED_EDGE('',*,*,#3550,.F.);
#5050=ORIENTED_EDGE('',*,*,#3551,.F.);
#5051=ORIENTED_EDGE('',*,*,#3552,.F.);
#5052=ORIENTED_EDGE('',*,*,#3553,.F.);
#5053=ORIENTED_EDGE('',*,*,#3550,.T.);
#5054=ORIENTED_EDGE('',*,*,#3497,.F.);
#5055=ORIENTED_EDGE('',*,*,#3496,.F.);
#5056=ORIENTED_EDGE('',*,*,#3540,.F.);
#5057=ORIENTED_EDGE('',*,*,#3552,.T.);
#5058=ORIENTED_EDGE('',*,*,#3539,.T.);
#5059=ORIENTED_EDGE('',*,*,#3528,.T.);
#5060=ORIENTED_EDGE('',*,*,#3542,.T.);
#5061=ORIENTED_EDGE('',*,*,#3554,.F.);
#5062=ORIENTED_EDGE('',*,*,#3545,.T.);
#5063=ORIENTED_EDGE('',*,*,#3548,.F.);
#5064=ORIENTED_EDGE('',*,*,#3547,.T.);
#5065=ORIENTED_EDGE('',*,*,#3546,.F.);
#5066=ORIENTED_EDGE('',*,*,#3526,.T.);
#5067=ORIENTED_EDGE('',*,*,#3521,.T.);
#5068=ORIENTED_EDGE('',*,*,#3525,.T.);
#5069=ORIENTED_EDGE('',*,*,#3555,.F.);
#5070=ORIENTED_EDGE('',*,*,#3551,.T.);
#5071=ORIENTED_EDGE('',*,*,#3553,.T.);
#5072=ORIENTED_EDGE('',*,*,#3555,.T.);
#5073=ORIENTED_EDGE('',*,*,#3556,.F.);
#5074=ORIENTED_EDGE('',*,*,#3557,.F.);
#5075=ORIENTED_EDGE('',*,*,#3558,.T.);
#5076=ORIENTED_EDGE('',*,*,#3559,.T.);
#5077=ORIENTED_EDGE('',*,*,#3560,.T.);
#5078=ORIENTED_EDGE('',*,*,#3561,.T.);
#5079=ORIENTED_EDGE('',*,*,#3557,.T.);
#5080=ORIENTED_EDGE('',*,*,#3562,.F.);
#5081=ORIENTED_EDGE('',*,*,#3500,.F.);
#5082=ORIENTED_EDGE('',*,*,#3563,.F.);
#5083=ORIENTED_EDGE('',*,*,#3560,.F.);
#5084=ORIENTED_EDGE('',*,*,#3563,.T.);
#5085=ORIENTED_EDGE('',*,*,#3499,.F.);
#5086=ORIENTED_EDGE('',*,*,#3549,.F.);
#5087=ORIENTED_EDGE('',*,*,#3558,.F.);
#5088=ORIENTED_EDGE('',*,*,#3561,.F.);
#5089=ORIENTED_EDGE('',*,*,#3556,.T.);
#5090=ORIENTED_EDGE('',*,*,#3524,.T.);
#5091=ORIENTED_EDGE('',*,*,#3501,.F.);
#5092=ORIENTED_EDGE('',*,*,#3562,.T.);
#5093=ORIENTED_EDGE('',*,*,#3559,.F.);
#5094=ORIENTED_EDGE('',*,*,#3564,.T.);
#5095=ORIENTED_EDGE('',*,*,#3565,.T.);
#5096=ORIENTED_EDGE('',*,*,#3566,.T.);
#5097=ORIENTED_EDGE('',*,*,#3567,.T.);
#5098=ORIENTED_EDGE('',*,*,#3489,.F.);
#5099=ORIENTED_EDGE('',*,*,#3568,.T.);
#5100=ORIENTED_EDGE('',*,*,#3567,.F.);
#5101=ORIENTED_EDGE('',*,*,#3569,.F.);
#5102=ORIENTED_EDGE('',*,*,#3490,.F.);
#5103=ORIENTED_EDGE('',*,*,#3569,.T.);
#5104=ORIENTED_EDGE('',*,*,#3566,.F.);
#5105=ORIENTED_EDGE('',*,*,#3570,.F.);
#5106=ORIENTED_EDGE('',*,*,#3541,.F.);
#5107=ORIENTED_EDGE('',*,*,#3554,.T.);
#5108=ORIENTED_EDGE('',*,*,#3570,.T.);
#5109=ORIENTED_EDGE('',*,*,#3565,.F.);
#5110=ORIENTED_EDGE('',*,*,#3571,.F.);
#5111=ORIENTED_EDGE('',*,*,#3511,.T.);
#5112=ORIENTED_EDGE('',*,*,#3543,.T.);
#5113=ORIENTED_EDGE('',*,*,#3571,.T.);
#5114=ORIENTED_EDGE('',*,*,#3564,.F.);
#5115=ORIENTED_EDGE('',*,*,#3568,.F.);
#5116=ORIENTED_EDGE('',*,*,#3572,.F.);
#5117=ORIENTED_EDGE('',*,*,#3573,.T.);
#5118=ORIENTED_EDGE('',*,*,#3574,.F.);
#5119=ORIENTED_EDGE('',*,*,#3573,.F.);
#5120=ORIENTED_EDGE('',*,*,#3575,.F.);
#5121=ORIENTED_EDGE('',*,*,#3576,.T.);
#5122=ORIENTED_EDGE('',*,*,#3577,.T.);
#5123=ORIENTED_EDGE('',*,*,#3576,.F.);
#5124=ORIENTED_EDGE('',*,*,#3575,.T.);
#5125=ORIENTED_EDGE('',*,*,#3577,.F.);
#5126=ORIENTED_EDGE('',*,*,#3572,.T.);
#5127=ORIENTED_EDGE('',*,*,#3578,.F.);
#5128=ORIENTED_EDGE('',*,*,#3579,.T.);
#5129=ORIENTED_EDGE('',*,*,#3580,.F.);
#5130=ORIENTED_EDGE('',*,*,#3579,.F.);
#5131=ORIENTED_EDGE('',*,*,#3581,.F.);
#5132=ORIENTED_EDGE('',*,*,#3582,.T.);
#5133=ORIENTED_EDGE('',*,*,#3583,.T.);
#5134=ORIENTED_EDGE('',*,*,#3582,.F.);
#5135=ORIENTED_EDGE('',*,*,#3581,.T.);
#5136=ORIENTED_EDGE('',*,*,#3583,.F.);
#5137=ORIENTED_EDGE('',*,*,#3578,.T.);
#5138=ORIENTED_EDGE('',*,*,#3584,.F.);
#5139=ORIENTED_EDGE('',*,*,#3574,.T.);
#5140=ORIENTED_EDGE('',*,*,#3580,.T.);
#5141=ORIENTED_EDGE('',*,*,#3585,.F.);
#5142=ORIENTED_EDGE('',*,*,#3586,.T.);
#5143=ORIENTED_EDGE('',*,*,#3584,.T.);
#5144=ORIENTED_EDGE('',*,*,#3586,.F.);
#5145=ORIENTED_EDGE('',*,*,#3587,.F.);
#5146=ORIENTED_EDGE('',*,*,#3588,.F.);
#5147=ORIENTED_EDGE('',*,*,#3589,.T.);
#5148=ORIENTED_EDGE('',*,*,#3587,.T.);
#5149=ORIENTED_EDGE('',*,*,#3585,.T.);
#5150=ORIENTED_EDGE('',*,*,#3589,.F.);
#5151=ORIENTED_EDGE('',*,*,#3590,.F.);
#5152=ORIENTED_EDGE('',*,*,#3588,.T.);
#5153=ORIENTED_EDGE('',*,*,#3590,.T.);
#5154=ORIENTED_EDGE('',*,*,#3591,.F.);
#5155=ORIENTED_EDGE('',*,*,#3591,.T.);
#5156=ORIENTED_EDGE('',*,*,#3592,.F.);
#5157=ORIENTED_EDGE('',*,*,#3593,.T.);
#5158=ORIENTED_EDGE('',*,*,#3594,.F.);
#5159=ORIENTED_EDGE('',*,*,#3593,.F.);
#5160=ORIENTED_EDGE('',*,*,#3595,.F.);
#5161=ORIENTED_EDGE('',*,*,#3596,.T.);
#5162=ORIENTED_EDGE('',*,*,#3597,.T.);
#5163=ORIENTED_EDGE('',*,*,#3596,.F.);
#5164=ORIENTED_EDGE('',*,*,#3595,.T.);
#5165=ORIENTED_EDGE('',*,*,#3597,.F.);
#5166=ORIENTED_EDGE('',*,*,#3592,.T.);
#5167=ORIENTED_EDGE('',*,*,#3598,.F.);
#5168=ORIENTED_EDGE('',*,*,#3599,.T.);
#5169=ORIENTED_EDGE('',*,*,#3600,.F.);
#5170=ORIENTED_EDGE('',*,*,#3599,.F.);
#5171=ORIENTED_EDGE('',*,*,#3601,.F.);
#5172=ORIENTED_EDGE('',*,*,#3602,.T.);
#5173=ORIENTED_EDGE('',*,*,#3603,.T.);
#5174=ORIENTED_EDGE('',*,*,#3602,.F.);
#5175=ORIENTED_EDGE('',*,*,#3601,.T.);
#5176=ORIENTED_EDGE('',*,*,#3603,.F.);
#5177=ORIENTED_EDGE('',*,*,#3598,.T.);
#5178=ORIENTED_EDGE('',*,*,#3604,.F.);
#5179=ORIENTED_EDGE('',*,*,#3594,.T.);
#5180=ORIENTED_EDGE('',*,*,#3600,.T.);
#5181=ORIENTED_EDGE('',*,*,#3605,.F.);
#5182=ORIENTED_EDGE('',*,*,#3606,.T.);
#5183=ORIENTED_EDGE('',*,*,#3604,.T.);
#5184=ORIENTED_EDGE('',*,*,#3606,.F.);
#5185=ORIENTED_EDGE('',*,*,#3607,.F.);
#5186=ORIENTED_EDGE('',*,*,#3608,.F.);
#5187=ORIENTED_EDGE('',*,*,#3609,.T.);
#5188=ORIENTED_EDGE('',*,*,#3607,.T.);
#5189=ORIENTED_EDGE('',*,*,#3605,.T.);
#5190=ORIENTED_EDGE('',*,*,#3609,.F.);
#5191=ORIENTED_EDGE('',*,*,#3610,.F.);
#5192=ORIENTED_EDGE('',*,*,#3608,.T.);
#5193=ORIENTED_EDGE('',*,*,#3610,.T.);
#5194=ORIENTED_EDGE('',*,*,#3611,.F.);
#5195=ORIENTED_EDGE('',*,*,#3611,.T.);
#5196=PLANE('',#5770);
#5197=PLANE('',#5771);
#5198=PLANE('',#5772);
#5199=PLANE('',#5773);
#5200=PLANE('',#5774);
#5201=PLANE('',#5775);
#5202=PLANE('',#5776);
#5203=PLANE('',#5777);
#5204=PLANE('',#5778);
#5205=PLANE('',#5779);
#5206=PLANE('',#5780);
#5207=PLANE('',#5781);
#5208=PLANE('',#5782);
#5209=PLANE('',#5783);
#5210=PLANE('',#5784);
#5211=PLANE('',#5785);
#5212=PLANE('',#5786);
#5213=PLANE('',#5787);
#5214=PLANE('',#5788);
#5215=PLANE('',#5789);
#5216=PLANE('',#5790);
#5217=PLANE('',#5791);
#5218=PLANE('',#5792);
#5219=PLANE('',#5793);
#5220=PLANE('',#5794);
#5221=PLANE('',#5795);
#5222=PLANE('',#5796);
#5223=PLANE('',#5797);
#5224=PLANE('',#5798);
#5225=PLANE('',#5799);
#5226=PLANE('',#5800);
#5227=PLANE('',#5801);
#5228=PLANE('',#5802);
#5229=PLANE('',#5803);
#5230=PLANE('',#5804);
#5231=PLANE('',#5805);
#5232=PLANE('',#5806);
#5233=PLANE('',#5807);
#5234=PLANE('',#5808);
#5235=PLANE('',#5809);
#5236=PLANE('',#5810);
#5237=PLANE('',#5811);
#5238=PLANE('',#5812);
#5239=PLANE('',#5813);
#5240=PLANE('',#5814);
#5241=PLANE('',#5815);
#5242=PLANE('',#5816);
#5243=PLANE('',#5817);
#5244=PLANE('',#5818);
#5245=PLANE('',#5819);
#5246=PLANE('',#5820);
#5247=PLANE('',#5821);
#5248=PLANE('',#5822);
#5249=PLANE('',#5823);
#5250=PLANE('',#5824);
#5251=PLANE('',#5825);
#5252=PLANE('',#5826);
#5253=PLANE('',#5827);
#5254=PLANE('',#5828);
#5255=PLANE('',#5829);
#5256=PLANE('',#5833);
#5257=PLANE('',#5837);
#5258=PLANE('',#5841);
#5259=PLANE('',#5845);
#5260=PLANE('',#5846);
#5261=PLANE('',#5847);
#5262=PLANE('',#5848);
#5263=PLANE('',#5849);
#5264=PLANE('',#5850);
#5265=PLANE('',#5851);
#5266=PLANE('',#5852);
#5267=PLANE('',#5853);
#5268=PLANE('',#5854);
#5269=PLANE('',#5855);
#5270=PLANE('',#5856);
#5271=PLANE('',#5857);
#5272=PLANE('',#5858);
#5273=PLANE('',#5859);
#5274=PLANE('',#5860);
#5275=PLANE('',#5861);
#5276=PLANE('',#5862);
#5277=PLANE('',#5863);
#5278=PLANE('',#5864);
#5279=PLANE('',#5865);
#5280=PLANE('',#5866);
#5281=PLANE('',#5867);
#5282=PLANE('',#5868);
#5283=PLANE('',#5869);
#5284=PLANE('',#5870);
#5285=PLANE('',#5871);
#5286=PLANE('',#5872);
#5287=PLANE('',#5873);
#5288=PLANE('',#5880);
#5289=PLANE('',#5881);
#5290=PLANE('',#5888);
#5291=PLANE('',#5889);
#5292=PLANE('',#5890);
#5293=PLANE('',#5891);
#5294=PLANE('',#5892);
#5295=PLANE('',#5893);
#5296=PLANE('',#5894);
#5297=PLANE('',#5895);
#5298=PLANE('',#5896);
#5299=PLANE('',#5897);
#5300=PLANE('',#5898);
#5301=PLANE('',#5899);
#5302=PLANE('',#5900);
#5303=PLANE('',#5901);
#5304=PLANE('',#5902);
#5305=PLANE('',#5903);
#5306=PLANE('',#5904);
#5307=PLANE('',#5905);
#5308=PLANE('',#5906);
#5309=PLANE('',#5907);
#5310=PLANE('',#5908);
#5311=PLANE('',#5909);
#5312=PLANE('',#5910);
#5313=PLANE('',#5911);
#5314=PLANE('',#5912);
#5315=PLANE('',#5913);
#5316=PLANE('',#5914);
#5317=PLANE('',#5915);
#5318=PLANE('',#5916);
#5319=PLANE('',#5917);
#5320=PLANE('',#5918);
#5321=PLANE('',#5919);
#5322=PLANE('',#5920);
#5323=PLANE('',#5921);
#5324=PLANE('',#5922);
#5325=PLANE('',#5923);
#5326=PLANE('',#5924);
#5327=PLANE('',#5925);
#5328=PLANE('',#5926);
#5329=PLANE('',#5927);
#5330=PLANE('',#5928);
#5331=PLANE('',#5929);
#5332=PLANE('',#5930);
#5333=PLANE('',#5931);
#5334=PLANE('',#5932);
#5335=PLANE('',#5933);
#5336=PLANE('',#5934);
#5337=PLANE('',#5935);
#5338=PLANE('',#5936);
#5339=PLANE('',#5937);
#5340=PLANE('',#5950);
#5341=PLANE('',#5953);
#5342=PLANE('',#5970);
#5343=PLANE('',#5975);
#5344=PLANE('',#5988);
#5345=PLANE('',#6001);
#5346=PLANE('',#6014);
#5347=PLANE('',#6017);
#5348=PLANE('',#6034);
#5349=PLANE('',#6039);
#5350=PLANE('',#6040);
#5351=PLANE('',#6041);
#5352=PLANE('',#6042);
#5353=PLANE('',#6045);
#5354=PLANE('',#6062);
#5355=PLANE('',#6063);
#5356=PLANE('',#6064);
#5357=PLANE('',#6065);
#5358=PLANE('',#6066);
#5359=PLANE('',#6067);
#5360=PLANE('',#6068);
#5361=PLANE('',#6069);
#5362=PLANE('',#6070);
#5363=PLANE('',#6071);
#5364=PLANE('',#6072);
#5365=PLANE('',#6073);
#5366=PLANE('',#6074);
#5367=PLANE('',#6075);
#5368=PLANE('',#6076);
#5369=PLANE('',#6077);
#5370=PLANE('',#6078);
#5371=PLANE('',#6079);
#5372=PLANE('',#6080);
#5373=PLANE('',#6081);
#5374=PLANE('',#6086);
#5375=PLANE('',#6087);
#5376=PLANE('',#6088);
#5377=PLANE('',#6089);
#5378=PLANE('',#6090);
#5379=PLANE('',#6091);
#5380=PLANE('',#6092);
#5381=PLANE('',#6093);
#5382=PLANE('',#6094);
#5383=PLANE('',#6095);
#5384=PLANE('',#6096);
#5385=PLANE('',#6097);
#5386=PLANE('',#6098);
#5387=PLANE('',#6099);
#5388=PLANE('',#6101);
#5389=PLANE('',#6103);
#5390=PLANE('',#6105);
#5391=PLANE('',#6107);
#5392=PLANE('',#6108);
#5393=PLANE('',#6114);
#5394=PLANE('',#6120);
#5395=PLANE('',#6126);
#5396=PLANE('',#6132);
#5397=PLANE('',#6133);
#5398=PLANE('',#6135);
#5399=PLANE('',#6136);
#5400=PLANE('',#6139);
#5401=PLANE('',#6140);
#5402=PLANE('',#6141);
#5403=PLANE('',#6142);
#5404=PLANE('',#6143);
#5405=PLANE('',#6144);
#5406=PLANE('',#6145);
#5407=PLANE('',#6146);
#5408=PLANE('',#6147);
#5409=PLANE('',#6148);
#5410=PLANE('',#6149);
#5411=PLANE('',#6150);
#5412=PLANE('',#6151);
#5413=PLANE('',#6152);
#5414=PLANE('',#6153);
#5415=PLANE('',#6154);
#5416=PLANE('',#6155);
#5417=PLANE('',#6156);
#5418=PLANE('',#6157);
#5419=PLANE('',#6158);
#5420=PLANE('',#6159);
#5421=PLANE('',#6160);
#5422=PLANE('',#6161);
#5423=PLANE('',#6162);
#5424=PLANE('',#6163);
#5425=PLANE('',#6164);
#5426=PLANE('',#6165);
#5427=PLANE('',#6166);
#5428=PLANE('',#6167);
#5429=PLANE('',#6168);
#5430=PLANE('',#6175);
#5431=PLANE('',#6176);
#5432=PLANE('',#6183);
#5433=PLANE('',#6184);
#5434=PLANE('',#6185);
#5435=PLANE('',#6193);
#5436=PLANE('',#6203);
#5437=PLANE('',#6204);
#5438=PLANE('',#6211);
#5439=PLANE('',#6212);
#5440=PLANE('',#6213);
#5441=PLANE('',#6221);
#5442=ADVANCED_FACE('',(#351),#5196,.T.);
#5443=ADVANCED_FACE('',(#352),#5197,.T.);
#5444=ADVANCED_FACE('',(#353),#5198,.T.);
#5445=ADVANCED_FACE('',(#354),#5199,.T.);
#5446=ADVANCED_FACE('',(#355),#5200,.F.);
#5447=ADVANCED_FACE('',(#356),#5201,.T.);
#5448=ADVANCED_FACE('',(#357),#5202,.T.);
#5449=ADVANCED_FACE('',(#358),#5203,.T.);
#5450=ADVANCED_FACE('',(#359),#5204,.T.);
#5451=ADVANCED_FACE('',(#360),#5205,.F.);
#5452=ADVANCED_FACE('',(#361),#5206,.T.);
#5453=ADVANCED_FACE('',(#362),#5207,.T.);
#5454=ADVANCED_FACE('',(#363),#5208,.T.);
#5455=ADVANCED_FACE('',(#364),#5209,.T.);
#5456=ADVANCED_FACE('',(#365),#5210,.F.);
#5457=ADVANCED_FACE('',(#366),#5211,.T.);
#5458=ADVANCED_FACE('',(#367),#5212,.T.);
#5459=ADVANCED_FACE('',(#368),#5213,.T.);
#5460=ADVANCED_FACE('',(#369),#5214,.T.);
#5461=ADVANCED_FACE('',(#370),#5215,.F.);
#5462=ADVANCED_FACE('',(#371),#5216,.T.);
#5463=ADVANCED_FACE('',(#372),#5217,.T.);
#5464=ADVANCED_FACE('',(#373),#5218,.F.);
#5465=ADVANCED_FACE('',(#374),#5219,.T.);
#5466=ADVANCED_FACE('',(#375),#5220,.T.);
#5467=ADVANCED_FACE('',(#376),#5221,.F.);
#5468=ADVANCED_FACE('',(#377),#5222,.T.);
#5469=ADVANCED_FACE('',(#378),#5223,.T.);
#5470=ADVANCED_FACE('',(#379),#5224,.F.);
#5471=ADVANCED_FACE('',(#380),#5225,.F.);
#5472=ADVANCED_FACE('',(#381),#5226,.T.);
#5473=ADVANCED_FACE('',(#382),#5227,.T.);
#5474=ADVANCED_FACE('',(#383),#5228,.F.);
#5475=ADVANCED_FACE('',(#384),#5229,.T.);
#5476=ADVANCED_FACE('',(#385),#5230,.T.);
#5477=ADVANCED_FACE('',(#386),#5231,.F.);
#5478=ADVANCED_FACE('',(#387),#5232,.F.);
#5479=ADVANCED_FACE('',(#388),#5233,.T.);
#5480=ADVANCED_FACE('',(#389),#5234,.T.);
#5481=ADVANCED_FACE('',(#390),#5235,.F.);
#5482=ADVANCED_FACE('',(#391),#5236,.T.);
#5483=ADVANCED_FACE('',(#392),#5237,.T.);
#5484=ADVANCED_FACE('',(#393),#5238,.F.);
#5485=ADVANCED_FACE('',(#394),#5239,.F.);
#5486=ADVANCED_FACE('',(#395),#5240,.F.);
#5487=ADVANCED_FACE('',(#396),#5241,.F.);
#5488=ADVANCED_FACE('',(#397),#5242,.T.);
#5489=ADVANCED_FACE('',(#398),#5243,.T.);
#5490=ADVANCED_FACE('',(#399),#5244,.F.);
#5491=ADVANCED_FACE('',(#400),#5245,.F.);
#5492=ADVANCED_FACE('',(#401),#5246,.T.);
#5493=ADVANCED_FACE('',(#402,#291,#292,#293,#294),#5247,.T.);
#5494=ADVANCED_FACE('',(#403),#5248,.T.);
#5495=ADVANCED_FACE('',(#404,#295,#296),#5249,.F.);
#5496=ADVANCED_FACE('',(#405,#297,#298),#5250,.T.);
#5497=ADVANCED_FACE('',(#406),#5251,.F.);
#5498=ADVANCED_FACE('',(#407),#5252,.F.);
#5499=ADVANCED_FACE('',(#408),#5253,.F.);
#5500=ADVANCED_FACE('',(#409),#5254,.F.);
#5501=ADVANCED_FACE('',(#410),#5255,.F.);
#5502=ADVANCED_FACE('',(#411),#231,.F.);
#5503=ADVANCED_FACE('',(#412),#5256,.F.);
#5504=ADVANCED_FACE('',(#413),#232,.F.);
#5505=ADVANCED_FACE('',(#414),#5257,.F.);
#5506=ADVANCED_FACE('',(#415),#233,.F.);
#5507=ADVANCED_FACE('',(#416),#5258,.F.);
#5508=ADVANCED_FACE('',(#417),#234,.F.);
#5509=ADVANCED_FACE('',(#418,#299),#5259,.T.);
#5510=ADVANCED_FACE('',(#419,#300),#5260,.F.);
#5511=ADVANCED_FACE('',(#420),#5261,.F.);
#5512=ADVANCED_FACE('',(#421),#5262,.F.);
#5513=ADVANCED_FACE('',(#422),#5263,.F.);
#5514=ADVANCED_FACE('',(#423),#5264,.F.);
#5515=ADVANCED_FACE('',(#424),#5265,.F.);
#5516=ADVANCED_FACE('',(#425),#5266,.F.);
#5517=ADVANCED_FACE('',(#426),#5267,.T.);
#5518=ADVANCED_FACE('',(#427),#5268,.T.);
#5519=ADVANCED_FACE('',(#428),#5269,.T.);
#5520=ADVANCED_FACE('',(#429),#5270,.T.);
#5521=ADVANCED_FACE('',(#430),#5271,.T.);
#5522=ADVANCED_FACE('',(#431),#5272,.F.);
#5523=ADVANCED_FACE('',(#432),#5273,.T.);
#5524=ADVANCED_FACE('',(#433),#5274,.T.);
#5525=ADVANCED_FACE('',(#434),#5275,.T.);
#5526=ADVANCED_FACE('',(#435),#5276,.T.);
#5527=ADVANCED_FACE('',(#436),#5277,.F.);
#5528=ADVANCED_FACE('',(#437),#5278,.T.);
#5529=ADVANCED_FACE('',(#438),#5279,.T.);
#5530=ADVANCED_FACE('',(#439),#5280,.T.);
#5531=ADVANCED_FACE('',(#440),#5281,.T.);
#5532=ADVANCED_FACE('',(#441),#5282,.F.);
#5533=ADVANCED_FACE('',(#442),#5283,.T.);
#5534=ADVANCED_FACE('',(#443),#5284,.T.);
#5535=ADVANCED_FACE('',(#444),#5285,.T.);
#5536=ADVANCED_FACE('',(#445),#5286,.T.);
#5537=ADVANCED_FACE('',(#446),#5287,.F.);
#5538=ADVANCED_FACE('',(#447),#235,.F.);
#5539=ADVANCED_FACE('',(#448),#236,.T.);
#5540=ADVANCED_FACE('',(#449,#301),#5288,.F.);
#5541=ADVANCED_FACE('',(#450,#302,#303,#304,#305,#306,#307),#5289,.F.);
#5542=ADVANCED_FACE('',(#451),#237,.F.);
#5543=ADVANCED_FACE('',(#452),#238,.T.);
#5544=ADVANCED_FACE('',(#453,#308),#5290,.F.);
#5545=ADVANCED_FACE('',(#454),#5291,.F.);
#5546=ADVANCED_FACE('',(#455),#5292,.T.);
#5547=ADVANCED_FACE('',(#456),#5293,.F.);
#5548=ADVANCED_FACE('',(#457),#5294,.T.);
#5549=ADVANCED_FACE('',(#458),#5295,.T.);
#5550=ADVANCED_FACE('',(#459),#5296,.F.);
#5551=ADVANCED_FACE('',(#460),#5297,.F.);
#5552=ADVANCED_FACE('',(#461),#5298,.F.);
#5553=ADVANCED_FACE('',(#462),#5299,.F.);
#5554=ADVANCED_FACE('',(#463),#5300,.F.);
#5555=ADVANCED_FACE('',(#464),#5301,.T.);
#5556=ADVANCED_FACE('',(#465),#5302,.F.);
#5557=ADVANCED_FACE('',(#466),#5303,.T.);
#5558=ADVANCED_FACE('',(#467),#5304,.T.);
#5559=ADVANCED_FACE('',(#468),#5305,.F.);
#5560=ADVANCED_FACE('',(#469),#5306,.F.);
#5561=ADVANCED_FACE('',(#470),#5307,.F.);
#5562=ADVANCED_FACE('',(#471),#5308,.F.);
#5563=ADVANCED_FACE('',(#472),#5309,.F.);
#5564=ADVANCED_FACE('',(#473),#5310,.T.);
#5565=ADVANCED_FACE('',(#474),#5311,.F.);
#5566=ADVANCED_FACE('',(#475),#5312,.T.);
#5567=ADVANCED_FACE('',(#476),#5313,.T.);
#5568=ADVANCED_FACE('',(#477),#5314,.F.);
#5569=ADVANCED_FACE('',(#478),#5315,.F.);
#5570=ADVANCED_FACE('',(#479),#5316,.F.);
#5571=ADVANCED_FACE('',(#480),#5317,.F.);
#5572=ADVANCED_FACE('',(#481),#5318,.F.);
#5573=ADVANCED_FACE('',(#482),#5319,.T.);
#5574=ADVANCED_FACE('',(#483),#5320,.F.);
#5575=ADVANCED_FACE('',(#484),#5321,.T.);
#5576=ADVANCED_FACE('',(#485),#5322,.T.);
#5577=ADVANCED_FACE('',(#486),#5323,.F.);
#5578=ADVANCED_FACE('',(#487),#5324,.F.);
#5579=ADVANCED_FACE('',(#488),#5325,.F.);
#5580=ADVANCED_FACE('',(#489),#5326,.F.);
#5581=ADVANCED_FACE('',(#490),#5327,.F.);
#5582=ADVANCED_FACE('',(#491),#5328,.T.);
#5583=ADVANCED_FACE('',(#492),#5329,.F.);
#5584=ADVANCED_FACE('',(#493),#5330,.T.);
#5585=ADVANCED_FACE('',(#494),#5331,.T.);
#5586=ADVANCED_FACE('',(#495),#5332,.T.);
#5587=ADVANCED_FACE('',(#496),#5333,.T.);
#5588=ADVANCED_FACE('',(#497),#5334,.T.);
#5589=ADVANCED_FACE('',(#498),#5335,.T.);
#5590=ADVANCED_FACE('',(#499),#5336,.T.);
#5591=ADVANCED_FACE('',(#500),#5337,.T.);
#5592=ADVANCED_FACE('',(#501,#309),#5338,.T.);
#5593=ADVANCED_FACE('',(#502,#310,#311,#312,#313,#314),#5339,.F.);
#5594=ADVANCED_FACE('',(#503),#239,.F.);
#5595=ADVANCED_FACE('',(#504),#240,.F.);
#5596=ADVANCED_FACE('',(#505),#241,.T.);
#5597=ADVANCED_FACE('',(#506),#242,.F.);
#5598=ADVANCED_FACE('',(#507,#315),#5340,.F.);
#5599=ADVANCED_FACE('',(#508,#316),#5341,.T.);
#5600=ADVANCED_FACE('',(#509),#243,.F.);
#5601=ADVANCED_FACE('',(#510),#244,.F.);
#5602=ADVANCED_FACE('',(#511),#245,.F.);
#5603=ADVANCED_FACE('',(#512),#246,.F.);
#5604=ADVANCED_FACE('',(#513),#247,.F.);
#5605=ADVANCED_FACE('',(#514),#248,.F.);
#5606=ADVANCED_FACE('',(#515,#317),#5342,.F.);
#5607=ADVANCED_FACE('',(#516),#249,.F.);
#5608=ADVANCED_FACE('',(#517,#318),#5343,.F.);
#5609=ADVANCED_FACE('',(#518),#250,.T.);
#5610=ADVANCED_FACE('',(#519),#251,.F.);
#5611=ADVANCED_FACE('',(#520),#252,.T.);
#5612=ADVANCED_FACE('',(#521),#253,.F.);
#5613=ADVANCED_FACE('',(#522),#5344,.F.);
#5614=ADVANCED_FACE('',(#523),#254,.T.);
#5615=ADVANCED_FACE('',(#524),#255,.F.);
#5616=ADVANCED_FACE('',(#525),#256,.T.);
#5617=ADVANCED_FACE('',(#526),#257,.F.);
#5618=ADVANCED_FACE('',(#527),#5345,.F.);
#5619=ADVANCED_FACE('',(#528),#258,.F.);
#5620=ADVANCED_FACE('',(#529),#259,.F.);
#5621=ADVANCED_FACE('',(#530),#260,.T.);
#5622=ADVANCED_FACE('',(#531),#261,.F.);
#5623=ADVANCED_FACE('',(#532,#319),#5346,.F.);
#5624=ADVANCED_FACE('',(#533,#320),#5347,.T.);
#5625=ADVANCED_FACE('',(#534),#262,.F.);
#5626=ADVANCED_FACE('',(#535),#263,.F.);
#5627=ADVANCED_FACE('',(#536),#264,.F.);
#5628=ADVANCED_FACE('',(#537),#265,.F.);
#5629=ADVANCED_FACE('',(#538),#266,.F.);
#5630=ADVANCED_FACE('',(#539),#267,.F.);
#5631=ADVANCED_FACE('',(#540,#321),#5348,.F.);
#5632=ADVANCED_FACE('',(#541),#268,.F.);
#5633=ADVANCED_FACE('',(#542,#322),#5349,.F.);
#5634=ADVANCED_FACE('',(#543),#5350,.F.);
#5635=ADVANCED_FACE('',(#544),#5351,.F.);
#5636=ADVANCED_FACE('',(#545,#323),#5352,.F.);
#5637=ADVANCED_FACE('',(#546,#324),#5353,.T.);
#5638=ADVANCED_FACE('',(#547,#325,#326,#327,#328,#329,#330,#331),#269,.T.);
#5639=ADVANCED_FACE('',(#548),#270,.F.);
#5640=ADVANCED_FACE('',(#549),#271,.F.);
#5641=ADVANCED_FACE('',(#550,#332,#333),#5354,.T.);
#5642=ADVANCED_FACE('',(#551),#5355,.T.);
#5643=ADVANCED_FACE('',(#552),#5356,.T.);
#5644=ADVANCED_FACE('',(#553),#5357,.T.);
#5645=ADVANCED_FACE('',(#554),#5358,.T.);
#5646=ADVANCED_FACE('',(#555),#5359,.F.);
#5647=ADVANCED_FACE('',(#556),#5360,.F.);
#5648=ADVANCED_FACE('',(#557),#5361,.F.);
#5649=ADVANCED_FACE('',(#558),#5362,.F.);
#5650=ADVANCED_FACE('',(#559,#334,#335),#5363,.F.);
#5651=ADVANCED_FACE('',(#560),#5364,.T.);
#5652=ADVANCED_FACE('',(#561),#5365,.T.);
#5653=ADVANCED_FACE('',(#562),#5366,.T.);
#5654=ADVANCED_FACE('',(#563),#5367,.T.);
#5655=ADVANCED_FACE('',(#564),#5368,.T.);
#5656=ADVANCED_FACE('',(#565),#5369,.T.);
#5657=ADVANCED_FACE('',(#566),#5370,.T.);
#5658=ADVANCED_FACE('',(#567),#5371,.T.);
#5659=ADVANCED_FACE('',(#568),#5372,.T.);
#5660=ADVANCED_FACE('',(#569,#336),#5373,.T.);
#5661=ADVANCED_FACE('',(#570),#5374,.T.);
#5662=ADVANCED_FACE('',(#571),#5375,.T.);
#5663=ADVANCED_FACE('',(#572),#5376,.T.);
#5664=ADVANCED_FACE('',(#573),#5377,.T.);
#5665=ADVANCED_FACE('',(#574),#5378,.T.);
#5666=ADVANCED_FACE('',(#575),#5379,.T.);
#5667=ADVANCED_FACE('',(#576),#5380,.T.);
#5668=ADVANCED_FACE('',(#577),#5381,.T.);
#5669=ADVANCED_FACE('',(#578),#5382,.T.);
#5670=ADVANCED_FACE('',(#579),#5383,.T.);
#5671=ADVANCED_FACE('',(#580),#5384,.T.);
#5672=ADVANCED_FACE('',(#581),#5385,.T.);
#5673=ADVANCED_FACE('',(#582),#5386,.T.);
#5674=ADVANCED_FACE('',(#583),#5387,.T.);
#5675=ADVANCED_FACE('',(#584),#272,.F.);
#5676=ADVANCED_FACE('',(#585),#5388,.F.);
#5677=ADVANCED_FACE('',(#586),#273,.F.);
#5678=ADVANCED_FACE('',(#587),#5389,.F.);
#5679=ADVANCED_FACE('',(#588),#274,.F.);
#5680=ADVANCED_FACE('',(#589),#5390,.F.);
#5681=ADVANCED_FACE('',(#590),#275,.F.);
#5682=ADVANCED_FACE('',(#591),#5391,.F.);
#5683=ADVANCED_FACE('',(#592),#5392,.F.);
#5684=ADVANCED_FACE('',(#593),#31,.F.);
#5685=ADVANCED_FACE('',(#594),#276,.T.);
#5686=ADVANCED_FACE('',(#595),#5393,.F.);
#5687=ADVANCED_FACE('',(#596),#32,.F.);
#5688=ADVANCED_FACE('',(#597),#277,.T.);
#5689=ADVANCED_FACE('',(#598),#5394,.F.);
#5690=ADVANCED_FACE('',(#599),#33,.F.);
#5691=ADVANCED_FACE('',(#600),#278,.T.);
#5692=ADVANCED_FACE('',(#601),#5395,.F.);
#5693=ADVANCED_FACE('',(#602),#34,.F.);
#5694=ADVANCED_FACE('',(#603),#279,.T.);
#5695=ADVANCED_FACE('',(#604),#35,.F.);
#5696=ADVANCED_FACE('',(#605),#36,.F.);
#5697=ADVANCED_FACE('',(#606),#37,.F.);
#5698=ADVANCED_FACE('',(#607),#38,.F.);
#5699=ADVANCED_FACE('',(#608),#39,.F.);
#5700=ADVANCED_FACE('',(#609),#40,.F.);
#5701=ADVANCED_FACE('',(#610),#41,.F.);
#5702=ADVANCED_FACE('',(#611,#337,#338),#5396,.T.);
#5703=ADVANCED_FACE('',(#612,#339),#5397,.T.);
#5704=ADVANCED_FACE('',(#613),#5398,.T.);
#5705=ADVANCED_FACE('',(#614,#340),#5399,.F.);
#5706=ADVANCED_FACE('',(#615),#280,.T.);
#5707=ADVANCED_FACE('',(#616),#5400,.T.);
#5708=ADVANCED_FACE('',(#617),#5401,.T.);
#5709=ADVANCED_FACE('',(#618),#5402,.T.);
#5710=ADVANCED_FACE('',(#619),#5403,.T.);
#5711=ADVANCED_FACE('',(#620),#5404,.T.);
#5712=ADVANCED_FACE('',(#621),#5405,.T.);
#5713=ADVANCED_FACE('',(#622),#5406,.T.);
#5714=ADVANCED_FACE('',(#623),#5407,.T.);
#5715=ADVANCED_FACE('',(#624),#5408,.T.);
#5716=ADVANCED_FACE('',(#625),#5409,.T.);
#5717=ADVANCED_FACE('',(#626),#5410,.T.);
#5718=ADVANCED_FACE('',(#627),#5411,.T.);
#5719=ADVANCED_FACE('',(#628),#5412,.T.);
#5720=ADVANCED_FACE('',(#629),#5413,.T.);
#5721=ADVANCED_FACE('',(#630),#5414,.T.);
#5722=ADVANCED_FACE('',(#631),#5415,.T.);
#5723=ADVANCED_FACE('',(#632),#5416,.T.);
#5724=ADVANCED_FACE('',(#633),#5417,.T.);
#5725=ADVANCED_FACE('',(#634),#5418,.T.);
#5726=ADVANCED_FACE('',(#635),#5419,.F.);
#5727=ADVANCED_FACE('',(#636),#5420,.T.);
#5728=ADVANCED_FACE('',(#637),#5421,.T.);
#5729=ADVANCED_FACE('',(#638),#5422,.T.);
#5730=ADVANCED_FACE('',(#639),#5423,.T.);
#5731=ADVANCED_FACE('',(#640),#5424,.T.);
#5732=ADVANCED_FACE('',(#641),#5425,.T.);
#5733=ADVANCED_FACE('',(#642),#5426,.T.);
#5734=ADVANCED_FACE('',(#643),#5427,.T.);
#5735=ADVANCED_FACE('',(#644),#5428,.T.);
#5736=ADVANCED_FACE('',(#645),#5429,.T.);
#5737=ADVANCED_FACE('',(#646),#281,.T.);
#5738=ADVANCED_FACE('',(#647),#282,.T.);
#5739=ADVANCED_FACE('',(#648),#5430,.T.);
#5740=ADVANCED_FACE('',(#649,#341),#5431,.F.);
#5741=ADVANCED_FACE('',(#650),#283,.T.);
#5742=ADVANCED_FACE('',(#651),#284,.T.);
#5743=ADVANCED_FACE('',(#652),#5432,.T.);
#5744=ADVANCED_FACE('',(#653,#342),#5433,.F.);
#5745=ADVANCED_FACE('',(#654,#343,#344),#5434,.T.);
#5746=ADVANCED_FACE('',(#655),#285,.T.);
#5747=ADVANCED_FACE('',(#656),#13,.F.);
#5748=ADVANCED_FACE('',(#657,#345),#5435,.F.);
#5749=ADVANCED_FACE('',(#658),#14,.T.);
#5750=ADVANCED_FACE('',(#659),#286,.T.);
#5751=ADVANCED_FACE('',(#660),#287,.T.);
#5752=ADVANCED_FACE('',(#661),#5436,.T.);
#5753=ADVANCED_FACE('',(#662,#346),#5437,.F.);
#5754=ADVANCED_FACE('',(#663),#288,.T.);
#5755=ADVANCED_FACE('',(#664),#289,.T.);
#5756=ADVANCED_FACE('',(#665),#5438,.T.);
#5757=ADVANCED_FACE('',(#666,#347),#5439,.F.);
#5758=ADVANCED_FACE('',(#667,#348,#349),#5440,.T.);
#5759=ADVANCED_FACE('',(#668),#290,.T.);
#5760=ADVANCED_FACE('',(#669),#15,.F.);
#5761=ADVANCED_FACE('',(#670,#350),#5441,.F.);
#5762=ADVANCED_FACE('',(#671),#16,.T.);
#5763=CLOSED_SHELL('',(#5442,#5443,#5444,#5445,#5446,#5447,#5448,#5449,
#5450,#5451,#5452,#5453,#5454,#5455,#5456,#5457,#5458,#5459,#5460,#5461,
#5462,#5463,#5464,#5465,#5466,#5467,#5468,#5469,#5470,#5471,#5472,#5473,
#5474,#5475,#5476,#5477,#5478,#5479,#5480,#5481,#5482,#5483,#5484,#5485,
#5486,#5487,#5488,#5489,#5490,#5491,#5492,#5493,#5494,#5495,#5496,#5497,
#5498,#5499,#5500,#5501,#5502,#5503,#5504,#5505,#5506,#5507,#5508,#5509,
#5510,#5511,#5512,#5513,#5514,#5515,#5516,#5517,#5518,#5519,#5520,#5521,
#5522,#5523,#5524,#5525,#5526,#5527,#5528,#5529,#5530,#5531,#5532,#5533,
#5534,#5535,#5536,#5537,#5538,#5539,#5540,#5541,#5542,#5543,#5544,#5545,
#5546,#5547));
#5764=CLOSED_SHELL('',(#5548,#5549,#5550,#5551,#5552,#5553,#5554,#5555,
#5556,#5557,#5558,#5559,#5560,#5561,#5562,#5563,#5564,#5565,#5566,#5567,
#5568,#5569,#5570,#5571,#5572,#5573,#5574,#5575,#5576,#5577,#5578,#5579,
#5580,#5581,#5582,#5583,#5584,#5585,#5586,#5587,#5588,#5589,#5590,#5591,
#5592,#5593));
#5765=CLOSED_SHELL('',(#5594,#5595,#5596,#5597,#5598,#5599,#5600,#5601,
#5602,#5603,#5604,#5605,#5606,#5607,#5608,#5609,#5610,#5611,#5612,#5613,
#5614,#5615,#5616,#5617,#5618,#5619,#5620,#5621,#5622,#5623,#5624,#5625,
#5626,#5627,#5628,#5629,#5630,#5631,#5632,#5633,#5634,#5635,#5636,#5637,
#5638,#5639,#5640,#5641,#5642,#5643,#5644,#5645,#5646,#5647,#5648,#5649,
#5650,#5651,#5652,#5653,#5654,#5655,#5656,#5657,#5658,#5659,#5660,#5661,
#5662,#5663,#5664,#5665,#5666,#5667,#5668,#5669,#5670,#5671,#5672,#5673,
#5674,#5675,#5676,#5677,#5678,#5679,#5680,#5681,#5682,#5683,#5684,#5685,
#5686,#5687,#5688,#5689,#5690,#5691,#5692,#5693,#5694));
#5766=CLOSED_SHELL('',(#5695,#5696,#5697,#5698,#5699,#5700,#5701,#5702,
#5703,#5704,#5705,#5706,#5707,#5708,#5709,#5710,#5711,#5712,#5713,#5714,
#5715,#5716,#5717,#5718,#5719,#5720,#5721,#5722,#5723,#5724,#5725,#5726,
#5727,#5728,#5729,#5730,#5731,#5732,#5733,#5734,#5735,#5736));
#5767=CLOSED_SHELL('',(#5737,#5738,#5739,#5740,#5741,#5742,#5743,#5744,
#5745,#5746,#5747,#5748,#5749));
#5768=CLOSED_SHELL('',(#5750,#5751,#5752,#5753,#5754,#5755,#5756,#5757,
#5758,#5759,#5760,#5761,#5762));
#5769=AXIS2_PLACEMENT_3D('',#7754,#6225,#6226);
#5770=AXIS2_PLACEMENT_3D('',#7755,#6227,#6228);
#5771=AXIS2_PLACEMENT_3D('',#7764,#6233,#6234);
#5772=AXIS2_PLACEMENT_3D('',#7770,#6238,#6239);
#5773=AXIS2_PLACEMENT_3D('',#7776,#6243,#6244);
#5774=AXIS2_PLACEMENT_3D('',#7778,#6246,#6247);
#5775=AXIS2_PLACEMENT_3D('',#7780,#6249,#6250);
#5776=AXIS2_PLACEMENT_3D('',#7789,#6255,#6256);
#5777=AXIS2_PLACEMENT_3D('',#7795,#6260,#6261);
#5778=AXIS2_PLACEMENT_3D('',#7801,#6265,#6266);
#5779=AXIS2_PLACEMENT_3D('',#7803,#6268,#6269);
#5780=AXIS2_PLACEMENT_3D('',#7805,#6271,#6272);
#5781=AXIS2_PLACEMENT_3D('',#7814,#6277,#6278);
#5782=AXIS2_PLACEMENT_3D('',#7820,#6282,#6283);
#5783=AXIS2_PLACEMENT_3D('',#7826,#6287,#6288);
#5784=AXIS2_PLACEMENT_3D('',#7828,#6290,#6291);
#5785=AXIS2_PLACEMENT_3D('',#7830,#6293,#6294);
#5786=AXIS2_PLACEMENT_3D('',#7839,#6299,#6300);
#5787=AXIS2_PLACEMENT_3D('',#7845,#6304,#6305);
#5788=AXIS2_PLACEMENT_3D('',#7851,#6309,#6310);
#5789=AXIS2_PLACEMENT_3D('',#7853,#6312,#6313);
#5790=AXIS2_PLACEMENT_3D('',#7855,#6315,#6316);
#5791=AXIS2_PLACEMENT_3D('',#7864,#6321,#6322);
#5792=AXIS2_PLACEMENT_3D('',#7868,#6325,#6326);
#5793=AXIS2_PLACEMENT_3D('',#7876,#6331,#6332);
#5794=AXIS2_PLACEMENT_3D('',#7885,#6337,#6338);
#5795=AXIS2_PLACEMENT_3D('',#7889,#6341,#6342);
#5796=AXIS2_PLACEMENT_3D('',#7894,#6346,#6347);
#5797=AXIS2_PLACEMENT_3D('',#7903,#6352,#6353);
#5798=AXIS2_PLACEMENT_3D('',#7907,#6356,#6357);
#5799=AXIS2_PLACEMENT_3D('',#7915,#6362,#6363);
#5800=AXIS2_PLACEMENT_3D('',#7923,#6368,#6369);
#5801=AXIS2_PLACEMENT_3D('',#7929,#6373,#6374);
#5802=AXIS2_PLACEMENT_3D('',#7933,#6377,#6378);
#5803=AXIS2_PLACEMENT_3D('',#7939,#6382,#6383);
#5804=AXIS2_PLACEMENT_3D('',#7948,#6388,#6389);
#5805=AXIS2_PLACEMENT_3D('',#7952,#6392,#6393);
#5806=AXIS2_PLACEMENT_3D('',#7960,#6398,#6399);
#5807=AXIS2_PLACEMENT_3D('',#7968,#6404,#6405);
#5808=AXIS2_PLACEMENT_3D('',#7974,#6409,#6410);
#5809=AXIS2_PLACEMENT_3D('',#7978,#6413,#6414);
#5810=AXIS2_PLACEMENT_3D('',#7984,#6418,#6419);
#5811=AXIS2_PLACEMENT_3D('',#7993,#6424,#6425);
#5812=AXIS2_PLACEMENT_3D('',#7997,#6428,#6429);
#5813=AXIS2_PLACEMENT_3D('',#8005,#6434,#6435);
#5814=AXIS2_PLACEMENT_3D('',#8013,#6440,#6441);
#5815=AXIS2_PLACEMENT_3D('',#8022,#6446,#6447);
#5816=AXIS2_PLACEMENT_3D('',#8035,#6454,#6455);
#5817=AXIS2_PLACEMENT_3D('',#8041,#6459,#6460);
#5818=AXIS2_PLACEMENT_3D('',#8045,#6463,#6464);
#5819=AXIS2_PLACEMENT_3D('',#8051,#6468,#6469);
#5820=AXIS2_PLACEMENT_3D('',#8060,#6474,#6475);
#5821=AXIS2_PLACEMENT_3D('',#8070,#6482,#6483);
#5822=AXIS2_PLACEMENT_3D('',#8091,#6497,#6498);
#5823=AXIS2_PLACEMENT_3D('',#8097,#6502,#6503);
#5824=AXIS2_PLACEMENT_3D('',#8103,#6507,#6508);
#5825=AXIS2_PLACEMENT_3D('',#8111,#6513,#6514);
#5826=AXIS2_PLACEMENT_3D('',#8113,#6516,#6517);
#5827=AXIS2_PLACEMENT_3D('',#8114,#6518,#6519);
#5828=AXIS2_PLACEMENT_3D('',#8116,#6521,#6522);
#5829=AXIS2_PLACEMENT_3D('',#8117,#6523,#6524);
#5830=AXIS2_PLACEMENT_3D('',#8126,#6529,#6530);
#5831=AXIS2_PLACEMENT_3D('',#8128,#6531,#6532);
#5832=AXIS2_PLACEMENT_3D('',#8131,#6534,#6535);
#5833=AXIS2_PLACEMENT_3D('',#8132,#6536,#6537);
#5834=AXIS2_PLACEMENT_3D('',#8138,#6541,#6542);
#5835=AXIS2_PLACEMENT_3D('',#8140,#6543,#6544);
#5836=AXIS2_PLACEMENT_3D('',#8143,#6546,#6547);
#5837=AXIS2_PLACEMENT_3D('',#8144,#6548,#6549);
#5838=AXIS2_PLACEMENT_3D('',#8150,#6553,#6554);
#5839=AXIS2_PLACEMENT_3D('',#8152,#6555,#6556);
#5840=AXIS2_PLACEMENT_3D('',#8155,#6558,#6559);
#5841=AXIS2_PLACEMENT_3D('',#8156,#6560,#6561);
#5842=AXIS2_PLACEMENT_3D('',#8162,#6565,#6566);
#5843=AXIS2_PLACEMENT_3D('',#8163,#6567,#6568);
#5844=AXIS2_PLACEMENT_3D('',#8164,#6569,#6570);
#5845=AXIS2_PLACEMENT_3D('',#8165,#6571,#6572);
#5846=AXIS2_PLACEMENT_3D('',#8171,#6576,#6577);
#5847=AXIS2_PLACEMENT_3D('',#8173,#6579,#6580);
#5848=AXIS2_PLACEMENT_3D('',#8175,#6582,#6583);
#5849=AXIS2_PLACEMENT_3D('',#8177,#6585,#6586);
#5850=AXIS2_PLACEMENT_3D('',#8178,#6587,#6588);
#5851=AXIS2_PLACEMENT_3D('',#8182,#6591,#6592);
#5852=AXIS2_PLACEMENT_3D('',#8184,#6594,#6595);
#5853=AXIS2_PLACEMENT_3D('',#8185,#6596,#6597);
#5854=AXIS2_PLACEMENT_3D('',#8189,#6600,#6601);
#5855=AXIS2_PLACEMENT_3D('',#8198,#6606,#6607);
#5856=AXIS2_PLACEMENT_3D('',#8204,#6611,#6612);
#5857=AXIS2_PLACEMENT_3D('',#8210,#6616,#6617);
#5858=AXIS2_PLACEMENT_3D('',#8213,#6620,#6621);
#5859=AXIS2_PLACEMENT_3D('',#8214,#6622,#6623);
#5860=AXIS2_PLACEMENT_3D('',#8223,#6628,#6629);
#5861=AXIS2_PLACEMENT_3D('',#8229,#6633,#6634);
#5862=AXIS2_PLACEMENT_3D('',#8235,#6638,#6639);
#5863=AXIS2_PLACEMENT_3D('',#8238,#6642,#6643);
#5864=AXIS2_PLACEMENT_3D('',#8239,#6644,#6645);
#5865=AXIS2_PLACEMENT_3D('',#8248,#6650,#6651);
#5866=AXIS2_PLACEMENT_3D('',#8254,#6655,#6656);
#5867=AXIS2_PLACEMENT_3D('',#8260,#6660,#6661);
#5868=AXIS2_PLACEMENT_3D('',#8263,#6664,#6665);
#5869=AXIS2_PLACEMENT_3D('',#8264,#6666,#6667);
#5870=AXIS2_PLACEMENT_3D('',#8273,#6672,#6673);
#5871=AXIS2_PLACEMENT_3D('',#8279,#6677,#6678);
#5872=AXIS2_PLACEMENT_3D('',#8285,#6682,#6683);
#5873=AXIS2_PLACEMENT_3D('',#8288,#6686,#6687);
#5874=AXIS2_PLACEMENT_3D('',#8289,#6688,#6689);
#5875=AXIS2_PLACEMENT_3D('',#8291,#6690,#6691);
#5876=AXIS2_PLACEMENT_3D('',#8294,#6693,#6694);
#5877=AXIS2_PLACEMENT_3D('',#8295,#6695,#6696);
#5878=AXIS2_PLACEMENT_3D('',#8297,#6697,#6698);
#5879=AXIS2_PLACEMENT_3D('',#8300,#6700,#6701);
#5880=AXIS2_PLACEMENT_3D('',#8301,#6702,#6703);
#5881=AXIS2_PLACEMENT_3D('',#8302,#6704,#6705);
#5882=AXIS2_PLACEMENT_3D('',#8304,#6706,#6707);
#5883=AXIS2_PLACEMENT_3D('',#8305,#6708,#6709);
#5884=AXIS2_PLACEMENT_3D('',#8307,#6710,#6711);
#5885=AXIS2_PLACEMENT_3D('',#8310,#6713,#6714);
#5886=AXIS2_PLACEMENT_3D('',#8311,#6715,#6716);
#5887=AXIS2_PLACEMENT_3D('',#8313,#6717,#6718);
#5888=AXIS2_PLACEMENT_3D('',#8315,#6720,#6721);
#5889=AXIS2_PLACEMENT_3D('',#8316,#6722,#6723);
#5890=AXIS2_PLACEMENT_3D('',#8317,#6724,#6725);
#5891=AXIS2_PLACEMENT_3D('',#8318,#6726,#6727);
#5892=AXIS2_PLACEMENT_3D('',#8319,#6728,#6729);
#5893=AXIS2_PLACEMENT_3D('',#8328,#6734,#6735);
#5894=AXIS2_PLACEMENT_3D('',#8337,#6740,#6741);
#5895=AXIS2_PLACEMENT_3D('',#8343,#6745,#6746);
#5896=AXIS2_PLACEMENT_3D('',#8349,#6750,#6751);
#5897=AXIS2_PLACEMENT_3D('',#8355,#6755,#6756);
#5898=AXIS2_PLACEMENT_3D('',#8361,#6760,#6761);
#5899=AXIS2_PLACEMENT_3D('',#8364,#6764,#6765);
#5900=AXIS2_PLACEMENT_3D('',#8366,#6767,#6768);
#5901=AXIS2_PLACEMENT_3D('',#8368,#6770,#6771);
#5902=AXIS2_PLACEMENT_3D('',#8377,#6776,#6777);
#5903=AXIS2_PLACEMENT_3D('',#8386,#6782,#6783);
#5904=AXIS2_PLACEMENT_3D('',#8392,#6787,#6788);
#5905=AXIS2_PLACEMENT_3D('',#8398,#6792,#6793);
#5906=AXIS2_PLACEMENT_3D('',#8404,#6797,#6798);
#5907=AXIS2_PLACEMENT_3D('',#8410,#6802,#6803);
#5908=AXIS2_PLACEMENT_3D('',#8413,#6806,#6807);
#5909=AXIS2_PLACEMENT_3D('',#8415,#6809,#6810);
#5910=AXIS2_PLACEMENT_3D('',#8417,#6812,#6813);
#5911=AXIS2_PLACEMENT_3D('',#8426,#6818,#6819);
#5912=AXIS2_PLACEMENT_3D('',#8435,#6824,#6825);
#5913=AXIS2_PLACEMENT_3D('',#8441,#6829,#6830);
#5914=AXIS2_PLACEMENT_3D('',#8447,#6834,#6835);
#5915=AXIS2_PLACEMENT_3D('',#8453,#6839,#6840);
#5916=AXIS2_PLACEMENT_3D('',#8459,#6844,#6845);
#5917=AXIS2_PLACEMENT_3D('',#8462,#6848,#6849);
#5918=AXIS2_PLACEMENT_3D('',#8464,#6851,#6852);
#5919=AXIS2_PLACEMENT_3D('',#8466,#6854,#6855);
#5920=AXIS2_PLACEMENT_3D('',#8475,#6860,#6861);
#5921=AXIS2_PLACEMENT_3D('',#8484,#6866,#6867);
#5922=AXIS2_PLACEMENT_3D('',#8490,#6871,#6872);
#5923=AXIS2_PLACEMENT_3D('',#8496,#6876,#6877);
#5924=AXIS2_PLACEMENT_3D('',#8502,#6881,#6882);
#5925=AXIS2_PLACEMENT_3D('',#8508,#6886,#6887);
#5926=AXIS2_PLACEMENT_3D('',#8511,#6890,#6891);
#5927=AXIS2_PLACEMENT_3D('',#8513,#6893,#6894);
#5928=AXIS2_PLACEMENT_3D('',#8515,#6896,#6897);
#5929=AXIS2_PLACEMENT_3D('',#8524,#6902,#6903);
#5930=AXIS2_PLACEMENT_3D('',#8530,#6907,#6908);
#5931=AXIS2_PLACEMENT_3D('',#8536,#6912,#6913);
#5932=AXIS2_PLACEMENT_3D('',#8539,#6916,#6917);
#5933=AXIS2_PLACEMENT_3D('',#8548,#6922,#6923);
#5934=AXIS2_PLACEMENT_3D('',#8554,#6927,#6928);
#5935=AXIS2_PLACEMENT_3D('',#8560,#6932,#6933);
#5936=AXIS2_PLACEMENT_3D('',#8563,#6936,#6937);
#5937=AXIS2_PLACEMENT_3D('',#8564,#6938,#6939);
#5938=AXIS2_PLACEMENT_3D('',#8565,#6940,#6941);
#5939=AXIS2_PLACEMENT_3D('',#8568,#6942,#6943);
#5940=AXIS2_PLACEMENT_3D('',#8572,#6945,#6946);
#5941=AXIS2_PLACEMENT_3D('',#8574,#6948,#6949);
#5942=AXIS2_PLACEMENT_3D('',#8576,#6950,#6951);
#5943=AXIS2_PLACEMENT_3D('',#8579,#6953,#6954);
#5944=AXIS2_PLACEMENT_3D('',#8580,#6955,#6956);
#5945=AXIS2_PLACEMENT_3D('',#8585,#6958,#6959);
#5946=AXIS2_PLACEMENT_3D('',#8588,#6961,#6962);
#5947=AXIS2_PLACEMENT_3D('',#8589,#6963,#6964);
#5948=AXIS2_PLACEMENT_3D('',#8591,#6965,#6966);
#5949=AXIS2_PLACEMENT_3D('',#8594,#6968,#6969);
#5950=AXIS2_PLACEMENT_3D('',#8595,#6970,#6971);
#5951=AXIS2_PLACEMENT_3D('',#8597,#6972,#6973);
#5952=AXIS2_PLACEMENT_3D('',#8598,#6974,#6975);
#5953=AXIS2_PLACEMENT_3D('',#8599,#6976,#6977);
#5954=AXIS2_PLACEMENT_3D('',#8602,#6978,#6979);
#5955=AXIS2_PLACEMENT_3D('',#8604,#6980,#6981);
#5956=AXIS2_PLACEMENT_3D('',#8606,#6982,#6983);
#5957=AXIS2_PLACEMENT_3D('',#8607,#6984,#6985);
#5958=AXIS2_PLACEMENT_3D('',#8608,#6986,#6987);
#5959=AXIS2_PLACEMENT_3D('',#8612,#6989,#6990);
#5960=AXIS2_PLACEMENT_3D('',#8614,#6992,#6993);
#5961=AXIS2_PLACEMENT_3D('',#8616,#6994,#6995);
#5962=AXIS2_PLACEMENT_3D('',#8618,#6997,#6998);
#5963=AXIS2_PLACEMENT_3D('',#8621,#7000,#7001);
#5964=AXIS2_PLACEMENT_3D('',#8622,#7002,#7003);
#5965=AXIS2_PLACEMENT_3D('',#8623,#7004,#7005);
#5966=AXIS2_PLACEMENT_3D('',#8624,#7006,#7007);
#5967=AXIS2_PLACEMENT_3D('',#8626,#7008,#7009);
#5968=AXIS2_PLACEMENT_3D('',#8628,#7011,#7012);
#5969=AXIS2_PLACEMENT_3D('',#8629,#7013,#7014);
#5970=AXIS2_PLACEMENT_3D('',#8630,#7015,#7016);
#5971=AXIS2_PLACEMENT_3D('',#8631,#7017,#7018);
#5972=AXIS2_PLACEMENT_3D('',#8632,#7019,#7020);
#5973=AXIS2_PLACEMENT_3D('',#8634,#7021,#7022);
#5974=AXIS2_PLACEMENT_3D('',#8674,#7024,#7025);
#5975=AXIS2_PLACEMENT_3D('',#8675,#7026,#7027);
#5976=AXIS2_PLACEMENT_3D('',#8678,#7028,#7029);
#5977=AXIS2_PLACEMENT_3D('',#8680,#7030,#7031);
#5978=AXIS2_PLACEMENT_3D('',#8682,#7032,#7033);
#5979=AXIS2_PLACEMENT_3D('',#8683,#7034,#7035);
#5980=AXIS2_PLACEMENT_3D('',#8684,#7036,#7037);
#5981=AXIS2_PLACEMENT_3D('',#8688,#7039,#7040);
#5982=AXIS2_PLACEMENT_3D('',#8690,#7042,#7043);
#5983=AXIS2_PLACEMENT_3D('',#8693,#7045,#7046);
#5984=AXIS2_PLACEMENT_3D('',#8694,#7047,#7048);
#5985=AXIS2_PLACEMENT_3D('',#8697,#7050,#7051);
#5986=AXIS2_PLACEMENT_3D('',#8698,#7052,#7053);
#5987=AXIS2_PLACEMENT_3D('',#8699,#7054,#7055);
#5988=AXIS2_PLACEMENT_3D('',#8700,#7056,#7057);
#5989=AXIS2_PLACEMENT_3D('',#8701,#7058,#7059);
#5990=AXIS2_PLACEMENT_3D('',#8704,#7060,#7061);
#5991=AXIS2_PLACEMENT_3D('',#8708,#7063,#7064);
#5992=AXIS2_PLACEMENT_3D('',#8710,#7066,#7067);
#5993=AXIS2_PLACEMENT_3D('',#8712,#7068,#7069);
#5994=AXIS2_PLACEMENT_3D('',#8715,#7071,#7072);
#5995=AXIS2_PLACEMENT_3D('',#8716,#7073,#7074);
#5996=AXIS2_PLACEMENT_3D('',#8718,#7075,#7076);
#5997=AXIS2_PLACEMENT_3D('',#8721,#7078,#7079);
#5998=AXIS2_PLACEMENT_3D('',#8722,#7080,#7081);
#5999=AXIS2_PLACEMENT_3D('',#8723,#7082,#7083);
#6000=AXIS2_PLACEMENT_3D('',#8724,#7084,#7085);
#6001=AXIS2_PLACEMENT_3D('',#8725,#7086,#7087);
#6002=AXIS2_PLACEMENT_3D('',#8726,#7088,#7089);
#6003=AXIS2_PLACEMENT_3D('',#8729,#7090,#7091);
#6004=AXIS2_PLACEMENT_3D('',#8733,#7093,#7094);
#6005=AXIS2_PLACEMENT_3D('',#8735,#7096,#7097);
#6006=AXIS2_PLACEMENT_3D('',#8737,#7098,#7099);
#6007=AXIS2_PLACEMENT_3D('',#8740,#7101,#7102);
#6008=AXIS2_PLACEMENT_3D('',#8741,#7103,#7104);
#6009=AXIS2_PLACEMENT_3D('',#8746,#7106,#7107);
#6010=AXIS2_PLACEMENT_3D('',#8749,#7109,#7110);
#6011=AXIS2_PLACEMENT_3D('',#8750,#7111,#7112);
#6012=AXIS2_PLACEMENT_3D('',#8752,#7113,#7114);
#6013=AXIS2_PLACEMENT_3D('',#8755,#7116,#7117);
#6014=AXIS2_PLACEMENT_3D('',#8756,#7118,#7119);
#6015=AXIS2_PLACEMENT_3D('',#8758,#7120,#7121);
#6016=AXIS2_PLACEMENT_3D('',#8759,#7122,#7123);
#6017=AXIS2_PLACEMENT_3D('',#8760,#7124,#7125);
#6018=AXIS2_PLACEMENT_3D('',#8763,#7126,#7127);
#6019=AXIS2_PLACEMENT_3D('',#8765,#7128,#7129);
#6020=AXIS2_PLACEMENT_3D('',#8767,#7130,#7131);
#6021=AXIS2_PLACEMENT_3D('',#8768,#7132,#7133);
#6022=AXIS2_PLACEMENT_3D('',#8769,#7134,#7135);
#6023=AXIS2_PLACEMENT_3D('',#8773,#7137,#7138);
#6024=AXIS2_PLACEMENT_3D('',#8775,#7140,#7141);
#6025=AXIS2_PLACEMENT_3D('',#8777,#7142,#7143);
#6026=AXIS2_PLACEMENT_3D('',#8779,#7145,#7146);
#6027=AXIS2_PLACEMENT_3D('',#8782,#7148,#7149);
#6028=AXIS2_PLACEMENT_3D('',#8783,#7150,#7151);
#6029=AXIS2_PLACEMENT_3D('',#8784,#7152,#7153);
#6030=AXIS2_PLACEMENT_3D('',#8785,#7154,#7155);
#6031=AXIS2_PLACEMENT_3D('',#8787,#7156,#7157);
#6032=AXIS2_PLACEMENT_3D('',#8789,#7159,#7160);
#6033=AXIS2_PLACEMENT_3D('',#8790,#7161,#7162);
#6034=AXIS2_PLACEMENT_3D('',#8791,#7163,#7164);
#6035=AXIS2_PLACEMENT_3D('',#8792,#7165,#7166);
#6036=AXIS2_PLACEMENT_3D('',#8793,#7167,#7168);
#6037=AXIS2_PLACEMENT_3D('',#8795,#7169,#7170);
#6038=AXIS2_PLACEMENT_3D('',#8835,#7172,#7173);
#6039=AXIS2_PLACEMENT_3D('',#8836,#7174,#7175);
#6040=AXIS2_PLACEMENT_3D('',#8837,#7176,#7177);
#6041=AXIS2_PLACEMENT_3D('',#8838,#7178,#7179);
#6042=AXIS2_PLACEMENT_3D('',#8839,#7180,#7181);
#6043=AXIS2_PLACEMENT_3D('',#8841,#7182,#7183);
#6044=AXIS2_PLACEMENT_3D('',#8843,#7184,#7185);
#6045=AXIS2_PLACEMENT_3D('',#8844,#7186,#7187);
#6046=AXIS2_PLACEMENT_3D('',#8846,#7188,#7189);
#6047=AXIS2_PLACEMENT_3D('',#8848,#7190,#7191);
#6048=AXIS2_PLACEMENT_3D('',#8849,#7192,#7193);
#6049=AXIS2_PLACEMENT_3D('',#8853,#7195,#7196);
#6050=AXIS2_PLACEMENT_3D('',#8879,#7198,#7199);
#6051=AXIS2_PLACEMENT_3D('',#9055,#7201,#7202);
#6052=AXIS2_PLACEMENT_3D('',#9059,#7204,#7205);
#6053=AXIS2_PLACEMENT_3D('',#9063,#7207,#7208);
#6054=AXIS2_PLACEMENT_3D('',#9067,#7210,#7211);
#6055=AXIS2_PLACEMENT_3D('',#9071,#7213,#7214);
#6056=AXIS2_PLACEMENT_3D('',#9075,#7216,#7217);
#6057=AXIS2_PLACEMENT_3D('',#9077,#7218,#7219);
#6058=AXIS2_PLACEMENT_3D('',#9081,#7221,#7222);
#6059=AXIS2_PLACEMENT_3D('',#9084,#7224,#7225);
#6060=AXIS2_PLACEMENT_3D('',#9085,#7226,#7227);
#6061=AXIS2_PLACEMENT_3D('',#9087,#7228,#7229);
#6062=AXIS2_PLACEMENT_3D('',#9089,#7231,#7232);
#6063=AXIS2_PLACEMENT_3D('',#9106,#7241,#7242);
#6064=AXIS2_PLACEMENT_3D('',#9112,#7246,#7247);
#6065=AXIS2_PLACEMENT_3D('',#9116,#7250,#7251);
#6066=AXIS2_PLACEMENT_3D('',#9120,#7254,#7255);
#6067=AXIS2_PLACEMENT_3D('',#9122,#7257,#7258);
#6068=AXIS2_PLACEMENT_3D('',#9128,#7262,#7263);
#6069=AXIS2_PLACEMENT_3D('',#9132,#7266,#7267);
#6070=AXIS2_PLACEMENT_3D('',#9136,#7270,#7271);
#6071=AXIS2_PLACEMENT_3D('',#9138,#7273,#7274);
#6072=AXIS2_PLACEMENT_3D('',#9176,#7295,#7296);
#6073=AXIS2_PLACEMENT_3D('',#9180,#7299,#7300);
#6074=AXIS2_PLACEMENT_3D('',#9184,#7303,#7304);
#6075=AXIS2_PLACEMENT_3D('',#9188,#7307,#7308);
#6076=AXIS2_PLACEMENT_3D('',#9192,#7311,#7312);
#6077=AXIS2_PLACEMENT_3D('',#9196,#7315,#7316);
#6078=AXIS2_PLACEMENT_3D('',#9200,#7319,#7320);
#6079=AXIS2_PLACEMENT_3D('',#9204,#7323,#7324);
#6080=AXIS2_PLACEMENT_3D('',#9208,#7327,#7328);
#6081=AXIS2_PLACEMENT_3D('',#9210,#7330,#7331);
#6082=AXIS2_PLACEMENT_3D('',#9217,#7335,#7336);
#6083=AXIS2_PLACEMENT_3D('',#9221,#7338,#7339);
#6084=AXIS2_PLACEMENT_3D('',#9225,#7341,#7342);
#6085=AXIS2_PLACEMENT_3D('',#9228,#7344,#7345);
#6086=AXIS2_PLACEMENT_3D('',#9229,#7346,#7347);
#6087=AXIS2_PLACEMENT_3D('',#9233,#7350,#7351);
#6088=AXIS2_PLACEMENT_3D('',#9237,#7354,#7355);
#6089=AXIS2_PLACEMENT_3D('',#9241,#7358,#7359);
#6090=AXIS2_PLACEMENT_3D('',#9245,#7362,#7363);
#6091=AXIS2_PLACEMENT_3D('',#9249,#7366,#7367);
#6092=AXIS2_PLACEMENT_3D('',#9253,#7370,#7371);
#6093=AXIS2_PLACEMENT_3D('',#9257,#7374,#7375);
#6094=AXIS2_PLACEMENT_3D('',#9261,#7378,#7379);
#6095=AXIS2_PLACEMENT_3D('',#9263,#7381,#7382);
#6096=AXIS2_PLACEMENT_3D('',#9265,#7384,#7385);
#6097=AXIS2_PLACEMENT_3D('',#9266,#7386,#7387);
#6098=AXIS2_PLACEMENT_3D('',#9267,#7388,#7389);
#6099=AXIS2_PLACEMENT_3D('',#9268,#7390,#7391);
#6100=AXIS2_PLACEMENT_3D('',#9269,#7392,#7393);
#6101=AXIS2_PLACEMENT_3D('',#9272,#7396,#7397);
#6102=AXIS2_PLACEMENT_3D('',#9274,#7399,#7400);
#6103=AXIS2_PLACEMENT_3D('',#9276,#7402,#7403);
#6104=AXIS2_PLACEMENT_3D('',#9278,#7405,#7406);
#6105=AXIS2_PLACEMENT_3D('',#9280,#7408,#7409);
#6106=AXIS2_PLACEMENT_3D('',#9282,#7411,#7412);
#6107=AXIS2_PLACEMENT_3D('',#9284,#7414,#7415);
#6108=AXIS2_PLACEMENT_3D('',#9285,#7416,#7417);
#6109=AXIS2_PLACEMENT_3D('',#9287,#7418,#7419);
#6110=AXIS2_PLACEMENT_3D('',#9317,#7420,#7421);
#6111=AXIS2_PLACEMENT_3D('',#9318,#7422,#7423);
#6112=AXIS2_PLACEMENT_3D('',#9319,#7424,#7425);
#6113=AXIS2_PLACEMENT_3D('',#9320,#7426,#7427);
#6114=AXIS2_PLACEMENT_3D('',#9322,#7429,#7430);
#6115=AXIS2_PLACEMENT_3D('',#9324,#7431,#7432);
#6116=AXIS2_PLACEMENT_3D('',#9354,#7433,#7434);
#6117=AXIS2_PLACEMENT_3D('',#9355,#7435,#7436);
#6118=AXIS2_PLACEMENT_3D('',#9356,#7437,#7438);
#6119=AXIS2_PLACEMENT_3D('',#9357,#7439,#7440);
#6120=AXIS2_PLACEMENT_3D('',#9359,#7442,#7443);
#6121=AXIS2_PLACEMENT_3D('',#9361,#7444,#7445);
#6122=AXIS2_PLACEMENT_3D('',#9391,#7446,#7447);
#6123=AXIS2_PLACEMENT_3D('',#9392,#7448,#7449);
#6124=AXIS2_PLACEMENT_3D('',#9393,#7450,#7451);
#6125=AXIS2_PLACEMENT_3D('',#9394,#7452,#7453);
#6126=AXIS2_PLACEMENT_3D('',#9396,#7455,#7456);
#6127=AXIS2_PLACEMENT_3D('',#9398,#7457,#7458);
#6128=AXIS2_PLACEMENT_3D('',#9428,#7459,#7460);
#6129=AXIS2_PLACEMENT_3D('',#9429,#7461,#7462);
#6130=AXIS2_PLACEMENT_3D('',#9430,#7463,#7464);
#6131=AXIS2_PLACEMENT_3D('',#9431,#7465,#7466);
#6132=AXIS2_PLACEMENT_3D('',#9914,#7475,#7476);
#6133=AXIS2_PLACEMENT_3D('',#9915,#7477,#7478);
#6134=AXIS2_PLACEMENT_3D('',#9917,#7479,#7480);
#6135=AXIS2_PLACEMENT_3D('',#9918,#7481,#7482);
#6136=AXIS2_PLACEMENT_3D('',#9919,#7483,#7484);
#6137=AXIS2_PLACEMENT_3D('',#9921,#7485,#7486);
#6138=AXIS2_PLACEMENT_3D('',#9968,#7510,#7511);
#6139=AXIS2_PLACEMENT_3D('',#9970,#7513,#7514);
#6140=AXIS2_PLACEMENT_3D('',#9971,#7515,#7516);
#6141=AXIS2_PLACEMENT_3D('',#9980,#7521,#7522);
#6142=AXIS2_PLACEMENT_3D('',#9983,#7525,#7526);
#6143=AXIS2_PLACEMENT_3D('',#9987,#7529,#7530);
#6144=AXIS2_PLACEMENT_3D('',#9991,#7533,#7534);
#6145=AXIS2_PLACEMENT_3D('',#9993,#7536,#7537);
#6146=AXIS2_PLACEMENT_3D('',#9997,#7540,#7541);
#6147=AXIS2_PLACEMENT_3D('',#10001,#7544,#7545);
#6148=AXIS2_PLACEMENT_3D('',#10010,#7550,#7551);
#6149=AXIS2_PLACEMENT_3D('',#10016,#7555,#7556);
#6150=AXIS2_PLACEMENT_3D('',#10019,#7559,#7560);
#6151=AXIS2_PLACEMENT_3D('',#10021,#7562,#7563);
#6152=AXIS2_PLACEMENT_3D('',#10023,#7565,#7566);
#6153=AXIS2_PLACEMENT_3D('',#10027,#7569,#7570);
#6154=AXIS2_PLACEMENT_3D('',#10031,#7573,#7574);
#6155=AXIS2_PLACEMENT_3D('',#10037,#7578,#7579);
#6156=AXIS2_PLACEMENT_3D('',#10043,#7583,#7584);
#6157=AXIS2_PLACEMENT_3D('',#10049,#7588,#7589);
#6158=AXIS2_PLACEMENT_3D('',#10053,#7592,#7593);
#6159=AXIS2_PLACEMENT_3D('',#10056,#7596,#7597);
#6160=AXIS2_PLACEMENT_3D('',#10062,#7601,#7602);
#6161=AXIS2_PLACEMENT_3D('',#10068,#7606,#7607);
#6162=AXIS2_PLACEMENT_3D('',#10071,#7610,#7611);
#6163=AXIS2_PLACEMENT_3D('',#10072,#7612,#7613);
#6164=AXIS2_PLACEMENT_3D('',#10073,#7614,#7615);
#6165=AXIS2_PLACEMENT_3D('',#10082,#7620,#7621);
#6166=AXIS2_PLACEMENT_3D('',#10085,#7624,#7625);
#6167=AXIS2_PLACEMENT_3D('',#10087,#7627,#7628);
#6168=AXIS2_PLACEMENT_3D('',#10089,#7630,#7631);
#6169=AXIS2_PLACEMENT_3D('',#10090,#7632,#7633);
#6170=AXIS2_PLACEMENT_3D('',#10092,#7634,#7635);
#6171=AXIS2_PLACEMENT_3D('',#10095,#7637,#7638);
#6172=AXIS2_PLACEMENT_3D('',#10096,#7639,#7640);
#6173=AXIS2_PLACEMENT_3D('',#10098,#7641,#7642);
#6174=AXIS2_PLACEMENT_3D('',#10101,#7644,#7645);
#6175=AXIS2_PLACEMENT_3D('',#10102,#7646,#7647);
#6176=AXIS2_PLACEMENT_3D('',#10103,#7648,#7649);
#6177=AXIS2_PLACEMENT_3D('',#10104,#7650,#7651);
#6178=AXIS2_PLACEMENT_3D('',#10106,#7652,#7653);
#6179=AXIS2_PLACEMENT_3D('',#10109,#7655,#7656);
#6180=AXIS2_PLACEMENT_3D('',#10110,#7657,#7658);
#6181=AXIS2_PLACEMENT_3D('',#10112,#7659,#7660);
#6182=AXIS2_PLACEMENT_3D('',#10115,#7662,#7663);
#6183=AXIS2_PLACEMENT_3D('',#10116,#7664,#7665);
#6184=AXIS2_PLACEMENT_3D('',#10117,#7666,#7667);
#6185=AXIS2_PLACEMENT_3D('',#10118,#7668,#7669);
#6186=AXIS2_PLACEMENT_3D('',#10120,#7670,#7671);
#6187=AXIS2_PLACEMENT_3D('',#10121,#7672,#7673);
#6188=AXIS2_PLACEMENT_3D('',#10124,#7674,#7675);
#6189=AXIS2_PLACEMENT_3D('',#10126,#7677,#7678);
#6190=AXIS2_PLACEMENT_3D('',#10127,#7679,#7680);
#6191=AXIS2_PLACEMENT_3D('',#10129,#7681,#7682);
#6192=AXIS2_PLACEMENT_3D('',#10130,#7683,#7684);
#6193=AXIS2_PLACEMENT_3D('',#10131,#7685,#7686);
#6194=AXIS2_PLACEMENT_3D('',#10133,#7687,#7688);
#6195=AXIS2_PLACEMENT_3D('',#10134,#7689,#7690);
#6196=AXIS2_PLACEMENT_3D('',#10136,#7691,#7692);
#6197=AXIS2_PLACEMENT_3D('',#10137,#7693,#7694);
#6198=AXIS2_PLACEMENT_3D('',#10139,#7695,#7696);
#6199=AXIS2_PLACEMENT_3D('',#10142,#7698,#7699);
#6200=AXIS2_PLACEMENT_3D('',#10143,#7700,#7701);
#6201=AXIS2_PLACEMENT_3D('',#10145,#7702,#7703);
#6202=AXIS2_PLACEMENT_3D('',#10148,#7705,#7706);
#6203=AXIS2_PLACEMENT_3D('',#10149,#7707,#7708);
#6204=AXIS2_PLACEMENT_3D('',#10150,#7709,#7710);
#6205=AXIS2_PLACEMENT_3D('',#10151,#7711,#7712);
#6206=AXIS2_PLACEMENT_3D('',#10153,#7713,#7714);
#6207=AXIS2_PLACEMENT_3D('',#10156,#7716,#7717);
#6208=AXIS2_PLACEMENT_3D('',#10157,#7718,#7719);
#6209=AXIS2_PLACEMENT_3D('',#10159,#7720,#7721);
#6210=AXIS2_PLACEMENT_3D('',#10162,#7723,#7724);
#6211=AXIS2_PLACEMENT_3D('',#10163,#7725,#7726);
#6212=AXIS2_PLACEMENT_3D('',#10164,#7727,#7728);
#6213=AXIS2_PLACEMENT_3D('',#10165,#7729,#7730);
#6214=AXIS2_PLACEMENT_3D('',#10167,#7731,#7732);
#6215=AXIS2_PLACEMENT_3D('',#10168,#7733,#7734);
#6216=AXIS2_PLACEMENT_3D('',#10171,#7735,#7736);
#6217=AXIS2_PLACEMENT_3D('',#10173,#7738,#7739);
#6218=AXIS2_PLACEMENT_3D('',#10174,#7740,#7741);
#6219=AXIS2_PLACEMENT_3D('',#10176,#7742,#7743);
#6220=AXIS2_PLACEMENT_3D('',#10177,#7744,#7745);
#6221=AXIS2_PLACEMENT_3D('',#10178,#7746,#7747);
#6222=AXIS2_PLACEMENT_3D('',#10180,#7748,#7749);
#6223=AXIS2_PLACEMENT_3D('',#10181,#7750,#7751);
#6224=AXIS2_PLACEMENT_3D('',#10183,#7752,#7753);
#6225=DIRECTION('axis',(0.,0.,1.));
#6226=DIRECTION('refdir',(1.,0.,0.));
#6227=DIRECTION('center_axis',(0.,-1.,1.22464679914735E-16));
#6228=DIRECTION('ref_axis',(1.,0.,0.));
#6229=DIRECTION('',(-1.,0.,0.));
#6230=DIRECTION('',(0.,1.22464679914735E-16,1.));
#6231=DIRECTION('',(1.,0.,0.));
#6232=DIRECTION('',(0.,1.22464679914735E-16,1.));
#6233=DIRECTION('center_axis',(-0.707106781186548,0.707106781186548,-8.65956056235493E-17));
#6234=DIRECTION('ref_axis',(-0.707106781186548,-0.707106781186548,8.65956056235493E-17));
#6235=DIRECTION('',(0.707106781186548,0.707106781186548,-8.65956056235493E-17));
#6236=DIRECTION('',(-0.707106781186548,-0.707106781186548,8.65956056235493E-17));
#6237=DIRECTION('',(-1.22464679914735E-16,0.,1.));
#6238=DIRECTION('center_axis',(0.707106781186548,0.707106781186548,-8.65956056235493E-17));
#6239=DIRECTION('ref_axis',(-0.707106781186548,0.707106781186548,-8.65956056235493E-17));
#6240=DIRECTION('',(-0.707106781186548,0.707106781186548,-8.65956056235493E-17));
#6241=DIRECTION('',(-1.22464679914735E-16,0.,-1.));
#6242=DIRECTION('',(-0.707106781186548,0.707106781186548,-8.65956056235493E-17));
#6243=DIRECTION('center_axis',(0.,1.22464679914735E-16,1.));
#6244=DIRECTION('ref_axis',(-1.,0.,0.));
#6245=DIRECTION('',(1.,0.,0.));
#6246=DIRECTION('center_axis',(0.,1.22464679914735E-16,1.));
#6247=DIRECTION('ref_axis',(-1.,0.,0.));
#6248=DIRECTION('',(-1.,0.,0.));
#6249=DIRECTION('center_axis',(0.,1.,0.));
#6250=DIRECTION('ref_axis',(1.,0.,0.));
#6251=DIRECTION('',(-1.,0.,0.));
#6252=DIRECTION('',(0.,0.,-1.));
#6253=DIRECTION('',(1.,0.,0.));
#6254=DIRECTION('',(0.,0.,-1.));
#6255=DIRECTION('center_axis',(-0.707106781186548,-0.707106781186548,0.));
#6256=DIRECTION('ref_axis',(-0.707106781186548,0.707106781186548,0.));
#6257=DIRECTION('',(0.707106781186548,-0.707106781186548,0.));
#6258=DIRECTION('',(-0.707106781186548,0.707106781186548,0.));
#6259=DIRECTION('',(0.,0.,-1.));
#6260=DIRECTION('center_axis',(0.707106781186548,-0.707106781186548,0.));
#6261=DIRECTION('ref_axis',(-0.707106781186548,-0.707106781186548,0.));
#6262=DIRECTION('',(-0.707106781186548,-0.707106781186548,0.));
#6263=DIRECTION('',(0.,0.,1.));
#6264=DIRECTION('',(-0.707106781186548,-0.707106781186548,0.));
#6265=DIRECTION('center_axis',(0.,0.,-1.));
#6266=DIRECTION('ref_axis',(-1.,0.,0.));
#6267=DIRECTION('',(1.,0.,0.));
#6268=DIRECTION('center_axis',(0.,0.,-1.));
#6269=DIRECTION('ref_axis',(-1.,0.,0.));
#6270=DIRECTION('',(-1.,0.,0.));
#6271=DIRECTION('center_axis',(0.,-1.,1.22464679914735E-16));
#6272=DIRECTION('ref_axis',(1.,0.,0.));
#6273=DIRECTION('',(-1.,0.,0.));
#6274=DIRECTION('',(0.,1.22464679914735E-16,1.));
#6275=DIRECTION('',(1.,0.,0.));
#6276=DIRECTION('',(0.,1.22464679914735E-16,1.));
#6277=DIRECTION('center_axis',(-0.707106781186548,0.707106781186548,-8.65956056235493E-17));
#6278=DIRECTION('ref_axis',(-0.707106781186548,-0.707106781186548,8.65956056235493E-17));
#6279=DIRECTION('',(0.707106781186548,0.707106781186548,-8.65956056235493E-17));
#6280=DIRECTION('',(-0.707106781186548,-0.707106781186548,8.65956056235493E-17));
#6281=DIRECTION('',(-1.22464679914735E-16,0.,1.));
#6282=DIRECTION('center_axis',(0.707106781186548,0.707106781186548,-8.65956056235493E-17));
#6283=DIRECTION('ref_axis',(-0.707106781186548,0.707106781186548,-8.65956056235493E-17));
#6284=DIRECTION('',(-0.707106781186548,0.707106781186548,-8.65956056235493E-17));
#6285=DIRECTION('',(-1.22464679914735E-16,0.,-1.));
#6286=DIRECTION('',(-0.707106781186548,0.707106781186548,-8.65956056235493E-17));
#6287=DIRECTION('center_axis',(0.,1.22464679914735E-16,1.));
#6288=DIRECTION('ref_axis',(-1.,0.,0.));
#6289=DIRECTION('',(1.,0.,0.));
#6290=DIRECTION('center_axis',(0.,1.22464679914735E-16,1.));
#6291=DIRECTION('ref_axis',(-1.,0.,0.));
#6292=DIRECTION('',(-1.,0.,0.));
#6293=DIRECTION('center_axis',(0.,1.,0.));
#6294=DIRECTION('ref_axis',(1.,0.,0.));
#6295=DIRECTION('',(-1.,0.,0.));
#6296=DIRECTION('',(0.,0.,-1.));
#6297=DIRECTION('',(1.,0.,0.));
#6298=DIRECTION('',(0.,0.,-1.));
#6299=DIRECTION('center_axis',(-0.707106781186548,-0.707106781186548,0.));
#6300=DIRECTION('ref_axis',(-0.707106781186548,0.707106781186548,0.));
#6301=DIRECTION('',(0.707106781186548,-0.707106781186548,0.));
#6302=DIRECTION('',(-0.707106781186548,0.707106781186548,0.));
#6303=DIRECTION('',(0.,0.,-1.));
#6304=DIRECTION('center_axis',(0.707106781186548,-0.707106781186548,0.));
#6305=DIRECTION('ref_axis',(-0.707106781186548,-0.707106781186548,0.));
#6306=DIRECTION('',(-0.707106781186548,-0.707106781186548,0.));
#6307=DIRECTION('',(0.,0.,1.));
#6308=DIRECTION('',(-0.707106781186548,-0.707106781186548,0.));
#6309=DIRECTION('center_axis',(0.,0.,-1.));
#6310=DIRECTION('ref_axis',(-1.,0.,0.));
#6311=DIRECTION('',(1.,0.,0.));
#6312=DIRECTION('center_axis',(0.,0.,-1.));
#6313=DIRECTION('ref_axis',(-1.,0.,0.));
#6314=DIRECTION('',(-1.,0.,0.));
#6315=DIRECTION('center_axis',(-0.707106781186548,0.,-0.707106781186548));
#6316=DIRECTION('ref_axis',(-0.707106781186548,0.,0.707106781186548));
#6317=DIRECTION('',(0.707106781186548,0.,-0.707106781186548));
#6318=DIRECTION('',(0.,1.,0.));
#6319=DIRECTION('',(-0.707106781186548,0.,0.707106781186548));
#6320=DIRECTION('',(0.,1.,0.));
#6321=DIRECTION('center_axis',(0.,1.,0.));
#6322=DIRECTION('ref_axis',(0.,0.,1.));
#6323=DIRECTION('',(0.,0.,1.));
#6324=DIRECTION('',(1.,0.,0.));
#6325=DIRECTION('center_axis',(1.,0.,0.));
#6326=DIRECTION('ref_axis',(0.,-1.,0.));
#6327=DIRECTION('',(0.,-1.,0.));
#6328=DIRECTION('',(0.,0.,-1.));
#6329=DIRECTION('',(0.,-1.,0.));
#6330=DIRECTION('',(0.,0.,-1.));
#6331=DIRECTION('center_axis',(0.707106781186548,0.,-0.707106781186548));
#6332=DIRECTION('ref_axis',(-0.707106781186548,0.,-0.707106781186548));
#6333=DIRECTION('',(0.707106781186548,0.,0.707106781186548));
#6334=DIRECTION('',(0.,-1.,0.));
#6335=DIRECTION('',(-0.707106781186548,0.,-0.707106781186548));
#6336=DIRECTION('',(0.,1.,0.));
#6337=DIRECTION('center_axis',(0.,1.,0.));
#6338=DIRECTION('ref_axis',(0.,0.,1.));
#6339=DIRECTION('',(0.,0.,-1.));
#6340=DIRECTION('',(1.,0.,0.));
#6341=DIRECTION('center_axis',(0.,-1.,0.));
#6342=DIRECTION('ref_axis',(-1.,0.,0.));
#6343=DIRECTION('',(-1.,0.,0.));
#6344=DIRECTION('',(0.,0.,-1.));
#6345=DIRECTION('',(-1.,0.,0.));
#6346=DIRECTION('center_axis',(0.707106781186548,0.,-0.707106781186548));
#6347=DIRECTION('ref_axis',(-0.707106781186548,0.,-0.707106781186548));
#6348=DIRECTION('',(0.707106781186548,0.,0.707106781186548));
#6349=DIRECTION('',(0.,-1.,0.));
#6350=DIRECTION('',(-0.707106781186548,0.,-0.707106781186548));
#6351=DIRECTION('',(0.,1.,0.));
#6352=DIRECTION('center_axis',(0.,1.,0.));
#6353=DIRECTION('ref_axis',(0.,0.,1.));
#6354=DIRECTION('',(0.,0.,-1.));
#6355=DIRECTION('',(1.,0.,0.));
#6356=DIRECTION('center_axis',(-1.,0.,0.));
#6357=DIRECTION('ref_axis',(0.,1.,0.));
#6358=DIRECTION('',(0.,0.,-1.));
#6359=DIRECTION('',(0.,1.,0.));
#6360=DIRECTION('',(0.,0.,-1.));
#6361=DIRECTION('',(0.,1.,0.));
#6362=DIRECTION('center_axis',(0.,-1.,0.));
#6363=DIRECTION('ref_axis',(-1.,0.,0.));
#6364=DIRECTION('',(-1.,0.,0.));
#6365=DIRECTION('',(0.707106781186548,0.,-0.707106781186548));
#6366=DIRECTION('',(0.,0.,-1.));
#6367=DIRECTION('',(-1.,0.,0.));
#6368=DIRECTION('center_axis',(-0.707106781186548,0.,-0.707106781186548));
#6369=DIRECTION('ref_axis',(-0.707106781186548,0.,0.707106781186548));
#6370=DIRECTION('',(0.,1.,0.));
#6371=DIRECTION('',(-0.707106781186548,0.,0.707106781186548));
#6372=DIRECTION('',(0.,1.,0.));
#6373=DIRECTION('center_axis',(0.,1.,0.));
#6374=DIRECTION('ref_axis',(0.,0.,1.));
#6375=DIRECTION('',(0.,0.,1.));
#6376=DIRECTION('',(1.,0.,0.));
#6377=DIRECTION('center_axis',(1.,0.,0.));
#6378=DIRECTION('ref_axis',(0.,-1.,0.));
#6379=DIRECTION('',(0.,-1.,0.));
#6380=DIRECTION('',(0.,0.,-1.));
#6381=DIRECTION('',(0.,-1.,0.));
#6382=DIRECTION('center_axis',(0.707106781186548,0.,-0.707106781186548));
#6383=DIRECTION('ref_axis',(-0.707106781186548,0.,-0.707106781186548));
#6384=DIRECTION('',(0.707106781186548,0.,0.707106781186548));
#6385=DIRECTION('',(0.,-1.,0.));
#6386=DIRECTION('',(-0.707106781186548,0.,-0.707106781186548));
#6387=DIRECTION('',(0.,1.,0.));
#6388=DIRECTION('center_axis',(0.,1.,0.));
#6389=DIRECTION('ref_axis',(0.,0.,1.));
#6390=DIRECTION('',(0.,0.,-1.));
#6391=DIRECTION('',(1.,0.,0.));
#6392=DIRECTION('center_axis',(-1.,0.,0.));
#6393=DIRECTION('ref_axis',(0.,1.,0.));
#6394=DIRECTION('',(0.,0.,-1.));
#6395=DIRECTION('',(0.,1.,0.));
#6396=DIRECTION('',(0.,0.,-1.));
#6397=DIRECTION('',(0.,1.,0.));
#6398=DIRECTION('center_axis',(0.,-1.,0.));
#6399=DIRECTION('ref_axis',(-1.,0.,0.));
#6400=DIRECTION('',(-1.,0.,0.));
#6401=DIRECTION('',(0.707106781186548,0.,-0.707106781186548));
#6402=DIRECTION('',(0.,0.,-1.));
#6403=DIRECTION('',(-1.,0.,0.));
#6404=DIRECTION('center_axis',(-0.707106781186548,0.,-0.707106781186548));
#6405=DIRECTION('ref_axis',(-0.707106781186548,0.,0.707106781186548));
#6406=DIRECTION('',(0.,1.,0.));
#6407=DIRECTION('',(-0.707106781186548,0.,0.707106781186548));
#6408=DIRECTION('',(0.,1.,0.));
#6409=DIRECTION('center_axis',(0.,1.,0.));
#6410=DIRECTION('ref_axis',(0.,0.,1.));
#6411=DIRECTION('',(0.,0.,1.));
#6412=DIRECTION('',(1.,0.,0.));
#6413=DIRECTION('center_axis',(1.,0.,0.));
#6414=DIRECTION('ref_axis',(0.,-1.,0.));
#6415=DIRECTION('',(0.,-1.,0.));
#6416=DIRECTION('',(0.,0.,-1.));
#6417=DIRECTION('',(0.,-1.,0.));
#6418=DIRECTION('center_axis',(0.707106781186548,0.,-0.707106781186548));
#6419=DIRECTION('ref_axis',(-0.707106781186548,0.,-0.707106781186548));
#6420=DIRECTION('',(0.707106781186548,0.,0.707106781186548));
#6421=DIRECTION('',(0.,-1.,0.));
#6422=DIRECTION('',(-0.707106781186548,0.,-0.707106781186548));
#6423=DIRECTION('',(0.,1.,0.));
#6424=DIRECTION('center_axis',(0.,1.,0.));
#6425=DIRECTION('ref_axis',(0.,0.,1.));
#6426=DIRECTION('',(0.,0.,-1.));
#6427=DIRECTION('',(1.,0.,0.));
#6428=DIRECTION('center_axis',(-1.,0.,0.));
#6429=DIRECTION('ref_axis',(0.,1.,0.));
#6430=DIRECTION('',(0.,0.,-1.));
#6431=DIRECTION('',(0.,1.,0.));
#6432=DIRECTION('',(0.,0.,-1.));
#6433=DIRECTION('',(0.,1.,0.));
#6434=DIRECTION('center_axis',(0.,-1.,0.));
#6435=DIRECTION('ref_axis',(-1.,0.,0.));
#6436=DIRECTION('',(-1.,0.,0.));
#6437=DIRECTION('',(0.707106781186548,0.,-0.707106781186548));
#6438=DIRECTION('',(0.,0.,-1.));
#6439=DIRECTION('',(-1.,0.,0.));
#6440=DIRECTION('center_axis',(0.,-1.,0.));
#6441=DIRECTION('ref_axis',(0.,0.,-1.));
#6442=DIRECTION('',(0.,0.,-1.));
#6443=DIRECTION('',(-1.,0.,0.));
#6444=DIRECTION('',(0.,0.,1.));
#6445=DIRECTION('',(1.,0.,0.));
#6446=DIRECTION('center_axis',(0.,-1.,0.));
#6447=DIRECTION('ref_axis',(1.,0.,0.));
#6448=DIRECTION('',(0.,0.,1.));
#6449=DIRECTION('',(-1.,0.,0.));
#6450=DIRECTION('',(0.,0.,-1.));
#6451=DIRECTION('',(0.,0.,-1.));
#6452=DIRECTION('',(1.,0.,0.));
#6453=DIRECTION('',(0.,0.,-1.));
#6454=DIRECTION('center_axis',(-0.707106781186548,0.,-0.707106781186548));
#6455=DIRECTION('ref_axis',(-0.707106781186548,0.,0.707106781186548));
#6456=DIRECTION('',(0.,1.,0.));
#6457=DIRECTION('',(-0.707106781186548,0.,0.707106781186548));
#6458=DIRECTION('',(0.,1.,0.));
#6459=DIRECTION('center_axis',(0.,1.,0.));
#6460=DIRECTION('ref_axis',(0.,0.,1.));
#6461=DIRECTION('',(0.,0.,1.));
#6462=DIRECTION('',(1.,0.,0.));
#6463=DIRECTION('center_axis',(1.,0.,0.));
#6464=DIRECTION('ref_axis',(0.,-1.,0.));
#6465=DIRECTION('',(0.,-1.,0.));
#6466=DIRECTION('',(0.,0.,-1.));
#6467=DIRECTION('',(0.,-1.,0.));
#6468=DIRECTION('center_axis',(0.,-1.,0.));
#6469=DIRECTION('ref_axis',(0.,0.,-1.));
#6470=DIRECTION('',(-1.,0.,0.));
#6471=DIRECTION('',(0.,0.,1.));
#6472=DIRECTION('',(1.,0.,0.));
#6473=DIRECTION('',(0.,0.,-1.));
#6474=DIRECTION('center_axis',(0.,0.,1.));
#6475=DIRECTION('ref_axis',(1.,0.,0.));
#6476=DIRECTION('',(0.,-1.,0.));
#6477=DIRECTION('',(0.,-1.,0.));
#6478=DIRECTION('',(1.,0.,0.));
#6479=DIRECTION('',(0.,1.,0.));
#6480=DIRECTION('',(0.,-1.,0.));
#6481=DIRECTION('',(0.,-1.,0.));
#6482=DIRECTION('center_axis',(0.,0.,1.));
#6483=DIRECTION('ref_axis',(0.,1.,0.));
#6484=DIRECTION('',(0.,-1.,0.));
#6485=DIRECTION('',(-1.,0.,0.));
#6486=DIRECTION('',(0.,-1.,0.));
#6487=DIRECTION('',(0.,-1.,0.));
#6488=DIRECTION('',(0.,-1.,0.));
#6489=DIRECTION('',(1.,0.,0.));
#6490=DIRECTION('',(0.,-1.,0.));
#6491=DIRECTION('',(0.,-1.,0.));
#6492=DIRECTION('',(0.,1.,0.));
#6493=DIRECTION('',(1.,0.,0.));
#6494=DIRECTION('',(1.,0.,0.));
#6495=DIRECTION('',(1.,0.,0.));
#6496=DIRECTION('',(1.,0.,0.));
#6497=DIRECTION('center_axis',(0.,-1.,0.));
#6498=DIRECTION('ref_axis',(0.,0.,-1.));
#6499=DIRECTION('',(0.,0.,1.));
#6500=DIRECTION('',(-1.,0.,0.));
#6501=DIRECTION('',(0.,0.,1.));
#6502=DIRECTION('center_axis',(0.,-1.,0.));
#6503=DIRECTION('ref_axis',(1.,0.,0.));
#6504=DIRECTION('',(-1.,0.,0.));
#6505=DIRECTION('',(0.,0.,1.));
#6506=DIRECTION('',(0.,0.,-1.));
#6507=DIRECTION('center_axis',(0.,-1.,0.));
#6508=DIRECTION('ref_axis',(0.,0.,-1.));
#6509=DIRECTION('',(1.,0.,0.));
#6510=DIRECTION('',(0.,0.,1.));
#6511=DIRECTION('',(0.,0.,1.));
#6512=DIRECTION('',(0.,0.,1.));
#6513=DIRECTION('center_axis',(0.,1.,0.));
#6514=DIRECTION('ref_axis',(1.,0.,0.));
#6515=DIRECTION('',(1.,0.,0.));
#6516=DIRECTION('center_axis',(0.,0.,-1.));
#6517=DIRECTION('ref_axis',(-1.,0.,0.));
#6518=DIRECTION('center_axis',(0.,1.,0.));
#6519=DIRECTION('ref_axis',(1.,0.,0.));
#6520=DIRECTION('',(1.,0.,0.));
#6521=DIRECTION('center_axis',(0.,0.,-1.));
#6522=DIRECTION('ref_axis',(-1.,0.,0.));
#6523=DIRECTION('center_axis',(0.,4.05190884899692E-17,-1.));
#6524=DIRECTION('ref_axis',(0.,-1.,-4.05190884899692E-17));
#6525=DIRECTION('',(0.,-1.,-4.05190884899692E-17));
#6526=DIRECTION('',(-1.,0.,0.));
#6527=DIRECTION('',(0.,1.,4.05190884899692E-17));
#6528=DIRECTION('',(-1.,0.,0.));
#6529=DIRECTION('center_axis',(-1.,0.,0.));
#6530=DIRECTION('ref_axis',(0.,-5.92118946466798E-14,-1.));
#6531=DIRECTION('center_axis',(-1.,0.,0.));
#6532=DIRECTION('ref_axis',(0.,-5.92118946466798E-14,-1.));
#6533=DIRECTION('',(-1.,0.,0.));
#6534=DIRECTION('center_axis',(1.,0.,0.));
#6535=DIRECTION('ref_axis',(0.,-5.92118946466798E-14,-1.));
#6536=DIRECTION('center_axis',(0.,1.,0.));
#6537=DIRECTION('ref_axis',(0.,0.,-1.));
#6538=DIRECTION('',(0.,0.,-1.));
#6539=DIRECTION('',(-1.,0.,0.));
#6540=DIRECTION('',(0.,0.,1.));
#6541=DIRECTION('center_axis',(-1.,0.,0.));
#6542=DIRECTION('ref_axis',(0.,1.,-5.92118946466798E-14));
#6543=DIRECTION('center_axis',(-1.,0.,0.));
#6544=DIRECTION('ref_axis',(0.,1.,-5.92118946466798E-14));
#6545=DIRECTION('',(-1.,0.,0.));
#6546=DIRECTION('center_axis',(1.,0.,0.));
#6547=DIRECTION('ref_axis',(0.,1.,-5.92118946466798E-14));
#6548=DIRECTION('center_axis',(0.,4.97114787145592E-16,1.));
#6549=DIRECTION('ref_axis',(0.,1.,-4.97114787145592E-16));
#6550=DIRECTION('',(0.,1.,-4.97114787145592E-16));
#6551=DIRECTION('',(-1.,0.,0.));
#6552=DIRECTION('',(0.,-1.,4.97114787145592E-16));
#6553=DIRECTION('center_axis',(-1.,0.,0.));
#6554=DIRECTION('ref_axis',(0.,5.92118946466802E-14,1.));
#6555=DIRECTION('center_axis',(-1.,0.,0.));
#6556=DIRECTION('ref_axis',(0.,5.92118946466802E-14,1.));
#6557=DIRECTION('',(-1.,0.,0.));
#6558=DIRECTION('center_axis',(1.,0.,0.));
#6559=DIRECTION('ref_axis',(0.,5.92118946466802E-14,1.));
#6560=DIRECTION('center_axis',(0.,-1.,0.));
#6561=DIRECTION('ref_axis',(0.,0.,1.));
#6562=DIRECTION('',(0.,0.,1.));
#6563=DIRECTION('',(-1.,0.,0.));
#6564=DIRECTION('',(0.,0.,-1.));
#6565=DIRECTION('center_axis',(-1.,0.,0.));
#6566=DIRECTION('ref_axis',(0.,-1.,8.32667268468934E-14));
#6567=DIRECTION('center_axis',(-1.,0.,0.));
#6568=DIRECTION('ref_axis',(0.,-1.,8.32667268468934E-14));
#6569=DIRECTION('center_axis',(1.,0.,0.));
#6570=DIRECTION('ref_axis',(0.,-1.,8.32667268468934E-14));
#6571=DIRECTION('center_axis',(1.,0.,0.));
#6572=DIRECTION('ref_axis',(0.,0.,-1.));
#6573=DIRECTION('',(0.,1.,0.));
#6574=DIRECTION('',(0.,-1.,0.));
#6575=DIRECTION('',(0.,-1.,0.));
#6576=DIRECTION('center_axis',(1.,0.,0.));
#6577=DIRECTION('ref_axis',(0.,0.,-1.));
#6578=DIRECTION('',(0.,1.,0.));
#6579=DIRECTION('center_axis',(-1.,0.,0.));
#6580=DIRECTION('ref_axis',(0.,0.,1.));
#6581=DIRECTION('',(0.,-1.,0.));
#6582=DIRECTION('center_axis',(0.,1.,0.));
#6583=DIRECTION('ref_axis',(1.,0.,0.));
#6584=DIRECTION('',(1.,0.,0.));
#6585=DIRECTION('center_axis',(0.,0.,-1.));
#6586=DIRECTION('ref_axis',(-1.,0.,0.));
#6587=DIRECTION('center_axis',(-1.,0.,0.));
#6588=DIRECTION('ref_axis',(0.,1.,0.));
#6589=DIRECTION('',(0.,1.,0.));
#6590=DIRECTION('',(0.,0.,-1.));
#6591=DIRECTION('center_axis',(0.,1.,0.));
#6592=DIRECTION('ref_axis',(1.,0.,0.));
#6593=DIRECTION('',(1.,0.,0.));
#6594=DIRECTION('center_axis',(0.,0.,-1.));
#6595=DIRECTION('ref_axis',(-1.,0.,0.));
#6596=DIRECTION('center_axis',(-1.,0.,0.));
#6597=DIRECTION('ref_axis',(0.,0.,1.));
#6598=DIRECTION('',(0.,-1.,0.));
#6599=DIRECTION('',(0.,-1.,0.));
#6600=DIRECTION('center_axis',(1.,0.,0.));
#6601=DIRECTION('ref_axis',(0.,-1.,0.));
#6602=DIRECTION('',(0.,1.,0.));
#6603=DIRECTION('',(0.,0.,-1.));
#6604=DIRECTION('',(0.,-1.,0.));
#6605=DIRECTION('',(0.,0.,-1.));
#6606=DIRECTION('center_axis',(0.,1.,0.));
#6607=DIRECTION('ref_axis',(1.,0.,0.));
#6608=DIRECTION('',(-1.,0.,0.));
#6609=DIRECTION('',(1.,0.,0.));
#6610=DIRECTION('',(0.,0.,-1.));
#6611=DIRECTION('center_axis',(-1.,0.,0.));
#6612=DIRECTION('ref_axis',(0.,1.,0.));
#6613=DIRECTION('',(0.,-1.,0.));
#6614=DIRECTION('',(0.,1.,0.));
#6615=DIRECTION('',(0.,0.,-1.));
#6616=DIRECTION('center_axis',(0.,-1.,0.));
#6617=DIRECTION('ref_axis',(-1.,0.,0.));
#6618=DIRECTION('',(1.,0.,0.));
#6619=DIRECTION('',(-1.,0.,0.));
#6620=DIRECTION('center_axis',(0.,0.,-1.));
#6621=DIRECTION('ref_axis',(-1.,0.,0.));
#6622=DIRECTION('center_axis',(1.,0.,0.));
#6623=DIRECTION('ref_axis',(0.,-1.,0.));
#6624=DIRECTION('',(0.,1.,0.));
#6625=DIRECTION('',(0.,0.,-1.));
#6626=DIRECTION('',(0.,-1.,0.));
#6627=DIRECTION('',(0.,0.,-1.));
#6628=DIRECTION('center_axis',(0.,1.,0.));
#6629=DIRECTION('ref_axis',(1.,0.,0.));
#6630=DIRECTION('',(-1.,0.,0.));
#6631=DIRECTION('',(1.,0.,0.));
#6632=DIRECTION('',(0.,0.,-1.));
#6633=DIRECTION('center_axis',(-1.,0.,0.));
#6634=DIRECTION('ref_axis',(0.,1.,0.));
#6635=DIRECTION('',(0.,-1.,0.));
#6636=DIRECTION('',(0.,1.,0.));
#6637=DIRECTION('',(0.,0.,-1.));
#6638=DIRECTION('center_axis',(0.,-1.,0.));
#6639=DIRECTION('ref_axis',(-1.,0.,0.));
#6640=DIRECTION('',(1.,0.,0.));
#6641=DIRECTION('',(-1.,0.,0.));
#6642=DIRECTION('center_axis',(0.,0.,-1.));
#6643=DIRECTION('ref_axis',(-1.,0.,0.));
#6644=DIRECTION('center_axis',(-1.,0.,0.));
#6645=DIRECTION('ref_axis',(0.,1.,0.));
#6646=DIRECTION('',(0.,1.,0.));
#6647=DIRECTION('',(0.,0.,-1.));
#6648=DIRECTION('',(0.,1.,0.));
#6649=DIRECTION('',(0.,0.,-1.));
#6650=DIRECTION('center_axis',(0.,-1.,0.));
#6651=DIRECTION('ref_axis',(-1.,0.,0.));
#6652=DIRECTION('',(-1.,0.,0.));
#6653=DIRECTION('',(-1.,0.,0.));
#6654=DIRECTION('',(0.,0.,-1.));
#6655=DIRECTION('center_axis',(1.,0.,0.));
#6656=DIRECTION('ref_axis',(0.,-1.,0.));
#6657=DIRECTION('',(0.,-1.,0.));
#6658=DIRECTION('',(0.,-1.,0.));
#6659=DIRECTION('',(0.,0.,-1.));
#6660=DIRECTION('center_axis',(-1.49011607991017E-8,1.,0.));
#6661=DIRECTION('ref_axis',(1.,1.49011607991017E-8,0.));
#6662=DIRECTION('',(1.,1.49011607991017E-8,0.));
#6663=DIRECTION('',(1.,1.49011607991017E-8,0.));
#6664=DIRECTION('center_axis',(0.,0.,-1.));
#6665=DIRECTION('ref_axis',(-1.,0.,0.));
#6666=DIRECTION('center_axis',(1.,0.,0.));
#6667=DIRECTION('ref_axis',(0.,-1.,0.));
#6668=DIRECTION('',(0.,1.,0.));
#6669=DIRECTION('',(0.,0.,-1.));
#6670=DIRECTION('',(0.,-1.,0.));
#6671=DIRECTION('',(0.,0.,-1.));
#6672=DIRECTION('center_axis',(0.,1.,0.));
#6673=DIRECTION('ref_axis',(1.,0.,0.));
#6674=DIRECTION('',(-1.,0.,0.));
#6675=DIRECTION('',(1.,0.,0.));
#6676=DIRECTION('',(0.,0.,-1.));
#6677=DIRECTION('center_axis',(-1.,0.,0.));
#6678=DIRECTION('ref_axis',(0.,1.,0.));
#6679=DIRECTION('',(0.,-1.,0.));
#6680=DIRECTION('',(0.,1.,0.));
#6681=DIRECTION('',(0.,0.,-1.));
#6682=DIRECTION('center_axis',(0.,-1.,0.));
#6683=DIRECTION('ref_axis',(-1.,0.,0.));
#6684=DIRECTION('',(1.,0.,0.));
#6685=DIRECTION('',(-1.,0.,0.));
#6686=DIRECTION('center_axis',(0.,0.,-1.));
#6687=DIRECTION('ref_axis',(-1.,0.,0.));
#6688=DIRECTION('center_axis',(0.,0.,1.));
#6689=DIRECTION('ref_axis',(-1.,0.,0.));
#6690=DIRECTION('center_axis',(0.,0.,-1.));
#6691=DIRECTION('ref_axis',(-1.,0.,0.));
#6692=DIRECTION('',(0.,0.,-1.));
#6693=DIRECTION('center_axis',(0.,0.,1.));
#6694=DIRECTION('ref_axis',(-1.,0.,0.));
#6695=DIRECTION('center_axis',(0.,0.,1.));
#6696=DIRECTION('ref_axis',(-1.,0.,0.));
#6697=DIRECTION('center_axis',(0.,0.,1.));
#6698=DIRECTION('ref_axis',(-1.,0.,0.));
#6699=DIRECTION('',(0.,0.,-1.));
#6700=DIRECTION('center_axis',(0.,0.,-1.));
#6701=DIRECTION('ref_axis',(-1.,0.,0.));
#6702=DIRECTION('center_axis',(0.,0.,-1.));
#6703=DIRECTION('ref_axis',(-1.,0.,0.));
#6704=DIRECTION('center_axis',(0.,0.,-1.));
#6705=DIRECTION('ref_axis',(-1.,0.,0.));
#6706=DIRECTION('center_axis',(0.,0.,-1.));
#6707=DIRECTION('ref_axis',(-1.,0.,0.));
#6708=DIRECTION('center_axis',(0.,0.,1.));
#6709=DIRECTION('ref_axis',(-1.,0.,0.));
#6710=DIRECTION('center_axis',(0.,0.,-1.));
#6711=DIRECTION('ref_axis',(-1.,0.,0.));
#6712=DIRECTION('',(0.,0.,-1.));
#6713=DIRECTION('center_axis',(0.,0.,1.));
#6714=DIRECTION('ref_axis',(-1.,0.,0.));
#6715=DIRECTION('center_axis',(0.,0.,1.));
#6716=DIRECTION('ref_axis',(-1.,0.,0.));
#6717=DIRECTION('center_axis',(0.,0.,1.));
#6718=DIRECTION('ref_axis',(-1.,0.,0.));
#6719=DIRECTION('',(0.,0.,-1.));
#6720=DIRECTION('center_axis',(0.,0.,-1.));
#6721=DIRECTION('ref_axis',(-1.,0.,0.));
#6722=DIRECTION('center_axis',(0.,0.,-1.));
#6723=DIRECTION('ref_axis',(-1.,0.,0.));
#6724=DIRECTION('center_axis',(0.,0.,-1.));
#6725=DIRECTION('ref_axis',(-1.,0.,0.));
#6726=DIRECTION('center_axis',(0.,0.,-1.));
#6727=DIRECTION('ref_axis',(-1.,0.,0.));
#6728=DIRECTION('center_axis',(1.,0.,0.));
#6729=DIRECTION('ref_axis',(0.,1.,0.));
#6730=DIRECTION('',(0.,-1.,0.));
#6731=DIRECTION('',(0.,0.,1.));
#6732=DIRECTION('',(0.,1.,0.));
#6733=DIRECTION('',(0.,0.,1.));
#6734=DIRECTION('center_axis',(-1.,0.,0.));
#6735=DIRECTION('ref_axis',(0.,-1.,0.));
#6736=DIRECTION('',(0.,-1.,0.));
#6737=DIRECTION('',(0.,0.,1.));
#6738=DIRECTION('',(0.,-1.,0.));
#6739=DIRECTION('',(0.,0.,1.));
#6740=DIRECTION('center_axis',(0.707106781186516,0.,-0.707106781186579));
#6741=DIRECTION('ref_axis',(0.707106781186579,0.,0.707106781186516));
#6742=DIRECTION('',(0.707106781186579,0.,0.707106781186516));
#6743=DIRECTION('',(0.,-1.,0.));
#6744=DIRECTION('',(-0.707106781186579,0.,-0.707106781186516));
#6745=DIRECTION('center_axis',(1.,0.,2.53765268443555E-14));
#6746=DIRECTION('ref_axis',(-2.53765268443555E-14,0.,1.));
#6747=DIRECTION('',(-2.53765268443555E-14,0.,1.));
#6748=DIRECTION('',(0.,-1.,0.));
#6749=DIRECTION('',(2.53765268443555E-14,0.,-1.));
#6750=DIRECTION('center_axis',(-2.39124964494887E-14,0.,1.));
#6751=DIRECTION('ref_axis',(-1.,0.,-2.39124964494887E-14));
#6752=DIRECTION('',(-1.,0.,-2.39124964494887E-14));
#6753=DIRECTION('',(0.,-1.,0.));
#6754=DIRECTION('',(1.,0.,2.39124964494887E-14));
#6755=DIRECTION('center_axis',(-1.,0.,-2.53765268443561E-14));
#6756=DIRECTION('ref_axis',(2.53765268443561E-14,0.,-1.));
#6757=DIRECTION('',(2.53765268443561E-14,0.,-1.));
#6758=DIRECTION('',(0.,-1.,0.));
#6759=DIRECTION('',(-2.53765268443561E-14,0.,1.));
#6760=DIRECTION('center_axis',(-0.707106781186548,0.,-0.707106781186548));
#6761=DIRECTION('ref_axis',(0.707106781186548,0.,-0.707106781186548));
#6762=DIRECTION('',(0.707106781186548,0.,-0.707106781186548));
#6763=DIRECTION('',(-0.707106781186548,0.,0.707106781186548));
#6764=DIRECTION('center_axis',(0.,1.,0.));
#6765=DIRECTION('ref_axis',(0.,0.,1.));
#6766=DIRECTION('',(-1.,0.,0.));
#6767=DIRECTION('center_axis',(0.,1.,0.));
#6768=DIRECTION('ref_axis',(-1.,0.,0.));
#6769=DIRECTION('',(1.,0.,0.));
#6770=DIRECTION('center_axis',(1.,0.,0.));
#6771=DIRECTION('ref_axis',(0.,1.,0.));
#6772=DIRECTION('',(0.,-1.,0.));
#6773=DIRECTION('',(0.,0.,1.));
#6774=DIRECTION('',(0.,1.,0.));
#6775=DIRECTION('',(0.,0.,1.));
#6776=DIRECTION('center_axis',(-1.,0.,0.));
#6777=DIRECTION('ref_axis',(0.,-1.,0.));
#6778=DIRECTION('',(0.,-1.,0.));
#6779=DIRECTION('',(0.,0.,1.));
#6780=DIRECTION('',(0.,-1.,0.));
#6781=DIRECTION('',(0.,0.,1.));
#6782=DIRECTION('center_axis',(0.707106781186516,0.,-0.707106781186579));
#6783=DIRECTION('ref_axis',(0.707106781186579,0.,0.707106781186516));
#6784=DIRECTION('',(0.707106781186579,0.,0.707106781186516));
#6785=DIRECTION('',(0.,-1.,0.));
#6786=DIRECTION('',(-0.707106781186579,0.,-0.707106781186516));
#6787=DIRECTION('center_axis',(1.,0.,2.53765268443555E-14));
#6788=DIRECTION('ref_axis',(-2.53765268443555E-14,0.,1.));
#6789=DIRECTION('',(-2.53765268443555E-14,0.,1.));
#6790=DIRECTION('',(0.,-1.,0.));
#6791=DIRECTION('',(2.53765268443555E-14,0.,-1.));
#6792=DIRECTION('center_axis',(-2.39124964494887E-14,0.,1.));
#6793=DIRECTION('ref_axis',(-1.,0.,-2.39124964494887E-14));
#6794=DIRECTION('',(-1.,0.,-2.39124964494887E-14));
#6795=DIRECTION('',(0.,-1.,0.));
#6796=DIRECTION('',(1.,0.,2.39124964494887E-14));
#6797=DIRECTION('center_axis',(-1.,0.,-2.53765268443561E-14));
#6798=DIRECTION('ref_axis',(2.53765268443561E-14,0.,-1.));
#6799=DIRECTION('',(2.53765268443561E-14,0.,-1.));
#6800=DIRECTION('',(0.,-1.,0.));
#6801=DIRECTION('',(-2.53765268443561E-14,0.,1.));
#6802=DIRECTION('center_axis',(-0.707106781186548,0.,-0.707106781186548));
#6803=DIRECTION('ref_axis',(0.707106781186548,0.,-0.707106781186548));
#6804=DIRECTION('',(0.707106781186548,0.,-0.707106781186548));
#6805=DIRECTION('',(-0.707106781186548,0.,0.707106781186548));
#6806=DIRECTION('center_axis',(0.,1.,0.));
#6807=DIRECTION('ref_axis',(0.,0.,1.));
#6808=DIRECTION('',(-1.,0.,0.));
#6809=DIRECTION('center_axis',(0.,1.,0.));
#6810=DIRECTION('ref_axis',(-1.,0.,0.));
#6811=DIRECTION('',(1.,0.,0.));
#6812=DIRECTION('center_axis',(1.,0.,0.));
#6813=DIRECTION('ref_axis',(0.,1.,0.));
#6814=DIRECTION('',(0.,-1.,0.));
#6815=DIRECTION('',(0.,0.,1.));
#6816=DIRECTION('',(0.,1.,0.));
#6817=DIRECTION('',(0.,0.,1.));
#6818=DIRECTION('center_axis',(-1.,0.,0.));
#6819=DIRECTION('ref_axis',(0.,-1.,0.));
#6820=DIRECTION('',(0.,-1.,0.));
#6821=DIRECTION('',(0.,0.,1.));
#6822=DIRECTION('',(0.,-1.,0.));
#6823=DIRECTION('',(0.,0.,1.));
#6824=DIRECTION('center_axis',(0.707106781186516,0.,-0.707106781186579));
#6825=DIRECTION('ref_axis',(0.707106781186579,0.,0.707106781186516));
#6826=DIRECTION('',(0.707106781186579,0.,0.707106781186516));
#6827=DIRECTION('',(0.,-1.,0.));
#6828=DIRECTION('',(-0.707106781186579,0.,-0.707106781186516));
#6829=DIRECTION('center_axis',(1.,0.,2.53765268443555E-14));
#6830=DIRECTION('ref_axis',(-2.53765268443555E-14,0.,1.));
#6831=DIRECTION('',(-2.53765268443555E-14,0.,1.));
#6832=DIRECTION('',(0.,-1.,0.));
#6833=DIRECTION('',(2.53765268443555E-14,0.,-1.));
#6834=DIRECTION('center_axis',(-2.39124964494887E-14,0.,1.));
#6835=DIRECTION('ref_axis',(-1.,0.,-2.39124964494887E-14));
#6836=DIRECTION('',(-1.,0.,-2.39124964494887E-14));
#6837=DIRECTION('',(0.,-1.,0.));
#6838=DIRECTION('',(1.,0.,2.39124964494887E-14));
#6839=DIRECTION('center_axis',(-1.,0.,-2.53765268443561E-14));
#6840=DIRECTION('ref_axis',(2.53765268443561E-14,0.,-1.));
#6841=DIRECTION('',(2.53765268443561E-14,0.,-1.));
#6842=DIRECTION('',(0.,-1.,0.));
#6843=DIRECTION('',(-2.53765268443561E-14,0.,1.));
#6844=DIRECTION('center_axis',(-0.707106781186548,0.,-0.707106781186548));
#6845=DIRECTION('ref_axis',(0.707106781186548,0.,-0.707106781186548));
#6846=DIRECTION('',(0.707106781186548,0.,-0.707106781186548));
#6847=DIRECTION('',(-0.707106781186548,0.,0.707106781186548));
#6848=DIRECTION('center_axis',(0.,1.,0.));
#6849=DIRECTION('ref_axis',(0.,0.,1.));
#6850=DIRECTION('',(-1.,0.,0.));
#6851=DIRECTION('center_axis',(0.,1.,0.));
#6852=DIRECTION('ref_axis',(-1.,0.,0.));
#6853=DIRECTION('',(1.,0.,0.));
#6854=DIRECTION('center_axis',(1.,0.,0.));
#6855=DIRECTION('ref_axis',(0.,1.,0.));
#6856=DIRECTION('',(0.,-1.,0.));
#6857=DIRECTION('',(0.,0.,1.));
#6858=DIRECTION('',(0.,1.,0.));
#6859=DIRECTION('',(0.,0.,1.));
#6860=DIRECTION('center_axis',(-1.,0.,0.));
#6861=DIRECTION('ref_axis',(0.,-1.,0.));
#6862=DIRECTION('',(0.,-1.,0.));
#6863=DIRECTION('',(0.,0.,1.));
#6864=DIRECTION('',(0.,-1.,0.));
#6865=DIRECTION('',(0.,0.,1.));
#6866=DIRECTION('center_axis',(0.707106781186516,0.,-0.707106781186579));
#6867=DIRECTION('ref_axis',(0.707106781186579,0.,0.707106781186516));
#6868=DIRECTION('',(0.707106781186579,0.,0.707106781186516));
#6869=DIRECTION('',(0.,-1.,0.));
#6870=DIRECTION('',(-0.707106781186579,0.,-0.707106781186516));
#6871=DIRECTION('center_axis',(1.,0.,2.53765268443555E-14));
#6872=DIRECTION('ref_axis',(-2.53765268443555E-14,0.,1.));
#6873=DIRECTION('',(-2.53765268443555E-14,0.,1.));
#6874=DIRECTION('',(0.,-1.,0.));
#6875=DIRECTION('',(2.53765268443555E-14,0.,-1.));
#6876=DIRECTION('center_axis',(-2.39124964494887E-14,0.,1.));
#6877=DIRECTION('ref_axis',(-1.,0.,-2.39124964494887E-14));
#6878=DIRECTION('',(-1.,0.,-2.39124964494887E-14));
#6879=DIRECTION('',(0.,-1.,0.));
#6880=DIRECTION('',(1.,0.,2.39124964494887E-14));
#6881=DIRECTION('center_axis',(-1.,0.,-2.53765268443561E-14));
#6882=DIRECTION('ref_axis',(2.53765268443561E-14,0.,-1.));
#6883=DIRECTION('',(2.53765268443561E-14,0.,-1.));
#6884=DIRECTION('',(0.,-1.,0.));
#6885=DIRECTION('',(-2.53765268443561E-14,0.,1.));
#6886=DIRECTION('center_axis',(-0.707106781186548,0.,-0.707106781186548));
#6887=DIRECTION('ref_axis',(0.707106781186548,0.,-0.707106781186548));
#6888=DIRECTION('',(0.707106781186548,0.,-0.707106781186548));
#6889=DIRECTION('',(-0.707106781186548,0.,0.707106781186548));
#6890=DIRECTION('center_axis',(0.,1.,0.));
#6891=DIRECTION('ref_axis',(0.,0.,1.));
#6892=DIRECTION('',(-1.,0.,0.));
#6893=DIRECTION('center_axis',(0.,1.,0.));
#6894=DIRECTION('ref_axis',(-1.,0.,0.));
#6895=DIRECTION('',(1.,0.,0.));
#6896=DIRECTION('center_axis',(1.,0.,0.));
#6897=DIRECTION('ref_axis',(0.,1.,0.));
#6898=DIRECTION('',(0.,1.,0.));
#6899=DIRECTION('',(0.,0.,1.));
#6900=DIRECTION('',(0.,1.,0.));
#6901=DIRECTION('',(0.,0.,1.));
#6902=DIRECTION('center_axis',(0.,1.,0.));
#6903=DIRECTION('ref_axis',(-1.,0.,0.));
#6904=DIRECTION('',(-1.,0.,0.));
#6905=DIRECTION('',(-1.,0.,0.));
#6906=DIRECTION('',(0.,0.,1.));
#6907=DIRECTION('center_axis',(-1.,0.,0.));
#6908=DIRECTION('ref_axis',(0.,-1.,0.));
#6909=DIRECTION('',(0.,-1.,0.));
#6910=DIRECTION('',(0.,-1.,0.));
#6911=DIRECTION('',(0.,0.,1.));
#6912=DIRECTION('center_axis',(0.,-1.,0.));
#6913=DIRECTION('ref_axis',(1.,0.,0.));
#6914=DIRECTION('',(1.,0.,0.));
#6915=DIRECTION('',(1.,0.,0.));
#6916=DIRECTION('center_axis',(-1.,0.,0.));
#6917=DIRECTION('ref_axis',(0.,-1.,0.));
#6918=DIRECTION('',(0.,1.,0.));
#6919=DIRECTION('',(0.,0.,1.));
#6920=DIRECTION('',(0.,-1.,0.));
#6921=DIRECTION('',(0.,0.,1.));
#6922=DIRECTION('center_axis',(0.,1.,0.));
#6923=DIRECTION('ref_axis',(-1.,0.,0.));
#6924=DIRECTION('',(1.,0.,0.));
#6925=DIRECTION('',(-1.,0.,0.));
#6926=DIRECTION('',(0.,0.,1.));
#6927=DIRECTION('center_axis',(1.,0.,0.));
#6928=DIRECTION('ref_axis',(0.,1.,0.));
#6929=DIRECTION('',(0.,-1.,0.));
#6930=DIRECTION('',(0.,1.,0.));
#6931=DIRECTION('',(0.,0.,1.));
#6932=DIRECTION('center_axis',(0.,-1.,0.));
#6933=DIRECTION('ref_axis',(1.,0.,0.));
#6934=DIRECTION('',(-1.,0.,0.));
#6935=DIRECTION('',(1.,0.,0.));
#6936=DIRECTION('center_axis',(0.,0.,1.));
#6937=DIRECTION('ref_axis',(1.,0.,0.));
#6938=DIRECTION('center_axis',(0.,0.,1.));
#6939=DIRECTION('ref_axis',(1.,0.,0.));
#6940=DIRECTION('center_axis',(-0.57357643635105,-0.819152044288989,5.86163441169287E-18));
#6941=DIRECTION('ref_axis',(2.80989547985753E-15,-1.97466573091606E-15,
-1.));
#6942=DIRECTION('center_axis',(0.573576436351046,0.819152044288992,0.));
#6943=DIRECTION('ref_axis',(-2.46418340841314E-31,7.15573433840456E-18,
1.));
#6944=DIRECTION('',(-0.57357643635105,-0.819152044288989,5.86163441169287E-18));
#6945=DIRECTION('center_axis',(0.573576436351046,0.819152044288992,1.34663559165294E-17));
#6946=DIRECTION('ref_axis',(-2.46418340841314E-31,7.15573433840456E-18,
1.));
#6947=DIRECTION('',(-0.57357643635105,-0.819152044288989,5.86163441169287E-18));
#6948=DIRECTION('center_axis',(-0.57357643635105,-0.819152044288989,5.86163441169287E-18));
#6949=DIRECTION('ref_axis',(-2.46719919601665E-31,7.15573433840456E-18,
1.));
#6950=DIRECTION('center_axis',(0.573576436351046,0.819152044288992,0.));
#6951=DIRECTION('ref_axis',(-2.46719919601665E-31,7.15573433840456E-18,
1.));
#6952=DIRECTION('',(-0.57357643635105,-0.819152044288989,5.86163441169287E-18));
#6953=DIRECTION('center_axis',(0.573576436351046,0.819152044288992,1.34663559165294E-17));
#6954=DIRECTION('ref_axis',(-2.46719919601665E-31,7.15573433840456E-18,
1.));
#6955=DIRECTION('center_axis',(-0.57357643635105,-0.819152044288989,5.86163441169287E-18));
#6956=DIRECTION('ref_axis',(-2.46202121301901E-31,7.15573433840456E-18,
1.));
#6957=DIRECTION('',(0.57357643635105,0.819152044288989,-5.86163441169287E-18));
#6958=DIRECTION('center_axis',(-0.573576436351046,-0.819152044288992,0.));
#6959=DIRECTION('ref_axis',(-2.46202121301901E-31,7.15573433840456E-18,
1.));
#6960=DIRECTION('',(-0.57357643635105,-0.819152044288989,5.86163441169287E-18));
#6961=DIRECTION('center_axis',(-0.573576436351046,-0.819152044288992,5.86163441169289E-18));
#6962=DIRECTION('ref_axis',(-2.46202121301901E-31,7.15573433840456E-18,
1.));
#6963=DIRECTION('center_axis',(-0.573576436351043,-0.819152044288994,-1.34663559165294E-17));
#6964=DIRECTION('ref_axis',(-1.38777878078147E-17,-6.72205346940989E-18,
1.));
#6965=DIRECTION('center_axis',(-0.573576436351046,-0.819152044288992,-1.34663559165294E-17));
#6966=DIRECTION('ref_axis',(-1.38777878078147E-17,-6.72205346940989E-18,
1.));
#6967=DIRECTION('',(-0.573576436351043,-0.819152044288994,-1.34663559165294E-17));
#6968=DIRECTION('center_axis',(-0.573576436351046,-0.819152044288992,-1.34663559165294E-17));
#6969=DIRECTION('ref_axis',(-1.38777878078147E-17,-6.72205346940989E-18,
1.));
#6970=DIRECTION('center_axis',(-0.573576436351046,-0.819152044288992,-1.34663559165294E-17));
#6971=DIRECTION('ref_axis',(-1.38777878078147E-17,-6.72205346940989E-18,
1.));
#6972=DIRECTION('center_axis',(0.573576436351046,0.819152044288992,1.34663559165294E-17));
#6973=DIRECTION('ref_axis',(-2.46719919601665E-31,7.15573433840456E-18,
1.));
#6974=DIRECTION('center_axis',(0.573576436351046,0.819152044288992,1.34663559165294E-17));
#6975=DIRECTION('ref_axis',(-2.46418340841314E-31,7.15573433840456E-18,
1.));
#6976=DIRECTION('center_axis',(-0.573576436351046,-0.819152044288992,-1.34663559165294E-17));
#6977=DIRECTION('ref_axis',(-1.38777878078147E-17,-6.72205346940989E-18,
1.));
#6978=DIRECTION('center_axis',(-0.573576436351046,-0.819152044288992,-1.34663559165294E-17));
#6979=DIRECTION('ref_axis',(-2.46719919601665E-31,7.15573433840456E-18,
1.));
#6980=DIRECTION('center_axis',(-0.573576436351046,-0.819152044288992,-1.34663559165294E-17));
#6981=DIRECTION('ref_axis',(-2.46418340841314E-31,7.15573433840456E-18,
1.));
#6982=DIRECTION('center_axis',(-0.573576436351046,-0.819152044288992,-1.34663559165294E-17));
#6983=DIRECTION('ref_axis',(-2.46719919601665E-31,7.15573433840456E-18,
1.));
#6984=DIRECTION('center_axis',(-0.573576436351046,-0.819152044288992,-1.34663559165294E-17));
#6985=DIRECTION('ref_axis',(-2.46418340841314E-31,7.15573433840456E-18,
1.));
#6986=DIRECTION('center_axis',(-0.57357643635105,-0.819152044288989,5.86163441169287E-18));
#6987=DIRECTION('ref_axis',(-2.46719919601665E-31,7.15573433840456E-18,
1.));
#6988=DIRECTION('',(-0.57357643635105,-0.819152044288989,5.86163441169287E-18));
#6989=DIRECTION('center_axis',(0.573576436351046,0.819152044288992,-5.86163441169289E-18));
#6990=DIRECTION('ref_axis',(-2.46719919601665E-31,7.15573433840456E-18,
1.));
#6991=DIRECTION('',(-0.57357643635105,-0.819152044288989,5.86163441169287E-18));
#6992=DIRECTION('center_axis',(-0.57357643635105,-0.819152044288989,5.86163441169287E-18));
#6993=DIRECTION('ref_axis',(6.27235975285369E-16,-4.46351092469544E-16,
-1.));
#6994=DIRECTION('center_axis',(0.573576436351046,0.819152044288992,-5.86163441169289E-18));
#6995=DIRECTION('ref_axis',(-2.46418340841314E-31,7.15573433840456E-18,
1.));
#6996=DIRECTION('',(-0.57357643635105,-0.819152044288989,5.86163441169287E-18));
#6997=DIRECTION('center_axis',(-0.57357643635105,-0.819152044288989,5.86163441169287E-18));
#6998=DIRECTION('ref_axis',(-2.46418340841314E-31,7.15573433840456E-18,
1.));
#6999=DIRECTION('',(-0.57357643635105,-0.819152044288989,5.86163441169287E-18));
#7000=DIRECTION('center_axis',(0.573576436351046,0.819152044288992,-5.86163441169289E-18));
#7001=DIRECTION('ref_axis',(-2.46418340841314E-31,7.15573433840456E-18,
1.));
#7002=DIRECTION('center_axis',(-0.57357643635105,-0.819152044288989,5.86163441169287E-18));
#7003=DIRECTION('ref_axis',(-2.46719919601665E-31,7.15573433840456E-18,
1.));
#7004=DIRECTION('center_axis',(0.573576436351046,0.819152044288992,-5.86163441169289E-18));
#7005=DIRECTION('ref_axis',(-2.46719919601665E-31,7.15573433840456E-18,
1.));
#7006=DIRECTION('center_axis',(-0.57357643635105,-0.819152044288989,5.86163441169287E-18));
#7007=DIRECTION('ref_axis',(-2.46719919601665E-31,7.15573433840456E-18,
1.));
#7008=DIRECTION('center_axis',(0.573576436351046,0.819152044288992,0.));
#7009=DIRECTION('ref_axis',(-2.46719919601665E-31,7.15573433840456E-18,
1.));
#7010=DIRECTION('',(-0.57357643635105,-0.819152044288989,5.86163441169287E-18));
#7011=DIRECTION('center_axis',(-0.57357643635105,-0.819152044288989,5.86163441169287E-18));
#7012=DIRECTION('ref_axis',(-2.46418340841314E-31,7.15573433840456E-18,
1.));
#7013=DIRECTION('center_axis',(0.573576436351046,0.819152044288992,0.));
#7014=DIRECTION('ref_axis',(-2.46418340841314E-31,7.15573433840456E-18,
1.));
#7015=DIRECTION('center_axis',(-0.573576436351046,-0.819152044288992,5.86163441169289E-18));
#7016=DIRECTION('ref_axis',(-2.46443425589487E-31,7.15573433840456E-18,
1.));
#7017=DIRECTION('center_axis',(-0.573576436351046,-0.819152044288992,5.86163441169289E-18));
#7018=DIRECTION('ref_axis',(0.819152044288992,-0.573576436351046,0.));
#7019=DIRECTION('center_axis',(0.573576436351046,0.819152044288992,0.));
#7020=DIRECTION('ref_axis',(0.819152044288992,-0.573576436351046,0.));
#7021=DIRECTION('center_axis',(0.573576436351046,0.819152044288992,0.));
#7022=DIRECTION('ref_axis',(0.819152044288992,-0.573576436351046,0.));
#7023=DIRECTION('',(0.573576436351046,0.819152044288992,0.));
#7024=DIRECTION('center_axis',(0.573576436351046,0.819152044288992,0.));
#7025=DIRECTION('ref_axis',(0.819152044288992,-0.573576436351046,0.));
#7026=DIRECTION('center_axis',(-0.573576436351046,-0.819152044288992,0.));
#7027=DIRECTION('ref_axis',(0.819152044288992,-0.573576436351046,0.));
#7028=DIRECTION('center_axis',(0.573576436351046,0.819152044288992,0.));
#7029=DIRECTION('ref_axis',(-2.46719919601665E-31,7.15573433840456E-18,
1.));
#7030=DIRECTION('center_axis',(-0.573576436351046,-0.819152044288992,0.));
#7031=DIRECTION('ref_axis',(-2.46223479985315E-31,7.15573433840456E-18,
1.));
#7032=DIRECTION('center_axis',(0.573576436351046,0.819152044288992,0.));
#7033=DIRECTION('ref_axis',(-2.46719919601665E-31,7.15573433840456E-18,
1.));
#7034=DIRECTION('center_axis',(-0.573576436351046,-0.819152044288992,0.));
#7035=DIRECTION('ref_axis',(-2.46223479985315E-31,7.15573433840456E-18,
1.));
#7036=DIRECTION('center_axis',(-0.57357643635105,-0.819152044288989,5.86163441169287E-18));
#7037=DIRECTION('ref_axis',(-4.46563620204968E-15,3.11971639723899E-15,
-1.));
#7038=DIRECTION('',(-0.57357643635105,-0.819152044288989,5.86163441169287E-18));
#7039=DIRECTION('center_axis',(-0.573576436351046,-0.819152044288992,5.86163441169289E-18));
#7040=DIRECTION('ref_axis',(-2.46223479985315E-31,7.15573433840456E-18,
1.));
#7041=DIRECTION('',(-0.57357643635105,-0.819152044288989,5.86163441169287E-18));
#7042=DIRECTION('center_axis',(-0.57357643635105,-0.819152044288989,5.86163441169287E-18));
#7043=DIRECTION('ref_axis',(-2.46719919601665E-31,7.15573433840456E-18,
1.));
#7044=DIRECTION('',(-0.57357643635105,-0.819152044288989,5.86163441169287E-18));
#7045=DIRECTION('center_axis',(-0.573576436351046,-0.819152044288992,5.86163441169289E-18));
#7046=DIRECTION('ref_axis',(-2.46719919601665E-31,7.15573433840456E-18,
1.));
#7047=DIRECTION('center_axis',(-0.57357643635105,-0.819152044288989,5.86163441169287E-18));
#7048=DIRECTION('ref_axis',(-2.46223479985315E-31,7.15573433840456E-18,
1.));
#7049=DIRECTION('',(-0.57357643635105,-0.819152044288989,5.86163441169287E-18));
#7050=DIRECTION('center_axis',(-0.573576436351046,-0.819152044288992,5.86163441169289E-18));
#7051=DIRECTION('ref_axis',(-2.46223479985315E-31,7.15573433840456E-18,
1.));
#7052=DIRECTION('center_axis',(-0.57357643635105,-0.819152044288989,5.86163441169287E-18));
#7053=DIRECTION('ref_axis',(-2.46719919601665E-31,7.15573433840456E-18,
1.));
#7054=DIRECTION('center_axis',(-0.573576436351046,-0.819152044288992,5.86163441169289E-18));
#7055=DIRECTION('ref_axis',(-2.46719919601665E-31,7.15573433840456E-18,
1.));
#7056=DIRECTION('center_axis',(-0.573576436351046,-0.819152044288992,5.86163441169289E-18));
#7057=DIRECTION('ref_axis',(-2.46443425589487E-31,7.15573433840456E-18,
1.));
#7058=DIRECTION('center_axis',(0.573576436351042,-0.819152044288995,1.41154578047244E-31));
#7059=DIRECTION('ref_axis',(-3.73808303385898E-15,-2.61743391876185E-15,
-1.));
#7060=DIRECTION('center_axis',(0.573576436351046,-0.819152044288992,0.));
#7061=DIRECTION('ref_axis',(-2.46095496783718E-31,-5.28073737063426E-48,
1.));
#7062=DIRECTION('',(0.573576436351042,-0.819152044288995,1.41154578047244E-31));
#7063=DIRECTION('center_axis',(0.573576436351046,-0.819152044288992,1.41154578047245E-31));
#7064=DIRECTION('ref_axis',(-2.46095496783718E-31,-5.28073737063426E-48,
1.));
#7065=DIRECTION('',(0.573576436351042,-0.819152044288995,1.41154578047244E-31));
#7066=DIRECTION('center_axis',(0.573576436351042,-0.819152044288995,1.41154578047244E-31));
#7067=DIRECTION('ref_axis',(-2.46095496783718E-31,6.51366514753688E-48,
1.));
#7068=DIRECTION('center_axis',(-0.573576436351046,0.819152044288992,0.));
#7069=DIRECTION('ref_axis',(-2.46095496783718E-31,6.51366514753688E-48,
1.));
#7070=DIRECTION('',(0.573576436351042,-0.819152044288995,1.41154578047244E-31));
#7071=DIRECTION('center_axis',(0.573576436351046,-0.819152044288992,1.41154578047245E-31));
#7072=DIRECTION('ref_axis',(-2.46095496783718E-31,6.51366514753688E-48,
1.));
#7073=DIRECTION('center_axis',(0.573576436351042,-0.819152044288995,1.41154578047244E-31));
#7074=DIRECTION('ref_axis',(-2.46095496783718E-31,-5.28073737063426E-48,
1.));
#7075=DIRECTION('center_axis',(0.573576436351046,-0.819152044288992,0.));
#7076=DIRECTION('ref_axis',(-2.46095496783718E-31,-5.28073737063426E-48,
1.));
#7077=DIRECTION('',(0.573576436351042,-0.819152044288995,1.41154578047244E-31));
#7078=DIRECTION('center_axis',(0.573576436351046,-0.819152044288992,1.41154578047245E-31));
#7079=DIRECTION('ref_axis',(-2.46095496783718E-31,-5.28073737063426E-48,
1.));
#7080=DIRECTION('center_axis',(0.573576436351042,-0.819152044288995,1.41154578047244E-31));
#7081=DIRECTION('ref_axis',(-2.46095496783718E-31,6.51366514753688E-48,
1.));
#7082=DIRECTION('center_axis',(-0.573576436351046,0.819152044288992,0.));
#7083=DIRECTION('ref_axis',(-2.46095496783718E-31,6.51366514753688E-48,
1.));
#7084=DIRECTION('center_axis',(0.573576436351046,-0.819152044288992,1.41154578047245E-31));
#7085=DIRECTION('ref_axis',(-2.46095496783718E-31,6.51366514753688E-48,
1.));
#7086=DIRECTION('center_axis',(0.573576436351046,-0.819152044288992,1.41154578047245E-31));
#7087=DIRECTION('ref_axis',(-2.46095496783718E-31,-5.59758161287232E-48,
1.));
#7088=DIRECTION('center_axis',(0.573576436351042,-0.819152044288995,1.41154578047244E-31));
#7089=DIRECTION('ref_axis',(6.27235975285374E-16,4.39195358131133E-16,-1.));
#7090=DIRECTION('center_axis',(-0.573576436351046,0.819152044288992,0.));
#7091=DIRECTION('ref_axis',(-2.46095496783718E-31,-1.18246212863205E-47,
1.));
#7092=DIRECTION('',(0.573576436351042,-0.819152044288995,1.41154578047244E-31));
#7093=DIRECTION('center_axis',(-0.573576436351046,0.819152044288992,1.93279903282221E-17));
#7094=DIRECTION('ref_axis',(-2.46095496783718E-31,-1.18246212863205E-47,
1.));
#7095=DIRECTION('',(0.573576436351042,-0.819152044288995,1.41154578047244E-31));
#7096=DIRECTION('center_axis',(0.573576436351042,-0.819152044288995,1.41154578047244E-31));
#7097=DIRECTION('ref_axis',(-2.46095496783718E-31,6.51366514753688E-48,
1.));
#7098=DIRECTION('center_axis',(-0.573576436351046,0.819152044288992,0.));
#7099=DIRECTION('ref_axis',(-2.46095496783718E-31,6.51366514753688E-48,
1.));
#7100=DIRECTION('',(0.573576436351042,-0.819152044288995,1.41154578047244E-31));
#7101=DIRECTION('center_axis',(-0.573576436351046,0.819152044288992,1.93279903282221E-17));
#7102=DIRECTION('ref_axis',(-2.46095496783718E-31,6.51366514753688E-48,
1.));
#7103=DIRECTION('center_axis',(0.573576436351042,-0.819152044288995,1.41154578047244E-31));
#7104=DIRECTION('ref_axis',(-2.46095496783718E-31,6.25311854163539E-48,
1.));
#7105=DIRECTION('',(-0.573576436351042,0.819152044288995,-1.41154578047244E-31));
#7106=DIRECTION('center_axis',(0.573576436351046,-0.819152044288992,0.));
#7107=DIRECTION('ref_axis',(-2.46095496783718E-31,6.25311854163539E-48,
1.));
#7108=DIRECTION('',(0.573576436351042,-0.819152044288995,1.41154578047244E-31));
#7109=DIRECTION('center_axis',(0.573576436351046,-0.819152044288992,1.41154578047245E-31));
#7110=DIRECTION('ref_axis',(-2.46095496783718E-31,6.25311854163539E-48,
1.));
#7111=DIRECTION('center_axis',(0.573576436351049,-0.81915204428899,-1.93279903282221E-17));
#7112=DIRECTION('ref_axis',(8.29437182076372E-18,-1.77873377709078E-17,
1.));
#7113=DIRECTION('center_axis',(0.573576436351046,-0.819152044288992,-1.93279903282221E-17));
#7114=DIRECTION('ref_axis',(8.29437182076372E-18,-1.77873377709078E-17,
1.));
#7115=DIRECTION('',(0.573576436351049,-0.81915204428899,-1.93279903282221E-17));
#7116=DIRECTION('center_axis',(0.573576436351046,-0.819152044288992,-1.93279903282221E-17));
#7117=DIRECTION('ref_axis',(8.29437182076372E-18,-1.77873377709078E-17,
1.));
#7118=DIRECTION('center_axis',(0.573576436351046,-0.819152044288992,-1.93279903282221E-17));
#7119=DIRECTION('ref_axis',(8.29437182076372E-18,-1.77873377709078E-17,
1.));
#7120=DIRECTION('center_axis',(-0.573576436351046,0.819152044288992,1.93279903282221E-17));
#7121=DIRECTION('ref_axis',(-2.46095496783718E-31,6.51366514753688E-48,
1.));
#7122=DIRECTION('center_axis',(-0.573576436351046,0.819152044288992,1.93279903282221E-17));
#7123=DIRECTION('ref_axis',(-2.46095496783718E-31,-1.18246212863205E-47,
1.));
#7124=DIRECTION('center_axis',(0.573576436351046,-0.819152044288992,-1.93279903282221E-17));
#7125=DIRECTION('ref_axis',(8.29437182076372E-18,-1.77873377709078E-17,
1.));
#7126=DIRECTION('center_axis',(0.573576436351046,-0.819152044288992,-1.93279903282221E-17));
#7127=DIRECTION('ref_axis',(-2.46095496783718E-31,6.51366514753688E-48,
1.));
#7128=DIRECTION('center_axis',(0.573576436351046,-0.819152044288992,-1.93279903282221E-17));
#7129=DIRECTION('ref_axis',(-2.46095496783718E-31,-1.18246212863205E-47,
1.));
#7130=DIRECTION('center_axis',(0.573576436351046,-0.819152044288992,-1.93279903282221E-17));
#7131=DIRECTION('ref_axis',(-2.46095496783718E-31,6.51366514753688E-48,
1.));
#7132=DIRECTION('center_axis',(0.573576436351046,-0.819152044288992,-1.93279903282221E-17));
#7133=DIRECTION('ref_axis',(-2.46095496783718E-31,-1.18246212863205E-47,
1.));
#7134=DIRECTION('center_axis',(0.573576436351042,-0.819152044288995,1.41154578047244E-31));
#7135=DIRECTION('ref_axis',(-2.46095496783718E-31,6.51366514753688E-48,
1.));
#7136=DIRECTION('',(0.573576436351042,-0.819152044288995,1.41154578047244E-31));
#7137=DIRECTION('center_axis',(-0.573576436351046,0.819152044288992,-1.41154578047245E-31));
#7138=DIRECTION('ref_axis',(-2.46095496783718E-31,6.51366514753688E-48,
1.));
#7139=DIRECTION('',(0.573576436351042,-0.819152044288995,1.41154578047244E-31));
#7140=DIRECTION('center_axis',(0.573576436351042,-0.819152044288995,1.41154578047244E-31));
#7141=DIRECTION('ref_axis',(-4.64093777000716E-16,-3.24961961092114E-16,
-1.));
#7142=DIRECTION('center_axis',(-0.573576436351046,0.819152044288992,-1.41154578047245E-31));
#7143=DIRECTION('ref_axis',(-2.46095496783718E-31,-1.18246212863205E-47,
1.));
#7144=DIRECTION('',(0.573576436351042,-0.819152044288995,1.41154578047244E-31));
#7145=DIRECTION('center_axis',(0.573576436351042,-0.819152044288995,1.41154578047244E-31));
#7146=DIRECTION('ref_axis',(-2.46095496783718E-31,-1.18246212863205E-47,
1.));
#7147=DIRECTION('',(0.573576436351042,-0.819152044288995,1.41154578047244E-31));
#7148=DIRECTION('center_axis',(-0.573576436351046,0.819152044288992,-1.41154578047245E-31));
#7149=DIRECTION('ref_axis',(-2.46095496783718E-31,-1.18246212863205E-47,
1.));
#7150=DIRECTION('center_axis',(0.573576436351042,-0.819152044288995,1.41154578047244E-31));
#7151=DIRECTION('ref_axis',(-2.46095496783718E-31,6.51366514753688E-48,
1.));
#7152=DIRECTION('center_axis',(-0.573576436351046,0.819152044288992,-1.41154578047245E-31));
#7153=DIRECTION('ref_axis',(-2.46095496783718E-31,6.51366514753688E-48,
1.));
#7154=DIRECTION('center_axis',(0.573576436351042,-0.819152044288995,1.41154578047244E-31));
#7155=DIRECTION('ref_axis',(-2.46095496783718E-31,6.51366514753688E-48,
1.));
#7156=DIRECTION('center_axis',(-0.573576436351046,0.819152044288992,0.));
#7157=DIRECTION('ref_axis',(-2.46095496783718E-31,6.51366514753688E-48,
1.));
#7158=DIRECTION('',(0.573576436351042,-0.819152044288995,1.41154578047244E-31));
#7159=DIRECTION('center_axis',(0.573576436351042,-0.819152044288995,1.41154578047244E-31));
#7160=DIRECTION('ref_axis',(-2.46095496783718E-31,-1.18246212863205E-47,
1.));
#7161=DIRECTION('center_axis',(-0.573576436351046,0.819152044288992,0.));
#7162=DIRECTION('ref_axis',(-2.46095496783718E-31,-1.18246212863205E-47,
1.));
#7163=DIRECTION('center_axis',(0.573576436351046,-0.819152044288992,1.41154578047245E-31));
#7164=DIRECTION('ref_axis',(-2.46095496783718E-31,-5.59758161287232E-48,
1.));
#7165=DIRECTION('center_axis',(0.573576436351046,-0.819152044288992,1.41154578047245E-31));
#7166=DIRECTION('ref_axis',(0.819152044288992,0.573576436351046,0.));
#7167=DIRECTION('center_axis',(-0.573576436351046,0.819152044288992,0.));
#7168=DIRECTION('ref_axis',(0.819152044288992,0.573576436351046,0.));
#7169=DIRECTION('center_axis',(-0.573576436351046,0.819152044288992,0.));
#7170=DIRECTION('ref_axis',(0.819152044288992,0.573576436351046,0.));
#7171=DIRECTION('',(-0.573576436351046,0.819152044288992,0.));
#7172=DIRECTION('center_axis',(-0.573576436351046,0.819152044288992,0.));
#7173=DIRECTION('ref_axis',(0.819152044288992,0.573576436351046,0.));
#7174=DIRECTION('center_axis',(0.573576436351046,-0.819152044288992,0.));
#7175=DIRECTION('ref_axis',(0.819152044288992,0.573576436351046,0.));
#7176=DIRECTION('center_axis',(-0.573576436351046,-0.819152044288992,0.));
#7177=DIRECTION('ref_axis',(0.819152044288992,-0.573576436351046,0.));
#7178=DIRECTION('center_axis',(0.573576436351046,-0.819152044288992,0.));
#7179=DIRECTION('ref_axis',(0.819152044288992,0.573576436351046,0.));
#7180=DIRECTION('center_axis',(0.,0.,1.));
#7181=DIRECTION('ref_axis',(1.,0.,0.));
#7182=DIRECTION('center_axis',(0.,0.,-1.));
#7183=DIRECTION('ref_axis',(1.,0.,0.));
#7184=DIRECTION('center_axis',(0.,0.,1.));
#7185=DIRECTION('ref_axis',(1.,0.,0.));
#7186=DIRECTION('center_axis',(0.,0.,1.));
#7187=DIRECTION('ref_axis',(1.,0.,0.));
#7188=DIRECTION('center_axis',(0.,0.,1.));
#7189=DIRECTION('ref_axis',(1.,0.,0.));
#7190=DIRECTION('center_axis',(0.,0.,-1.));
#7191=DIRECTION('ref_axis',(1.,0.,0.));
#7192=DIRECTION('center_axis',(0.,0.,-1.));
#7193=DIRECTION('ref_axis',(1.,0.,0.));
#7194=DIRECTION('',(0.,0.,1.));
#7195=DIRECTION('center_axis',(0.,7.04245948456255E-16,-1.));
#7196=DIRECTION('ref_axis',(1.,0.,0.));
#7197=DIRECTION('',(0.,0.,1.));
#7198=DIRECTION('center_axis',(0.,6.2139348393199E-16,1.));
#7199=DIRECTION('ref_axis',(1.,0.,0.));
#7200=DIRECTION('',(0.,0.,-1.));
#7201=DIRECTION('center_axis',(0.,0.,-1.));
#7202=DIRECTION('ref_axis',(1.,0.,0.));
#7203=DIRECTION('',(0.,0.,1.));
#7204=DIRECTION('center_axis',(0.,0.,1.));
#7205=DIRECTION('ref_axis',(1.,0.,0.));
#7206=DIRECTION('',(0.,0.,1.));
#7207=DIRECTION('center_axis',(0.,0.,1.));
#7208=DIRECTION('ref_axis',(1.,0.,0.));
#7209=DIRECTION('',(0.,0.,-1.));
#7210=DIRECTION('center_axis',(0.,0.,1.));
#7211=DIRECTION('ref_axis',(1.,0.,0.));
#7212=DIRECTION('',(0.,0.,1.));
#7213=DIRECTION('center_axis',(0.,0.,1.));
#7214=DIRECTION('ref_axis',(1.,0.,0.));
#7215=DIRECTION('',(0.,0.,-1.));
#7216=DIRECTION('center_axis',(0.,0.,1.));
#7217=DIRECTION('ref_axis',(1.,0.,0.));
#7218=DIRECTION('center_axis',(0.,0.,1.));
#7219=DIRECTION('ref_axis',(1.,0.,0.));
#7220=DIRECTION('',(0.,0.,1.));
#7221=DIRECTION('center_axis',(0.,0.,1.));
#7222=DIRECTION('ref_axis',(1.,0.,0.));
#7223=DIRECTION('',(0.,0.,-1.));
#7224=DIRECTION('center_axis',(0.,0.,1.));
#7225=DIRECTION('ref_axis',(1.,0.,0.));
#7226=DIRECTION('center_axis',(0.,0.,-1.));
#7227=DIRECTION('ref_axis',(1.,0.,0.));
#7228=DIRECTION('center_axis',(0.,0.,-1.));
#7229=DIRECTION('ref_axis',(1.,0.,0.));
#7230=DIRECTION('',(0.,0.,1.));
#7231=DIRECTION('center_axis',(0.,0.,1.));
#7232=DIRECTION('ref_axis',(1.,0.,0.));
#7233=DIRECTION('',(0.,-1.,0.));
#7234=DIRECTION('',(-1.,0.,0.));
#7235=DIRECTION('',(0.,1.,0.));
#7236=DIRECTION('',(1.,0.,0.));
#7237=DIRECTION('',(1.,0.,0.));
#7238=DIRECTION('',(0.,-1.,0.));
#7239=DIRECTION('',(-1.,0.,0.));
#7240=DIRECTION('',(0.,1.,0.));
#7241=DIRECTION('center_axis',(0.,-1.,0.));
#7242=DIRECTION('ref_axis',(1.,0.,0.));
#7243=DIRECTION('',(1.,0.,0.));
#7244=DIRECTION('',(0.,0.,1.));
#7245=DIRECTION('',(0.,0.,1.));
#7246=DIRECTION('center_axis',(-1.,0.,0.));
#7247=DIRECTION('ref_axis',(0.,-1.,0.));
#7248=DIRECTION('',(0.,-1.,0.));
#7249=DIRECTION('',(0.,0.,1.));
#7250=DIRECTION('center_axis',(0.,1.,0.));
#7251=DIRECTION('ref_axis',(-1.,0.,0.));
#7252=DIRECTION('',(-1.,0.,0.));
#7253=DIRECTION('',(0.,0.,1.));
#7254=DIRECTION('center_axis',(1.,0.,0.));
#7255=DIRECTION('ref_axis',(0.,1.,0.));
#7256=DIRECTION('',(0.,1.,0.));
#7257=DIRECTION('center_axis',(0.,1.,0.));
#7258=DIRECTION('ref_axis',(1.,0.,0.));
#7259=DIRECTION('',(-1.,0.,0.));
#7260=DIRECTION('',(0.,0.,-1.));
#7261=DIRECTION('',(0.,0.,-1.));
#7262=DIRECTION('center_axis',(1.,0.,0.));
#7263=DIRECTION('ref_axis',(0.,-1.,0.));
#7264=DIRECTION('',(0.,1.,0.));
#7265=DIRECTION('',(0.,0.,-1.));
#7266=DIRECTION('center_axis',(0.,-1.,0.));
#7267=DIRECTION('ref_axis',(-1.,0.,0.));
#7268=DIRECTION('',(1.,0.,0.));
#7269=DIRECTION('',(0.,0.,-1.));
#7270=DIRECTION('center_axis',(-1.,0.,0.));
#7271=DIRECTION('ref_axis',(0.,1.,0.));
#7272=DIRECTION('',(0.,-1.,0.));
#7273=DIRECTION('center_axis',(0.,0.,1.));
#7274=DIRECTION('ref_axis',(1.,0.,0.));
#7275=DIRECTION('',(0.,1.,0.));
#7276=DIRECTION('',(1.,0.,0.));
#7277=DIRECTION('',(-0.707106781186548,0.707106781186548,0.));
#7278=DIRECTION('',(1.,0.,0.));
#7279=DIRECTION('',(-0.686623532963716,-0.727013152549817,0.));
#7280=DIRECTION('',(1.,0.,0.));
#7281=DIRECTION('',(-0.686623532963716,0.727013152549817,0.));
#7282=DIRECTION('',(1.,0.,0.));
#7283=DIRECTION('',(-0.719844295420685,-0.694135570584232,0.));
#7284=DIRECTION('',(1.,0.,0.));
#7285=DIRECTION('',(0.00141618019306886,-0.999998997216328,0.));
#7286=DIRECTION('',(-1.,0.,0.));
#7287=DIRECTION('',(0.707106781186548,-0.707106781186548,0.));
#7288=DIRECTION('',(-1.,0.,0.));
#7289=DIRECTION('',(0.707106781186548,0.707106781186548,0.));
#7290=DIRECTION('',(-1.,0.,0.));
#7291=DIRECTION('',(0.707106781186548,-0.707106781186548,0.));
#7292=DIRECTION('',(-1.,0.,0.));
#7293=DIRECTION('',(0.707106781186548,0.707106781186548,0.));
#7294=DIRECTION('',(-1.,0.,0.));
#7295=DIRECTION('center_axis',(0.,1.,0.));
#7296=DIRECTION('ref_axis',(-1.,0.,0.));
#7297=DIRECTION('',(0.,0.,1.));
#7298=DIRECTION('',(1.,0.,0.));
#7299=DIRECTION('center_axis',(-0.707106781186548,-0.707106781186548,0.));
#7300=DIRECTION('ref_axis',(0.707106781186548,-0.707106781186548,0.));
#7301=DIRECTION('',(0.,0.,-1.));
#7302=DIRECTION('',(-0.707106781186547,0.707106781186547,0.));
#7303=DIRECTION('center_axis',(0.,1.,0.));
#7304=DIRECTION('ref_axis',(-1.,0.,0.));
#7305=DIRECTION('',(0.,0.,-1.));
#7306=DIRECTION('',(1.,0.,0.));
#7307=DIRECTION('center_axis',(0.707106781186548,-0.707106781186548,0.));
#7308=DIRECTION('ref_axis',(0.707106781186548,0.707106781186548,0.));
#7309=DIRECTION('',(0.,0.,-1.));
#7310=DIRECTION('',(-0.707106781186547,-0.707106781186547,0.));
#7311=DIRECTION('center_axis',(0.,1.,0.));
#7312=DIRECTION('ref_axis',(-1.,0.,0.));
#7313=DIRECTION('',(0.,0.,-1.));
#7314=DIRECTION('',(1.,0.,0.));
#7315=DIRECTION('center_axis',(-0.707106781186548,-0.707106781186548,0.));
#7316=DIRECTION('ref_axis',(0.707106781186548,-0.707106781186548,0.));
#7317=DIRECTION('',(0.,0.,-1.));
#7318=DIRECTION('',(-0.707106781186547,0.707106781186547,0.));
#7319=DIRECTION('center_axis',(0.,1.,0.));
#7320=DIRECTION('ref_axis',(-1.,0.,0.));
#7321=DIRECTION('',(0.,0.,-1.));
#7322=DIRECTION('',(1.,0.,0.));
#7323=DIRECTION('center_axis',(0.707106781186548,-0.707106781186548,0.));
#7324=DIRECTION('ref_axis',(0.707106781186548,0.707106781186548,0.));
#7325=DIRECTION('',(0.,0.,-1.));
#7326=DIRECTION('',(-0.707106781186547,-0.707106781186547,0.));
#7327=DIRECTION('center_axis',(0.,1.,0.));
#7328=DIRECTION('ref_axis',(-1.,0.,0.));
#7329=DIRECTION('',(1.,0.,0.));
#7330=DIRECTION('center_axis',(-0.999998997216328,-0.00141618019306886,
0.));
#7331=DIRECTION('ref_axis',(0.00141618019306886,-0.999998997216328,0.));
#7332=DIRECTION('',(0.,0.,-1.));
#7333=DIRECTION('',(-0.00141618019306886,0.999998997216328,0.));
#7334=DIRECTION('',(-0.00141618019306886,0.999998997216328,7.04245242249917E-16));
#7335=DIRECTION('center_axis',(0.999998997216328,0.00141618019306886,0.));
#7336=DIRECTION('ref_axis',(-0.00141618019306886,0.999998997216328,-5.92118352699587E-14));
#7337=DIRECTION('',(0.,0.,1.));
#7338=DIRECTION('center_axis',(0.999998997216328,0.00141618019306886,0.));
#7339=DIRECTION('ref_axis',(-0.00141618019306886,0.999998997216328,-5.36607257134E-14));
#7340=DIRECTION('',(0.00141618019306886,-0.999998997216328,6.2139286080875E-16));
#7341=DIRECTION('center_axis',(0.999998997216328,0.00141618019306886,0.));
#7342=DIRECTION('ref_axis',(0.00141618019306886,-0.999998997216328,5.92118352699586E-14));
#7343=DIRECTION('',(0.,0.,-1.));
#7344=DIRECTION('center_axis',(0.999998997216328,0.00141618019306886,0.));
#7345=DIRECTION('ref_axis',(0.00141618019306886,-0.999998997216328,9.8069602165869E-14));
#7346=DIRECTION('center_axis',(0.,-1.,0.));
#7347=DIRECTION('ref_axis',(1.,0.,0.));
#7348=DIRECTION('',(0.,0.,1.));
#7349=DIRECTION('',(-1.,0.,0.));
#7350=DIRECTION('center_axis',(0.707106781186548,0.707106781186548,0.));
#7351=DIRECTION('ref_axis',(-0.707106781186548,0.707106781186548,0.));
#7352=DIRECTION('',(0.,0.,-1.));
#7353=DIRECTION('',(0.707106781186548,-0.707106781186548,0.));
#7354=DIRECTION('center_axis',(0.,-1.,0.));
#7355=DIRECTION('ref_axis',(1.,0.,0.));
#7356=DIRECTION('',(0.,0.,-1.));
#7357=DIRECTION('',(-1.,0.,0.));
#7358=DIRECTION('center_axis',(-0.727013152549817,0.686623532963716,0.));
#7359=DIRECTION('ref_axis',(-0.686623532963716,-0.727013152549817,0.));
#7360=DIRECTION('',(0.,0.,-1.));
#7361=DIRECTION('',(0.686623532963716,0.727013152549817,0.));
#7362=DIRECTION('center_axis',(0.,-1.,0.));
#7363=DIRECTION('ref_axis',(1.,0.,0.));
#7364=DIRECTION('',(0.,0.,-1.));
#7365=DIRECTION('',(-1.,0.,0.));
#7366=DIRECTION('center_axis',(0.727013152549817,0.686623532963716,0.));
#7367=DIRECTION('ref_axis',(-0.686623532963716,0.727013152549817,0.));
#7368=DIRECTION('',(0.,0.,-1.));
#7369=DIRECTION('',(0.686623532963716,-0.727013152549817,0.));
#7370=DIRECTION('center_axis',(0.,-1.,0.));
#7371=DIRECTION('ref_axis',(1.,0.,0.));
#7372=DIRECTION('',(0.,0.,-1.));
#7373=DIRECTION('',(-1.,0.,0.));
#7374=DIRECTION('center_axis',(-0.694135570584232,0.719844295420685,0.));
#7375=DIRECTION('ref_axis',(-0.719844295420685,-0.694135570584232,0.));
#7376=DIRECTION('',(0.,0.,-1.));
#7377=DIRECTION('',(0.719844295420685,0.694135570584232,0.));
#7378=DIRECTION('center_axis',(0.,-1.,0.));
#7379=DIRECTION('ref_axis',(1.,0.,0.));
#7380=DIRECTION('',(-1.,0.,0.));
#7381=DIRECTION('center_axis',(1.,0.,0.));
#7382=DIRECTION('ref_axis',(0.,1.,0.));
#7383=DIRECTION('',(0.,-1.,0.));
#7384=DIRECTION('center_axis',(0.,0.,-1.));
#7385=DIRECTION('ref_axis',(-1.,0.,0.));
#7386=DIRECTION('center_axis',(0.,0.,-1.));
#7387=DIRECTION('ref_axis',(-1.,0.,0.));
#7388=DIRECTION('center_axis',(0.,0.,-1.));
#7389=DIRECTION('ref_axis',(-1.,0.,0.));
#7390=DIRECTION('center_axis',(0.,0.,-1.));
#7391=DIRECTION('ref_axis',(-1.,0.,0.));
#7392=DIRECTION('center_axis',(1.,0.,0.));
#7393=DIRECTION('ref_axis',(0.,-5.92118946466799E-14,-1.));
#7394=DIRECTION('',(1.,0.,0.));
#7395=DIRECTION('',(1.,0.,0.));
#7396=DIRECTION('center_axis',(0.,1.,0.));
#7397=DIRECTION('ref_axis',(0.,0.,1.));
#7398=DIRECTION('',(1.,0.,0.));
#7399=DIRECTION('center_axis',(1.,0.,0.));
#7400=DIRECTION('ref_axis',(0.,1.,-5.36607795235536E-14));
#7401=DIRECTION('',(1.,0.,0.));
#7402=DIRECTION('center_axis',(0.,7.04245948456255E-16,-1.));
#7403=DIRECTION('ref_axis',(0.,1.,7.04245948456255E-16));
#7404=DIRECTION('',(1.,0.,0.));
#7405=DIRECTION('center_axis',(1.,0.,0.));
#7406=DIRECTION('ref_axis',(0.,-1.,9.80697005085634E-14));
#7407=DIRECTION('',(1.,0.,0.));
#7408=DIRECTION('center_axis',(0.,-1.,0.));
#7409=DIRECTION('ref_axis',(0.,0.,-1.));
#7410=DIRECTION('',(1.,0.,0.));
#7411=DIRECTION('center_axis',(1.,0.,0.));
#7412=DIRECTION('ref_axis',(0.,5.92118946466798E-14,1.));
#7413=DIRECTION('',(1.,0.,0.));
#7414=DIRECTION('center_axis',(0.,6.2139348393199E-16,1.));
#7415=DIRECTION('ref_axis',(0.,-1.,6.2139348393199E-16));
#7416=DIRECTION('center_axis',(-0.342020143325669,0.939692620785908,2.0942693688385E-17));
#7417=DIRECTION('ref_axis',(0.939692620785908,0.342020143325669,-3.69276194597515E-18));
#7418=DIRECTION('center_axis',(-0.342020143325669,0.939692620785908,2.0942693688385E-17));
#7419=DIRECTION('ref_axis',(0.939692620785908,0.342020143325669,-3.69276194597515E-18));
#7420=DIRECTION('center_axis',(0.342020143325669,-0.939692620785908,-2.0942693688385E-17));
#7421=DIRECTION('ref_axis',(0.939692620785908,0.342020143325669,-3.69276194597515E-18));
#7422=DIRECTION('center_axis',(-0.939692620785908,-0.342020143325669,0.));
#7423=DIRECTION('ref_axis',(0.,0.,-1.));
#7424=DIRECTION('center_axis',(0.342020143325669,-0.939692620785908,-2.0942693688385E-17));
#7425=DIRECTION('ref_axis',(0.939692620785908,0.342020143325669,-3.69276194597515E-18));
#7426=DIRECTION('center_axis',(-0.342020143325669,0.939692620785908,2.0942693688385E-17));
#7427=DIRECTION('ref_axis',(0.939692620785908,0.342020143325669,-3.69276194597515E-18));
#7428=DIRECTION('',(0.342020143325669,-0.939692620785908,-2.09426936883849E-17));
#7429=DIRECTION('center_axis',(-0.342020143325669,0.939692620785908,2.0942693688385E-17));
#7430=DIRECTION('ref_axis',(0.939692620785908,0.342020143325669,-3.69276194597515E-18));
#7431=DIRECTION('center_axis',(-0.342020143325669,0.939692620785908,2.0942693688385E-17));
#7432=DIRECTION('ref_axis',(0.939692620785908,0.342020143325669,-3.69276194597515E-18));
#7433=DIRECTION('center_axis',(0.342020143325669,-0.939692620785908,-2.0942693688385E-17));
#7434=DIRECTION('ref_axis',(0.939692620785908,0.342020143325669,-3.69276194597515E-18));
#7435=DIRECTION('center_axis',(-0.939692620785908,-0.342020143325669,0.));
#7436=DIRECTION('ref_axis',(0.,0.,-1.));
#7437=DIRECTION('center_axis',(0.342020143325669,-0.939692620785908,-2.0942693688385E-17));
#7438=DIRECTION('ref_axis',(0.939692620785908,0.342020143325669,-3.69276194597515E-18));
#7439=DIRECTION('center_axis',(-0.342020143325669,0.939692620785908,2.0942693688385E-17));
#7440=DIRECTION('ref_axis',(0.939692620785908,0.342020143325669,-3.69276194597515E-18));
#7441=DIRECTION('',(0.342020143325669,-0.939692620785908,-2.09426936883849E-17));
#7442=DIRECTION('center_axis',(0.342020143325669,0.939692620785908,2.0942693688385E-17));
#7443=DIRECTION('ref_axis',(0.939692620785909,-0.342020143325669,-3.69276194597515E-18));
#7444=DIRECTION('center_axis',(0.342020143325669,0.939692620785908,2.0942693688385E-17));
#7445=DIRECTION('ref_axis',(0.939692620785909,-0.342020143325669,-3.69276194597515E-18));
#7446=DIRECTION('center_axis',(-0.342020143325669,-0.939692620785908,-2.0942693688385E-17));
#7447=DIRECTION('ref_axis',(0.939692620785909,-0.342020143325669,-3.69276194597515E-18));
#7448=DIRECTION('center_axis',(-0.939692620785908,0.342020143325669,0.));
#7449=DIRECTION('ref_axis',(0.,0.,-1.));
#7450=DIRECTION('center_axis',(-0.342020143325669,-0.939692620785908,-2.0942693688385E-17));
#7451=DIRECTION('ref_axis',(0.939692620785909,-0.342020143325669,-3.69276194597515E-18));
#7452=DIRECTION('center_axis',(0.342020143325669,0.939692620785908,2.0942693688385E-17));
#7453=DIRECTION('ref_axis',(0.939692620785909,-0.342020143325669,-3.69276194597515E-18));
#7454=DIRECTION('',(-0.342020143325669,-0.939692620785909,-2.0942693688385E-17));
#7455=DIRECTION('center_axis',(0.342020143325669,0.939692620785908,2.0942693688385E-17));
#7456=DIRECTION('ref_axis',(0.939692620785909,-0.342020143325669,-3.69276194597515E-18));
#7457=DIRECTION('center_axis',(0.342020143325669,0.939692620785908,2.0942693688385E-17));
#7458=DIRECTION('ref_axis',(0.939692620785909,-0.342020143325669,-3.69276194597515E-18));
#7459=DIRECTION('center_axis',(-0.342020143325669,-0.939692620785908,-2.0942693688385E-17));
#7460=DIRECTION('ref_axis',(0.939692620785909,-0.342020143325669,-3.69276194597515E-18));
#7461=DIRECTION('center_axis',(-0.939692620785908,0.342020143325669,0.));
#7462=DIRECTION('ref_axis',(0.,0.,-1.));
#7463=DIRECTION('center_axis',(-0.342020143325669,-0.939692620785908,-2.0942693688385E-17));
#7464=DIRECTION('ref_axis',(0.939692620785909,-0.342020143325669,-3.69276194597515E-18));
#7465=DIRECTION('center_axis',(0.342020143325669,0.939692620785908,2.0942693688385E-17));
#7466=DIRECTION('ref_axis',(0.939692620785909,-0.342020143325669,-3.69276194597515E-18));
#7467=DIRECTION('',(-0.342020143325669,-0.939692620785909,-2.0942693688385E-17));
#7468=DIRECTION('',(0.,0.,1.));
#7469=DIRECTION('',(0.,0.,1.));
#7470=DIRECTION('',(0.,0.,1.));
#7471=DIRECTION('',(0.,0.,1.));
#7472=DIRECTION('',(0.,0.,1.));
#7473=DIRECTION('',(0.,0.,1.));
#7474=DIRECTION('',(0.,0.,1.));
#7475=DIRECTION('center_axis',(0.,0.,-1.));
#7476=DIRECTION('ref_axis',(-1.,0.,0.));
#7477=DIRECTION('center_axis',(0.,0.,-1.));
#7478=DIRECTION('ref_axis',(-1.,0.,0.));
#7479=DIRECTION('center_axis',(0.,0.,-1.));
#7480=DIRECTION('ref_axis',(-1.,0.,0.));
#7481=DIRECTION('center_axis',(0.,0.,-1.));
#7482=DIRECTION('ref_axis',(-1.,0.,0.));
#7483=DIRECTION('center_axis',(0.,0.,-1.));
#7484=DIRECTION('ref_axis',(-1.,0.,0.));
#7485=DIRECTION('center_axis',(0.,0.,-1.));
#7486=DIRECTION('ref_axis',(-1.,0.,0.));
#7487=DIRECTION('',(-1.,0.,0.));
#7488=DIRECTION('',(0.707106781186548,0.707106781186548,-8.65956056235493E-17));
#7489=DIRECTION('',(-1.,0.,0.));
#7490=DIRECTION('',(-0.707106781186548,0.707106781186548,-8.65956056235493E-17));
#7491=DIRECTION('',(-1.,0.,0.));
#7492=DIRECTION('',(0.707106781186548,0.707106781186548,-8.65956056235493E-17));
#7493=DIRECTION('',(-1.,0.,0.));
#7494=DIRECTION('',(0.,1.,0.));
#7495=DIRECTION('',(0.,1.,0.));
#7496=DIRECTION('',(1.,0.,0.));
#7497=DIRECTION('',(-0.707106781186548,0.707106781186548,0.));
#7498=DIRECTION('',(1.,0.,0.));
#7499=DIRECTION('',(-0.707106781186548,-0.707106781186548,0.));
#7500=DIRECTION('',(1.,0.,0.));
#7501=DIRECTION('',(-0.707106781186548,0.707106781186548,0.));
#7502=DIRECTION('',(1.,0.,0.));
#7503=DIRECTION('',(-0.707106781186548,-0.707106781186548,0.));
#7504=DIRECTION('',(1.,0.,0.));
#7505=DIRECTION('',(0.,-1.,0.));
#7506=DIRECTION('',(0.,-1.,0.));
#7507=DIRECTION('',(0.,-1.,0.));
#7508=DIRECTION('',(-1.,0.,0.));
#7509=DIRECTION('',(-0.707106781186548,0.707106781186548,-8.65956056235493E-17));
#7510=DIRECTION('center_axis',(0.,0.,-1.));
#7511=DIRECTION('ref_axis',(-1.,0.,0.));
#7512=DIRECTION('',(0.,0.,1.));
#7513=DIRECTION('center_axis',(0.,0.,-1.));
#7514=DIRECTION('ref_axis',(-1.,0.,0.));
#7515=DIRECTION('center_axis',(0.,0.,1.));
#7516=DIRECTION('ref_axis',(1.,0.,0.));
#7517=DIRECTION('',(0.707106781186548,0.707106781186548,0.));
#7518=DIRECTION('',(-1.,0.,0.));
#7519=DIRECTION('',(0.707106781186548,-0.707106781186548,0.));
#7520=DIRECTION('',(1.,0.,0.));
#7521=DIRECTION('center_axis',(0.,1.,0.));
#7522=DIRECTION('ref_axis',(1.,0.,0.));
#7523=DIRECTION('',(0.,0.,1.));
#7524=DIRECTION('',(0.,0.,-1.));
#7525=DIRECTION('center_axis',(-0.707106781186548,-0.707106781186548,0.));
#7526=DIRECTION('ref_axis',(-0.707106781186548,0.707106781186548,0.));
#7527=DIRECTION('',(0.,0.,-1.));
#7528=DIRECTION('',(0.,0.,-1.));
#7529=DIRECTION('center_axis',(0.,-1.,0.));
#7530=DIRECTION('ref_axis',(-1.,0.,0.));
#7531=DIRECTION('',(-1.,0.,0.));
#7532=DIRECTION('',(0.,0.,-1.));
#7533=DIRECTION('center_axis',(0.707106781186548,-0.707106781186548,0.));
#7534=DIRECTION('ref_axis',(-0.707106781186548,-0.707106781186548,0.));
#7535=DIRECTION('',(0.,0.,1.));
#7536=DIRECTION('center_axis',(0.,1.,0.));
#7537=DIRECTION('ref_axis',(1.,0.,0.));
#7538=DIRECTION('',(0.,0.,-1.));
#7539=DIRECTION('',(-1.,0.,0.));
#7540=DIRECTION('center_axis',(0.,1.,0.));
#7541=DIRECTION('ref_axis',(1.,0.,0.));
#7542=DIRECTION('',(-1.,0.,0.));
#7543=DIRECTION('',(0.,0.,-1.));
#7544=DIRECTION('center_axis',(0.,1.,-1.22464679914735E-16));
#7545=DIRECTION('ref_axis',(-1.,0.,0.));
#7546=DIRECTION('',(1.,0.,0.));
#7547=DIRECTION('',(0.,1.22464679914735E-16,1.));
#7548=DIRECTION('',(-1.,0.,0.));
#7549=DIRECTION('',(0.,1.22464679914735E-16,1.));
#7550=DIRECTION('center_axis',(0.,0.,1.));
#7551=DIRECTION('ref_axis',(1.,0.,0.));
#7552=DIRECTION('',(-0.707106781186548,0.707106781186548,-8.65956056235493E-17));
#7553=DIRECTION('',(-0.707106781186548,-0.707106781186548,8.65956056235493E-17));
#7554=DIRECTION('',(1.,0.,0.));
#7555=DIRECTION('center_axis',(0.,-1.,1.22464679914735E-16));
#7556=DIRECTION('ref_axis',(1.,0.,0.));
#7557=DIRECTION('',(0.,1.22464679914735E-16,1.));
#7558=DIRECTION('',(0.,1.22464679914735E-16,1.));
#7559=DIRECTION('center_axis',(-0.707106781186548,0.707106781186548,-8.65956056235493E-17));
#7560=DIRECTION('ref_axis',(-0.707106781186548,-0.707106781186548,8.65956056235493E-17));
#7561=DIRECTION('',(-1.22464679914735E-16,0.,1.));
#7562=DIRECTION('center_axis',(0.707106781186548,0.707106781186548,-8.65956056235493E-17));
#7563=DIRECTION('ref_axis',(-0.707106781186548,0.707106781186548,-8.65956056235493E-17));
#7564=DIRECTION('',(-1.22464679914735E-16,0.,-1.));
#7565=DIRECTION('center_axis',(0.,-1.,0.));
#7566=DIRECTION('ref_axis',(-1.,0.,0.));
#7567=DIRECTION('',(1.,0.,0.));
#7568=DIRECTION('',(0.,0.,-1.));
#7569=DIRECTION('center_axis',(0.,-1.,0.));
#7570=DIRECTION('ref_axis',(-1.,0.,0.));
#7571=DIRECTION('',(0.,1.22464679914735E-16,1.));
#7572=DIRECTION('',(1.,0.,0.));
#7573=DIRECTION('center_axis',(0.,-1.,0.));
#7574=DIRECTION('ref_axis',(-1.,0.,0.));
#7575=DIRECTION('',(0.,1.22464679914735E-16,1.));
#7576=DIRECTION('',(0.,0.,-1.));
#7577=DIRECTION('',(1.,0.,0.));
#7578=DIRECTION('center_axis',(1.,0.,0.));
#7579=DIRECTION('ref_axis',(0.,-1.,0.));
#7580=DIRECTION('',(0.,-1.,0.));
#7581=DIRECTION('',(0.,1.,0.));
#7582=DIRECTION('',(0.,-1.,0.));
#7583=DIRECTION('center_axis',(0.,1.,0.));
#7584=DIRECTION('ref_axis',(1.,0.,0.));
#7585=DIRECTION('',(0.,0.,-1.));
#7586=DIRECTION('',(0.,0.,-1.));
#7587=DIRECTION('',(-1.,0.,0.));
#7588=DIRECTION('center_axis',(-1.,0.,0.));
#7589=DIRECTION('ref_axis',(0.,1.,0.));
#7590=DIRECTION('',(0.,-1.,0.));
#7591=DIRECTION('',(0.,-1.,0.));
#7592=DIRECTION('center_axis',(0.,0.,-1.));
#7593=DIRECTION('ref_axis',(-1.,0.,0.));
#7594=DIRECTION('',(-1.,0.,0.));
#7595=DIRECTION('',(1.,0.,0.));
#7596=DIRECTION('center_axis',(0.,-1.,0.));
#7597=DIRECTION('ref_axis',(-1.,0.,0.));
#7598=DIRECTION('',(0.,0.,-1.));
#7599=DIRECTION('',(1.,0.,0.));
#7600=DIRECTION('',(0.,0.,-1.));
#7601=DIRECTION('center_axis',(0.,0.,1.));
#7602=DIRECTION('ref_axis',(1.,0.,0.));
#7603=DIRECTION('',(0.707106781186548,0.707106781186548,0.));
#7604=DIRECTION('',(-1.,0.,0.));
#7605=DIRECTION('',(0.707106781186548,-0.707106781186548,0.));
#7606=DIRECTION('center_axis',(0.,1.,0.));
#7607=DIRECTION('ref_axis',(1.,0.,0.));
#7608=DIRECTION('',(0.,0.,1.));
#7609=DIRECTION('',(0.,0.,-1.));
#7610=DIRECTION('center_axis',(-0.707106781186548,-0.707106781186548,0.));
#7611=DIRECTION('ref_axis',(-0.707106781186548,0.707106781186548,0.));
#7612=DIRECTION('center_axis',(0.707106781186548,-0.707106781186548,0.));
#7613=DIRECTION('ref_axis',(-0.707106781186548,-0.707106781186548,0.));
#7614=DIRECTION('center_axis',(0.,0.,1.));
#7615=DIRECTION('ref_axis',(1.,0.,0.));
#7616=DIRECTION('',(-0.707106781186548,0.707106781186548,-8.65956056235493E-17));
#7617=DIRECTION('',(-1.,0.,0.));
#7618=DIRECTION('',(-0.707106781186548,-0.707106781186548,8.65956056235493E-17));
#7619=DIRECTION('',(1.,0.,0.));
#7620=DIRECTION('center_axis',(0.,-1.,1.22464679914735E-16));
#7621=DIRECTION('ref_axis',(1.,0.,0.));
#7622=DIRECTION('',(0.,1.22464679914735E-16,1.));
#7623=DIRECTION('',(0.,1.22464679914735E-16,1.));
#7624=DIRECTION('center_axis',(-0.707106781186548,0.707106781186548,-8.65956056235493E-17));
#7625=DIRECTION('ref_axis',(-0.707106781186548,-0.707106781186548,8.65956056235493E-17));
#7626=DIRECTION('',(0.,1.22464679914735E-16,1.));
#7627=DIRECTION('center_axis',(0.,1.,-1.22464679914735E-16));
#7628=DIRECTION('ref_axis',(-1.,0.,0.));
#7629=DIRECTION('',(0.,1.22464679914735E-16,1.));
#7630=DIRECTION('center_axis',(0.707106781186548,0.707106781186548,-8.65956056235493E-17));
#7631=DIRECTION('ref_axis',(-0.707106781186548,0.707106781186548,-8.65956056235493E-17));
#7632=DIRECTION('center_axis',(0.573576436351042,-0.819152044288994,1.13680182529801E-17));
#7633=DIRECTION('ref_axis',(-7.70371977754895E-34,-1.38777878078145E-17,
-1.));
#7634=DIRECTION('center_axis',(0.573576436351046,-0.819152044288992,1.13680182529801E-17));
#7635=DIRECTION('ref_axis',(-7.70371977754895E-34,-1.38777878078145E-17,
-1.));
#7636=DIRECTION('',(-0.573576436351042,0.819152044288994,-1.13680182529801E-17));
#7637=DIRECTION('center_axis',(-0.573576436351046,0.819152044288992,7.08650522173462E-34));
#7638=DIRECTION('ref_axis',(-7.70371977754895E-34,-1.38777878078145E-17,
-1.));
#7639=DIRECTION('center_axis',(0.573576436351042,-0.819152044288994,1.13680182529801E-17));
#7640=DIRECTION('ref_axis',(-7.70371977754895E-34,-1.38777878078145E-17,
-1.));
#7641=DIRECTION('center_axis',(0.573576436351046,-0.819152044288992,1.13680182529801E-17));
#7642=DIRECTION('ref_axis',(-7.70371977754895E-34,-1.38777878078145E-17,
-1.));
#7643=DIRECTION('',(-0.573576436351042,0.819152044288994,-1.13680182529801E-17));
#7644=DIRECTION('center_axis',(0.573576436351046,-0.819152044288992,1.13680182529801E-17));
#7645=DIRECTION('ref_axis',(-7.70371977754895E-34,-1.38777878078145E-17,
-1.));
#7646=DIRECTION('center_axis',(0.573576436351046,-0.819152044288992,1.13680182529801E-17));
#7647=DIRECTION('ref_axis',(-7.70371977754895E-34,-1.38777878078145E-17,
-1.));
#7648=DIRECTION('center_axis',(0.573576436351046,-0.819152044288992,1.13680182529801E-17));
#7649=DIRECTION('ref_axis',(-7.70371977754895E-34,-1.38777878078145E-17,
-1.));
#7650=DIRECTION('center_axis',(0.573576436351042,-0.819152044288994,1.13680182529801E-17));
#7651=DIRECTION('ref_axis',(-7.70371977754895E-34,-1.38777878078145E-17,
-1.));
#7652=DIRECTION('center_axis',(0.573576436351046,-0.819152044288992,1.13680182529801E-17));
#7653=DIRECTION('ref_axis',(-7.70371977754895E-34,-1.38777878078145E-17,
-1.));
#7654=DIRECTION('',(-0.573576436351042,0.819152044288994,-1.13680182529801E-17));
#7655=DIRECTION('center_axis',(-0.573576436351046,0.819152044288992,7.08650522173462E-34));
#7656=DIRECTION('ref_axis',(-7.70371977754895E-34,-1.38777878078145E-17,
-1.));
#7657=DIRECTION('center_axis',(0.573576436351042,-0.819152044288994,1.13680182529801E-17));
#7658=DIRECTION('ref_axis',(-7.70371977754895E-34,-1.38777878078145E-17,
-1.));
#7659=DIRECTION('center_axis',(0.573576436351046,-0.819152044288992,1.13680182529801E-17));
#7660=DIRECTION('ref_axis',(-7.70371977754895E-34,-1.38777878078145E-17,
-1.));
#7661=DIRECTION('',(-0.573576436351042,0.819152044288994,-1.13680182529801E-17));
#7662=DIRECTION('center_axis',(0.573576436351046,-0.819152044288992,1.13680182529801E-17));
#7663=DIRECTION('ref_axis',(-7.70371977754895E-34,-1.38777878078145E-17,
-1.));
#7664=DIRECTION('center_axis',(0.573576436351046,-0.819152044288992,1.13680182529801E-17));
#7665=DIRECTION('ref_axis',(-7.70371977754895E-34,-1.38777878078145E-17,
-1.));
#7666=DIRECTION('center_axis',(0.573576436351046,-0.819152044288992,1.13680182529801E-17));
#7667=DIRECTION('ref_axis',(-7.70371977754895E-34,-1.38777878078145E-17,
-1.));
#7668=DIRECTION('center_axis',(0.573576436351046,-0.819152044288992,-7.08650522173462E-34));
#7669=DIRECTION('ref_axis',(0.819152044288992,0.573576436351046,-9.19491903977507E-33));
#7670=DIRECTION('center_axis',(-0.573576436351046,0.819152044288992,7.08650522173462E-34));
#7671=DIRECTION('ref_axis',(0.819152044288992,0.573576436351046,-9.19491903977507E-33));
#7672=DIRECTION('center_axis',(-0.573576436351046,0.819152044288992,7.08650522173462E-34));
#7673=DIRECTION('ref_axis',(0.819152044288992,0.573576436351046,-9.19491903977507E-33));
#7674=DIRECTION('center_axis',(-0.573576436351046,0.819152044288992,7.08650522173462E-34));
#7675=DIRECTION('ref_axis',(0.819152044288992,0.573576436351046,-9.19491903977507E-33));
#7676=DIRECTION('',(0.573576436351046,-0.819152044288992,-7.08650522173462E-34));
#7677=DIRECTION('center_axis',(-0.573576436351046,0.819152044288992,7.08650522173462E-34));
#7678=DIRECTION('ref_axis',(0.819152044288992,0.573576436351046,-9.19491903977507E-33));
#7679=DIRECTION('center_axis',(-0.573576436351046,0.819152044288992,-5.9211894646675E-17));
#7680=DIRECTION('ref_axis',(0.,0.,-1.));
#7681=DIRECTION('center_axis',(-0.573576436351046,0.819152044288992,7.08650522173462E-34));
#7682=DIRECTION('ref_axis',(7.93850196963008E-33,4.69349637144571E-33,1.));
#7683=DIRECTION('center_axis',(-0.819152044288992,-0.573576436351046,0.));
#7684=DIRECTION('ref_axis',(0.,0.,1.));
#7685=DIRECTION('center_axis',(-0.573576436351046,0.819152044288992,7.08650522173462E-34));
#7686=DIRECTION('ref_axis',(0.819152044288992,0.573576436351046,-9.19491903977507E-33));
#7687=DIRECTION('center_axis',(-0.573576436351046,0.819152044288992,7.08650522173462E-34));
#7688=DIRECTION('ref_axis',(0.819152044288992,0.573576436351046,-9.19491903977507E-33));
#7689=DIRECTION('center_axis',(-0.573576436351046,0.819152044288992,-6.34413156928661E-17));
#7690=DIRECTION('ref_axis',(0.,0.,-1.));
#7691=DIRECTION('center_axis',(0.819152044288992,0.573576436351046,0.));
#7692=DIRECTION('ref_axis',(0.,0.,1.));
#7693=DIRECTION('center_axis',(-0.573576436351051,-0.819152044288989,1.13680182529801E-17));
#7694=DIRECTION('ref_axis',(-1.30408547958359E-17,-4.74648297507191E-18,
-1.));
#7695=DIRECTION('center_axis',(-0.573576436351047,-0.819152044288991,1.13680182529801E-17));
#7696=DIRECTION('ref_axis',(-1.30408547958359E-17,-4.74648297507191E-18,
-1.));
#7697=DIRECTION('',(0.57357643635105,0.819152044288989,-1.13680182529801E-17));
#7698=DIRECTION('center_axis',(0.573576436351047,0.819152044288991,2.12595156652039E-33));
#7699=DIRECTION('ref_axis',(-1.30408547958359E-17,-4.74648297507191E-18,
-1.));
#7700=DIRECTION('center_axis',(-0.573576436351051,-0.819152044288989,1.13680182529801E-17));
#7701=DIRECTION('ref_axis',(-1.30408547958359E-17,-4.74648297507191E-18,
-1.));
#7702=DIRECTION('center_axis',(-0.573576436351047,-0.819152044288991,1.13680182529801E-17));
#7703=DIRECTION('ref_axis',(-1.30408547958359E-17,-4.74648297507191E-18,
-1.));
#7704=DIRECTION('',(0.57357643635105,0.819152044288989,-1.13680182529801E-17));
#7705=DIRECTION('center_axis',(-0.573576436351047,-0.819152044288991,1.13680182529801E-17));
#7706=DIRECTION('ref_axis',(-1.30408547958359E-17,-4.74648297507191E-18,
-1.));
#7707=DIRECTION('center_axis',(-0.573576436351047,-0.819152044288991,1.13680182529801E-17));
#7708=DIRECTION('ref_axis',(-1.30408547958359E-17,-4.74648297507191E-18,
-1.));
#7709=DIRECTION('center_axis',(-0.573576436351047,-0.819152044288991,1.13680182529801E-17));
#7710=DIRECTION('ref_axis',(-1.30408547958359E-17,-4.74648297507191E-18,
-1.));
#7711=DIRECTION('center_axis',(-0.573576436351051,-0.819152044288989,1.13680182529801E-17));
#7712=DIRECTION('ref_axis',(-1.30408547958359E-17,-4.74648297507191E-18,
-1.));
#7713=DIRECTION('center_axis',(-0.573576436351047,-0.819152044288991,1.13680182529801E-17));
#7714=DIRECTION('ref_axis',(-1.30408547958359E-17,-4.74648297507191E-18,
-1.));
#7715=DIRECTION('',(0.57357643635105,0.819152044288989,-1.13680182529801E-17));
#7716=DIRECTION('center_axis',(0.573576436351047,0.819152044288991,2.12595156652039E-33));
#7717=DIRECTION('ref_axis',(-1.30408547958359E-17,-4.74648297507191E-18,
-1.));
#7718=DIRECTION('center_axis',(-0.573576436351051,-0.819152044288989,1.13680182529801E-17));
#7719=DIRECTION('ref_axis',(-1.30408547958359E-17,-4.74648297507191E-18,
-1.));
#7720=DIRECTION('center_axis',(-0.573576436351047,-0.819152044288991,1.13680182529801E-17));
#7721=DIRECTION('ref_axis',(-1.30408547958359E-17,-4.74648297507191E-18,
-1.));
#7722=DIRECTION('',(0.57357643635105,0.819152044288989,-1.13680182529801E-17));
#7723=DIRECTION('center_axis',(-0.573576436351047,-0.819152044288991,1.13680182529801E-17));
#7724=DIRECTION('ref_axis',(-1.30408547958359E-17,-4.74648297507191E-18,
-1.));
#7725=DIRECTION('center_axis',(-0.573576436351047,-0.819152044288991,1.13680182529801E-17));
#7726=DIRECTION('ref_axis',(-1.30408547958359E-17,-4.74648297507191E-18,
-1.));
#7727=DIRECTION('center_axis',(-0.573576436351047,-0.819152044288991,1.13680182529801E-17));
#7728=DIRECTION('ref_axis',(-1.30408547958359E-17,-4.74648297507191E-18,
-1.));
#7729=DIRECTION('center_axis',(-0.573576436351047,-0.819152044288991,-2.12595156652039E-33));
#7730=DIRECTION('ref_axis',(0.819152044288991,-0.573576436351047,-9.19491903977507E-33));
#7731=DIRECTION('center_axis',(0.573576436351047,0.819152044288991,2.12595156652039E-33));
#7732=DIRECTION('ref_axis',(0.819152044288992,-0.573576436351046,-9.19491903977507E-33));
#7733=DIRECTION('center_axis',(0.573576436351047,0.819152044288991,2.12595156652039E-33));
#7734=DIRECTION('ref_axis',(0.819152044288992,-0.573576436351046,-9.19491903977507E-33));
#7735=DIRECTION('center_axis',(0.573576436351047,0.819152044288991,2.12595156652039E-33));
#7736=DIRECTION('ref_axis',(0.819152044288992,-0.573576436351046,-9.19491903977507E-33));
#7737=DIRECTION('',(-0.573576436351047,-0.819152044288991,-2.12595156652039E-33));
#7738=DIRECTION('center_axis',(0.573576436351047,0.819152044288991,2.12595156652039E-33));
#7739=DIRECTION('ref_axis',(0.819152044288992,-0.573576436351046,-9.19491903977507E-33));
#7740=DIRECTION('center_axis',(0.573576436351046,0.819152044288992,-5.9211894646675E-17));
#7741=DIRECTION('ref_axis',(0.,0.,-1.));
#7742=DIRECTION('center_axis',(0.573576436351047,0.819152044288991,2.12595156652039E-33));
#7743=DIRECTION('ref_axis',(6.31264100512382E-33,-7.01546646714513E-33,
1.));
#7744=DIRECTION('center_axis',(-0.819152044288991,0.573576436351046,0.));
#7745=DIRECTION('ref_axis',(0.,0.,1.));
#7746=DIRECTION('center_axis',(0.573576436351047,0.819152044288991,2.12595156652039E-33));
#7747=DIRECTION('ref_axis',(0.819152044288991,-0.573576436351047,-9.19491903977507E-33));
#7748=DIRECTION('center_axis',(0.573576436351047,0.819152044288991,2.12595156652039E-33));
#7749=DIRECTION('ref_axis',(0.819152044288992,-0.573576436351046,-9.19491903977507E-33));
#7750=DIRECTION('center_axis',(0.573576436351046,0.819152044288992,-6.34413156928661E-17));
#7751=DIRECTION('ref_axis',(0.,0.,-1.));
#7752=DIRECTION('center_axis',(0.819152044288991,-0.573576436351047,0.));
#7753=DIRECTION('ref_axis',(0.,0.,1.));
#7754=CARTESIAN_POINT('',(0.,0.,0.));
#7755=CARTESIAN_POINT('Origin',(204.000002980232,-138.000001490116,-4.));
#7756=CARTESIAN_POINT('',(219.00000320375,-138.000001490116,-4.));
#7757=CARTESIAN_POINT('',(204.000002980232,-138.000001490116,-4.));
#7758=CARTESIAN_POINT('',(219.00000320375,-138.000001490116,-4.));
#7759=CARTESIAN_POINT('',(219.00000320375,-138.000001490116,-0.999999999999994));
#7760=CARTESIAN_POINT('',(219.00000320375,-138.000001490116,-4.));
#7761=CARTESIAN_POINT('',(204.000002980232,-138.000001490116,-0.999999999999994));
#7762=CARTESIAN_POINT('',(219.00000320375,-138.000001490116,-0.999999999999994));
#7763=CARTESIAN_POINT('',(204.000002980232,-138.000001490116,-4.));
#7764=CARTESIAN_POINT('Origin',(209.000003054738,-133.00000141561,-4.));
#7765=CARTESIAN_POINT('',(209.000003054738,-133.00000141561,-4.));
#7766=CARTESIAN_POINT('',(204.000002980232,-138.000001490116,-4.));
#7767=CARTESIAN_POINT('',(209.000003054738,-133.00000141561,-0.999999999999994));
#7768=CARTESIAN_POINT('',(204.000002980232,-138.000001490116,-0.999999999999994));
#7769=CARTESIAN_POINT('',(209.000002533197,-133.000001937151,-3.74999996647238));
#7770=CARTESIAN_POINT('Origin',(219.00000320375,-138.000001490116,-4.));
#7771=CARTESIAN_POINT('',(214.000003129244,-133.00000141561,-4.));
#7772=CARTESIAN_POINT('',(219.00000320375,-138.000001490116,-4.));
#7773=CARTESIAN_POINT('',(214.000003129244,-133.00000141561,-0.999999999999994));
#7774=CARTESIAN_POINT('',(214.000003650784,-133.000001937151,-3.74999996647239));
#7775=CARTESIAN_POINT('',(219.00000320375,-138.000001490116,-0.999999999999994));
#7776=CARTESIAN_POINT('Origin',(211.500003091991,-135.500001452863,-0.999999999999994));
#7777=CARTESIAN_POINT('',(203.875001580454,-133.000001937151,-0.999999999999994));
#7778=CARTESIAN_POINT('Origin',(211.500003091991,-135.500001452863,-4.));
#7779=CARTESIAN_POINT('',(203.875001580454,-133.000001937151,-4.));
#7780=CARTESIAN_POINT('Origin',(173.500002980232,-69.3000013411045,-0.999999999999999));
#7781=CARTESIAN_POINT('',(188.50000320375,-69.3000013411045,-0.999999999999999));
#7782=CARTESIAN_POINT('',(173.500002980232,-69.3000013411045,-0.999999999999999));
#7783=CARTESIAN_POINT('',(188.50000320375,-69.3000013411045,-0.999999999999999));
#7784=CARTESIAN_POINT('',(188.50000320375,-69.3000013411045,-4.));
#7785=CARTESIAN_POINT('',(188.50000320375,-69.3000013411045,-0.999999999999999));
#7786=CARTESIAN_POINT('',(173.500002980232,-69.3000013411045,-4.));
#7787=CARTESIAN_POINT('',(188.50000320375,-69.3000013411045,-4.));
#7788=CARTESIAN_POINT('',(173.500002980232,-69.3000013411045,-0.999999999999999));
#7789=CARTESIAN_POINT('Origin',(178.500003054738,-74.3000014156103,-0.999999999999999));
#7790=CARTESIAN_POINT('',(178.500003054738,-74.3000014156103,-0.999999999999999));
#7791=CARTESIAN_POINT('',(173.500002980232,-69.3000013411045,-0.999999999999999));
#7792=CARTESIAN_POINT('',(178.500003054738,-74.3000014156103,-4.));
#7793=CARTESIAN_POINT('',(173.500002980232,-69.3000013411045,-4.));
#7794=CARTESIAN_POINT('',(178.500003576279,-74.3000019371509,-2.24999996647239));
#7795=CARTESIAN_POINT('Origin',(188.50000320375,-69.3000013411045,-0.999999999999999));
#7796=CARTESIAN_POINT('',(183.500003129244,-74.3000014156103,-0.999999999999999));
#7797=CARTESIAN_POINT('',(188.50000320375,-69.3000013411045,-0.999999999999999));
#7798=CARTESIAN_POINT('',(183.500003129244,-74.3000014156103,-4.));
#7799=CARTESIAN_POINT('',(183.500002607703,-74.3000019371509,-2.24999996647239));
#7800=CARTESIAN_POINT('',(188.50000320375,-69.3000013411045,-4.));
#7801=CARTESIAN_POINT('Origin',(181.000003091991,-71.8000013783574,-4.));
#7802=CARTESIAN_POINT('',(188.625001580454,-74.3000019371509,-4.));
#7803=CARTESIAN_POINT('Origin',(181.000003091991,-71.8000013783574,-0.999999999999999));
#7804=CARTESIAN_POINT('',(188.625001580454,-74.3000019371509,-0.999999999999999));
#7805=CARTESIAN_POINT('Origin',(173.500002980232,-138.000001490116,-4.));
#7806=CARTESIAN_POINT('',(188.50000320375,-138.000001490116,-4.));
#7807=CARTESIAN_POINT('',(173.500002980232,-138.000001490116,-4.));
#7808=CARTESIAN_POINT('',(188.50000320375,-138.000001490116,-4.));
#7809=CARTESIAN_POINT('',(188.50000320375,-138.000001490116,-0.999999999999994));
#7810=CARTESIAN_POINT('',(188.50000320375,-138.000001490116,-4.));
#7811=CARTESIAN_POINT('',(173.500002980232,-138.000001490116,-0.999999999999994));
#7812=CARTESIAN_POINT('',(188.50000320375,-138.000001490116,-0.999999999999994));
#7813=CARTESIAN_POINT('',(173.500002980232,-138.000001490116,-4.));
#7814=CARTESIAN_POINT('Origin',(178.500003054738,-133.00000141561,-4.));
#7815=CARTESIAN_POINT('',(178.500003054738,-133.00000141561,-4.));
#7816=CARTESIAN_POINT('',(173.500002980232,-138.000001490116,-4.));
#7817=CARTESIAN_POINT('',(178.500003054738,-133.00000141561,-0.999999999999994));
#7818=CARTESIAN_POINT('',(173.500002980232,-138.000001490116,-0.999999999999994));
#7819=CARTESIAN_POINT('',(178.500002533197,-133.000001937151,-3.74999996647239));
#7820=CARTESIAN_POINT('Origin',(188.50000320375,-138.000001490116,-4.));
#7821=CARTESIAN_POINT('',(183.500003129244,-133.00000141561,-4.));
#7822=CARTESIAN_POINT('',(188.50000320375,-138.000001490116,-4.));
#7823=CARTESIAN_POINT('',(183.500003129244,-133.00000141561,-0.999999999999994));
#7824=CARTESIAN_POINT('',(183.500003650784,-133.000001937151,-3.74999996647238));
#7825=CARTESIAN_POINT('',(188.50000320375,-138.000001490116,-0.999999999999994));
#7826=CARTESIAN_POINT('Origin',(181.000003091991,-135.500001452863,-0.999999999999994));
#7827=CARTESIAN_POINT('',(188.625001580454,-133.000001937151,-0.999999999999994));
#7828=CARTESIAN_POINT('Origin',(181.000003091991,-135.500001452863,-4.));
#7829=CARTESIAN_POINT('',(188.625001580454,-133.000001937151,-4.));
#7830=CARTESIAN_POINT('Origin',(204.000002980232,-69.3000013411045,-0.999999999999999));
#7831=CARTESIAN_POINT('',(219.00000320375,-69.3000013411045,-0.999999999999999));
#7832=CARTESIAN_POINT('',(204.000002980232,-69.3000013411045,-0.999999999999999));
#7833=CARTESIAN_POINT('',(219.00000320375,-69.3000013411045,-0.999999999999999));
#7834=CARTESIAN_POINT('',(219.00000320375,-69.3000013411045,-4.));
#7835=CARTESIAN_POINT('',(219.00000320375,-69.3000013411045,-0.999999999999999));
#7836=CARTESIAN_POINT('',(204.000002980232,-69.3000013411045,-4.));
#7837=CARTESIAN_POINT('',(219.00000320375,-69.3000013411045,-4.));
#7838=CARTESIAN_POINT('',(204.000002980232,-69.3000013411045,-0.999999999999999));
#7839=CARTESIAN_POINT('Origin',(209.000003054738,-74.3000014156103,-0.999999999999999));
#7840=CARTESIAN_POINT('',(209.000003054738,-74.3000014156103,-0.999999999999999));
#7841=CARTESIAN_POINT('',(204.000002980232,-69.3000013411045,-0.999999999999999));
#7842=CARTESIAN_POINT('',(209.000003054738,-74.3000014156103,-4.));
#7843=CARTESIAN_POINT('',(204.000002980232,-69.3000013411045,-4.));
#7844=CARTESIAN_POINT('',(209.000003576279,-74.3000019371509,-2.24999996647239));
#7845=CARTESIAN_POINT('Origin',(219.00000320375,-69.3000013411045,-0.999999999999999));
#7846=CARTESIAN_POINT('',(214.000003129244,-74.3000014156103,-0.999999999999999));
#7847=CARTESIAN_POINT('',(219.00000320375,-69.3000013411045,-0.999999999999999));
#7848=CARTESIAN_POINT('',(214.000003129244,-74.3000014156103,-4.));
#7849=CARTESIAN_POINT('',(214.000002607703,-74.3000019371509,-2.24999996647239));
#7850=CARTESIAN_POINT('',(219.00000320375,-69.3000013411045,-4.));
#7851=CARTESIAN_POINT('Origin',(211.500003091991,-71.8000013783574,-4.));
#7852=CARTESIAN_POINT('',(203.875001580454,-74.3000019371509,-4.));
#7853=CARTESIAN_POINT('Origin',(211.500003091991,-71.8000013783574,-0.999999999999999));
#7854=CARTESIAN_POINT('',(203.875001580454,-74.3000019371509,-0.999999999999999));
#7855=CARTESIAN_POINT('Origin',(153.750003568828,-105.000001564622,9.49999067001045));
#7856=CARTESIAN_POINT('',(153.24999464117,-105.000001564622,9.99999959766865));
#7857=CARTESIAN_POINT('',(153.750003568828,-105.000001564622,9.49999067001045));
#7858=CARTESIAN_POINT('',(153.624999422114,-104.999997653067,9.62499481672421));
#7859=CARTESIAN_POINT('',(153.24999464117,-103.000001564622,9.99999959766865));
#7860=CARTESIAN_POINT('',(153.24999464117,-105.000001564622,9.99999959766865));
#7861=CARTESIAN_POINT('',(153.749996580184,-103.000001564622,9.49999765865505));
#7862=CARTESIAN_POINT('',(153.24999464117,-103.000001564622,9.99999959766865));
#7863=CARTESIAN_POINT('',(153.749996580184,-102.999999608845,9.49999765865505));
#7864=CARTESIAN_POINT('Origin',(153.499999104999,-103.000001564622,9.74999546911568));
#7865=CARTESIAN_POINT('',(153.750003568828,-103.000001564622,10.0000002682209));
#7866=CARTESIAN_POINT('',(153.749996580184,-103.000001564622,9.87499786866829));
#7867=CARTESIAN_POINT('',(152.250003568828,-103.000001564622,10.0000002682209));
#7868=CARTESIAN_POINT('Origin',(153.749996580184,-100.999997653067,10.0000002682209));
#7869=CARTESIAN_POINT('',(153.749996580184,-100.999997653067,10.0000002682209));
#7870=CARTESIAN_POINT('',(153.749996580184,-115.499999795109,10.0000002682209));
#7871=CARTESIAN_POINT('',(153.749996580184,-100.999997653067,8.0000002682209));
#7872=CARTESIAN_POINT('',(153.749996580184,-100.999997653067,10.0000002682209));
#7873=CARTESIAN_POINT('',(153.749996580184,-104.999997653067,8.0000002682209));
#7874=CARTESIAN_POINT('',(153.749996580184,-100.999997653067,8.0000002682209));
#7875=CARTESIAN_POINT('',(153.749996580184,-104.999997653067,10.0000002682209));
#7876=CARTESIAN_POINT('Origin',(152.749994652346,-105.000001564622,9.99999959766865));
#7877=CARTESIAN_POINT('',(152.249994663522,-105.000001564622,9.49999960884452));
#7878=CARTESIAN_POINT('',(152.749994652346,-105.000001564622,9.99999959766865));
#7879=CARTESIAN_POINT('',(152.999995301943,-104.999997653067,10.2500002472661));
#7880=CARTESIAN_POINT('',(152.249994663522,-103.000001564622,9.49999960884452));
#7881=CARTESIAN_POINT('',(152.249996580184,-104.999999608845,9.50000152550636));
#7882=CARTESIAN_POINT('',(152.749994652346,-103.000001564622,9.99999959766865));
#7883=CARTESIAN_POINT('',(152.749994652346,-103.000001564622,9.99999959766865));
#7884=CARTESIAN_POINT('',(152.749994652346,-105.000001564622,9.99999959766865));
#7885=CARTESIAN_POINT('Origin',(152.49998520528,-103.000001564622,9.74999048587948));
#7886=CARTESIAN_POINT('',(152.250003568828,-103.000001564622,10.0000002682209));
#7887=CARTESIAN_POINT('',(152.249996580184,-103.000001564622,9.87499537705019));
#7888=CARTESIAN_POINT('',(152.250003568828,-103.000001564622,10.0000002682209));
#7889=CARTESIAN_POINT('Origin',(153.749996580184,-104.999997653067,10.0000002682209));
#7890=CARTESIAN_POINT('',(152.249996580184,-104.999997653067,8.0000002682209));
#7891=CARTESIAN_POINT('',(153.749996580184,-104.999997653067,8.0000002682209));
#7892=CARTESIAN_POINT('',(152.249996580184,-104.999997653067,10.0000002682209));
#7893=CARTESIAN_POINT('',(154.12499656342,-104.999997653067,10.0000002682209));
#7894=CARTESIAN_POINT('Origin',(152.749994652346,-91.0000015646219,9.99999959766865));
#7895=CARTESIAN_POINT('',(152.249994663522,-91.0000015646219,9.49999960884452));
#7896=CARTESIAN_POINT('',(152.749994652346,-91.0000015646219,9.99999959766865));
#7897=CARTESIAN_POINT('',(152.999995297752,-90.9999979659915,10.2500002430752));
#7898=CARTESIAN_POINT('',(152.249994663522,-89.0000015646219,9.49999960884452));
#7899=CARTESIAN_POINT('',(152.249996596947,-90.9999997653067,9.50000154227017));
#7900=CARTESIAN_POINT('',(152.749994652346,-89.0000015646219,9.99999959766865));
#7901=CARTESIAN_POINT('',(152.749994652346,-89.0000015646219,9.99999959766865));
#7902=CARTESIAN_POINT('',(152.749994652346,-91.0000015646219,9.99999959766865));
#7903=CARTESIAN_POINT('Origin',(152.49998520528,-89.0000015646219,9.74999048587948));
#7904=CARTESIAN_POINT('',(152.250003568828,-89.0000015646219,10.0000002682209));
#7905=CARTESIAN_POINT('',(152.249996596947,-89.0000015646219,9.87499537705019));
#7906=CARTESIAN_POINT('',(152.250003568828,-89.0000015646219,10.0000002682209));
#7907=CARTESIAN_POINT('Origin',(152.249996596947,-90.9999979659915,10.0000002682209));
#7908=CARTESIAN_POINT('',(152.249996596947,-90.9999979659915,8.0000002682209));
#7909=CARTESIAN_POINT('',(152.249996596947,-90.9999979659915,10.0000002682209));
#7910=CARTESIAN_POINT('',(152.249996596947,-86.9999979659915,8.0000002682209));
#7911=CARTESIAN_POINT('',(152.249996596947,-86.9999979659915,8.0000002682209));
#7912=CARTESIAN_POINT('',(152.249996596947,-86.9999979659915,10.0000002682209));
#7913=CARTESIAN_POINT('',(152.249996596947,-86.9999979659915,10.0000002682209));
#7914=CARTESIAN_POINT('',(152.249996596947,-110.499999951571,10.0000002682209));
#7915=CARTESIAN_POINT('Origin',(153.74999656342,-90.9999979659915,10.0000002682209));
#7916=CARTESIAN_POINT('',(153.24999464117,-91.0000015646219,9.99999959766865));
#7917=CARTESIAN_POINT('',(154.124996555038,-90.9999979659915,10.0000002682209));
#7918=CARTESIAN_POINT('',(153.750003568828,-91.0000015646219,9.49999067001045));
#7919=CARTESIAN_POINT('',(153.624999417923,-90.9999979659915,9.62499482091516));
#7920=CARTESIAN_POINT('',(153.74999656342,-90.9999979659915,8.0000002682209));
#7921=CARTESIAN_POINT('',(153.74999656342,-90.9999979659915,10.0000002682209));
#7922=CARTESIAN_POINT('',(152.249996596947,-90.9999979659915,8.0000002682209));
#7923=CARTESIAN_POINT('Origin',(153.750003568828,-91.0000015646219,9.49999067001045));
#7924=CARTESIAN_POINT('',(153.24999464117,-89.0000015646219,9.99999959766865));
#7925=CARTESIAN_POINT('',(153.24999464117,-91.0000015646219,9.99999959766865));
#7926=CARTESIAN_POINT('',(153.74999656342,-89.0000015646219,9.49999767541884));
#7927=CARTESIAN_POINT('',(153.24999464117,-89.0000015646219,9.99999959766865));
#7928=CARTESIAN_POINT('',(153.74999656342,-88.9999997653067,9.49999767541884));
#7929=CARTESIAN_POINT('Origin',(153.499999104999,-89.0000015646219,9.74999546911568));
#7930=CARTESIAN_POINT('',(153.750003568828,-89.0000015646219,10.0000002682209));
#7931=CARTESIAN_POINT('',(153.74999656342,-89.0000015646219,9.87499786866829));
#7932=CARTESIAN_POINT('',(152.250003568828,-89.0000015646219,10.0000002682209));
#7933=CARTESIAN_POINT('Origin',(153.74999656342,-86.9999979659915,10.0000002682209));
#7934=CARTESIAN_POINT('',(153.74999656342,-86.9999979659915,10.0000002682209));
#7935=CARTESIAN_POINT('',(153.74999656342,-108.499999951571,10.0000002682209));
#7936=CARTESIAN_POINT('',(153.74999656342,-86.9999979659915,8.0000002682209));
#7937=CARTESIAN_POINT('',(153.74999656342,-86.9999979659915,10.0000002682209));
#7938=CARTESIAN_POINT('',(153.74999656342,-90.9999979659915,8.0000002682209));
#7939=CARTESIAN_POINT('Origin',(239.249994652346,-91.0000015646219,9.99999959766865));
#7940=CARTESIAN_POINT('',(238.749994663522,-91.0000015646219,9.49999960884452));
#7941=CARTESIAN_POINT('',(239.249994652346,-91.0000015646219,9.99999959766865));
#7942=CARTESIAN_POINT('',(239.499994822778,-90.9999979659915,10.2499997681007));
#7943=CARTESIAN_POINT('',(238.749994663522,-89.0000015646219,9.49999960884452));
#7944=CARTESIAN_POINT('',(238.749994663522,-90.9999997653067,9.49999960884452));
#7945=CARTESIAN_POINT('',(239.249994652346,-89.0000015646219,9.99999959766865));
#7946=CARTESIAN_POINT('',(239.249994652346,-89.0000015646219,9.99999959766865));
#7947=CARTESIAN_POINT('',(239.249994652346,-91.0000015646219,9.99999959766865));
#7948=CARTESIAN_POINT('Origin',(238.99998520528,-89.0000015646219,9.74999048587948));
#7949=CARTESIAN_POINT('',(238.750003568828,-89.0000015646219,10.0000002682209));
#7950=CARTESIAN_POINT('',(238.749994663522,-89.0000015646219,9.87499537705019));
#7951=CARTESIAN_POINT('',(238.750003568828,-89.0000015646219,10.0000002682209));
#7952=CARTESIAN_POINT('Origin',(238.749994663522,-90.9999979659915,10.0000002682209));
#7953=CARTESIAN_POINT('',(238.749994663522,-90.9999979659915,8.0000002682209));
#7954=CARTESIAN_POINT('',(238.749994663522,-90.9999979659915,10.0000002682209));
#7955=CARTESIAN_POINT('',(238.749994663522,-86.9999979659915,8.0000002682209));
#7956=CARTESIAN_POINT('',(238.749994663522,-86.9999979659915,8.0000002682209));
#7957=CARTESIAN_POINT('',(238.749994663522,-86.9999979659915,10.0000002682209));
#7958=CARTESIAN_POINT('',(238.749994663522,-86.9999979659915,10.0000002682209));
#7959=CARTESIAN_POINT('',(238.749994663522,-84.1499981191009,10.0000002682209));
#7960=CARTESIAN_POINT('Origin',(240.249994663522,-90.9999979659915,10.0000002682209));
#7961=CARTESIAN_POINT('',(239.74999464117,-91.0000015646219,9.99999959766865));
#7962=CARTESIAN_POINT('',(239.124994671904,-90.9999979659915,10.0000002682209));
#7963=CARTESIAN_POINT('',(240.250003568828,-91.0000015646219,9.49999067001045));
#7964=CARTESIAN_POINT('',(240.124998942949,-90.9999979659915,9.62499529588968));
#7965=CARTESIAN_POINT('',(240.249994663522,-90.9999979659915,8.0000002682209));
#7966=CARTESIAN_POINT('',(240.249994663522,-90.9999979659915,10.0000002682209));
#7967=CARTESIAN_POINT('',(238.749994663522,-90.9999979659915,8.0000002682209));
#7968=CARTESIAN_POINT('Origin',(240.250003568828,-91.0000015646219,9.49999067001045));
#7969=CARTESIAN_POINT('',(239.74999464117,-89.0000015646219,9.99999959766865));
#7970=CARTESIAN_POINT('',(239.74999464117,-91.0000015646219,9.99999959766865));
#7971=CARTESIAN_POINT('',(240.250003568828,-89.0000015646219,9.49999067001045));
#7972=CARTESIAN_POINT('',(239.74999464117,-89.0000015646219,9.99999959766865));
#7973=CARTESIAN_POINT('',(240.249994663522,-88.9999997653067,9.49999957531688));
#7974=CARTESIAN_POINT('Origin',(239.999999104999,-89.0000015646219,9.74999546911568));
#7975=CARTESIAN_POINT('',(240.250003568828,-89.0000015646219,10.0000002682209));
#7976=CARTESIAN_POINT('',(240.249994663522,-89.0000015646219,9.87499786866829));
#7977=CARTESIAN_POINT('',(238.750003568828,-89.0000015646219,10.0000002682209));
#7978=CARTESIAN_POINT('Origin',(240.249994663522,-86.9999979659915,10.0000002682209));
#7979=CARTESIAN_POINT('',(240.249994663522,-86.9999979659915,10.0000002682209));
#7980=CARTESIAN_POINT('',(240.249994663522,-82.1499981191009,10.0000002682209));
#7981=CARTESIAN_POINT('',(240.249994663522,-86.9999979659915,8.0000002682209));
#7982=CARTESIAN_POINT('',(240.249994663522,-86.9999979659915,10.0000002682209));
#7983=CARTESIAN_POINT('',(240.249994663522,-90.9999979659915,8.0000002682209));
#7984=CARTESIAN_POINT('Origin',(239.249994652346,-105.000001564622,9.99999959766865));
#7985=CARTESIAN_POINT('',(238.749994663522,-105.000001564622,9.49999960884452));
#7986=CARTESIAN_POINT('',(239.249994652346,-105.000001564622,9.99999959766865));
#7987=CARTESIAN_POINT('',(239.499997049104,-105.000001564622,10.2500019944273));
#7988=CARTESIAN_POINT('',(238.749994663522,-103.000001564622,9.49999960884452));
#7989=CARTESIAN_POINT('',(238.750003568828,-105.000001564622,9.50000851415099));
#7990=CARTESIAN_POINT('',(239.249994652346,-103.000001564622,9.99999959766865));
#7991=CARTESIAN_POINT('',(239.249994652346,-103.000001564622,9.99999959766865));
#7992=CARTESIAN_POINT('',(239.249994652346,-105.000001564622,9.99999959766865));
#7993=CARTESIAN_POINT('Origin',(238.99998520528,-103.000001564622,9.74999048587948));
#7994=CARTESIAN_POINT('',(238.750003568828,-103.000001564622,10.0000002682209));
#7995=CARTESIAN_POINT('',(238.750003568828,-103.000001564622,9.87499537705019));
#7996=CARTESIAN_POINT('',(238.750003568828,-103.000001564622,10.0000002682209));
#7997=CARTESIAN_POINT('Origin',(238.750003568828,-105.000001564622,10.0000002682209));
#7998=CARTESIAN_POINT('',(238.750003568828,-105.000001564622,8.0000002682209));
#7999=CARTESIAN_POINT('',(238.750003568828,-105.000001564622,10.0000002682209));
#8000=CARTESIAN_POINT('',(238.750003568828,-101.000001564622,8.0000002682209));
#8001=CARTESIAN_POINT('',(238.750003568828,-101.000001564622,8.0000002682209));
#8002=CARTESIAN_POINT('',(238.750003568828,-101.000001564622,10.0000002682209));
#8003=CARTESIAN_POINT('',(238.750003568828,-101.000001564622,10.0000002682209));
#8004=CARTESIAN_POINT('',(238.750003568828,-91.1499999184161,10.0000002682209));
#8005=CARTESIAN_POINT('Origin',(240.250003568828,-105.000001564622,10.0000002682209));
#8006=CARTESIAN_POINT('',(239.74999464117,-105.000001564622,9.99999959766865));
#8007=CARTESIAN_POINT('',(239.124999124557,-105.000001564622,10.0000002682209));
#8008=CARTESIAN_POINT('',(240.250003568828,-105.000001564622,9.49999067001045));
#8009=CARTESIAN_POINT('',(240.125001169275,-105.000001564622,9.62499306956307));
#8010=CARTESIAN_POINT('',(240.250003568828,-105.000001564622,8.0000002682209));
#8011=CARTESIAN_POINT('',(240.250003568828,-105.000001564622,10.0000002682209));
#8012=CARTESIAN_POINT('',(238.750003568828,-105.000001564622,8.0000002682209));
#8013=CARTESIAN_POINT('Origin',(152.999999424443,-105.700001572072,11.0000002831221));
#8014=CARTESIAN_POINT('',(151.499996546656,-105.700001572072,12.0000002980232));
#8015=CARTESIAN_POINT('',(151.499996546656,-105.700001572072,10.0000002682209));
#8016=CARTESIAN_POINT('',(151.499996546656,-105.700001572072,11.5000002905726));
#8017=CARTESIAN_POINT('',(154.500002302229,-105.700001572072,12.0000002980232));
#8018=CARTESIAN_POINT('',(153.750000863336,-105.700001572072,12.0000002980232));
#8019=CARTESIAN_POINT('',(154.500002302229,-105.700001572072,10.0000002682209));
#8020=CARTESIAN_POINT('',(154.500002302229,-105.700001572072,10.5000002756715));
#8021=CARTESIAN_POINT('',(153.749997985549,-105.700001572072,10.0000002682209));
#8022=CARTESIAN_POINT('Origin',(196.250000068918,-130.000001937151,-3.49999993294478));
#8023=CARTESIAN_POINT('',(154.499996546656,-130.000001937151,10.0000002682209));
#8024=CARTESIAN_POINT('',(154.500002302229,-130.000001572073,12.0000002980232));
#8025=CARTESIAN_POINT('',(154.500002302229,-130.000001937151,3.25000016763806));
#8026=CARTESIAN_POINT('',(238.000003546476,-130.000001572073,12.0000002980232));
#8027=CARTESIAN_POINT('',(151.499996546656,-130.000001937151,12.0000002682209));
#8028=CARTESIAN_POINT('',(237.999994680285,-130.000001937151,10.0000002682209));
#8029=CARTESIAN_POINT('',(238.000003546476,-130.000001937151,4.25000018253922));
#8030=CARTESIAN_POINT('',(237.999994680285,-129.999997094274,-14.));
#8031=CARTESIAN_POINT('',(237.999994680285,-130.000001937151,10.0000002682209));
#8032=CARTESIAN_POINT('',(154.499996546656,-129.999997094274,-14.));
#8033=CARTESIAN_POINT('',(154.499996546656,-129.999997094274,-14.));
#8034=CARTESIAN_POINT('',(154.499996546656,-130.000001937151,10.0000002682209));
#8035=CARTESIAN_POINT('Origin',(240.250003568828,-105.000001564622,9.49999067001045));
#8036=CARTESIAN_POINT('',(239.74999464117,-103.000001564622,9.99999959766865));
#8037=CARTESIAN_POINT('',(239.74999464117,-105.000001564622,9.99999959766865));
#8038=CARTESIAN_POINT('',(240.250003568828,-103.000001564622,9.49999067001045));
#8039=CARTESIAN_POINT('',(239.74999464117,-103.000001564622,9.99999959766865));
#8040=CARTESIAN_POINT('',(240.250003568828,-103.000001564622,9.49999067001045));
#8041=CARTESIAN_POINT('Origin',(239.999999104999,-103.000001564622,9.74999546911568));
#8042=CARTESIAN_POINT('',(240.250003568828,-103.000001564622,10.0000002682209));
#8043=CARTESIAN_POINT('',(240.250003568828,-103.000001564622,9.87499786866829));
#8044=CARTESIAN_POINT('',(238.750003568828,-103.000001564622,10.0000002682209));
#8045=CARTESIAN_POINT('Origin',(240.250003568828,-101.000001564622,10.0000002682209));
#8046=CARTESIAN_POINT('',(240.250003568828,-101.000001564622,10.0000002682209));
#8047=CARTESIAN_POINT('',(240.250003568828,-89.1499999184161,10.0000002682209));
#8048=CARTESIAN_POINT('',(240.250003568828,-101.000001564622,8.0000002682209));
#8049=CARTESIAN_POINT('',(240.250003568828,-101.000001564622,10.0000002682209));
#8050=CARTESIAN_POINT('',(240.250003568828,-105.000001564622,8.0000002682209));
#8051=CARTESIAN_POINT('Origin',(239.500003568828,-105.700001572072,11.0000002831221));
#8052=CARTESIAN_POINT('',(241.00000359118,-105.700001572072,12.0000002980232));
#8053=CARTESIAN_POINT('',(238.000003546476,-105.700001572072,12.0000002980232));
#8054=CARTESIAN_POINT('',(240.250003580004,-105.700001572072,12.0000002980232));
#8055=CARTESIAN_POINT('',(241.00000359118,-105.700001572072,10.0000002682209));
#8056=CARTESIAN_POINT('',(241.00000359118,-105.700001572072,10.5000002756715));
#8057=CARTESIAN_POINT('',(238.000003546476,-105.700001572072,10.0000002682209));
#8058=CARTESIAN_POINT('',(197.000000057742,-105.700001572072,10.0000002682209));
#8059=CARTESIAN_POINT('',(238.000003546476,-105.700001572072,11.5000002905726));
#8060=CARTESIAN_POINT('Origin',(241.00000359118,-130.000001937151,12.0000002682209));
#8061=CARTESIAN_POINT('',(154.500002302229,-105.500001572073,12.0000002980232));
#8062=CARTESIAN_POINT('',(151.499996546656,-133.000001937151,12.0000002682209));
#8063=CARTESIAN_POINT('',(151.499996546656,-105.500001572073,12.0000002980232));
#8064=CARTESIAN_POINT('',(241.00000359118,-133.000001937151,12.0000002682209));
#8065=CARTESIAN_POINT('',(151.499996546656,-133.000001937151,12.0000002682209));
#8066=CARTESIAN_POINT('',(241.00000359118,-130.000001937151,12.0000002682209));
#8067=CARTESIAN_POINT('',(241.00000359118,-130.000001937151,12.0000002682209));
#8068=CARTESIAN_POINT('',(241.00000359118,-105.500001572073,12.0000002980232));
#8069=CARTESIAN_POINT('',(238.000003546476,-105.500001572073,12.0000002980232));
#8070=CARTESIAN_POINT('Origin',(154.499996546656,-130.000001937151,10.0000002682209));
#8071=CARTESIAN_POINT('',(154.499996546656,-77.2999982722104,10.0000002682209));
#8072=CARTESIAN_POINT('',(154.499996546656,-77.2999982722104,10.0000002682209));
#8073=CARTESIAN_POINT('',(237.999994680285,-77.2999982722104,10.0000002682209));
#8074=CARTESIAN_POINT('',(151.499996546656,-77.300001937151,10.0000002682209));
#8075=CARTESIAN_POINT('',(237.999994680285,-77.2999982722104,10.0000002682209));
#8076=CARTESIAN_POINT('',(240.999994680285,-77.2999982722104,10.0000002682209));
#8077=CARTESIAN_POINT('',(240.999994680285,-77.2999982722104,10.0000002682209));
#8078=CARTESIAN_POINT('',(241.00000359118,-74.3000019371509,10.0000002682209));
#8079=CARTESIAN_POINT('',(241.00000359118,-74.3000019371509,10.0000002682209));
#8080=CARTESIAN_POINT('',(151.499996546656,-74.3000019371509,10.0000002682209));
#8081=CARTESIAN_POINT('',(151.499996546656,-74.3000019371509,10.0000002682209));
#8082=CARTESIAN_POINT('',(151.499996546656,-77.2999982722104,10.0000002682209));
#8083=CARTESIAN_POINT('',(151.499996546656,-74.3000019371509,10.0000002682209));
#8084=CARTESIAN_POINT('',(151.499996546656,-130.000001937151,10.0000002682209));
#8085=CARTESIAN_POINT('',(152.249996580184,-100.999997653067,10.0000002682209));
#8086=CARTESIAN_POINT('',(152.249996580183,-117.499999795109,10.0000002682209));
#8087=CARTESIAN_POINT('',(153.37499656342,-100.999997653067,10.0000002682209));
#8088=CARTESIAN_POINT('',(153.374996571802,-86.9999979659915,10.0000002682209));
#8089=CARTESIAN_POINT('',(238.374994671904,-86.9999979659915,10.0000002682209));
#8090=CARTESIAN_POINT('',(238.374999124557,-101.000001564622,10.0000002682209));
#8091=CARTESIAN_POINT('Origin',(196.250000068918,-77.300001937151,-3.49999993294478));
#8092=CARTESIAN_POINT('',(154.499996546656,-77.2999982722104,-14.));
#8093=CARTESIAN_POINT('',(154.499996546656,-77.2999982722104,-17.));
#8094=CARTESIAN_POINT('',(237.999994680285,-77.2999982722104,-14.));
#8095=CARTESIAN_POINT('',(237.999994680285,-77.2999982722104,-14.));
#8096=CARTESIAN_POINT('',(237.999994680285,-77.2999982722104,-17.));
#8097=CARTESIAN_POINT('Origin',(196.250000068918,-74.3000019371509,-3.49999993294478));
#8098=CARTESIAN_POINT('',(241.00000359118,-74.3000019371509,-17.0000001341105));
#8099=CARTESIAN_POINT('',(151.499996546656,-74.3000019371509,-17.0000001341105));
#8100=CARTESIAN_POINT('',(241.00000359118,-74.3000019371509,-17.0000001341105));
#8101=CARTESIAN_POINT('',(151.499996546656,-74.3000019371509,-17.0000001341105));
#8102=CARTESIAN_POINT('',(241.00000359118,-74.3000019371509,10.0000002682209));
#8103=CARTESIAN_POINT('Origin',(196.250000068918,-133.000001937151,-3.49999993294478));
#8104=CARTESIAN_POINT('',(151.499996546656,-133.000001937151,-17.0000001341105));
#8105=CARTESIAN_POINT('',(241.00000359118,-133.000001937151,-17.0000001341105));
#8106=CARTESIAN_POINT('',(241.00000359118,-133.000001937151,-17.0000001341105));
#8107=CARTESIAN_POINT('',(241.00000359118,-133.000001937151,10.0000002682209));
#8108=CARTESIAN_POINT('',(241.00000359118,-133.000001937151,10.0000002682209));
#8109=CARTESIAN_POINT('',(241.00000359118,-133.000001937151,10.0000002682209));
#8110=CARTESIAN_POINT('',(151.499996546656,-133.000001937151,10.0000002682209));
#8111=CARTESIAN_POINT('Origin',(238.749994663522,-86.9999979659915,10.0000002682209));
#8112=CARTESIAN_POINT('',(240.249994663522,-86.9999979659915,8.0000002682209));
#8113=CARTESIAN_POINT('Origin',(239.499994663522,-88.9999979659915,8.0000002682209));
#8114=CARTESIAN_POINT('Origin',(238.750003568828,-101.000001564622,10.0000002682209));
#8115=CARTESIAN_POINT('',(240.250003568828,-101.000001564622,8.0000002682209));
#8116=CARTESIAN_POINT('Origin',(239.500003568828,-103.000001564622,8.0000002682209));
#8117=CARTESIAN_POINT('Origin',(240.999994680285,-84.3800043260679,-4.46499966585543));
#8118=CARTESIAN_POINT('',(240.999994680285,-84.3800043260679,-4.46499966585542));
#8119=CARTESIAN_POINT('',(240.999994680285,-97.7800043260679,-4.46499966585543));
#8120=CARTESIAN_POINT('',(240.999994680285,-94.0150022153743,-4.46499966585543));
#8121=CARTESIAN_POINT('',(237.999994680285,-84.3800043260679,-4.46499966585542));
#8122=CARTESIAN_POINT('',(240.999994680285,-84.3800043260679,-4.46499966585542));
#8123=CARTESIAN_POINT('',(237.999994680285,-97.7800043260679,-4.46499966585543));
#8124=CARTESIAN_POINT('',(237.999994680285,-94.0150022153743,-4.46499966585543));
#8125=CARTESIAN_POINT('',(240.999994680285,-97.7800043260679,-4.46499966585543));
#8126=CARTESIAN_POINT('Origin',(240.999994680285,-84.3800043260678,-4.16499966585545));
#8127=CARTESIAN_POINT('',(240.999994680285,-84.0800043260679,-4.16499966585543));
#8128=CARTESIAN_POINT('Origin',(240.999994680285,-84.3800043260678,-4.16499966585545));
#8129=CARTESIAN_POINT('',(237.999994680285,-84.0800043260679,-4.16499966585543));
#8130=CARTESIAN_POINT('',(240.999994680285,-84.0800043260679,-4.16499966585543));
#8131=CARTESIAN_POINT('Origin',(237.999994680285,-84.3800043260678,-4.16499966585545));
#8132=CARTESIAN_POINT('Origin',(240.999994680285,-84.0800043260679,2.23500033414457));
#8133=CARTESIAN_POINT('',(240.999994680285,-84.0800043260679,2.23500033414457));
#8134=CARTESIAN_POINT('',(240.999994680285,-84.0800043260679,-0.63249976587249));
#8135=CARTESIAN_POINT('',(237.999994680285,-84.0800043260679,2.23500033414457));
#8136=CARTESIAN_POINT('',(240.999994680285,-84.0800043260679,2.23500033414457));
#8137=CARTESIAN_POINT('',(237.999994680285,-84.0800043260679,-0.63249976587249));
#8138=CARTESIAN_POINT('Origin',(240.999994680285,-84.3800043260678,2.23500033414459));
#8139=CARTESIAN_POINT('',(240.999994680285,-84.3800043260679,2.53500033414456));
#8140=CARTESIAN_POINT('Origin',(240.999994680285,-84.3800043260678,2.23500033414459));
#8141=CARTESIAN_POINT('',(237.999994680285,-84.3800043260679,2.53500033414456));
#8142=CARTESIAN_POINT('',(240.999994680285,-84.3800043260679,2.53500033414456));
#8143=CARTESIAN_POINT('Origin',(237.999994680285,-84.3800043260678,2.23500033414459));
#8144=CARTESIAN_POINT('Origin',(240.999994680285,-97.7800043260679,2.53500033414457));
#8145=CARTESIAN_POINT('',(240.999994680285,-97.7800043260679,2.53500033414457));
#8146=CARTESIAN_POINT('',(240.999994680285,-100.715002215374,2.53500033414457));
#8147=CARTESIAN_POINT('',(237.999994680285,-97.7800043260679,2.53500033414457));
#8148=CARTESIAN_POINT('',(240.999994680285,-97.7800043260679,2.53500033414457));
#8149=CARTESIAN_POINT('',(237.999994680285,-100.715002215374,2.53500033414457));
#8150=CARTESIAN_POINT('Origin',(240.999994680285,-97.7800043260679,2.2350003341446));
#8151=CARTESIAN_POINT('',(240.999994680285,-98.0800043260679,2.23500033414457));
#8152=CARTESIAN_POINT('Origin',(240.999994680285,-97.7800043260679,2.2350003341446));
#8153=CARTESIAN_POINT('',(237.999994680285,-98.0800043260679,2.23500033414457));
#8154=CARTESIAN_POINT('',(240.999994680285,-98.0800043260679,2.23500033414457));
#8155=CARTESIAN_POINT('Origin',(237.999994680285,-97.7800043260679,2.2350003341446));
#8156=CARTESIAN_POINT('Origin',(240.999994680285,-98.0800043260679,-4.16499966585543));
#8157=CARTESIAN_POINT('',(240.999994680285,-98.0800043260679,-4.16499966585543));
#8158=CARTESIAN_POINT('',(240.999994680285,-98.0800043260679,-3.83249976587249));
#8159=CARTESIAN_POINT('',(237.999994680285,-98.0800043260679,-4.16499966585543));
#8160=CARTESIAN_POINT('',(240.999994680285,-98.0800043260679,-4.16499966585543));
#8161=CARTESIAN_POINT('',(237.999994680285,-98.0800043260679,-3.83249976587249));
#8162=CARTESIAN_POINT('Origin',(240.999994680285,-97.7800043260679,-4.16499966585546));
#8163=CARTESIAN_POINT('Origin',(240.999994680285,-97.7800043260679,-4.16499966585546));
#8164=CARTESIAN_POINT('Origin',(237.999994680285,-97.7800043260679,-4.16499966585546));
#8165=CARTESIAN_POINT('Origin',(240.999994680285,-103.650000104681,-3.49999986588955));
#8166=CARTESIAN_POINT('',(240.999994680285,-130.000001937151,-17.));
#8167=CARTESIAN_POINT('',(240.999994680285,-77.2999982722104,-17.));
#8168=CARTESIAN_POINT('',(240.999994680285,-130.000001937151,-17.));
#8169=CARTESIAN_POINT('',(241.00000359118,-74.3000019371509,-17.0000001341105));
#8170=CARTESIAN_POINT('',(241.00000359118,-130.000001937151,-17.0000001341105));
#8171=CARTESIAN_POINT('Origin',(237.999994680285,-103.650000104681,-3.49999986588955));
#8172=CARTESIAN_POINT('',(237.999994680285,-129.999997094274,-14.));
#8173=CARTESIAN_POINT('Origin',(154.499996546656,-103.650000104681,-3.49999986588955));
#8174=CARTESIAN_POINT('',(154.499996546656,-77.2999982722104,-14.));
#8175=CARTESIAN_POINT('Origin',(152.249996596947,-86.9999979659915,10.0000002682209));
#8176=CARTESIAN_POINT('',(153.74999656342,-86.9999979659915,8.0000002682209));
#8177=CARTESIAN_POINT('Origin',(152.999996580184,-88.9999979659915,8.0000002682209));
#8178=CARTESIAN_POINT('Origin',(152.249996580184,-104.999997653067,10.0000002682209));
#8179=CARTESIAN_POINT('',(152.249996580184,-100.999997653067,8.0000002682209));
#8180=CARTESIAN_POINT('',(152.249996580184,-104.999997653067,8.0000002682209));
#8181=CARTESIAN_POINT('',(152.249996580184,-100.999997653067,10.0000002682209));
#8182=CARTESIAN_POINT('Origin',(152.249996580184,-100.999997653067,10.0000002682209));
#8183=CARTESIAN_POINT('',(152.249996580184,-100.999997653067,8.0000002682209));
#8184=CARTESIAN_POINT('Origin',(152.999996580184,-102.999997653067,8.0000002682209));
#8185=CARTESIAN_POINT('Origin',(151.499996546656,-103.650000104681,-3.49999986588955));
#8186=CARTESIAN_POINT('',(151.499996546656,-77.2999982722104,-17.));
#8187=CARTESIAN_POINT('',(151.499996546656,-74.3000019371509,-17.0000001341105));
#8188=CARTESIAN_POINT('',(151.499996546656,-130.000001937151,-17.));
#8189=CARTESIAN_POINT('Origin',(213.000003173947,-123.000001832843,-8.));
#8190=CARTESIAN_POINT('',(213.000003173947,-125.000001862645,-8.));
#8191=CARTESIAN_POINT('',(213.000003173947,-123.000001832843,-8.));
#8192=CARTESIAN_POINT('',(213.000003173947,-125.000001862645,-8.));
#8193=CARTESIAN_POINT('',(213.000003173947,-125.000001862645,-14.));
#8194=CARTESIAN_POINT('',(213.000003173947,-125.000001862645,-8.));
#8195=CARTESIAN_POINT('',(213.000003173947,-123.000001832843,-14.));
#8196=CARTESIAN_POINT('',(213.000003173947,-113.324999758042,-14.));
#8197=CARTESIAN_POINT('',(213.000003173947,-123.000001832843,-8.));
#8198=CARTESIAN_POINT('Origin',(175.000002607703,-123.000001832843,-8.));
#8199=CARTESIAN_POINT('',(175.000002607703,-123.000001832843,-8.));
#8200=CARTESIAN_POINT('',(213.000003173947,-123.000001832843,-8.));
#8201=CARTESIAN_POINT('',(175.000002607703,-123.000001832843,-14.));
#8202=CARTESIAN_POINT('',(185.624999110587,-123.000001832843,-14.));
#8203=CARTESIAN_POINT('',(175.000002607703,-123.000001832843,-8.));
#8204=CARTESIAN_POINT('Origin',(175.000002607703,-125.000001862645,-8.));
#8205=CARTESIAN_POINT('',(175.000002607703,-125.000001862645,-8.));
#8206=CARTESIAN_POINT('',(175.000002607703,-123.000001832843,-8.));
#8207=CARTESIAN_POINT('',(175.000002607703,-125.000001862645,-14.));
#8208=CARTESIAN_POINT('',(175.000002607703,-114.324999772944,-14.));
#8209=CARTESIAN_POINT('',(175.000002607703,-125.000001862645,-8.));
#8210=CARTESIAN_POINT('Origin',(213.000003173947,-125.000001862645,-8.));
#8211=CARTESIAN_POINT('',(175.000002607703,-125.000001862645,-8.));
#8212=CARTESIAN_POINT('',(204.624999393709,-125.000001862645,-14.));
#8213=CARTESIAN_POINT('Origin',(194.000002890825,-124.000001847744,-8.));
#8214=CARTESIAN_POINT('Origin',(213.000003173947,-80.0000011920929,-8.));
#8215=CARTESIAN_POINT('',(213.000003173947,-82.0000012218952,-8.));
#8216=CARTESIAN_POINT('',(213.000003173947,-80.0000011920929,-8.));
#8217=CARTESIAN_POINT('',(213.000003173947,-82.0000012218952,-8.));
#8218=CARTESIAN_POINT('',(213.000003173947,-82.0000012218952,-14.));
#8219=CARTESIAN_POINT('',(213.000003173947,-82.0000012218952,-8.));
#8220=CARTESIAN_POINT('',(213.000003173947,-80.0000011920929,-14.));
#8221=CARTESIAN_POINT('',(213.000003173947,-91.8249994376674,-14.));
#8222=CARTESIAN_POINT('',(213.000003173947,-80.0000011920929,-8.));
#8223=CARTESIAN_POINT('Origin',(175.000002607703,-80.0000011920929,-8.));
#8224=CARTESIAN_POINT('',(175.000002607703,-80.0000011920929,-8.));
#8225=CARTESIAN_POINT('',(213.000003173947,-80.0000011920929,-8.));
#8226=CARTESIAN_POINT('',(175.000002607703,-80.0000011920929,-14.));
#8227=CARTESIAN_POINT('',(185.624999110587,-80.0000011920929,-14.));
#8228=CARTESIAN_POINT('',(175.000002607703,-80.0000011920929,-8.));
#8229=CARTESIAN_POINT('Origin',(175.000002607703,-82.0000012218952,-8.));
#8230=CARTESIAN_POINT('',(175.000002607703,-82.0000012218952,-8.));
#8231=CARTESIAN_POINT('',(175.000002607703,-80.0000011920929,-8.));
#8232=CARTESIAN_POINT('',(175.000002607703,-82.0000012218952,-14.));
#8233=CARTESIAN_POINT('',(175.000002607703,-92.8249994525686,-14.));
#8234=CARTESIAN_POINT('',(175.000002607703,-82.0000012218952,-8.));
#8235=CARTESIAN_POINT('Origin',(213.000003173947,-82.0000012218952,-8.));
#8236=CARTESIAN_POINT('',(175.000002607703,-82.0000012218952,-8.));
#8237=CARTESIAN_POINT('',(204.624999393709,-82.0000012218952,-14.));
#8238=CARTESIAN_POINT('Origin',(194.000002890825,-81.0000012069941,-8.));
#8239=CARTESIAN_POINT('Origin',(172.00000269711,-107.000001594424,-8.));
#8240=CARTESIAN_POINT('',(172.00000269711,-107.000001594424,-8.));
#8241=CARTESIAN_POINT('',(172.00000269711,-98.0000015944242,-8.));
#8242=CARTESIAN_POINT('',(172.00000269711,-107.000001594424,-8.));
#8243=CARTESIAN_POINT('',(172.00000269711,-98.0000015944242,-14.));
#8244=CARTESIAN_POINT('',(172.00000269711,-98.0000015944242,-8.));
#8245=CARTESIAN_POINT('',(172.00000269711,-107.000001594424,-14.));
#8246=CARTESIAN_POINT('',(172.00000269711,-105.324999638833,-14.));
#8247=CARTESIAN_POINT('',(172.00000269711,-107.000001594424,-8.));
#8248=CARTESIAN_POINT('Origin',(181.00000269711,-107.000001594424,-8.));
#8249=CARTESIAN_POINT('',(181.00000269711,-107.000001594424,-8.));
#8250=CARTESIAN_POINT('',(181.00000269711,-107.000001594424,-8.));
#8251=CARTESIAN_POINT('',(181.00000269711,-107.000001594424,-14.));
#8252=CARTESIAN_POINT('',(188.62499915529,-107.000001594424,-14.));
#8253=CARTESIAN_POINT('',(181.00000269711,-107.000001594424,-8.));
#8254=CARTESIAN_POINT('Origin',(181.00000269711,-98.0000014603138,-8.));
#8255=CARTESIAN_POINT('',(181.00000269711,-98.0000014603138,-8.));
#8256=CARTESIAN_POINT('',(181.00000269711,-98.0000014603138,-8.));
#8257=CARTESIAN_POINT('',(181.00000269711,-98.0000014603138,-14.));
#8258=CARTESIAN_POINT('',(181.00000269711,-100.824999571778,-14.));
#8259=CARTESIAN_POINT('',(181.00000269711,-98.0000014603138,-8.));
#8260=CARTESIAN_POINT('Origin',(172.00000269711,-98.0000015944242,-8.));
#8261=CARTESIAN_POINT('',(172.00000269711,-98.0000015944242,-8.));
#8262=CARTESIAN_POINT('',(184.124999113195,-98.0000014137477,-14.));
#8263=CARTESIAN_POINT('Origin',(176.50000269711,-102.500001527369,-8.));
#8264=CARTESIAN_POINT('Origin',(231.000003442168,-102.000001519918,-8.));
#8265=CARTESIAN_POINT('',(231.000003442168,-107.000001594424,-8.));
#8266=CARTESIAN_POINT('',(231.000003442168,-102.000001519918,-8.));
#8267=CARTESIAN_POINT('',(231.000003442168,-107.000001594424,-8.));
#8268=CARTESIAN_POINT('',(231.000003442168,-107.000001594424,-14.));
#8269=CARTESIAN_POINT('',(231.000003442168,-107.000001594424,-8.));
#8270=CARTESIAN_POINT('',(231.000003442168,-102.000001519918,-14.));
#8271=CARTESIAN_POINT('',(231.000003442168,-102.82499960158,-14.));
#8272=CARTESIAN_POINT('',(231.000003442168,-102.000001519918,-8.));
#8273=CARTESIAN_POINT('Origin',(210.000003129244,-102.000001519918,-8.));
#8274=CARTESIAN_POINT('',(210.000003129244,-102.000001519918,-8.));
#8275=CARTESIAN_POINT('',(231.000003442168,-102.000001519918,-8.));
#8276=CARTESIAN_POINT('',(210.000003129244,-102.000001519918,-14.));
#8277=CARTESIAN_POINT('',(203.124999371357,-102.000001519918,-14.));
#8278=CARTESIAN_POINT('',(210.000003129244,-102.000001519918,-8.));
#8279=CARTESIAN_POINT('Origin',(210.000003129244,-107.000001594424,-8.));
#8280=CARTESIAN_POINT('',(210.000003129244,-107.000001594424,-8.));
#8281=CARTESIAN_POINT('',(210.000003129244,-102.000001519918,-8.));
#8282=CARTESIAN_POINT('',(210.000003129244,-107.000001594424,-14.));
#8283=CARTESIAN_POINT('',(210.000003129244,-105.324999638833,-14.));
#8284=CARTESIAN_POINT('',(210.000003129244,-107.000001594424,-8.));
#8285=CARTESIAN_POINT('Origin',(231.000003442168,-107.000001594424,-8.));
#8286=CARTESIAN_POINT('',(210.000003129244,-107.000001594424,-8.));
#8287=CARTESIAN_POINT('',(213.624999527819,-107.000001594424,-14.));
#8288=CARTESIAN_POINT('Origin',(220.500003285706,-104.500001557171,-8.));
#8289=CARTESIAN_POINT('Origin',(188.6,-103.1,-9.));
#8290=CARTESIAN_POINT('',(190.4,-103.1,-8.));
#8291=CARTESIAN_POINT('Origin',(188.6,-103.1,-8.));
#8292=CARTESIAN_POINT('',(190.4,-103.1,-14.));
#8293=CARTESIAN_POINT('',(190.4,-103.1,-9.));
#8294=CARTESIAN_POINT('Origin',(188.6,-103.1,-14.));
#8295=CARTESIAN_POINT('Origin',(188.6,-103.1,-9.));
#8296=CARTESIAN_POINT('',(191.6,-103.1,-8.));
#8297=CARTESIAN_POINT('Origin',(188.6,-103.1,-8.));
#8298=CARTESIAN_POINT('',(191.6,-103.1,-14.));
#8299=CARTESIAN_POINT('',(191.6,-103.1,-9.));
#8300=CARTESIAN_POINT('Origin',(188.6,-103.1,-14.));
#8301=CARTESIAN_POINT('Origin',(188.6,-103.1,-8.));
#8302=CARTESIAN_POINT('Origin',(196.249995613471,-103.649997683242,-14.));
#8303=CARTESIAN_POINT('',(206.9,-103.2,-14.));
#8304=CARTESIAN_POINT('Origin',(203.9,-103.2,-14.));
#8305=CARTESIAN_POINT('Origin',(203.9,-103.2,-9.));
#8306=CARTESIAN_POINT('',(205.7,-103.2,-8.));
#8307=CARTESIAN_POINT('Origin',(203.9,-103.2,-8.));
#8308=CARTESIAN_POINT('',(205.7,-103.2,-14.));
#8309=CARTESIAN_POINT('',(205.7,-103.2,-9.));
#8310=CARTESIAN_POINT('Origin',(203.9,-103.2,-14.));
#8311=CARTESIAN_POINT('Origin',(203.9,-103.2,-9.));
#8312=CARTESIAN_POINT('',(206.9,-103.2,-8.));
#8313=CARTESIAN_POINT('Origin',(203.9,-103.2,-8.));
#8314=CARTESIAN_POINT('',(206.9,-103.2,-9.));
#8315=CARTESIAN_POINT('Origin',(203.9,-103.2,-8.));
#8316=CARTESIAN_POINT('Origin',(196.249995613471,-103.649997683242,-14.));
#8317=CARTESIAN_POINT('Origin',(196.249995613471,-103.649997683242,-17.));
#8318=CARTESIAN_POINT('Origin',(196.249995613471,-103.649997683242,-14.));
#8319=CARTESIAN_POINT('Origin',(239.749996574596,-105.000001564622,9.94999933168292));
#8320=CARTESIAN_POINT('',(239.749996574596,-103.700001564622,9.94999933168292));
#8321=CARTESIAN_POINT('',(239.749996574596,-105.000001564622,9.94999933168292));
#8322=CARTESIAN_POINT('',(239.749996574596,-103.700001564622,9.94999933168292));
#8323=CARTESIAN_POINT('',(239.749996574596,-103.700001564622,9.99999933168292));
#8324=CARTESIAN_POINT('',(239.749996574596,-103.700001564622,9.94999933168292));
#8325=CARTESIAN_POINT('',(239.749996574596,-105.000001564622,9.99999933168292));
#8326=CARTESIAN_POINT('',(239.749996574596,-97.4500016596168,10.0000002682209));
#8327=CARTESIAN_POINT('',(239.749996574596,-105.000001564622,9.94999933168292));
#8328=CARTESIAN_POINT('Origin',(239.249996585771,-103.700001564622,9.94999933168292));
#8329=CARTESIAN_POINT('',(239.249996585771,-103.700001564622,9.94999933168292));
#8330=CARTESIAN_POINT('',(239.249996585771,-105.000001564622,9.94999933168292));
#8331=CARTESIAN_POINT('',(239.249996585771,-103.700001564622,9.94999933168292));
#8332=CARTESIAN_POINT('',(239.249996585771,-105.000001564622,9.99999933168292));
#8333=CARTESIAN_POINT('',(239.249996585771,-105.000001564622,9.94999933168292));
#8334=CARTESIAN_POINT('',(239.249996585771,-103.700001564622,9.99999933168292));
#8335=CARTESIAN_POINT('',(239.249996585771,-96.8000016596168,10.0000002682209));
#8336=CARTESIAN_POINT('',(239.249996585771,-103.700001564622,9.94999933168292));
#8337=CARTESIAN_POINT('Origin',(238.849996594712,-103.700001564622,9.54999934062362));
#8338=CARTESIAN_POINT('',(238.849996594712,-103.700001564622,9.54999934062362));
#8339=CARTESIAN_POINT('',(238.887497536605,-103.700001564622,9.58750028251672));
#8340=CARTESIAN_POINT('',(238.849996594712,-105.000001564622,9.54999934062362));
#8341=CARTESIAN_POINT('',(238.849996594712,-103.700001564622,9.54999934062362));
#8342=CARTESIAN_POINT('',(238.887497536605,-105.000001564622,9.58750028251672));
#8343=CARTESIAN_POINT('Origin',(238.849996594712,-103.700001564622,8.14999937191603));
#8344=CARTESIAN_POINT('',(238.849996594712,-103.700001564622,8.14999937191603));
#8345=CARTESIAN_POINT('',(238.849996594712,-103.700001564622,8.5999994959682));
#8346=CARTESIAN_POINT('',(238.849996594712,-105.000001564622,8.14999937191603));
#8347=CARTESIAN_POINT('',(238.849996594712,-103.700001564622,8.14999937191603));
#8348=CARTESIAN_POINT('',(238.849996594712,-105.000001564622,8.5999994959682));
#8349=CARTESIAN_POINT('Origin',(240.149996565655,-103.700001564622,8.14999937191606));
#8350=CARTESIAN_POINT('',(240.149996565655,-103.700001564622,8.14999937191606));
#8351=CARTESIAN_POINT('',(239.824998324271,-103.700001564622,8.14999937191605));
#8352=CARTESIAN_POINT('',(240.149996565655,-105.000001564622,8.14999937191606));
#8353=CARTESIAN_POINT('',(240.149996565655,-103.700001564622,8.14999937191606));
#8354=CARTESIAN_POINT('',(239.824998324271,-105.000001564622,8.14999937191605));
#8355=CARTESIAN_POINT('Origin',(240.149996565655,-103.700001564622,9.54999934062362));
#8356=CARTESIAN_POINT('',(240.149996565655,-103.700001564622,9.54999934062362));
#8357=CARTESIAN_POINT('',(240.149996565655,-103.700001564622,9.29999948032201));
#8358=CARTESIAN_POINT('',(240.149996565655,-105.000001564622,9.54999934062362));
#8359=CARTESIAN_POINT('',(240.149996565655,-103.700001564622,9.54999934062362));
#8360=CARTESIAN_POINT('',(240.149996565655,-105.000001564622,9.29999948032201));
#8361=CARTESIAN_POINT('Origin',(239.749996574596,-103.700001564622,9.94999933168292));
#8362=CARTESIAN_POINT('',(239.912497379584,-103.700001564622,9.78749852669426));
#8363=CARTESIAN_POINT('',(239.912497379584,-105.000001564622,9.78749852669426));
#8364=CARTESIAN_POINT('Origin',(239.500000082888,-103.700001564622,9.04999962002039));
#8365=CARTESIAN_POINT('',(217.875000075903,-103.700001564622,10.0000002682209));
#8366=CARTESIAN_POINT('Origin',(239.500000082888,-105.000001564622,9.04999962002039));
#8367=CARTESIAN_POINT('',(217.875000075903,-105.000001564622,10.0000002682209));
#8368=CARTESIAN_POINT('Origin',(239.749996574596,-91.0000015646219,9.94999933168292));
#8369=CARTESIAN_POINT('',(239.749996574596,-89.7000015646219,9.94999933168292));
#8370=CARTESIAN_POINT('',(239.749996574596,-91.0000015646219,9.94999933168292));
#8371=CARTESIAN_POINT('',(239.749996574596,-89.7000015646219,9.94999933168292));
#8372=CARTESIAN_POINT('',(239.749996574596,-89.7000015646219,9.99999933168292));
#8373=CARTESIAN_POINT('',(239.749996574596,-89.7000015646219,9.94999933168292));
#8374=CARTESIAN_POINT('',(239.749996574596,-91.0000015646219,9.99999933168292));
#8375=CARTESIAN_POINT('',(239.749996574596,-90.4500016596168,10.0000002682209));
#8376=CARTESIAN_POINT('',(239.749996574596,-91.0000015646219,9.94999933168292));
#8377=CARTESIAN_POINT('Origin',(239.249996585771,-89.7000015646219,9.94999933168292));
#8378=CARTESIAN_POINT('',(239.249996585771,-89.7000015646219,9.94999933168292));
#8379=CARTESIAN_POINT('',(239.249996585771,-91.0000015646219,9.94999933168292));
#8380=CARTESIAN_POINT('',(239.249996585771,-89.7000015646219,9.94999933168292));
#8381=CARTESIAN_POINT('',(239.249996585771,-91.0000015646219,9.99999933168292));
#8382=CARTESIAN_POINT('',(239.249996585771,-91.0000015646219,9.94999933168292));
#8383=CARTESIAN_POINT('',(239.249996585771,-89.7000015646219,9.99999933168292));
#8384=CARTESIAN_POINT('',(239.249996585771,-89.8000016596168,10.0000002682209));
#8385=CARTESIAN_POINT('',(239.249996585771,-89.7000015646219,9.94999933168292));
#8386=CARTESIAN_POINT('Origin',(238.849996594712,-89.7000015646219,9.54999934062362));
#8387=CARTESIAN_POINT('',(238.849996594712,-89.7000015646219,9.54999934062362));
#8388=CARTESIAN_POINT('',(238.887497536605,-89.7000015646219,9.58750028251672));
#8389=CARTESIAN_POINT('',(238.849996594712,-91.0000015646219,9.54999934062362));
#8390=CARTESIAN_POINT('',(238.849996594712,-89.7000015646219,9.54999934062362));
#8391=CARTESIAN_POINT('',(238.887497536605,-91.0000015646219,9.58750028251672));
#8392=CARTESIAN_POINT('Origin',(238.849996594712,-89.7000015646219,8.14999937191603));
#8393=CARTESIAN_POINT('',(238.849996594712,-89.7000015646219,8.14999937191603));
#8394=CARTESIAN_POINT('',(238.849996594712,-89.7000015646219,8.5999994959682));
#8395=CARTESIAN_POINT('',(238.849996594712,-91.0000015646219,8.14999937191603));
#8396=CARTESIAN_POINT('',(238.849996594712,-89.7000015646219,8.14999937191603));
#8397=CARTESIAN_POINT('',(238.849996594712,-91.0000015646219,8.5999994959682));
#8398=CARTESIAN_POINT('Origin',(240.149996565655,-89.7000015646219,8.14999937191606));
#8399=CARTESIAN_POINT('',(240.149996565655,-89.7000015646219,8.14999937191606));
#8400=CARTESIAN_POINT('',(239.824998324271,-89.7000015646219,8.14999937191605));
#8401=CARTESIAN_POINT('',(240.149996565655,-91.0000015646219,8.14999937191606));
#8402=CARTESIAN_POINT('',(240.149996565655,-89.7000015646219,8.14999937191606));
#8403=CARTESIAN_POINT('',(239.824998324271,-91.0000015646219,8.14999937191605));
#8404=CARTESIAN_POINT('Origin',(240.149996565655,-89.7000015646219,9.54999934062362));
#8405=CARTESIAN_POINT('',(240.149996565655,-89.7000015646219,9.54999934062362));
#8406=CARTESIAN_POINT('',(240.149996565655,-89.7000015646219,9.29999948032201));
#8407=CARTESIAN_POINT('',(240.149996565655,-91.0000015646219,9.54999934062362));
#8408=CARTESIAN_POINT('',(240.149996565655,-89.7000015646219,9.54999934062362));
#8409=CARTESIAN_POINT('',(240.149996565655,-91.0000015646219,9.29999948032201));
#8410=CARTESIAN_POINT('Origin',(239.749996574596,-89.7000015646219,9.94999933168292));
#8411=CARTESIAN_POINT('',(239.912497379584,-89.7000015646219,9.78749852669426));
#8412=CARTESIAN_POINT('',(239.912497379584,-91.0000015646219,9.78749852669426));
#8413=CARTESIAN_POINT('Origin',(239.500000082888,-89.7000015646219,9.04999962002039));
#8414=CARTESIAN_POINT('',(217.875000075903,-89.7000015646219,10.0000002682209));
#8415=CARTESIAN_POINT('Origin',(239.500000082888,-91.0000015646219,9.04999962002039));
#8416=CARTESIAN_POINT('',(217.875000075903,-91.0000015646219,10.0000002682209));
#8417=CARTESIAN_POINT('Origin',(153.249996574596,-91.0000015646219,9.94999933168292));
#8418=CARTESIAN_POINT('',(153.249996574596,-89.7000015646219,9.94999933168292));
#8419=CARTESIAN_POINT('',(153.249996574596,-91.0000015646219,9.94999933168292));
#8420=CARTESIAN_POINT('',(153.249996574596,-89.7000015646219,9.94999933168292));
#8421=CARTESIAN_POINT('',(153.249996574596,-89.7000015646219,9.99999933168292));
#8422=CARTESIAN_POINT('',(153.249996574596,-89.7000015646219,9.94999933168292));
#8423=CARTESIAN_POINT('',(153.249996574596,-91.0000015646219,9.99999933168292));
#8424=CARTESIAN_POINT('',(153.249996574596,-90.4500016596168,10.0000002682209));
#8425=CARTESIAN_POINT('',(153.249996574596,-91.0000015646219,9.94999933168292));
#8426=CARTESIAN_POINT('Origin',(152.749996585771,-89.7000015646219,9.94999933168292));
#8427=CARTESIAN_POINT('',(152.749996585771,-89.7000015646219,9.94999933168292));
#8428=CARTESIAN_POINT('',(152.749996585771,-91.0000015646219,9.94999933168292));
#8429=CARTESIAN_POINT('',(152.749996585771,-89.7000015646219,9.94999933168292));
#8430=CARTESIAN_POINT('',(152.749996585771,-91.0000015646219,9.99999933168292));
#8431=CARTESIAN_POINT('',(152.749996585771,-91.0000015646219,9.94999933168292));
#8432=CARTESIAN_POINT('',(152.749996585771,-89.7000015646219,9.99999933168292));
#8433=CARTESIAN_POINT('',(152.749996585771,-89.8000016596168,10.0000002682209));
#8434=CARTESIAN_POINT('',(152.749996585771,-89.7000015646219,9.94999933168292));
#8435=CARTESIAN_POINT('Origin',(152.349996594712,-89.7000015646219,9.54999934062362));
#8436=CARTESIAN_POINT('',(152.349996594712,-89.7000015646219,9.54999934062362));
#8437=CARTESIAN_POINT('',(152.387497536605,-89.7000015646219,9.58750028251672));
#8438=CARTESIAN_POINT('',(152.349996594712,-91.0000015646219,9.54999934062362));
#8439=CARTESIAN_POINT('',(152.349996594712,-89.7000015646219,9.54999934062362));
#8440=CARTESIAN_POINT('',(152.387497536605,-91.0000015646219,9.58750028251672));
#8441=CARTESIAN_POINT('Origin',(152.349996594712,-89.7000015646219,8.14999937191603));
#8442=CARTESIAN_POINT('',(152.349996594712,-89.7000015646219,8.14999937191603));
#8443=CARTESIAN_POINT('',(152.349996594712,-89.7000015646219,8.5999994959682));
#8444=CARTESIAN_POINT('',(152.349996594712,-91.0000015646219,8.14999937191603));
#8445=CARTESIAN_POINT('',(152.349996594712,-89.7000015646219,8.14999937191603));
#8446=CARTESIAN_POINT('',(152.349996594712,-91.0000015646219,8.5999994959682));
#8447=CARTESIAN_POINT('Origin',(153.649996565655,-89.7000015646219,8.14999937191606));
#8448=CARTESIAN_POINT('',(153.649996565655,-89.7000015646219,8.14999937191606));
#8449=CARTESIAN_POINT('',(153.324998324271,-89.7000015646219,8.14999937191605));
#8450=CARTESIAN_POINT('',(153.649996565655,-91.0000015646219,8.14999937191606));
#8451=CARTESIAN_POINT('',(153.649996565655,-89.7000015646219,8.14999937191606));
#8452=CARTESIAN_POINT('',(153.324998324271,-91.0000015646219,8.14999937191605));
#8453=CARTESIAN_POINT('Origin',(153.649996565655,-89.7000015646219,9.54999934062362));
#8454=CARTESIAN_POINT('',(153.649996565655,-89.7000015646219,9.54999934062362));
#8455=CARTESIAN_POINT('',(153.649996565655,-89.7000015646219,9.29999948032201));
#8456=CARTESIAN_POINT('',(153.649996565655,-91.0000015646219,9.54999934062362));
#8457=CARTESIAN_POINT('',(153.649996565655,-89.7000015646219,9.54999934062362));
#8458=CARTESIAN_POINT('',(153.649996565655,-91.0000015646219,9.29999948032201));
#8459=CARTESIAN_POINT('Origin',(153.249996574596,-89.7000015646219,9.94999933168292));
#8460=CARTESIAN_POINT('',(153.412497379584,-89.7000015646219,9.78749852669426));
#8461=CARTESIAN_POINT('',(153.412497379584,-91.0000015646219,9.78749852669426));
#8462=CARTESIAN_POINT('Origin',(153.000000082888,-89.7000015646219,9.04999962002039));
#8463=CARTESIAN_POINT('',(174.625000075903,-89.7000015646219,10.0000002682209));
#8464=CARTESIAN_POINT('Origin',(153.000000082888,-91.0000015646219,9.04999962002039));
#8465=CARTESIAN_POINT('',(174.625000075903,-91.0000015646219,10.0000002682209));
#8466=CARTESIAN_POINT('Origin',(153.249996574596,-105.000001564622,9.94999933168292));
#8467=CARTESIAN_POINT('',(153.249996574596,-103.700001564622,9.94999933168292));
#8468=CARTESIAN_POINT('',(153.249996574596,-105.000001564622,9.94999933168292));
#8469=CARTESIAN_POINT('',(153.249996574596,-103.700001564622,9.94999933168292));
#8470=CARTESIAN_POINT('',(153.249996574596,-103.700001564622,9.99999933168292));
#8471=CARTESIAN_POINT('',(153.249996574596,-103.700001564622,9.94999933168292));
#8472=CARTESIAN_POINT('',(153.249996574596,-105.000001564622,9.99999933168292));
#8473=CARTESIAN_POINT('',(153.249996574596,-97.4500016596168,10.0000002682209));
#8474=CARTESIAN_POINT('',(153.249996574596,-105.000001564622,9.94999933168292));
#8475=CARTESIAN_POINT('Origin',(152.749996585771,-103.700001564622,9.94999933168292));
#8476=CARTESIAN_POINT('',(152.749996585771,-103.700001564622,9.94999933168292));
#8477=CARTESIAN_POINT('',(152.749996585771,-105.000001564622,9.94999933168292));
#8478=CARTESIAN_POINT('',(152.749996585771,-103.700001564622,9.94999933168292));
#8479=CARTESIAN_POINT('',(152.749996585771,-105.000001564622,9.99999933168292));
#8480=CARTESIAN_POINT('',(152.749996585771,-105.000001564622,9.94999933168292));
#8481=CARTESIAN_POINT('',(152.749996585771,-103.700001564622,9.99999933168292));
#8482=CARTESIAN_POINT('',(152.749996585771,-96.8000016596168,10.0000002682209));
#8483=CARTESIAN_POINT('',(152.749996585771,-103.700001564622,9.94999933168292));
#8484=CARTESIAN_POINT('Origin',(152.349996594712,-103.700001564622,9.54999934062362));
#8485=CARTESIAN_POINT('',(152.349996594712,-103.700001564622,9.54999934062362));
#8486=CARTESIAN_POINT('',(152.387497536605,-103.700001564622,9.58750028251672));
#8487=CARTESIAN_POINT('',(152.349996594712,-105.000001564622,9.54999934062362));
#8488=CARTESIAN_POINT('',(152.349996594712,-103.700001564622,9.54999934062362));
#8489=CARTESIAN_POINT('',(152.387497536605,-105.000001564622,9.58750028251672));
#8490=CARTESIAN_POINT('Origin',(152.349996594712,-103.700001564622,8.14999937191603));
#8491=CARTESIAN_POINT('',(152.349996594712,-103.700001564622,8.14999937191603));
#8492=CARTESIAN_POINT('',(152.349996594712,-103.700001564622,8.5999994959682));
#8493=CARTESIAN_POINT('',(152.349996594712,-105.000001564622,8.14999937191603));
#8494=CARTESIAN_POINT('',(152.349996594712,-103.700001564622,8.14999937191603));
#8495=CARTESIAN_POINT('',(152.349996594712,-105.000001564622,8.5999994959682));
#8496=CARTESIAN_POINT('Origin',(153.649996565655,-103.700001564622,8.14999937191606));
#8497=CARTESIAN_POINT('',(153.649996565655,-103.700001564622,8.14999937191606));
#8498=CARTESIAN_POINT('',(153.324998324271,-103.700001564622,8.14999937191605));
#8499=CARTESIAN_POINT('',(153.649996565655,-105.000001564622,8.14999937191606));
#8500=CARTESIAN_POINT('',(153.649996565655,-103.700001564622,8.14999937191606));
#8501=CARTESIAN_POINT('',(153.324998324271,-105.000001564622,8.14999937191605));
#8502=CARTESIAN_POINT('Origin',(153.649996565655,-103.700001564622,9.54999934062362));
#8503=CARTESIAN_POINT('',(153.649996565655,-103.700001564622,9.54999934062362));
#8504=CARTESIAN_POINT('',(153.649996565655,-103.700001564622,9.29999948032201));
#8505=CARTESIAN_POINT('',(153.649996565655,-105.000001564622,9.54999934062362));
#8506=CARTESIAN_POINT('',(153.649996565655,-103.700001564622,9.54999934062362));
#8507=CARTESIAN_POINT('',(153.649996565655,-105.000001564622,9.29999948032201));
#8508=CARTESIAN_POINT('Origin',(153.249996574596,-103.700001564622,9.94999933168292));
#8509=CARTESIAN_POINT('',(153.412497379584,-103.700001564622,9.78749852669426));
#8510=CARTESIAN_POINT('',(153.412497379584,-105.000001564622,9.78749852669426));
#8511=CARTESIAN_POINT('Origin',(153.000000082888,-103.700001564622,9.04999962002039));
#8512=CARTESIAN_POINT('',(174.625000075903,-103.700001564622,10.0000002682209));
#8513=CARTESIAN_POINT('Origin',(153.000000082888,-105.000001564622,9.04999962002039));
#8514=CARTESIAN_POINT('',(174.625000075903,-105.000001564622,10.0000002682209));
#8515=CARTESIAN_POINT('Origin',(161.678757684078,-100.564431955194,10.0000002682209));
#8516=CARTESIAN_POINT('',(161.678757684078,-100.564431955194,10.0000002682209));
#8517=CARTESIAN_POINT('',(161.678757684078,-82.4526222135768,10.0000002682209));
#8518=CARTESIAN_POINT('',(161.678757684078,-100.564431955194,10.0000002682209));
#8519=CARTESIAN_POINT('',(161.678757684078,-82.4526222135768,12.0000002682209));
#8520=CARTESIAN_POINT('',(161.678757684078,-82.4526222135768,10.0000002682209));
#8521=CARTESIAN_POINT('',(161.678757684078,-100.564431955194,12.0000002682209));
#8522=CARTESIAN_POINT('',(161.678757684078,-100.564431955194,12.0000002682209));
#8523=CARTESIAN_POINT('',(161.678757684078,-100.564431955194,10.0000002682209));
#8524=CARTESIAN_POINT('Origin',(224.381097240512,-100.564431955194,10.0000002682209));
#8525=CARTESIAN_POINT('',(224.381097240512,-100.564431955194,10.0000002682209));
#8526=CARTESIAN_POINT('',(224.381097240512,-100.564431955194,10.0000002682209));
#8527=CARTESIAN_POINT('',(224.381097240512,-100.564431955194,12.0000002682209));
#8528=CARTESIAN_POINT('',(224.381097240512,-100.564431955194,12.0000002682209));
#8529=CARTESIAN_POINT('',(224.381097240512,-100.564431955194,10.0000002682209));
#8530=CARTESIAN_POINT('Origin',(224.381097240512,-82.4526222135768,10.0000002682209));
#8531=CARTESIAN_POINT('',(224.381097240512,-82.4526222135768,10.0000002682209));
#8532=CARTESIAN_POINT('',(224.381097240512,-82.4526222135768,10.0000002682209));
#8533=CARTESIAN_POINT('',(224.381097240512,-82.4526222135768,12.0000002682209));
#8534=CARTESIAN_POINT('',(224.381097240512,-82.4526222135768,12.0000002682209));
#8535=CARTESIAN_POINT('',(224.381097240512,-82.4526222135768,10.0000002682209));
#8536=CARTESIAN_POINT('Origin',(161.678757684078,-82.4526222135768,10.0000002682209));
#8537=CARTESIAN_POINT('',(161.678757684078,-82.4526222135768,10.0000002682209));
#8538=CARTESIAN_POINT('',(161.678757684078,-82.4526222135768,12.0000002682209));
#8539=CARTESIAN_POINT('Origin',(151.499996546656,-74.3000019371509,10.0000002682209));
#8540=CARTESIAN_POINT('',(151.499996546656,-105.500001572073,10.0000002682209));
#8541=CARTESIAN_POINT('',(151.499996546656,-74.3000019371509,10.0000002682209));
#8542=CARTESIAN_POINT('',(151.499996546656,-105.500001572073,10.0000002682209));
#8543=CARTESIAN_POINT('',(151.499996546656,-105.500001572073,12.0000002682209));
#8544=CARTESIAN_POINT('',(151.499996546656,-105.500001572073,10.0000002682209));
#8545=CARTESIAN_POINT('',(151.499996546656,-74.3000019371509,12.0000002682209));
#8546=CARTESIAN_POINT('',(151.499996546656,-105.500001572073,12.0000002682209));
#8547=CARTESIAN_POINT('',(151.499996546656,-74.3000019371509,10.0000002682209));
#8548=CARTESIAN_POINT('Origin',(241.00000359118,-74.3000019371509,10.0000002682209));
#8549=CARTESIAN_POINT('',(241.00000359118,-74.3000019371509,10.0000002682209));
#8550=CARTESIAN_POINT('',(151.499996546656,-74.3000019371509,10.0000002682209));
#8551=CARTESIAN_POINT('',(241.00000359118,-74.3000019371509,12.0000002682209));
#8552=CARTESIAN_POINT('',(151.499996546656,-74.3000019371509,12.0000002682209));
#8553=CARTESIAN_POINT('',(241.00000359118,-74.3000019371509,10.0000002682209));
#8554=CARTESIAN_POINT('Origin',(241.00000359118,-105.500001572073,10.0000002682209));
#8555=CARTESIAN_POINT('',(241.00000359118,-105.500001572073,10.0000002682209));
#8556=CARTESIAN_POINT('',(241.00000359118,-74.3000019371509,10.0000002682209));
#8557=CARTESIAN_POINT('',(241.00000359118,-105.500001572073,12.0000002682209));
#8558=CARTESIAN_POINT('',(241.00000359118,-74.3000019371509,12.0000002682209));
#8559=CARTESIAN_POINT('',(241.00000359118,-105.500001572073,10.0000002682209));
#8560=CARTESIAN_POINT('Origin',(151.499996546656,-105.500001572073,10.0000002682209));
#8561=CARTESIAN_POINT('',(241.00000359118,-105.500001572073,10.0000002682209));
#8562=CARTESIAN_POINT('',(241.00000359118,-105.500001572073,12.0000002682209));
#8563=CARTESIAN_POINT('Origin',(196.250000068918,-89.9000017546117,12.0000002682209));
#8564=CARTESIAN_POINT('Origin',(196.250000068918,-89.9000017546117,10.0000002682209));
#8565=CARTESIAN_POINT('Origin',(232.645046109101,-57.3044982951277,-2.0867221347468));
#8566=CARTESIAN_POINT('',(234.201545754911,-62.0385618025685,-3.81864299680975));
#8567=CARTESIAN_POINT('',(227.664127332881,-57.4610121430325,-3.81864299680975));
#8568=CARTESIAN_POINT('Origin',(230.932836543896,-59.7497869728005,-2.0867221347468));
#8569=CARTESIAN_POINT('',(234.422456585603,-61.723068440047,-3.81864299680975));
#8570=CARTESIAN_POINT('',(235.913755320116,-59.5932731248957,-3.81864299680975));
#8571=CARTESIAN_POINT('',(227.885038163574,-57.1455187805111,-3.81864299680975));
#8572=CARTESIAN_POINT('Origin',(231.153747374589,-59.4342936102791,-2.0867221347468));
#8573=CARTESIAN_POINT('',(229.376336898087,-55.0157234653598,-3.81864299680975));
#8574=CARTESIAN_POINT('Origin',(235.512078264113,-59.3120158223563,-2.0867221347468));
#8575=CARTESIAN_POINT('',(234.201545754911,-62.0385618025685,-0.354801272683839));
#8576=CARTESIAN_POINT('Origin',(233.799868698907,-61.7573045000291,-2.0867221347468));
#8577=CARTESIAN_POINT('',(234.422456585603,-61.723068440047,-0.354801272683839));
#8578=CARTESIAN_POINT('',(235.913755320116,-59.5932731248957,-0.354801272683839));
#8579=CARTESIAN_POINT('Origin',(234.0207795296,-61.4418111375077,-2.0867221347468));
#8580=CARTESIAN_POINT('Origin',(232.645046109101,-57.3044982951277,-2.0867221347468));
#8581=CARTESIAN_POINT('',(224.817114542417,-55.4675123257697,-2.80091275917416));
#8582=CARTESIAN_POINT('',(226.529324107622,-53.0222236480971,-2.80091275917708));
#8583=CARTESIAN_POINT('',(226.529324107622,-53.0222236480971,-2.80091275917708));
#8584=CARTESIAN_POINT('',(237.04134614716,-64.0270114442325,-1.28580937557073));
#8585=CARTESIAN_POINT('Origin',(230.932836543896,-59.7497869728005,-2.0867221347468));
#8586=CARTESIAN_POINT('',(238.753555712365,-61.5817227665596,-1.28580937556781));
#8587=CARTESIAN_POINT('',(238.753555712365,-61.5817227665596,-1.28580937556781));
#8588=CARTESIAN_POINT('Origin',(232.645046109101,-57.3044982951277,-2.0867221347468));
#8589=CARTESIAN_POINT('Origin',(232.415615534561,-57.6321591128433,-2.0867221347468));
#8590=CARTESIAN_POINT('',(232.415615534561,-57.6321591128433,-7.5180892068107));
#8591=CARTESIAN_POINT('Origin',(232.415615534561,-57.6321591128433,-2.0867221347468));
#8592=CARTESIAN_POINT('',(231.153747374589,-59.434293610279,-7.5180892068107));
#8593=CARTESIAN_POINT('',(232.415615534561,-57.6321591128433,-7.5180892068107));
#8594=CARTESIAN_POINT('Origin',(231.153747374589,-59.434293610279,-2.0867221347468));
#8595=CARTESIAN_POINT('Origin',(231.153747374589,-59.434293610279,-2.0867221347468));
#8596=CARTESIAN_POINT('',(227.885038163574,-57.1455187805111,-0.354801272683839));
#8597=CARTESIAN_POINT('Origin',(228.286715219577,-57.4267760830503,-2.0867221347468));
#8598=CARTESIAN_POINT('Origin',(231.153747374589,-59.4342936102791,-2.0867221347468));
#8599=CARTESIAN_POINT('Origin',(232.415615534561,-57.6321591128433,-2.0867221347468));
#8600=CARTESIAN_POINT('',(229.146906323546,-55.3433842830754,-0.354801272683839));
#8601=CARTESIAN_POINT('',(229.146906323546,-55.3433842830753,-3.81864299680975));
#8602=CARTESIAN_POINT('Origin',(229.548583379549,-55.6246415856146,-2.0867221347468));
#8603=CARTESIAN_POINT('',(235.684324745576,-59.9209339426112,-0.354801272683839));
#8604=CARTESIAN_POINT('Origin',(232.415615534561,-57.6321591128433,-2.0867221347468));
#8605=CARTESIAN_POINT('',(235.684324745576,-59.9209339426112,-3.81864299680975));
#8606=CARTESIAN_POINT('Origin',(235.282647689572,-59.6396766400719,-2.0867221347468));
#8607=CARTESIAN_POINT('Origin',(232.415615534561,-57.6321591128433,-2.0867221347468));
#8608=CARTESIAN_POINT('Origin',(235.512078264113,-59.3120158223563,-2.0867221347468));
#8609=CARTESIAN_POINT('',(235.913755320116,-59.5932731248957,-0.354801272683839));
#8610=CARTESIAN_POINT('',(235.913755320116,-59.5932731248957,-0.354801272683839));
#8611=CARTESIAN_POINT('',(235.913755320116,-59.5932731248957,-3.81864299680975));
#8612=CARTESIAN_POINT('Origin',(235.512078264113,-59.3120158223563,-2.0867221347468));
#8613=CARTESIAN_POINT('',(235.913755320116,-59.5932731248957,-3.81864299680975));
#8614=CARTESIAN_POINT('Origin',(232.645046109101,-57.3044982951277,-2.0867221347468));
#8615=CARTESIAN_POINT('',(229.376336898087,-55.0157234653598,-3.81864299680975));
#8616=CARTESIAN_POINT('Origin',(232.645046109101,-57.3044982951277,-2.0867221347468));
#8617=CARTESIAN_POINT('',(229.376336898087,-55.0157234653598,-3.81864299680975));
#8618=CARTESIAN_POINT('Origin',(232.645046109101,-57.3044982951277,-2.0867221347468));
#8619=CARTESIAN_POINT('',(229.376336898087,-55.0157234653598,-0.354801272683839));
#8620=CARTESIAN_POINT('',(229.376336898087,-55.0157234653598,-0.354801272683839));
#8621=CARTESIAN_POINT('Origin',(232.645046109101,-57.3044982951277,-2.0867221347468));
#8622=CARTESIAN_POINT('Origin',(229.77801395409,-55.296980767899,-2.0867221347468));
#8623=CARTESIAN_POINT('Origin',(229.77801395409,-55.296980767899,-2.0867221347468));
#8624=CARTESIAN_POINT('Origin',(229.77801395409,-55.296980767899,-2.0867221347468));
#8625=CARTESIAN_POINT('',(227.664127332881,-57.4610121430325,-0.354801272683839));
#8626=CARTESIAN_POINT('Origin',(228.065804388885,-57.7422694455718,-2.0867221347468));
#8627=CARTESIAN_POINT('',(229.376336898087,-55.0157234653598,-0.354801272683839));
#8628=CARTESIAN_POINT('Origin',(232.645046109101,-57.3044982951277,-2.0867221347468));
#8629=CARTESIAN_POINT('Origin',(230.932836543896,-59.7497869728005,-2.0867221347468));
#8630=CARTESIAN_POINT('Origin',(232.645046109101,-57.3044982951277,-2.0867221347468));
#8631=CARTESIAN_POINT('Origin',(232.637833710886,-57.2994481195291,-1.99999999999999));
#8632=CARTESIAN_POINT('Origin',(241.25,-45.,-1.99999999999999));
#8633=CARTESIAN_POINT('',(224.781983813514,-55.442913524569,-1.99999999999999));
#8634=CARTESIAN_POINT('Origin',(230.925624145681,-59.7447367972018,-1.99999999999999));
#8635=CARTESIAN_POINT('',(230.638636077983,-47.0787472668858,-1.99999999999999));
#8636=CARTESIAN_POINT('',(235.106359667833,-40.6981767273671,-1.99999999999999));
#8637=CARTESIAN_POINT('',(242.504021098808,-56.2849232344826,-1.99999999999999));
#8638=CARTESIAN_POINT('Ctrl Pts',(242.504021098808,-56.2849232344826,-1.99999999999999));
#8639=CARTESIAN_POINT('Ctrl Pts',(242.504021098808,-56.2849232344826,-1.05724818801868));
#8640=CARTESIAN_POINT('Ctrl Pts',(242.367761990047,-56.1506663946734,-0.0527302422982248));
#8641=CARTESIAN_POINT('Ctrl Pts',(241.809433867683,-55.6148811162914,1.79324582492158));
#8642=CARTESIAN_POINT('Ctrl Pts',(241.386736668623,-55.2143996574479,2.63481762438047));
#8643=CARTESIAN_POINT('Ctrl Pts',(240.39727399546,-54.3108322327414,3.96567393073431));
#8644=CARTESIAN_POINT('Ctrl Pts',(239.763402547568,-53.7467900535377,4.54350874024994));
#8645=CARTESIAN_POINT('Ctrl Pts',(238.347198964052,-52.5464541478,5.31071024407946));
#8646=CARTESIAN_POINT('Ctrl Pts',(237.564110730529,-51.9110035881083,5.50000000000001));
#8647=CARTESIAN_POINT('Ctrl Pts',(236.072440912663,-50.7543951440626,5.50000000000001));
#8648=CARTESIAN_POINT('Ctrl Pts',(235.265289528741,-50.1565844716569,5.3121640970117));
#8649=CARTESIAN_POINT('Ctrl Pts',(233.757519701294,-49.0888024016969,4.54740327045279));
#8650=CARTESIAN_POINT('Ctrl Pts',(233.057562029491,-48.6178981005874,3.97047857277542));
#8651=CARTESIAN_POINT('Ctrl Pts',(231.942171517504,-47.8880209942931,2.63898695452851));
#8652=CARTESIAN_POINT('Ctrl Pts',(231.452580774149,-47.5803077933634,1.79555514321126));
#8653=CARTESIAN_POINT('Ctrl Pts',(230.800474643569,-47.1761407554418,-0.0527603384187457));
#8654=CARTESIAN_POINT('Ctrl Pts',(230.638636077983,-47.0787472668858,-1.05767714583285));
#8655=CARTESIAN_POINT('Ctrl Pts',(230.638636077983,-47.0787472668858,-1.99999999999999));
#8656=CARTESIAN_POINT('Ctrl Pts',(230.638636077983,-47.0787472668858,-1.99999999999999));
#8657=CARTESIAN_POINT('Ctrl Pts',(230.638636077983,-47.0787472668858,-2.94232285416714));
#8658=CARTESIAN_POINT('Ctrl Pts',(230.800474643569,-47.1761407554418,-3.94723966158124));
#8659=CARTESIAN_POINT('Ctrl Pts',(231.452580774149,-47.5803077933634,-5.79555514321125));
#8660=CARTESIAN_POINT('Ctrl Pts',(231.942171517504,-47.8880209942931,-6.6389869545285));
#8661=CARTESIAN_POINT('Ctrl Pts',(233.057562029491,-48.6178981005874,-7.9704785727754));
#8662=CARTESIAN_POINT('Ctrl Pts',(233.757519701294,-49.0888024016969,-8.54740327045277));
#8663=CARTESIAN_POINT('Ctrl Pts',(235.265289528741,-50.1565844716569,-9.31216409701169));
#8664=CARTESIAN_POINT('Ctrl Pts',(236.072440912663,-50.7543951440626,-9.49999999999999));
#8665=CARTESIAN_POINT('Ctrl Pts',(237.564110730529,-51.9110035881083,-9.49999999999999));
#8666=CARTESIAN_POINT('Ctrl Pts',(238.347198964052,-52.5464541478,-9.31071024407945));
#8667=CARTESIAN_POINT('Ctrl Pts',(239.763402547568,-53.7467900535377,-8.54350874024993));
#8668=CARTESIAN_POINT('Ctrl Pts',(240.39727399546,-54.3108322327414,-7.9656739307343));
#8669=CARTESIAN_POINT('Ctrl Pts',(241.386736668623,-55.2143996574479,-6.63481762438045));
#8670=CARTESIAN_POINT('Ctrl Pts',(241.809433867683,-55.6148811162914,-5.79324582492157));
#8671=CARTESIAN_POINT('Ctrl Pts',(242.367761990047,-56.1506663946734,-3.94726975770176));
#8672=CARTESIAN_POINT('Ctrl Pts',(242.504021098808,-56.2849232344826,-2.9427518119813));
#8673=CARTESIAN_POINT('Ctrl Pts',(242.504021098808,-56.2849232344826,-1.99999999999999));
#8674=CARTESIAN_POINT('Origin',(230.925624145681,-59.7447367972018,-1.99999999999999));
#8675=CARTESIAN_POINT('Origin',(230.925624145681,-59.7447367972018,-1.99999999999999));
#8676=CARTESIAN_POINT('',(229.056685808173,-58.4360920848293,-0.75376896296495));
#8677=CARTESIAN_POINT('',(229.056685808173,-58.4360920848293,-3.41967530652864));
#8678=CARTESIAN_POINT('Origin',(228.065804388885,-57.7422694455718,-2.0867221347468));
#8679=CARTESIAN_POINT('',(232.808987279619,-61.0634818607716,-3.41967530652868));
#8680=CARTESIAN_POINT('Origin',(230.932836543896,-59.7497869728005,-2.0867221347468));
#8681=CARTESIAN_POINT('',(232.808987279619,-61.0634818607716,-0.753768962964915));
#8682=CARTESIAN_POINT('Origin',(233.799868698907,-61.7573045000291,-2.0867221347468));
#8683=CARTESIAN_POINT('Origin',(230.932836543896,-59.7497869728005,-2.0867221347468));
#8684=CARTESIAN_POINT('Origin',(232.645046109101,-57.3044982951277,-2.0867221347468));
#8685=CARTESIAN_POINT('',(230.768895373378,-55.9908034071566,-3.41967530652864));
#8686=CARTESIAN_POINT('',(230.768895373378,-55.9908034071566,-3.41967530652864));
#8687=CARTESIAN_POINT('',(234.521196844825,-58.6181931830988,-3.41967530652868));
#8688=CARTESIAN_POINT('Origin',(232.645046109101,-57.3044982951277,-2.0867221347468));
#8689=CARTESIAN_POINT('',(234.521196844825,-58.6181931830988,-3.41967530652868));
#8690=CARTESIAN_POINT('Origin',(229.77801395409,-55.296980767899,-2.0867221347468));
#8691=CARTESIAN_POINT('',(230.768895373378,-55.9908034071566,-0.75376896296495));
#8692=CARTESIAN_POINT('',(230.768895373378,-55.9908034071566,-0.75376896296495));
#8693=CARTESIAN_POINT('Origin',(229.77801395409,-55.296980767899,-2.0867221347468));
#8694=CARTESIAN_POINT('Origin',(232.645046109101,-57.3044982951277,-2.0867221347468));
#8695=CARTESIAN_POINT('',(234.521196844825,-58.6181931830989,-0.753768962964915));
#8696=CARTESIAN_POINT('',(234.521196844825,-58.6181931830989,-0.753768962964915));
#8697=CARTESIAN_POINT('Origin',(232.645046109101,-57.3044982951277,-2.0867221347468));
#8698=CARTESIAN_POINT('Origin',(235.512078264113,-59.3120158223563,-2.0867221347468));
#8699=CARTESIAN_POINT('Origin',(235.512078264113,-59.3120158223563,-2.0867221347468));
#8700=CARTESIAN_POINT('Origin',(232.645046109101,-57.3044982951277,-2.0867221347468));
#8701=CARTESIAN_POINT('Origin',(160.268305549623,-56.9975089973364,-2.00000000000014));
#8702=CARTESIAN_POINT('',(160.11261363542,-60.7682737219446,-3.33295317178198));
#8703=CARTESIAN_POINT('',(163.864915106867,-58.1408839460023,-3.33295317178202));
#8704=CARTESIAN_POINT('Origin',(161.988764371144,-59.4545788339735,-2.00000000000014));
#8705=CARTESIAN_POINT('',(158.392154813899,-58.3112038853075,-3.33295317178198));
#8706=CARTESIAN_POINT('',(158.392154813899,-58.3112038853075,-3.33295317178198));
#8707=CARTESIAN_POINT('',(162.144456285346,-55.6838141093652,-3.33295317178202));
#8708=CARTESIAN_POINT('Origin',(160.268305549623,-56.9975089973364,-2.00000000000014));
#8709=CARTESIAN_POINT('',(162.144456285346,-55.6838141093652,-3.33295317178202));
#8710=CARTESIAN_POINT('Origin',(157.401273394611,-59.005026524565,-2.00000000000014));
#8711=CARTESIAN_POINT('',(160.11261363542,-60.7682737219446,-0.66704682821829));
#8712=CARTESIAN_POINT('Origin',(159.121732216132,-61.4620963612021,-2.00000000000014));
#8713=CARTESIAN_POINT('',(158.392154813899,-58.3112038853075,-0.66704682821829));
#8714=CARTESIAN_POINT('',(158.392154813899,-58.3112038853075,-0.66704682821829));
#8715=CARTESIAN_POINT('Origin',(157.401273394611,-59.005026524565,-2.00000000000014));
#8716=CARTESIAN_POINT('Origin',(160.268305549623,-56.9975089973364,-2.00000000000014));
#8717=CARTESIAN_POINT('',(163.864915106867,-58.1408839460023,-0.667046828218254));
#8718=CARTESIAN_POINT('Origin',(161.988764371144,-59.4545788339735,-2.00000000000014));
#8719=CARTESIAN_POINT('',(162.144456285346,-55.6838141093652,-0.667046828218254));
#8720=CARTESIAN_POINT('',(162.144456285346,-55.6838141093652,-0.667046828218254));
#8721=CARTESIAN_POINT('Origin',(160.268305549623,-56.9975089973364,-2.00000000000014));
#8722=CARTESIAN_POINT('Origin',(163.135337704634,-54.9899914701077,-2.00000000000014));
#8723=CARTESIAN_POINT('Origin',(164.855796526155,-57.4470613067449,-2.00000000000014));
#8724=CARTESIAN_POINT('Origin',(163.135337704634,-54.9899914701077,-2.00000000000014));
#8725=CARTESIAN_POINT('Origin',(160.268305549623,-56.9975089973364,-2.00000000000014));
#8726=CARTESIAN_POINT('Origin',(160.268305549623,-56.9975089973364,-2.00000000000014));
#8727=CARTESIAN_POINT('',(165.257473582158,-57.1658040042055,-3.73192086206309));
#8728=CARTESIAN_POINT('',(158.720055160129,-61.7433536637415,-3.73192086206309));
#8729=CARTESIAN_POINT('Origin',(161.988764371144,-59.4545788339735,-2.00000000000014));
#8730=CARTESIAN_POINT('',(165.02831349515,-56.8385294827198,-3.73192086206309));
#8731=CARTESIAN_POINT('',(163.537014760637,-54.7087341675684,-3.73192086206309));
#8732=CARTESIAN_POINT('',(158.490895073121,-61.4160791422557,-3.73192086206309));
#8733=CARTESIAN_POINT('Origin',(161.759604284135,-59.1273043124877,-2.00000000000014));
#8734=CARTESIAN_POINT('',(156.999596338608,-59.2862838271044,-3.73192086206309));
#8735=CARTESIAN_POINT('Origin',(163.135337704634,-54.9899914701077,-2.00000000000014));
#8736=CARTESIAN_POINT('',(165.257473582158,-57.1658040042055,-0.268079137937178));
#8737=CARTESIAN_POINT('Origin',(164.855796526155,-57.4470613067449,-2.00000000000014));
#8738=CARTESIAN_POINT('',(165.02831349515,-56.8385294827198,-0.268079137937178));
#8739=CARTESIAN_POINT('',(163.537014760637,-54.7087341675684,-0.268079137937178));
#8740=CARTESIAN_POINT('Origin',(164.626636439147,-57.1197867852591,-2.00000000000014));
#8741=CARTESIAN_POINT('Origin',(160.268305549623,-56.9975089973364,-2.00000000000014));
#8742=CARTESIAN_POINT('',(161.78157011273,-59.5996578155886,-9.49573362842997));
#8743=CARTESIAN_POINT('',(160.061111291209,-57.1425879789515,-9.49573362842997));
#8744=CARTESIAN_POINT('',(160.061111291209,-57.1425879789515,-9.49573362842997));
#8745=CARTESIAN_POINT('',(161.781570112732,-59.5996578155868,5.49573362842981));
#8746=CARTESIAN_POINT('Origin',(161.988764371144,-59.4545788339735,-2.00000000000014));
#8747=CARTESIAN_POINT('',(160.061111291212,-57.1425879789497,5.49573362842981));
#8748=CARTESIAN_POINT('',(160.061111291212,-57.1425879789497,5.49573362842981));
#8749=CARTESIAN_POINT('Origin',(160.268305549623,-56.9975089973364,-2.00000000000014));
#8750=CARTESIAN_POINT('Origin',(160.497736124163,-57.325169815052,-2.00000000000014));
#8751=CARTESIAN_POINT('',(160.497736124163,-57.325169815052,-7.43136707206403));
#8752=CARTESIAN_POINT('Origin',(160.497736124163,-57.325169815052,-2.00000000000014));
#8753=CARTESIAN_POINT('',(161.759604284135,-59.1273043124877,-7.43136707206403));
#8754=CARTESIAN_POINT('',(160.497736124163,-57.325169815052,-7.43136707206404));
#8755=CARTESIAN_POINT('Origin',(161.759604284135,-59.1273043124877,-2.00000000000014));
#8756=CARTESIAN_POINT('Origin',(161.759604284135,-59.1273043124877,-2.00000000000014));
#8757=CARTESIAN_POINT('',(158.490895073121,-61.4160791422557,-0.268079137937178));
#8758=CARTESIAN_POINT('Origin',(158.892572129124,-61.1348218397164,-2.00000000000014));
#8759=CARTESIAN_POINT('Origin',(161.759604284135,-59.1273043124877,-2.00000000000014));
#8760=CARTESIAN_POINT('Origin',(160.497736124163,-57.325169815052,-2.00000000000014));
#8761=CARTESIAN_POINT('',(157.229026913149,-59.6139446448199,-0.268079137937178));
#8762=CARTESIAN_POINT('',(157.229026913148,-59.61394464482,-3.73192086206309));
#8763=CARTESIAN_POINT('Origin',(157.630703969152,-59.3326873422806,-2.00000000000014));
#8764=CARTESIAN_POINT('',(163.766445335178,-55.0363949852839,-0.268079137937178));
#8765=CARTESIAN_POINT('Origin',(160.497736124163,-57.325169815052,-2.00000000000014));
#8766=CARTESIAN_POINT('',(163.766445335178,-55.0363949852839,-3.73192086206309));
#8767=CARTESIAN_POINT('Origin',(163.364768279175,-55.3176522878233,-2.00000000000014));
#8768=CARTESIAN_POINT('Origin',(160.497736124163,-57.325169815052,-2.00000000000014));
#8769=CARTESIAN_POINT('Origin',(163.135337704634,-54.9899914701077,-2.00000000000014));
#8770=CARTESIAN_POINT('',(163.537014760637,-54.7087341675684,-0.268079137937178));
#8771=CARTESIAN_POINT('',(163.537014760637,-54.7087341675684,-0.268079137937178));
#8772=CARTESIAN_POINT('',(163.537014760637,-54.7087341675684,-3.73192086206309));
#8773=CARTESIAN_POINT('Origin',(163.135337704634,-54.9899914701077,-2.00000000000014));
#8774=CARTESIAN_POINT('',(163.537014760637,-54.7087341675684,-3.73192086206309));
#8775=CARTESIAN_POINT('Origin',(160.268305549623,-56.9975089973364,-2.00000000000014));
#8776=CARTESIAN_POINT('',(156.999596338608,-59.2862838271044,-3.73192086206309));
#8777=CARTESIAN_POINT('Origin',(160.268305549623,-56.9975089973364,-2.00000000000014));
#8778=CARTESIAN_POINT('',(156.999596338608,-59.2862838271044,-3.73192086206309));
#8779=CARTESIAN_POINT('Origin',(160.268305549623,-56.9975089973364,-2.00000000000014));
#8780=CARTESIAN_POINT('',(156.999596338608,-59.2862838271043,-0.268079137937178));
#8781=CARTESIAN_POINT('',(156.999596338608,-59.2862838271043,-0.268079137937178));
#8782=CARTESIAN_POINT('Origin',(160.268305549623,-56.9975089973364,-2.00000000000014));
#8783=CARTESIAN_POINT('Origin',(157.401273394611,-59.005026524565,-2.00000000000014));
#8784=CARTESIAN_POINT('Origin',(157.401273394611,-59.005026524565,-2.00000000000014));
#8785=CARTESIAN_POINT('Origin',(157.401273394611,-59.005026524565,-2.00000000000014));
#8786=CARTESIAN_POINT('',(158.720055160129,-61.7433536637414,-0.268079137937178));
#8787=CARTESIAN_POINT('Origin',(159.121732216132,-61.4620963612021,-2.00000000000014));
#8788=CARTESIAN_POINT('',(156.999596338608,-59.2862838271043,-0.268079137937178));
#8789=CARTESIAN_POINT('Origin',(160.268305549623,-56.9975089973364,-2.00000000000014));
#8790=CARTESIAN_POINT('Origin',(161.988764371144,-59.4545788339735,-2.00000000000014));
#8791=CARTESIAN_POINT('Origin',(160.268305549623,-56.9975089973364,-2.00000000000014));
#8792=CARTESIAN_POINT('Origin',(159.853917032798,-57.2876669605647,-2.00000000000003));
#8793=CARTESIAN_POINT('Origin',(151.25,-45.,-2.00000000000003));
#8794=CARTESIAN_POINT('',(155.430735522151,-64.0465600698347,-2.00000000000003));
#8795=CARTESIAN_POINT('Origin',(161.574375854319,-59.7447367972018,-2.00000000000003));
#8796=CARTESIAN_POINT('',(149.995978957167,-56.2849233144232,-2.00000000000003));
#8797=CARTESIAN_POINT('',(145.106359667833,-49.3018232726328,-2.00000000000003));
#8798=CARTESIAN_POINT('',(161.86136396317,-47.0787473256577,-2.00000000000003));
#8799=CARTESIAN_POINT('Ctrl Pts',(161.86136396317,-47.0787473256577,-2.00000000000003));
#8800=CARTESIAN_POINT('Ctrl Pts',(161.86136396317,-47.0787473256577,-1.05767714584408));
#8801=CARTESIAN_POINT('Ctrl Pts',(161.699525397773,-47.1761408144767,-0.052760338432911));
#8802=CARTESIAN_POINT('Ctrl Pts',(161.047419267945,-47.5803078534737,1.79555514320626));
#8803=CARTESIAN_POINT('Ctrl Pts',(160.557828525152,-47.8880210552163,2.63898695453445));
#8804=CARTESIAN_POINT('Ctrl Pts',(159.442438014437,-48.6178981633965,3.97047857281388));
#8805=CARTESIAN_POINT('Ctrl Pts',(158.742480343432,-49.0888024657041,4.54740327049699));
#8806=CARTESIAN_POINT('Ctrl Pts',(157.234710517782,-50.1565845382551,5.31216409703577));
#8807=CARTESIAN_POINT('Ctrl Pts',(156.427559134862,-50.7543952120523,5.49999999999997));
#8808=CARTESIAN_POINT('Ctrl Pts',(154.93588931884,-51.9110036587474,5.49999999999997));
#8809=CARTESIAN_POINT('Ctrl Pts',(154.152801086275,-52.5464542198835,5.31071024405227));
#8810=CARTESIAN_POINT('Ctrl Pts',(152.736597504555,-53.7467901282725,4.54350874015684));
#8811=CARTESIAN_POINT('Ctrl Pts',(152.102726057498,-54.3108323086848,3.96567393060343));
#8812=CARTESIAN_POINT('Ctrl Pts',(151.113263385734,-55.2143997352404,2.63481762423948));
#8813=CARTESIAN_POINT('Ctrl Pts',(150.690566187293,-55.6148811948804,1.79324582483524));
#8814=CARTESIAN_POINT('Ctrl Pts',(150.132238065737,-56.1506664743376,-0.0527302423112201));
#8815=CARTESIAN_POINT('Ctrl Pts',(149.995978957167,-56.2849233144232,-1.05724818801468));
#8816=CARTESIAN_POINT('Ctrl Pts',(149.995978957167,-56.2849233144232,-2.00000000000003));
#8817=CARTESIAN_POINT('Ctrl Pts',(149.995978957167,-56.2849233144232,-2.00000000000003));
#8818=CARTESIAN_POINT('Ctrl Pts',(149.995978957167,-56.2849233144232,-2.94275181198537));
#8819=CARTESIAN_POINT('Ctrl Pts',(150.132238065737,-56.1506664743376,-3.94726975768884));
#8820=CARTESIAN_POINT('Ctrl Pts',(150.690566187293,-55.6148811948804,-5.7932458248353));
#8821=CARTESIAN_POINT('Ctrl Pts',(151.113263385734,-55.2143997352404,-6.63481762423953));
#8822=CARTESIAN_POINT('Ctrl Pts',(152.102726057498,-54.3108323086848,-7.96567393060348));
#8823=CARTESIAN_POINT('Ctrl Pts',(152.736597504555,-53.7467901282725,-8.5435087401569));
#8824=CARTESIAN_POINT('Ctrl Pts',(154.152801086275,-52.5464542198835,-9.31071024405233));
#8825=CARTESIAN_POINT('Ctrl Pts',(154.93588931884,-51.9110036587474,-9.50000000000003));
#8826=CARTESIAN_POINT('Ctrl Pts',(156.427559134862,-50.7543952120523,-9.50000000000003));
#8827=CARTESIAN_POINT('Ctrl Pts',(157.234710517782,-50.1565845382551,-9.31216409703583));
#8828=CARTESIAN_POINT('Ctrl Pts',(158.742480343432,-49.0888024657041,-8.54740327049705));
#8829=CARTESIAN_POINT('Ctrl Pts',(159.442438014437,-48.6178981633965,-7.97047857281394));
#8830=CARTESIAN_POINT('Ctrl Pts',(160.557828525152,-47.8880210552163,-6.63898695453451));
#8831=CARTESIAN_POINT('Ctrl Pts',(161.047419267945,-47.5803078534737,-5.79555514320632));
#8832=CARTESIAN_POINT('Ctrl Pts',(161.699525397773,-47.1761408144767,-3.94723966156715));
#8833=CARTESIAN_POINT('Ctrl Pts',(161.86136396317,-47.0787473256577,-2.94232285415598));
#8834=CARTESIAN_POINT('Ctrl Pts',(161.86136396317,-47.0787473256577,-2.00000000000003));
#8835=CARTESIAN_POINT('Origin',(161.574375854319,-59.7447367972018,-2.00000000000003));
#8836=CARTESIAN_POINT('Origin',(161.574375854319,-59.7447367972019,-2.00000000000003));
#8837=CARTESIAN_POINT('Origin',(230.925624145681,-59.7447367972018,-1.99999999999999));
#8838=CARTESIAN_POINT('Origin',(161.574375854319,-59.7447367972019,-2.00000000000003));
#8839=CARTESIAN_POINT('Origin',(196.250000068918,-103.650001959503,-24.9999997317791));
#8840=CARTESIAN_POINT('',(130.046638039026,-103.650001959503,-24.9999997317791));
#8841=CARTESIAN_POINT('Origin',(196.250000068918,-103.650001959503,-24.9999997317791));
#8842=CARTESIAN_POINT('',(142.250000068918,-103.650001959503,-24.9999997317791));
#8843=CARTESIAN_POINT('Origin',(196.250000068918,-103.650001959503,-24.9999997317791));
#8844=CARTESIAN_POINT('Origin',(196.250000068918,-103.650001959503,20.0000002682209));
#8845=CARTESIAN_POINT('',(130.046638039026,-103.650001959503,20.0000002682209));
#8846=CARTESIAN_POINT('Origin',(196.250000068918,-103.650001959503,20.0000002682209));
#8847=CARTESIAN_POINT('',(142.250000068918,-103.650001959503,20.0000002682209));
#8848=CARTESIAN_POINT('Origin',(196.250000068918,-103.650001959503,20.0000002682209));
#8849=CARTESIAN_POINT('Origin',(196.250000068918,-103.650001959503,20.0000002682209));
#8850=CARTESIAN_POINT('',(130.046638039026,-103.650001959503,20.0000002682209));
#8851=CARTESIAN_POINT('',(259.586816655073,-84.3800043260679,-4.46499966585542));
#8852=CARTESIAN_POINT('',(262.192613543396,-97.7800043260679,-4.46499966585544));
#8853=CARTESIAN_POINT('Origin',(196.250000068918,-103.650001959503,-4.46499966585543));
#8854=CARTESIAN_POINT('',(262.218631026551,-98.0800043260679,-4.1655910350138));
#8855=CARTESIAN_POINT('Ctrl Pts',(262.192613543396,-97.7800043260679,-4.46499966585544));
#8856=CARTESIAN_POINT('Ctrl Pts',(262.195966859847,-97.8176749461313,-4.46499966585544));
#8857=CARTESIAN_POINT('Ctrl Pts',(262.199509054054,-97.8578704812923,-4.45747147168582));
#8858=CARTESIAN_POINT('Ctrl Pts',(262.205963973385,-97.9318424764114,-4.42681653211169));
#8859=CARTESIAN_POINT('Ctrl Pts',(262.208878501409,-97.9656183765067,-4.40368881539677));
#8860=CARTESIAN_POINT('Ctrl Pts',(262.21344468331,-98.0188538196811,-4.35037504563538));
#8861=CARTESIAN_POINT('Ctrl Pts',(262.215404682703,-98.0419030304494,-4.31667865018457));
#8862=CARTESIAN_POINT('Ctrl Pts',(262.217990175258,-98.0723986811013,-4.24301449515485));
#8863=CARTESIAN_POINT('Ctrl Pts',(262.218624737676,-98.0799298433706,-4.20308022475418));
#8864=CARTESIAN_POINT('Ctrl Pts',(262.218630977338,-98.0800037432071,-4.16559103385666));
#8865=CARTESIAN_POINT('',(262.218631026551,-98.0800043260679,2.23500033414457));
#8866=CARTESIAN_POINT('',(262.218631026551,-98.0800043260679,20.0000002682209));
#8867=CARTESIAN_POINT('',(262.192613543396,-97.7800043260679,2.53500033414457));
#8868=CARTESIAN_POINT('Ctrl Pts',(262.218631026551,-98.0800043260679,2.23500033414459));
#8869=CARTESIAN_POINT('Ctrl Pts',(262.218631026551,-98.0800043260679,2.27266069214459));
#8870=CARTESIAN_POINT('Ctrl Pts',(262.21799695718,-98.0724786732561,2.31282193738182));
#8871=CARTESIAN_POINT('Ctrl Pts',(262.215404682703,-98.0419030304494,2.3866793184737));
#8872=CARTESIAN_POINT('Ctrl Pts',(262.21344468331,-98.0188538196811,2.42037571392452));
#8873=CARTESIAN_POINT('Ctrl Pts',(262.208878501409,-97.9656183765067,2.47368948368591));
#8874=CARTESIAN_POINT('Ctrl Pts',(262.205963973385,-97.9318424764114,2.49681720040082));
#8875=CARTESIAN_POINT('Ctrl Pts',(262.199509054054,-97.8578704812923,2.52747213997495));
#8876=CARTESIAN_POINT('Ctrl Pts',(262.195966859847,-97.8176749461313,2.53500033414457));
#8877=CARTESIAN_POINT('Ctrl Pts',(262.192613543396,-97.7800043260679,2.53500033414457));
#8878=CARTESIAN_POINT('',(259.586816655073,-84.3800043260679,2.53500033414456));
#8879=CARTESIAN_POINT('Origin',(196.250000068918,-103.650001959503,2.53500033414456));
#8880=CARTESIAN_POINT('',(259.494765359717,-84.0800043260679,2.23500033414457));
#8881=CARTESIAN_POINT('Ctrl Pts',(259.586816655073,-84.3800043260678,2.53500033414456));
#8882=CARTESIAN_POINT('Ctrl Pts',(259.57532214177,-84.3422240473841,2.53500033414456));
#8883=CARTESIAN_POINT('Ctrl Pts',(259.562990436751,-84.3018259260497,2.52743947097583));
#8884=CARTESIAN_POINT('Ctrl Pts',(259.540150128371,-84.2272428714991,2.49633622705313));
#8885=CARTESIAN_POINT('Ctrl Pts',(259.529644262584,-84.193060368817,2.4727860083709));
#8886=CARTESIAN_POINT('Ctrl Pts',(259.513384069571,-84.1402578620698,2.41904252284732));
#8887=CARTESIAN_POINT('Ctrl Pts',(259.506401300176,-84.1176417334308,2.38577611481482));
#8888=CARTESIAN_POINT('Ctrl Pts',(259.497089121125,-84.0875092974409,2.31255111812496));
#8889=CARTESIAN_POINT('Ctrl Pts',(259.494765359717,-84.0800043260679,2.27258714700519));
#8890=CARTESIAN_POINT('Ctrl Pts',(259.494765359717,-84.0800043260679,2.23500033414459));
#8891=CARTESIAN_POINT('',(259.494765359717,-84.0800043260679,-4.1655910350138));
#8892=CARTESIAN_POINT('',(259.494765359717,-84.0800043260679,20.0000002682209));
#8893=CARTESIAN_POINT('Ctrl Pts',(259.494765540073,-84.0800049089284,-4.16559103375484));
#8894=CARTESIAN_POINT('Ctrl Pts',(259.494788361476,-84.0800786613295,-4.20300543745852));
#8895=CARTESIAN_POINT('Ctrl Pts',(259.497113531749,-84.0875882855661,-4.24274239930875));
#8896=CARTESIAN_POINT('Ctrl Pts',(259.506401300176,-84.1176417334308,-4.31577544652568));
#8897=CARTESIAN_POINT('Ctrl Pts',(259.513384069571,-84.1402578620698,-4.34904185455818));
#8898=CARTESIAN_POINT('Ctrl Pts',(259.529644262584,-84.193060368817,-4.40278534008176));
#8899=CARTESIAN_POINT('Ctrl Pts',(259.540150128371,-84.227242871499,-4.42633555876399));
#8900=CARTESIAN_POINT('Ctrl Pts',(259.562990436751,-84.3018259260496,-4.45743880268667));
#8901=CARTESIAN_POINT('Ctrl Pts',(259.57532214177,-84.3422240473841,-4.46499966585542));
#8902=CARTESIAN_POINT('Ctrl Pts',(259.586816655073,-84.3800043260678,-4.46499966585542));
#8903=CARTESIAN_POINT('',(173.080147637147,-165.666476241349,8.55));
#8904=CARTESIAN_POINT('',(163.972405040569,-161.45174936602,8.55));
#8905=CARTESIAN_POINT('Ctrl Pts',(173.080147637147,-165.666476241349,8.55));
#8906=CARTESIAN_POINT('Ctrl Pts',(173.080147637147,-165.666476241349,7.92214413025802));
#8907=CARTESIAN_POINT('Ctrl Pts',(172.962463072972,-165.622906364837,7.25244542343279));
#8908=CARTESIAN_POINT('Ctrl Pts',(172.485418665329,-165.441546126284,6.02053322085306));
#8909=CARTESIAN_POINT('Ctrl Pts',(172.126232416372,-165.303275774872,5.45832321871648));
#8910=CARTESIAN_POINT('Ctrl Pts',(171.300731805322,-164.973871234465,4.56994339793623));
#8911=CARTESIAN_POINT('Ctrl Pts',(170.779293755245,-164.760631346238,4.18498096305097));
#8912=CARTESIAN_POINT('Ctrl Pts',(169.644637632308,-164.275249124256,3.67502383804931));
#8913=CARTESIAN_POINT('Ctrl Pts',(169.031632183417,-164.002640508439,3.55000000000001));
#8914=CARTESIAN_POINT('Ctrl Pts',(167.887292345263,-163.473420179682,3.55));
#8915=CARTESIAN_POINT('Ctrl Pts',(167.279732609792,-163.181454184127,3.67616494101847));
#8916=CARTESIAN_POINT('Ctrl Pts',(166.168934663252,-162.627961441861,4.18808745341892));
#8917=CARTESIAN_POINT('Ctrl Pts',(165.665459145135,-162.366882690476,4.57381435119672));
#8918=CARTESIAN_POINT('Ctrl Pts',(164.875303715318,-161.948477057564,5.46177265564217));
#8919=CARTESIAN_POINT('Ctrl Pts',(164.534747488972,-161.762774118744,6.0225229250209));
#8920=CARTESIAN_POINT('Ctrl Pts',(164.08336569917,-161.514146020646,7.25254829161484));
#8921=CARTESIAN_POINT('Ctrl Pts',(163.972405040569,-161.45174936602,7.92188057985246));
#8922=CARTESIAN_POINT('Ctrl Pts',(163.972405040569,-161.45174936602,8.55000000000001));
#8923=CARTESIAN_POINT('Ctrl Pts',(163.972405040569,-161.45174936602,8.55));
#8924=CARTESIAN_POINT('Ctrl Pts',(163.972405040569,-161.45174936602,9.17811942014755));
#8925=CARTESIAN_POINT('Ctrl Pts',(164.08336569917,-161.514146020646,9.84745170838517));
#8926=CARTESIAN_POINT('Ctrl Pts',(164.534747488972,-161.762774118744,11.0774770749791));
#8927=CARTESIAN_POINT('Ctrl Pts',(164.875303715318,-161.948477057564,11.6382273443578));
#8928=CARTESIAN_POINT('Ctrl Pts',(165.665459145135,-162.366882690476,12.5261856488033));
#8929=CARTESIAN_POINT('Ctrl Pts',(166.168934663252,-162.627961441861,12.9119125465811));
#8930=CARTESIAN_POINT('Ctrl Pts',(167.279732609792,-163.181454184127,13.4238350589815));
#8931=CARTESIAN_POINT('Ctrl Pts',(167.887292345263,-163.473420179682,13.55));
#8932=CARTESIAN_POINT('Ctrl Pts',(169.031685418425,-164.002665127916,13.55));
#8933=CARTESIAN_POINT('Ctrl Pts',(169.64474482315,-164.275296619978,13.4249530113825));
#8934=CARTESIAN_POINT('Ctrl Pts',(170.779484364531,-164.760711242769,12.9149083383719));
#8935=CARTESIAN_POINT('Ctrl Pts',(171.300951810334,-164.973960816536,12.5298815103816));
#8936=CARTESIAN_POINT('Ctrl Pts',(172.126395793062,-165.303339177958,11.6414393581803));
#8937=CARTESIAN_POINT('Ctrl Pts',(172.485522209073,-165.441585767454,11.0792601995625));
#8938=CARTESIAN_POINT('Ctrl Pts',(172.962484899259,-165.622914386113,9.84743738651098));
#8939=CARTESIAN_POINT('Ctrl Pts',(173.080147637147,-165.666476241349,9.17779722361398));
#8940=CARTESIAN_POINT('Ctrl Pts',(173.080147637147,-165.666476241349,8.55));
#8941=CARTESIAN_POINT('',(173.080147637147,-165.666476241349,-11.45));
#8942=CARTESIAN_POINT('',(163.972405040569,-161.45174936602,-11.45));
#8943=CARTESIAN_POINT('Ctrl Pts',(173.080147637147,-165.666476241349,-11.45));
#8944=CARTESIAN_POINT('Ctrl Pts',(173.080147637147,-165.666476241349,-12.077855869742));
#8945=CARTESIAN_POINT('Ctrl Pts',(172.962463072972,-165.622906364837,-12.7475545765672));
#8946=CARTESIAN_POINT('Ctrl Pts',(172.485418665329,-165.441546126284,-13.9794667791469));
#8947=CARTESIAN_POINT('Ctrl Pts',(172.126232416372,-165.303275774872,-14.5416767812835));
#8948=CARTESIAN_POINT('Ctrl Pts',(171.300731805322,-164.973871234465,-15.4300566020638));
#8949=CARTESIAN_POINT('Ctrl Pts',(170.779293755245,-164.760631346238,-15.815019036949));
#8950=CARTESIAN_POINT('Ctrl Pts',(169.644637632308,-164.275249124256,-16.3249761619507));
#8951=CARTESIAN_POINT('Ctrl Pts',(169.031632183417,-164.002640508439,-16.45));
#8952=CARTESIAN_POINT('Ctrl Pts',(167.888303998777,-163.473888036859,-16.45));
#8953=CARTESIAN_POINT('Ctrl Pts',(167.281738806039,-163.182421549839,-16.3242757075477));
#8954=CARTESIAN_POINT('Ctrl Pts',(166.172441878654,-162.629741160366,-15.8140104100965));
#8955=CARTESIAN_POINT('Ctrl Pts',(165.669474327511,-162.368972393379,-15.4295000490455));
#8956=CARTESIAN_POINT('Ctrl Pts',(164.87825266686,-161.950074548385,-14.5427233921425));
#8957=CARTESIAN_POINT('Ctrl Pts',(164.536611912421,-161.763795319813,-13.981391717476));
#8958=CARTESIAN_POINT('Ctrl Pts',(164.08375621352,-161.514366845772,-12.7496760248147));
#8959=CARTESIAN_POINT('Ctrl Pts',(163.972405040569,-161.45174936602,-12.079234469595));
#8960=CARTESIAN_POINT('Ctrl Pts',(163.972405040569,-161.45174936602,-11.45));
#8961=CARTESIAN_POINT('Ctrl Pts',(163.972405040569,-161.45174936602,-11.45));
#8962=CARTESIAN_POINT('Ctrl Pts',(163.972405040569,-161.45174936602,-10.8218805798525));
#8963=CARTESIAN_POINT('Ctrl Pts',(164.08336569917,-161.514146020646,-10.1525482916149));
#8964=CARTESIAN_POINT('Ctrl Pts',(164.534747488972,-161.762774118744,-8.92252292502092));
#8965=CARTESIAN_POINT('Ctrl Pts',(164.875303715318,-161.948477057564,-8.36177265564216));
#8966=CARTESIAN_POINT('Ctrl Pts',(165.665459145135,-162.366882690476,-7.47381435119672));
#8967=CARTESIAN_POINT('Ctrl Pts',(166.168934663252,-162.627961441861,-7.08808745341897));
#8968=CARTESIAN_POINT('Ctrl Pts',(167.279732609792,-163.181454184127,-6.57616494101849));
#8969=CARTESIAN_POINT('Ctrl Pts',(167.887292345263,-163.473420179682,-6.44999999999999));
#8970=CARTESIAN_POINT('Ctrl Pts',(169.031685418425,-164.002665127916,-6.45));
#8971=CARTESIAN_POINT('Ctrl Pts',(169.64474482315,-164.275296619978,-6.57504698861748));
#8972=CARTESIAN_POINT('Ctrl Pts',(170.779484364531,-164.760711242769,-7.08509166162805));
#8973=CARTESIAN_POINT('Ctrl Pts',(171.300951810334,-164.973960816536,-7.47011848961844));
#8974=CARTESIAN_POINT('Ctrl Pts',(172.126395793062,-165.303339177958,-8.35856064181969));
#8975=CARTESIAN_POINT('Ctrl Pts',(172.485522209073,-165.441585767454,-8.92073980043746));
#8976=CARTESIAN_POINT('Ctrl Pts',(172.962484899259,-165.622914386113,-10.152562613489));
#8977=CARTESIAN_POINT('Ctrl Pts',(173.080147637147,-165.666476241349,-10.822202776386));
#8978=CARTESIAN_POINT('Ctrl Pts',(173.080147637147,-165.666476241349,-11.45));
#8979=CARTESIAN_POINT('',(226.98170111728,-162.288280368192,-11.45));
#8980=CARTESIAN_POINT('',(217.783173298393,-166.253576895207,-11.45));
#8981=CARTESIAN_POINT('Ctrl Pts',(226.98170111728,-162.288280368192,-11.45));
#8982=CARTESIAN_POINT('Ctrl Pts',(226.98170111728,-162.288280368192,-12.0787631392309));
#8983=CARTESIAN_POINT('Ctrl Pts',(226.869354062098,-162.34758769929,-12.7489278197982));
#8984=CARTESIAN_POINT('Ctrl Pts',(226.41196011435,-162.583927474069,-13.9806816883826));
#8985=CARTESIAN_POINT('Ctrl Pts',(226.066766395654,-162.760445114911,-14.5423150726244));
#8986=CARTESIAN_POINT('Ctrl Pts',(225.267156620476,-163.1570536999,-15.429350602949));
#8987=CARTESIAN_POINT('Ctrl Pts',(224.759024248776,-163.4036858011,-15.8139453381748));
#8988=CARTESIAN_POINT('Ctrl Pts',(223.638384161902,-163.925565906195,-16.3242838074499));
#8989=CARTESIAN_POINT('Ctrl Pts',(223.02565298578,-164.200360879233,-16.45));
#8990=CARTESIAN_POINT('Ctrl Pts',(221.870519278212,-164.69808762188,-16.45));
#8991=CARTESIAN_POINT('Ctrl Pts',(221.251266964335,-164.954175034185,-16.3247630100844));
#8992=CARTESIAN_POINT('Ctrl Pts',(220.105628314379,-165.409001172214,-15.8146343278287));
#8993=CARTESIAN_POINT('Ctrl Pts',(219.579435559838,-165.608212854923,-15.4297297054966));
#8994=CARTESIAN_POINT('Ctrl Pts',(218.746183759491,-165.915593948007,-14.5415986119422));
#8995=CARTESIAN_POINT('Ctrl Pts',(218.383561346784,-166.044358366176,-13.9793653374776));
#8996=CARTESIAN_POINT('Ctrl Pts',(217.901968550674,-166.213110155441,-12.7474785396068));
#8997=CARTESIAN_POINT('Ctrl Pts',(217.783173298393,-166.253576895207,-12.0778222704547));
#8998=CARTESIAN_POINT('Ctrl Pts',(217.783173298393,-166.253576895207,-11.45));
#8999=CARTESIAN_POINT('Ctrl Pts',(217.783173298393,-166.253576895207,-11.45));
#9000=CARTESIAN_POINT('Ctrl Pts',(217.783173298393,-166.253576895207,-10.8220933404139));
#9001=CARTESIAN_POINT('Ctrl Pts',(217.902000257262,-166.213099439467,-10.1523528342535));
#9002=CARTESIAN_POINT('Ctrl Pts',(218.383711788459,-166.044305256616,-8.92033739694208));
#9003=CARTESIAN_POINT('Ctrl Pts',(218.746421144451,-165.91550892656,-8.35805971878022));
#9004=CARTESIAN_POINT('Ctrl Pts',(219.579755324755,-165.608092344598,-7.47001821854202));
#9005=CARTESIAN_POINT('Ctrl Pts',(220.105905429863,-165.408893488304,-7.08520624293791));
#9006=CARTESIAN_POINT('Ctrl Pts',(221.251422907028,-164.954110790247,-6.57520360111851));
#9007=CARTESIAN_POINT('Ctrl Pts',(221.870596786903,-164.698054224752,-6.44999999999999));
#9008=CARTESIAN_POINT('Ctrl Pts',(223.026238142032,-164.200108745724,-6.45));
#9009=CARTESIAN_POINT('Ctrl Pts',(223.639544986314,-163.92504342433,-6.57596853857371));
#9010=CARTESIAN_POINT('Ctrl Pts',(224.761053824899,-163.402722467485,-7.08725600828809));
#9011=CARTESIAN_POINT('Ctrl Pts',(225.269480089781,-163.155921527924,-7.47254738409794));
#9012=CARTESIAN_POINT('Ctrl Pts',(226.068471849068,-162.75957887602,-8.36025819020928));
#9013=CARTESIAN_POINT('Ctrl Pts',(226.413038009662,-162.583373715412,-8.9215581985615));
#9014=CARTESIAN_POINT('Ctrl Pts',(226.869579550064,-162.347467978336,-10.1523441755321));
#9015=CARTESIAN_POINT('Ctrl Pts',(226.98170111728,-162.288280368192,-10.8218741806156));
#9016=CARTESIAN_POINT('Ctrl Pts',(226.98170111728,-162.288280368192,-11.45));
#9017=CARTESIAN_POINT('',(226.98170111728,-162.288280368192,8.55000000000001));
#9018=CARTESIAN_POINT('',(217.783173298393,-166.253576895207,8.55000000000001));
#9019=CARTESIAN_POINT('Ctrl Pts',(226.98170111728,-162.288280368192,8.55));
#9020=CARTESIAN_POINT('Ctrl Pts',(226.98170111728,-162.288280368192,7.92123686076907));
#9021=CARTESIAN_POINT('Ctrl Pts',(226.869354062098,-162.34758769929,7.2510721802018));
#9022=CARTESIAN_POINT('Ctrl Pts',(226.41196011435,-162.583927474069,6.0193183116174));
#9023=CARTESIAN_POINT('Ctrl Pts',(226.066766395654,-162.760445114911,5.45768492737563));
#9024=CARTESIAN_POINT('Ctrl Pts',(225.267156620476,-163.1570536999,4.57064939705099));
#9025=CARTESIAN_POINT('Ctrl Pts',(224.759024248776,-163.4036858011,4.18605466182525));
#9026=CARTESIAN_POINT('Ctrl Pts',(223.638384161902,-163.925565906195,3.67571619255008));
#9027=CARTESIAN_POINT('Ctrl Pts',(223.02565298578,-164.200360879233,3.55000000000001));
#9028=CARTESIAN_POINT('Ctrl Pts',(221.870596786903,-164.698054224752,3.55));
#9029=CARTESIAN_POINT('Ctrl Pts',(221.251422907028,-164.954110790247,3.67520360111851));
#9030=CARTESIAN_POINT('Ctrl Pts',(220.105905429863,-165.408893488304,4.18520624293792));
#9031=CARTESIAN_POINT('Ctrl Pts',(219.579755324755,-165.608092344598,4.57001821854203));
#9032=CARTESIAN_POINT('Ctrl Pts',(218.746421144451,-165.91550892656,5.45805971878022));
#9033=CARTESIAN_POINT('Ctrl Pts',(218.383711788459,-166.044305256616,6.02033739694209));
#9034=CARTESIAN_POINT('Ctrl Pts',(217.902000257262,-166.213099439467,7.2523528342535));
#9035=CARTESIAN_POINT('Ctrl Pts',(217.783173298393,-166.253576895207,7.92209334041395));
#9036=CARTESIAN_POINT('Ctrl Pts',(217.783173298393,-166.253576895207,8.55000000000001));
#9037=CARTESIAN_POINT('Ctrl Pts',(217.783173298393,-166.253576895207,8.55));
#9038=CARTESIAN_POINT('Ctrl Pts',(217.783173298393,-166.253576895207,9.17790665958606));
#9039=CARTESIAN_POINT('Ctrl Pts',(217.902000257262,-166.213099439467,9.8476471657465));
#9040=CARTESIAN_POINT('Ctrl Pts',(218.383711788459,-166.044305256616,11.0796626030579));
#9041=CARTESIAN_POINT('Ctrl Pts',(218.746421144451,-165.91550892656,11.6419402812198));
#9042=CARTESIAN_POINT('Ctrl Pts',(219.579755324755,-165.608092344598,12.529981781458));
#9043=CARTESIAN_POINT('Ctrl Pts',(220.105905429863,-165.408893488304,12.9147937570621));
#9044=CARTESIAN_POINT('Ctrl Pts',(221.251422907028,-164.954110790247,13.4247963988815));
#9045=CARTESIAN_POINT('Ctrl Pts',(221.870596786903,-164.698054224752,13.55));
#9046=CARTESIAN_POINT('Ctrl Pts',(223.026238142032,-164.200108745724,13.55));
#9047=CARTESIAN_POINT('Ctrl Pts',(223.639544986314,-163.92504342433,13.4240314614263));
#9048=CARTESIAN_POINT('Ctrl Pts',(224.761053824899,-163.402722467485,12.9127439917119));
#9049=CARTESIAN_POINT('Ctrl Pts',(225.269480089781,-163.155921527924,12.5274526159021));
#9050=CARTESIAN_POINT('Ctrl Pts',(226.068471849068,-162.75957887602,11.6397418097907));
#9051=CARTESIAN_POINT('Ctrl Pts',(226.413038009662,-162.583373715412,11.0784418014385));
#9052=CARTESIAN_POINT('Ctrl Pts',(226.869579550064,-162.347467978336,9.84765582446786));
#9053=CARTESIAN_POINT('Ctrl Pts',(226.98170111728,-162.288280368192,9.17812581938442));
#9054=CARTESIAN_POINT('Ctrl Pts',(226.98170111728,-162.288280368192,8.55000000000001));
#9055=CARTESIAN_POINT('Origin',(196.250000068918,-103.650001959503,20.0000002682209));
#9056=CARTESIAN_POINT('',(142.250000068918,-103.650001959503,-19.));
#9057=CARTESIAN_POINT('',(142.250000068918,-103.650001959503,20.0000002682209));
#9058=CARTESIAN_POINT('',(151.099996622652,-133.272243391878,-19.));
#9059=CARTESIAN_POINT('Origin',(196.250000068918,-103.650001959503,-19.));
#9060=CARTESIAN_POINT('',(151.099996622652,-133.272243391878,12.));
#9061=CARTESIAN_POINT('',(151.099996622652,-133.27224341423,20.0000002682209));
#9062=CARTESIAN_POINT('',(151.183698931383,-133.399430533026,12.));
#9063=CARTESIAN_POINT('Origin',(196.250000068918,-103.650001959503,12.0000002682209));
#9064=CARTESIAN_POINT('',(151.183698931383,-133.399430533026,-19.));
#9065=CARTESIAN_POINT('',(151.183698916628,-133.399430533026,20.0000002682209));
#9066=CARTESIAN_POINT('',(241.316301206453,-133.399430533026,-19.));
#9067=CARTESIAN_POINT('Origin',(196.250000068918,-103.650001959503,-19.));
#9068=CARTESIAN_POINT('',(241.316301206453,-133.399430533026,12.));
#9069=CARTESIAN_POINT('',(241.316301221207,-133.399430533026,20.0000002682209));
#9070=CARTESIAN_POINT('',(241.400003515184,-133.272243391878,12.));
#9071=CARTESIAN_POINT('Origin',(196.250000068918,-103.650001959503,12.0000002682209));
#9072=CARTESIAN_POINT('',(241.400003515184,-133.272243391878,-19.));
#9073=CARTESIAN_POINT('',(241.400003515216,-133.272243414182,20.0000002682209));
#9074=CARTESIAN_POINT('',(241.315921633419,-73.8999983482063,-19.));
#9075=CARTESIAN_POINT('Origin',(196.250000068918,-103.650001959503,-19.));
#9076=CARTESIAN_POINT('',(151.184078504417,-73.8999983482063,-19.));
#9077=CARTESIAN_POINT('Origin',(196.250000068918,-103.650001959503,-19.));
#9078=CARTESIAN_POINT('',(151.184078504417,-73.8999983482063,12.));
#9079=CARTESIAN_POINT('',(151.184078519172,-73.8999983482063,20.0000002682209));
#9080=CARTESIAN_POINT('',(151.099996622652,-74.0277604824237,12.));
#9081=CARTESIAN_POINT('Origin',(196.250000068918,-103.650001959503,12.0000002682209));
#9082=CARTESIAN_POINT('',(151.099996622652,-74.0277604824237,-19.));
#9083=CARTESIAN_POINT('',(151.099996622652,-74.0277605047755,20.0000002682209));
#9084=CARTESIAN_POINT('Origin',(196.250000068918,-103.650001959503,-19.));
#9085=CARTESIAN_POINT('Origin',(196.250000068918,-103.650001959503,20.0000002682209));
#9086=CARTESIAN_POINT('',(142.250000102445,-103.649999482185,16.0000002682209));
#9087=CARTESIAN_POINT('Origin',(196.250000068918,-103.650001959503,16.0000002682209));
#9088=CARTESIAN_POINT('',(142.250000068918,-103.650001959503,20.0000002682209));
#9089=CARTESIAN_POINT('Origin',(196.250000102445,-103.649999482185,16.0000002682209));
#9090=CARTESIAN_POINT('',(238.000003546476,-105.500001572073,16.0000002682209));
#9091=CARTESIAN_POINT('',(238.000003546476,-130.000001937151,16.0000002682209));
#9092=CARTESIAN_POINT('',(238.000003546476,-104.575000527129,16.0000002682209));
#9093=CARTESIAN_POINT('',(154.500002302229,-130.000001937151,16.0000002682209));
#9094=CARTESIAN_POINT('',(217.125001824461,-130.000001937151,16.0000002682209));
#9095=CARTESIAN_POINT('',(154.500002302229,-105.500001572073,16.0000002682209));
#9096=CARTESIAN_POINT('',(154.500002302229,-116.825000709668,16.0000002682209));
#9097=CARTESIAN_POINT('',(175.375001202337,-105.500001572073,16.0000002682209));
#9098=CARTESIAN_POINT('',(161.678757684078,-82.4526222135768,16.0000002682209));
#9099=CARTESIAN_POINT('',(224.381097240512,-82.4526222135768,16.0000002682209));
#9100=CARTESIAN_POINT('',(161.678757684078,-82.4526222135768,16.0000002682209));
#9101=CARTESIAN_POINT('',(224.381097240512,-100.564431955194,16.0000002682209));
#9102=CARTESIAN_POINT('',(224.381097240512,-82.4526222135768,16.0000002682209));
#9103=CARTESIAN_POINT('',(161.678757684078,-100.564431955194,16.0000002682209));
#9104=CARTESIAN_POINT('',(224.381097240512,-100.564431955194,16.0000002682209));
#9105=CARTESIAN_POINT('',(161.678757684078,-100.564431955194,16.0000002682209));
#9106=CARTESIAN_POINT('Origin',(161.678757684078,-82.4526222135768,12.0000002682209));
#9107=CARTESIAN_POINT('',(161.678757684078,-82.4526222135768,12.0000002682209));
#9108=CARTESIAN_POINT('',(224.381097240512,-82.4526222135768,12.0000002682209));
#9109=CARTESIAN_POINT('',(161.678757684078,-82.4526222135768,12.0000002682209));
#9110=CARTESIAN_POINT('',(224.381097240512,-82.4526222135768,12.0000002682209));
#9111=CARTESIAN_POINT('',(161.678757684078,-82.4526222135768,12.0000002682209));
#9112=CARTESIAN_POINT('Origin',(224.381097240512,-82.4526222135768,12.0000002682209));
#9113=CARTESIAN_POINT('',(224.381097240512,-100.564431955194,12.0000002682209));
#9114=CARTESIAN_POINT('',(224.381097240512,-82.4526222135768,12.0000002682209));
#9115=CARTESIAN_POINT('',(224.381097240512,-100.564431955194,12.0000002682209));
#9116=CARTESIAN_POINT('Origin',(224.381097240512,-100.564431955194,12.0000002682209));
#9117=CARTESIAN_POINT('',(161.678757684078,-100.564431955194,12.0000002682209));
#9118=CARTESIAN_POINT('',(224.381097240512,-100.564431955194,12.0000002682209));
#9119=CARTESIAN_POINT('',(161.678757684078,-100.564431955194,12.0000002682209));
#9120=CARTESIAN_POINT('Origin',(161.678757684078,-100.564431955194,12.0000002682209));
#9121=CARTESIAN_POINT('',(161.678757684078,-100.564431955194,12.0000002682209));
#9122=CARTESIAN_POINT('Origin',(154.500002302229,-105.500001572073,16.0000002682209));
#9123=CARTESIAN_POINT('',(238.000003546476,-105.500001572073,12.0000002682209));
#9124=CARTESIAN_POINT('',(154.500002302229,-105.500001572073,12.0000002682209));
#9125=CARTESIAN_POINT('',(175.375001202337,-105.500001572073,12.0000002682209));
#9126=CARTESIAN_POINT('',(238.000003546476,-105.500001572073,16.0000002682209));
#9127=CARTESIAN_POINT('',(154.500002302229,-105.500001572073,16.0000002682209));
#9128=CARTESIAN_POINT('Origin',(238.000003546476,-105.500001572073,16.0000002682209));
#9129=CARTESIAN_POINT('',(238.000003546476,-130.000001937151,12.0000002682209));
#9130=CARTESIAN_POINT('',(238.000003546476,-104.575000527129,12.0000002682209));
#9131=CARTESIAN_POINT('',(238.000003546476,-130.000001937151,16.0000002682209));
#9132=CARTESIAN_POINT('Origin',(238.000003546476,-130.000001937151,16.0000002682209));
#9133=CARTESIAN_POINT('',(154.500002302229,-130.000001937151,12.0000002682209));
#9134=CARTESIAN_POINT('',(217.125001824461,-130.000001937151,12.0000002682209));
#9135=CARTESIAN_POINT('',(154.500002302229,-130.000001937151,16.0000002682209));
#9136=CARTESIAN_POINT('Origin',(154.500002302229,-130.000001937151,16.0000002682209));
#9137=CARTESIAN_POINT('',(154.500002302229,-116.825000709668,12.0000002682209));
#9138=CARTESIAN_POINT('Origin',(196.250000102445,-103.649999482185,12.0000002682209));
#9139=CARTESIAN_POINT('',(151.099996622652,-118.461121437031,12.0000002682209));
#9140=CARTESIAN_POINT('',(177.599996030331,-73.8999983482063,12.));
#9141=CARTESIAN_POINT('',(173.717039303431,-73.8999983482063,12.0000002682209));
#9142=CARTESIAN_POINT('',(172.599996142089,-68.899998459965,12.));
#9143=CARTESIAN_POINT('',(189.699997331854,-85.9999996497296,12.0000002682209));
#9144=CARTESIAN_POINT('',(189.099995773286,-68.899998459965,12.));
#9145=CARTESIAN_POINT('',(184.424998122267,-68.899998459965,12.0000002682209));
#9146=CARTESIAN_POINT('',(184.377773656613,-73.8999983482063,12.));
#9147=CARTESIAN_POINT('',(182.112109099817,-76.298937290696,12.0000002682209));
#9148=CARTESIAN_POINT('',(208.122217570328,-73.8999983482063,12.));
#9149=CARTESIAN_POINT('',(190.313886879529,-73.8999983482063,12.0000002682209));
#9150=CARTESIAN_POINT('',(203.399995453656,-68.899998459965,12.));
#9151=CARTESIAN_POINT('',(212.748995301796,-78.7989394756426,12.0000002682209));
#9152=CARTESIAN_POINT('',(220.099995080382,-68.899998459965,12.));
#9153=CARTESIAN_POINT('',(199.824997778051,-68.899998459965,12.0000002682209));
#9154=CARTESIAN_POINT('',(214.914810011094,-73.8999983482063,12.));
#9155=CARTESIAN_POINT('',(205.238991499582,-83.230251912879,12.0000002682209));
#9156=CARTESIAN_POINT('',(241.315921633419,-73.8999983482063,12.));
#9157=CARTESIAN_POINT('',(205.58240505677,-73.8999983482063,12.0000002682209));
#9158=CARTESIAN_POINT('',(241.336942102122,-88.7430583816673,12.0000002682209));
#9159=CARTESIAN_POINT('',(214.899428711359,-133.399430533026,12.));
#9160=CARTESIAN_POINT('',(218.783150654449,-133.399430533026,12.0000002682209));
#9161=CARTESIAN_POINT('',(219.999995082617,-138.499996904284,12.));
#9162=CARTESIAN_POINT('',(202.79971379642,-121.299715618087,12.0000002682209));
#9163=CARTESIAN_POINT('',(202.999995462596,-138.499996904284,12.));
#9164=CARTESIAN_POINT('',(208.124997592531,-138.499996904284,12.0000002682209));
#9165=CARTESIAN_POINT('',(208.100561833855,-133.399430533026,12.));
#9166=CARTESIAN_POINT('',(210.024995978083,-131.474996388797,12.0000002682209));
#9167=CARTESIAN_POINT('',(184.399429393087,-133.399430533026,12.));
#9168=CARTESIAN_POINT('',(202.17528096815,-133.399430533026,12.0000002682209));
#9169=CARTESIAN_POINT('',(189.499995764345,-138.499996904284,12.));
#9170=CARTESIAN_POINT('',(179.924714307716,-128.924715447655,12.0000002682209));
#9171=CARTESIAN_POINT('',(172.499996144325,-138.499996904284,12.));
#9172=CARTESIAN_POINT('',(192.874997933395,-138.499996904284,12.0000002682209));
#9173=CARTESIAN_POINT('',(177.600562515583,-133.399430533026,12.));
#9174=CARTESIAN_POINT('',(187.14999648938,-123.849996559229,12.0000002682209));
#9175=CARTESIAN_POINT('',(186.925281309014,-133.399430533026,12.0000002682209));
#9176=CARTESIAN_POINT('Origin',(241.316301206453,-133.399430533026,-17.));
#9177=CARTESIAN_POINT('',(214.899428711359,-133.399430533026,-19.));
#9178=CARTESIAN_POINT('',(214.899428711359,-133.399430533026,-17.));
#9179=CARTESIAN_POINT('',(150.920494264046,-133.399430533026,-19.));
#9180=CARTESIAN_POINT('Origin',(214.899428711359,-133.399430533026,-17.));
#9181=CARTESIAN_POINT('',(219.999995082617,-138.499996904284,-19.));
#9182=CARTESIAN_POINT('',(219.999995082617,-138.499996904284,-17.));
#9183=CARTESIAN_POINT('',(214.499995205551,-132.999997027218,-19.));
#9184=CARTESIAN_POINT('Origin',(219.999995082617,-138.499996904284,-17.));
#9185=CARTESIAN_POINT('',(202.999995462596,-138.499996904284,-19.));
#9186=CARTESIAN_POINT('',(202.999995462596,-138.499996904284,-17.));
#9187=CARTESIAN_POINT('',(202.999995462596,-138.499996904284,-19.));
#9188=CARTESIAN_POINT('Origin',(202.999995462596,-138.499996904284,-17.));
#9189=CARTESIAN_POINT('',(208.100561833855,-133.399430533026,-19.));
#9190=CARTESIAN_POINT('',(208.100561833855,-133.399430533026,-17.));
#9191=CARTESIAN_POINT('',(208.499995339662,-132.999997027218,-19.));
#9192=CARTESIAN_POINT('Origin',(208.100561833855,-133.399430533026,-17.));
#9193=CARTESIAN_POINT('',(184.399429393087,-133.399430533026,-19.));
#9194=CARTESIAN_POINT('',(184.399429393087,-133.399430533026,-17.));
#9195=CARTESIAN_POINT('',(150.920494264046,-133.399430533026,-19.));
#9196=CARTESIAN_POINT('Origin',(184.399429393087,-133.399430533026,-17.));
#9197=CARTESIAN_POINT('',(189.499995764345,-138.499996904284,-19.));
#9198=CARTESIAN_POINT('',(189.499995764345,-138.499996904284,-17.));
#9199=CARTESIAN_POINT('',(183.99999588728,-132.999997027218,-19.));
#9200=CARTESIAN_POINT('Origin',(189.499995764345,-138.499996904284,-17.));
#9201=CARTESIAN_POINT('',(172.499996144325,-138.499996904284,-19.));
#9202=CARTESIAN_POINT('',(172.499996144325,-138.499996904284,-17.));
#9203=CARTESIAN_POINT('',(189.499995764345,-138.499996904284,-19.));
#9204=CARTESIAN_POINT('Origin',(172.499996144325,-138.499996904284,-17.));
#9205=CARTESIAN_POINT('',(177.600562515583,-133.399430533026,-19.));
#9206=CARTESIAN_POINT('',(177.600562515583,-133.399430533026,-17.));
#9207=CARTESIAN_POINT('',(172.499996144325,-138.499996904284,-19.));
#9208=CARTESIAN_POINT('Origin',(177.600562515583,-133.399430533026,-17.));
#9209=CARTESIAN_POINT('',(150.920494264046,-133.399430533026,-19.));
#9210=CARTESIAN_POINT('Origin',(241.315921633419,-73.8999983482063,-17.));
#9211=CARTESIAN_POINT('',(241.315921618664,-73.8999983482063,20.0000002682209));
#9212=CARTESIAN_POINT('',(241.400003515184,-133.272243391878,-19.));
#9213=CARTESIAN_POINT('',(241.349740058808,-97.7800043260679,-4.46499966585544));
#9214=CARTESIAN_POINT('',(241.330763225191,-84.3800043260679,-4.46499966585542));
#9215=CARTESIAN_POINT('',(241.332830495395,-85.8397536861466,-4.46499966585542));
#9216=CARTESIAN_POINT('',(241.330338370707,-84.0800043260679,-4.1655910350138));
#9217=CARTESIAN_POINT('Origin',(241.330763225191,-84.3800043260678,-4.16499966585545));
#9218=CARTESIAN_POINT('',(241.330338370707,-84.0800043260679,2.23500033414457));
#9219=CARTESIAN_POINT('',(241.330338370707,-84.0800043260679,-10.5827955175069));
#9220=CARTESIAN_POINT('',(241.330763225191,-84.3800043260679,2.53500033414456));
#9221=CARTESIAN_POINT('Origin',(241.330763225191,-84.3800043260678,2.23500033414459));
#9222=CARTESIAN_POINT('',(241.349740058808,-97.7800043260679,2.53500033414457));
#9223=CARTESIAN_POINT('',(241.323342097616,-79.139767123441,2.53500033414456));
#9224=CARTESIAN_POINT('',(241.350164913292,-98.0800043260679,2.23500033414457));
#9225=CARTESIAN_POINT('Origin',(241.349740058808,-97.7800043260679,2.23500033414459));
#9226=CARTESIAN_POINT('',(241.350164913292,-98.0800043260679,-4.1655910350138));
#9227=CARTESIAN_POINT('',(241.350164913292,-98.0800043260679,-7.38249983292772));
#9228=CARTESIAN_POINT('Origin',(241.349740058808,-97.7800043260679,-4.16499966585546));
#9229=CARTESIAN_POINT('Origin',(151.184078504417,-73.8999983482063,-17.));
#9230=CARTESIAN_POINT('',(177.599996030331,-73.8999983482063,-19.));
#9231=CARTESIAN_POINT('',(177.599996030331,-73.8999983482063,-17.));
#9232=CARTESIAN_POINT('',(241.315921633419,-73.8999983482063,-19.));
#9233=CARTESIAN_POINT('Origin',(177.599996030331,-73.8999983482063,-17.));
#9234=CARTESIAN_POINT('',(172.599996142089,-68.899998459965,-19.));
#9235=CARTESIAN_POINT('',(172.599996142089,-68.899998459965,-17.));
#9236=CARTESIAN_POINT('',(177.99999602139,-74.2999983392656,-19.));
#9237=CARTESIAN_POINT('Origin',(172.599996142089,-68.899998459965,-17.));
#9238=CARTESIAN_POINT('',(189.099995773286,-68.899998459965,-19.));
#9239=CARTESIAN_POINT('',(189.099995773286,-68.899998459965,-17.));
#9240=CARTESIAN_POINT('',(172.599996142089,-68.899998459965,-19.));
#9241=CARTESIAN_POINT('Origin',(189.099995773286,-68.899998459965,-17.));
#9242=CARTESIAN_POINT('',(184.377773656613,-73.8999983482063,-19.));
#9243=CARTESIAN_POINT('',(184.377773656613,-73.8999983482063,-17.));
#9244=CARTESIAN_POINT('',(183.99999588728,-74.2999983392656,-19.));
#9245=CARTESIAN_POINT('Origin',(184.377773656613,-73.8999983482063,-17.));
#9246=CARTESIAN_POINT('',(208.122217570328,-73.8999983482063,-19.));
#9247=CARTESIAN_POINT('',(208.122217570328,-73.8999983482063,-17.));
#9248=CARTESIAN_POINT('',(241.315921633419,-73.8999983482063,-19.));
#9249=CARTESIAN_POINT('Origin',(208.122217570328,-73.8999983482063,-17.));
#9250=CARTESIAN_POINT('',(203.399995453656,-68.899998459965,-19.));
#9251=CARTESIAN_POINT('',(203.399995453656,-68.899998459965,-17.));
#9252=CARTESIAN_POINT('',(208.499995339662,-74.2999983392656,-19.));
#9253=CARTESIAN_POINT('Origin',(203.399995453656,-68.899998459965,-17.));
#9254=CARTESIAN_POINT('',(220.099995080382,-68.899998459965,-19.));
#9255=CARTESIAN_POINT('',(220.099995080382,-68.899998459965,-17.));
#9256=CARTESIAN_POINT('',(203.399995453656,-68.899998459965,-19.));
#9257=CARTESIAN_POINT('Origin',(220.099995080382,-68.899998459965,-17.));
#9258=CARTESIAN_POINT('',(214.914810011094,-73.8999983482063,-19.));
#9259=CARTESIAN_POINT('',(214.914810011094,-73.8999983482063,-17.));
#9260=CARTESIAN_POINT('',(214.499995205551,-74.2999983392656,-19.));
#9261=CARTESIAN_POINT('Origin',(214.914810011094,-73.8999983482063,-17.));
#9262=CARTESIAN_POINT('',(241.315921633419,-73.8999983482063,-19.));
#9263=CARTESIAN_POINT('Origin',(151.099996622652,-133.272243391878,-17.));
#9264=CARTESIAN_POINT('',(151.099996622652,-73.8999983482063,-19.));
#9265=CARTESIAN_POINT('Origin',(146.674998345785,-103.650001937151,-19.));
#9266=CARTESIAN_POINT('Origin',(245.782960851168,-103.586120870042,-19.));
#9267=CARTESIAN_POINT('Origin',(196.250000068918,-61.7750001426786,-19.));
#9268=CARTESIAN_POINT('Origin',(196.250000068918,-145.524716235088,-19.));
#9269=CARTESIAN_POINT('Origin',(240.999994680285,-84.3800043260678,-4.16499966585545));
#9270=CARTESIAN_POINT('',(240.999994680285,-84.3800043260679,-4.46499966585542));
#9271=CARTESIAN_POINT('',(240.999994680285,-84.0800043260679,-4.1655910350138));
#9272=CARTESIAN_POINT('Origin',(240.999994680285,-84.0800043260679,-4.1655910350138));
#9273=CARTESIAN_POINT('',(240.999994680285,-84.0800043260679,2.23500033414457));
#9274=CARTESIAN_POINT('Origin',(240.999994680285,-84.3800043260678,2.23500033414459));
#9275=CARTESIAN_POINT('',(240.999994680285,-84.3800043260679,2.53500033414456));
#9276=CARTESIAN_POINT('Origin',(240.999994680285,-97.7800043260679,-4.46499966585543));
#9277=CARTESIAN_POINT('',(240.999994680285,-97.7800043260679,-4.46499966585544));
#9278=CARTESIAN_POINT('Origin',(240.999994680285,-97.7800043260679,-4.16499966585546));
#9279=CARTESIAN_POINT('',(240.999994680285,-98.0800043260679,-4.1655910350138));
#9280=CARTESIAN_POINT('Origin',(240.999994680285,-98.0800043260679,2.23500033414457));
#9281=CARTESIAN_POINT('',(240.999994680285,-98.0800043260679,2.23500033414457));
#9282=CARTESIAN_POINT('Origin',(240.999994680285,-97.7800043260679,2.23500033414459));
#9283=CARTESIAN_POINT('',(240.999994680285,-97.7800043260679,2.53500033414457));
#9284=CARTESIAN_POINT('Origin',(240.999994680285,-84.3800043260679,2.53500033414456));
#9285=CARTESIAN_POINT('Origin',(225.49232371899,-172.815271598161,8.55));
#9286=CARTESIAN_POINT('',(225.49232371899,-172.815271598161,6.05));
#9287=CARTESIAN_POINT('Origin',(225.49232371899,-172.815271598161,8.55));
#9288=CARTESIAN_POINT('Ctrl Pts',(225.49232371899,-172.815271598161,6.05000000000008));
#9289=CARTESIAN_POINT('Ctrl Pts',(223.143092167025,-173.670321956475,6.05000000000008));
#9290=CARTESIAN_POINT('Ctrl Pts',(223.143092167025,-173.670321956475,8.55));
#9291=CARTESIAN_POINT('Ctrl Pts',(223.143092167025,-173.670321956475,11.0499999999999));
#9292=CARTESIAN_POINT('Ctrl Pts',(225.49232371899,-172.815271598161,11.0499999999999));
#9293=CARTESIAN_POINT('Ctrl Pts',(227.841555270955,-171.960221239847,11.0499999999999));
#9294=CARTESIAN_POINT('Ctrl Pts',(227.841555270955,-171.960221239847,8.55));
#9295=CARTESIAN_POINT('Ctrl Pts',(227.841555270955,-171.960221239847,6.05000000000008));
#9296=CARTESIAN_POINT('Ctrl Pts',(225.49232371899,-172.815271598161,6.05000000000008));
#9297=CARTESIAN_POINT('Ctrl Pts',(225.49232371899,-172.815271598161,3.54999999999998));
#9298=CARTESIAN_POINT('Ctrl Pts',(220.793860615061,-174.525372314789,3.54999999999998));
#9299=CARTESIAN_POINT('Ctrl Pts',(220.793860615061,-174.525372314789,8.55));
#9300=CARTESIAN_POINT('Ctrl Pts',(220.793860615061,-174.525372314789,13.55));
#9301=CARTESIAN_POINT('Ctrl Pts',(225.49232371899,-172.815271598161,13.55));
#9302=CARTESIAN_POINT('Ctrl Pts',(230.19078682292,-171.105170881533,13.55));
#9303=CARTESIAN_POINT('Ctrl Pts',(230.19078682292,-171.105170881533,8.55));
#9304=CARTESIAN_POINT('Ctrl Pts',(230.19078682292,-171.105170881533,3.54999999999998));
#9305=CARTESIAN_POINT('Ctrl Pts',(225.49232371899,-172.815271598161,3.54999999999998));
#9306=CARTESIAN_POINT('Ctrl Pts',(224.637273360676,-170.466040046196,3.55));
#9307=CARTESIAN_POINT('Ctrl Pts',(219.938810256746,-172.176140762825,3.55));
#9308=CARTESIAN_POINT('Ctrl Pts',(219.938810256746,-172.176140762825,8.55));
#9309=CARTESIAN_POINT('Ctrl Pts',(219.938810256746,-172.176140762825,13.55));
#9310=CARTESIAN_POINT('Ctrl Pts',(224.637273360676,-170.466040046196,13.55));
#9311=CARTESIAN_POINT('Ctrl Pts',(229.335736464606,-168.755939329568,13.55));
#9312=CARTESIAN_POINT('Ctrl Pts',(229.335736464606,-168.755939329568,8.55));
#9313=CARTESIAN_POINT('Ctrl Pts',(229.335736464606,-168.755939329568,3.55));
#9314=CARTESIAN_POINT('Ctrl Pts',(224.637273360676,-170.466040046196,3.55));
#9315=CARTESIAN_POINT('',(219.938810256746,-172.176140762825,8.55));
#9316=CARTESIAN_POINT('',(224.637273360676,-170.466040046196,3.55));
#9317=CARTESIAN_POINT('Origin',(224.637273360676,-170.466040046196,8.55));
#9318=CARTESIAN_POINT('Origin',(224.637273360676,-170.466040046196,6.05));
#9319=CARTESIAN_POINT('Origin',(224.637273360676,-170.466040046196,8.55));
#9320=CARTESIAN_POINT('Origin',(225.49232371899,-172.815271598161,8.55));
#9321=CARTESIAN_POINT('',(220.793860615061,-174.525372314789,8.55));
#9322=CARTESIAN_POINT('Origin',(225.49232371899,-172.815271598161,-11.45));
#9323=CARTESIAN_POINT('',(225.49232371899,-172.815271598161,-13.95));
#9324=CARTESIAN_POINT('Origin',(225.49232371899,-172.815271598161,-11.45));
#9325=CARTESIAN_POINT('Ctrl Pts',(225.49232371899,-172.815271598161,-13.9499999999999));
#9326=CARTESIAN_POINT('Ctrl Pts',(223.143092167025,-173.670321956475,-13.9499999999999));
#9327=CARTESIAN_POINT('Ctrl Pts',(223.143092167025,-173.670321956475,-11.45));
#9328=CARTESIAN_POINT('Ctrl Pts',(223.143092167025,-173.670321956475,-8.95000000000008));
#9329=CARTESIAN_POINT('Ctrl Pts',(225.49232371899,-172.815271598161,-8.95000000000008));
#9330=CARTESIAN_POINT('Ctrl Pts',(227.841555270955,-171.960221239847,-8.95000000000008));
#9331=CARTESIAN_POINT('Ctrl Pts',(227.841555270955,-171.960221239847,-11.45));
#9332=CARTESIAN_POINT('Ctrl Pts',(227.841555270955,-171.960221239847,-13.9499999999999));
#9333=CARTESIAN_POINT('Ctrl Pts',(225.49232371899,-172.815271598161,-13.9499999999999));
#9334=CARTESIAN_POINT('Ctrl Pts',(225.49232371899,-172.815271598161,-16.45));
#9335=CARTESIAN_POINT('Ctrl Pts',(220.793860615061,-174.525372314789,-16.45));
#9336=CARTESIAN_POINT('Ctrl Pts',(220.793860615061,-174.525372314789,-11.45));
#9337=CARTESIAN_POINT('Ctrl Pts',(220.793860615061,-174.525372314789,-6.44999999999997));
#9338=CARTESIAN_POINT('Ctrl Pts',(225.49232371899,-172.815271598161,-6.44999999999997));
#9339=CARTESIAN_POINT('Ctrl Pts',(230.19078682292,-171.105170881533,-6.44999999999997));
#9340=CARTESIAN_POINT('Ctrl Pts',(230.19078682292,-171.105170881533,-11.45));
#9341=CARTESIAN_POINT('Ctrl Pts',(230.19078682292,-171.105170881533,-16.45));
#9342=CARTESIAN_POINT('Ctrl Pts',(225.49232371899,-172.815271598161,-16.45));
#9343=CARTESIAN_POINT('Ctrl Pts',(224.637273360676,-170.466040046196,-16.45));
#9344=CARTESIAN_POINT('Ctrl Pts',(219.938810256746,-172.176140762825,-16.45));
#9345=CARTESIAN_POINT('Ctrl Pts',(219.938810256746,-172.176140762825,-11.45));
#9346=CARTESIAN_POINT('Ctrl Pts',(219.938810256746,-172.176140762825,-6.45));
#9347=CARTESIAN_POINT('Ctrl Pts',(224.637273360676,-170.466040046196,-6.45));
#9348=CARTESIAN_POINT('Ctrl Pts',(229.335736464606,-168.755939329568,-6.45));
#9349=CARTESIAN_POINT('Ctrl Pts',(229.335736464606,-168.755939329568,-11.45));
#9350=CARTESIAN_POINT('Ctrl Pts',(229.335736464606,-168.755939329568,-16.45));
#9351=CARTESIAN_POINT('Ctrl Pts',(224.637273360676,-170.466040046196,-16.45));
#9352=CARTESIAN_POINT('',(219.938810256746,-172.176140762825,-11.45));
#9353=CARTESIAN_POINT('',(224.637273360676,-170.466040046196,-16.45));
#9354=CARTESIAN_POINT('Origin',(224.637273360676,-170.466040046196,-11.45));
#9355=CARTESIAN_POINT('Origin',(224.637273360676,-170.466040046196,-13.95));
#9356=CARTESIAN_POINT('Origin',(224.637273360676,-170.466040046196,-11.45));
#9357=CARTESIAN_POINT('Origin',(225.49232371899,-172.815271598161,-11.45));
#9358=CARTESIAN_POINT('',(220.793860615061,-174.525372314789,-11.45));
#9359=CARTESIAN_POINT('Origin',(165.144949641686,-172.849231551965,-11.45));
#9360=CARTESIAN_POINT('',(165.144949641686,-172.849231551965,-13.95));
#9361=CARTESIAN_POINT('Origin',(165.144949641686,-172.849231551965,-11.45));
#9362=CARTESIAN_POINT('Ctrl Pts',(165.144949641686,-172.849231551965,-13.95));
#9363=CARTESIAN_POINT('Ctrl Pts',(162.795718089721,-171.994181193651,-13.95));
#9364=CARTESIAN_POINT('Ctrl Pts',(162.795718089721,-171.994181193651,-11.45));
#9365=CARTESIAN_POINT('Ctrl Pts',(162.795718089721,-171.994181193651,-8.95000000000001));
#9366=CARTESIAN_POINT('Ctrl Pts',(165.144949641686,-172.849231551965,-8.95000000000001));
#9367=CARTESIAN_POINT('Ctrl Pts',(167.494181193651,-173.704281910279,-8.95000000000001));
#9368=CARTESIAN_POINT('Ctrl Pts',(167.494181193651,-173.704281910279,-11.45));
#9369=CARTESIAN_POINT('Ctrl Pts',(167.494181193651,-173.704281910279,-13.95));
#9370=CARTESIAN_POINT('Ctrl Pts',(165.144949641686,-172.849231551965,-13.95));
#9371=CARTESIAN_POINT('Ctrl Pts',(165.144949641686,-172.849231551965,-16.45));
#9372=CARTESIAN_POINT('Ctrl Pts',(160.446486537756,-171.139130835336,-16.45));
#9373=CARTESIAN_POINT('Ctrl Pts',(160.446486537756,-171.139130835336,-11.45));
#9374=CARTESIAN_POINT('Ctrl Pts',(160.446486537756,-171.139130835336,-6.44999999999997));
#9375=CARTESIAN_POINT('Ctrl Pts',(165.144949641686,-172.849231551965,-6.44999999999997));
#9376=CARTESIAN_POINT('Ctrl Pts',(169.843412745615,-174.559332268593,-6.44999999999997));
#9377=CARTESIAN_POINT('Ctrl Pts',(169.843412745615,-174.559332268593,-11.45));
#9378=CARTESIAN_POINT('Ctrl Pts',(169.843412745615,-174.559332268593,-16.45));
#9379=CARTESIAN_POINT('Ctrl Pts',(165.144949641686,-172.849231551965,-16.45));
#9380=CARTESIAN_POINT('Ctrl Pts',(166.,-170.5,-16.45));
#9381=CARTESIAN_POINT('Ctrl Pts',(161.301536896071,-168.789899283372,-16.45));
#9382=CARTESIAN_POINT('Ctrl Pts',(161.301536896071,-168.789899283372,-11.45));
#9383=CARTESIAN_POINT('Ctrl Pts',(161.301536896071,-168.789899283372,-6.45));
#9384=CARTESIAN_POINT('Ctrl Pts',(166.,-170.5,-6.45));
#9385=CARTESIAN_POINT('Ctrl Pts',(170.69846310393,-172.210100716628,-6.45));
#9386=CARTESIAN_POINT('Ctrl Pts',(170.69846310393,-172.210100716628,-11.45));
#9387=CARTESIAN_POINT('Ctrl Pts',(170.69846310393,-172.210100716628,-16.45));
#9388=CARTESIAN_POINT('Ctrl Pts',(166.,-170.5,-16.45));
#9389=CARTESIAN_POINT('',(161.301536896071,-168.789899283372,-11.45));
#9390=CARTESIAN_POINT('',(166.,-170.5,-16.45));
#9391=CARTESIAN_POINT('Origin',(166.,-170.5,-11.45));
#9392=CARTESIAN_POINT('Origin',(166.,-170.5,-13.95));
#9393=CARTESIAN_POINT('Origin',(166.,-170.5,-11.45));
#9394=CARTESIAN_POINT('Origin',(165.144949641686,-172.849231551965,-11.45));
#9395=CARTESIAN_POINT('',(160.446486537756,-171.139130835336,-11.45));
#9396=CARTESIAN_POINT('Origin',(165.144949641686,-172.849231551965,8.55));
#9397=CARTESIAN_POINT('',(165.144949641686,-172.849231551965,6.05));
#9398=CARTESIAN_POINT('Origin',(165.144949641686,-172.849231551965,8.55));
#9399=CARTESIAN_POINT('Ctrl Pts',(165.144949641686,-172.849231551965,6.05000000000001));
#9400=CARTESIAN_POINT('Ctrl Pts',(162.795718089721,-171.994181193651,6.05000000000001));
#9401=CARTESIAN_POINT('Ctrl Pts',(162.795718089721,-171.994181193651,8.55));
#9402=CARTESIAN_POINT('Ctrl Pts',(162.795718089721,-171.994181193651,11.05));
#9403=CARTESIAN_POINT('Ctrl Pts',(165.144949641686,-172.849231551965,11.05));
#9404=CARTESIAN_POINT('Ctrl Pts',(167.494181193651,-173.704281910279,11.05));
#9405=CARTESIAN_POINT('Ctrl Pts',(167.494181193651,-173.704281910279,8.55));
#9406=CARTESIAN_POINT('Ctrl Pts',(167.494181193651,-173.704281910279,6.05000000000001));
#9407=CARTESIAN_POINT('Ctrl Pts',(165.144949641686,-172.849231551965,6.05000000000001));
#9408=CARTESIAN_POINT('Ctrl Pts',(165.144949641686,-172.849231551965,3.54999999999998));
#9409=CARTESIAN_POINT('Ctrl Pts',(160.446486537756,-171.139130835336,3.54999999999998));
#9410=CARTESIAN_POINT('Ctrl Pts',(160.446486537756,-171.139130835336,8.55));
#9411=CARTESIAN_POINT('Ctrl Pts',(160.446486537756,-171.139130835336,13.55));
#9412=CARTESIAN_POINT('Ctrl Pts',(165.144949641686,-172.849231551965,13.55));
#9413=CARTESIAN_POINT('Ctrl Pts',(169.843412745615,-174.559332268593,13.55));
#9414=CARTESIAN_POINT('Ctrl Pts',(169.843412745615,-174.559332268593,8.55));
#9415=CARTESIAN_POINT('Ctrl Pts',(169.843412745615,-174.559332268593,3.54999999999998));
#9416=CARTESIAN_POINT('Ctrl Pts',(165.144949641686,-172.849231551965,3.54999999999998));
#9417=CARTESIAN_POINT('Ctrl Pts',(166.,-170.5,3.55));
#9418=CARTESIAN_POINT('Ctrl Pts',(161.301536896071,-168.789899283372,3.55));
#9419=CARTESIAN_POINT('Ctrl Pts',(161.301536896071,-168.789899283372,8.55));
#9420=CARTESIAN_POINT('Ctrl Pts',(161.301536896071,-168.789899283372,13.55));
#9421=CARTESIAN_POINT('Ctrl Pts',(166.,-170.5,13.55));
#9422=CARTESIAN_POINT('Ctrl Pts',(170.69846310393,-172.210100716628,13.55));
#9423=CARTESIAN_POINT('Ctrl Pts',(170.69846310393,-172.210100716628,8.55));
#9424=CARTESIAN_POINT('Ctrl Pts',(170.69846310393,-172.210100716628,3.55));
#9425=CARTESIAN_POINT('Ctrl Pts',(166.,-170.5,3.55));
#9426=CARTESIAN_POINT('',(161.301536896071,-168.789899283372,8.55));
#9427=CARTESIAN_POINT('',(166.,-170.5,3.55));
#9428=CARTESIAN_POINT('Origin',(166.,-170.5,8.55));
#9429=CARTESIAN_POINT('Origin',(166.,-170.5,6.05));
#9430=CARTESIAN_POINT('Origin',(166.,-170.5,8.55));
#9431=CARTESIAN_POINT('Origin',(165.144949641686,-172.849231551965,8.55));
#9432=CARTESIAN_POINT('',(160.446486537756,-171.139130835336,8.55));
#9433=CARTESIAN_POINT('Ctrl Pts',(204.000003039837,-145.000002160668,-22.));
#9434=CARTESIAN_POINT('Ctrl Pts',(204.000003039837,-145.000002160668,-21.7));
#9435=CARTESIAN_POINT('Ctrl Pts',(203.968974670847,-144.496662730826,-22.));
#9436=CARTESIAN_POINT('Ctrl Pts',(203.968974670847,-144.496662730826,-21.7));
#9437=CARTESIAN_POINT('Ctrl Pts',(203.926986237991,-143.502435066126,-22.));
#9438=CARTESIAN_POINT('Ctrl Pts',(203.926986237991,-143.502435066126,-21.7));
#9439=CARTESIAN_POINT('Ctrl Pts',(203.924206149615,-142.048445693222,-22.));
#9440=CARTESIAN_POINT('Ctrl Pts',(203.924206149615,-142.048445693222,-21.7));
#9441=CARTESIAN_POINT('Ctrl Pts',(204.042905739078,-140.185739102765,-22.));
#9442=CARTESIAN_POINT('Ctrl Pts',(204.042905739078,-140.185739102765,-21.7));
#9443=CARTESIAN_POINT('Ctrl Pts',(204.409229778013,-137.992580655897,-22.));
#9444=CARTESIAN_POINT('Ctrl Pts',(204.409229778013,-137.992580655897,-21.7));
#9445=CARTESIAN_POINT('Ctrl Pts',(205.013340349375,-135.946954671887,-22.));
#9446=CARTESIAN_POINT('Ctrl Pts',(205.013340349375,-135.946954671887,-21.7));
#9447=CARTESIAN_POINT('Ctrl Pts',(205.875210772634,-134.061253412757,-22.));
#9448=CARTESIAN_POINT('Ctrl Pts',(205.875210772634,-134.061253412757,-21.7));
#9449=CARTESIAN_POINT('Ctrl Pts',(207.006763978331,-132.342874350899,-22.));
#9450=CARTESIAN_POINT('Ctrl Pts',(207.006763978331,-132.342874350899,-21.7));
#9451=CARTESIAN_POINT('Ctrl Pts',(208.398641243255,-130.78601095274,-22.));
#9452=CARTESIAN_POINT('Ctrl Pts',(208.398641243255,-130.78601095274,-21.7));
#9453=CARTESIAN_POINT('Ctrl Pts',(210.031737966493,-129.378809944691,-22.));
#9454=CARTESIAN_POINT('Ctrl Pts',(210.031737966493,-129.378809944691,-21.7));
#9455=CARTESIAN_POINT('Ctrl Pts',(211.515633719253,-128.363126733621,-22.));
#9456=CARTESIAN_POINT('Ctrl Pts',(211.515633719253,-128.363126733621,-21.7));
#9457=CARTESIAN_POINT('Ctrl Pts',(212.722050824739,-127.659372617022,-22.));
#9458=CARTESIAN_POINT('Ctrl Pts',(212.722050824739,-127.659372617022,-21.7));
#9459=CARTESIAN_POINT('Ctrl Pts',(213.567206060323,-127.215565066463,-22.));
#9460=CARTESIAN_POINT('Ctrl Pts',(213.567206060323,-127.215565066463,-21.7));
#9461=CARTESIAN_POINT('Ctrl Pts',(214.000003188848,-127.000001892447,-22.));
#9462=CARTESIAN_POINT('Ctrl Pts',(214.000003188848,-127.000001892447,-21.7));
#9463=CARTESIAN_POINT('',(204.000003039837,-145.000002160668,-22.));
#9464=CARTESIAN_POINT('',(214.000003188848,-127.000001892447,-22.));
#9465=CARTESIAN_POINT('Ctrl Pts',(204.000003039837,-145.000002160668,-22.));
#9466=CARTESIAN_POINT('Ctrl Pts',(203.968974670847,-144.496662730826,-22.));
#9467=CARTESIAN_POINT('Ctrl Pts',(203.926986237991,-143.502435066126,-22.));
#9468=CARTESIAN_POINT('Ctrl Pts',(203.924206149615,-142.048445693222,-22.));
#9469=CARTESIAN_POINT('Ctrl Pts',(204.042905739078,-140.185739102765,-22.));
#9470=CARTESIAN_POINT('Ctrl Pts',(204.409229778013,-137.992580655897,-22.));
#9471=CARTESIAN_POINT('Ctrl Pts',(205.013340349375,-135.946954671887,-22.));
#9472=CARTESIAN_POINT('Ctrl Pts',(205.875210772634,-134.061253412757,-22.));
#9473=CARTESIAN_POINT('Ctrl Pts',(207.006763978331,-132.342874350899,-22.));
#9474=CARTESIAN_POINT('Ctrl Pts',(208.398641243255,-130.78601095274,-22.));
#9475=CARTESIAN_POINT('Ctrl Pts',(210.031737966493,-129.378809944691,-22.));
#9476=CARTESIAN_POINT('Ctrl Pts',(211.515633719253,-128.363126733621,-22.));
#9477=CARTESIAN_POINT('Ctrl Pts',(212.722050824739,-127.659372617022,-22.));
#9478=CARTESIAN_POINT('Ctrl Pts',(213.567206060323,-127.215565066463,-22.));
#9479=CARTESIAN_POINT('Ctrl Pts',(214.000003188848,-127.000001892447,-22.));
#9480=CARTESIAN_POINT('',(204.000003039837,-145.000002160668,-21.7));
#9481=CARTESIAN_POINT('',(204.000003039837,-145.000002160668,-22.));
#9482=CARTESIAN_POINT('',(214.000003188848,-127.000001892447,-21.7));
#9483=CARTESIAN_POINT('Ctrl Pts',(204.000003039837,-145.000002160668,-21.7));
#9484=CARTESIAN_POINT('Ctrl Pts',(203.968974670847,-144.496662730826,-21.7));
#9485=CARTESIAN_POINT('Ctrl Pts',(203.926986237991,-143.502435066126,-21.7));
#9486=CARTESIAN_POINT('Ctrl Pts',(203.924206149615,-142.048445693222,-21.7));
#9487=CARTESIAN_POINT('Ctrl Pts',(204.042905739078,-140.185739102765,-21.7));
#9488=CARTESIAN_POINT('Ctrl Pts',(204.409229778013,-137.992580655897,-21.7));
#9489=CARTESIAN_POINT('Ctrl Pts',(205.013340349375,-135.946954671887,-21.7));
#9490=CARTESIAN_POINT('Ctrl Pts',(205.875210772634,-134.061253412757,-21.7));
#9491=CARTESIAN_POINT('Ctrl Pts',(207.006763978331,-132.342874350899,-21.7));
#9492=CARTESIAN_POINT('Ctrl Pts',(208.398641243255,-130.78601095274,-21.7));
#9493=CARTESIAN_POINT('Ctrl Pts',(210.031737966493,-129.378809944691,-21.7));
#9494=CARTESIAN_POINT('Ctrl Pts',(211.515633719253,-128.363126733621,-21.7));
#9495=CARTESIAN_POINT('Ctrl Pts',(212.722050824739,-127.659372617022,-21.7));
#9496=CARTESIAN_POINT('Ctrl Pts',(213.567206060323,-127.215565066463,-21.7));
#9497=CARTESIAN_POINT('Ctrl Pts',(214.000003188848,-127.000001892447,-21.7));
#9498=CARTESIAN_POINT('',(214.000003188848,-127.000001892447,-22.));
#9499=CARTESIAN_POINT('Ctrl Pts',(214.000003188848,-127.000001892447,-22.));
#9500=CARTESIAN_POINT('Ctrl Pts',(214.000003188848,-127.000001892447,-21.7));
#9501=CARTESIAN_POINT('Ctrl Pts',(214.020429019724,-127.452678607545,-22.));
#9502=CARTESIAN_POINT('Ctrl Pts',(214.020429019724,-127.452678607545,-21.7));
#9503=CARTESIAN_POINT('Ctrl Pts',(214.041818197047,-128.349849153782,-22.));
#9504=CARTESIAN_POINT('Ctrl Pts',(214.041818197047,-128.349849153782,-21.7));
#9505=CARTESIAN_POINT('Ctrl Pts',(214.015515170769,-129.671056599184,-22.));
#9506=CARTESIAN_POINT('Ctrl Pts',(214.015515170769,-129.671056599184,-21.7));
#9507=CARTESIAN_POINT('Ctrl Pts',(213.861744041947,-131.382759649153,-22.));
#9508=CARTESIAN_POINT('Ctrl Pts',(213.861744041947,-131.382759649153,-21.7));
#9509=CARTESIAN_POINT('Ctrl Pts',(213.458456164122,-133.433643687875,-22.));
#9510=CARTESIAN_POINT('Ctrl Pts',(213.458456164122,-133.433643687875,-21.7));
#9511=CARTESIAN_POINT('Ctrl Pts',(212.825967464707,-135.388161626305,-22.));
#9512=CARTESIAN_POINT('Ctrl Pts',(212.825967464707,-135.388161626305,-21.7));
#9513=CARTESIAN_POINT('Ctrl Pts',(211.946714569986,-137.238929050104,-22.));
#9514=CARTESIAN_POINT('Ctrl Pts',(211.946714569986,-137.238929050104,-21.7));
#9515=CARTESIAN_POINT('Ctrl Pts',(210.813231564621,-138.982806960286,-22.));
#9516=CARTESIAN_POINT('Ctrl Pts',(210.813231564621,-138.982806960286,-21.7));
#9517=CARTESIAN_POINT('Ctrl Pts',(209.437946455378,-140.625020637183,-22.));
#9518=CARTESIAN_POINT('Ctrl Pts',(209.437946455378,-140.625020637183,-21.7));
#9519=CARTESIAN_POINT('Ctrl Pts',(207.840111347443,-142.173664512066,-22.));
#9520=CARTESIAN_POINT('Ctrl Pts',(207.840111347443,-142.173664512066,-21.7));
#9521=CARTESIAN_POINT('Ctrl Pts',(206.398909103209,-143.344074929945,-22.));
#9522=CARTESIAN_POINT('Ctrl Pts',(206.398909103209,-143.344074929945,-21.7));
#9523=CARTESIAN_POINT('Ctrl Pts',(205.232257266566,-144.185829609538,-22.));
#9524=CARTESIAN_POINT('Ctrl Pts',(205.232257266566,-144.185829609538,-21.7));
#9525=CARTESIAN_POINT('Ctrl Pts',(204.417002547217,-144.731238285535,-22.));
#9526=CARTESIAN_POINT('Ctrl Pts',(204.417002547217,-144.731238285535,-21.7));
#9527=CARTESIAN_POINT('Ctrl Pts',(204.000003039837,-145.000002160668,-22.));
#9528=CARTESIAN_POINT('Ctrl Pts',(204.000003039837,-145.000002160668,-21.7));
#9529=CARTESIAN_POINT('Ctrl Pts',(214.000003188848,-127.000001892447,-22.));
#9530=CARTESIAN_POINT('Ctrl Pts',(214.020429019724,-127.452678607545,-22.));
#9531=CARTESIAN_POINT('Ctrl Pts',(214.041818197047,-128.349849153782,-22.));
#9532=CARTESIAN_POINT('Ctrl Pts',(214.015515170769,-129.671056599184,-22.));
#9533=CARTESIAN_POINT('Ctrl Pts',(213.861744041947,-131.382759649153,-22.));
#9534=CARTESIAN_POINT('Ctrl Pts',(213.458456164122,-133.433643687875,-22.));
#9535=CARTESIAN_POINT('Ctrl Pts',(212.825967464707,-135.388161626305,-22.));
#9536=CARTESIAN_POINT('Ctrl Pts',(211.946714569986,-137.238929050104,-22.));
#9537=CARTESIAN_POINT('Ctrl Pts',(210.813231564621,-138.982806960286,-22.));
#9538=CARTESIAN_POINT('Ctrl Pts',(209.437946455378,-140.625020637183,-22.));
#9539=CARTESIAN_POINT('Ctrl Pts',(207.840111347443,-142.173664512066,-22.));
#9540=CARTESIAN_POINT('Ctrl Pts',(206.398909103209,-143.344074929945,-22.));
#9541=CARTESIAN_POINT('Ctrl Pts',(205.232257266566,-144.185829609538,-22.));
#9542=CARTESIAN_POINT('Ctrl Pts',(204.417002547217,-144.731238285535,-22.));
#9543=CARTESIAN_POINT('Ctrl Pts',(204.000003039837,-145.000002160668,-22.));
#9544=CARTESIAN_POINT('Ctrl Pts',(214.000003188848,-127.000001892447,-21.7));
#9545=CARTESIAN_POINT('Ctrl Pts',(214.020429019724,-127.452678607545,-21.7));
#9546=CARTESIAN_POINT('Ctrl Pts',(214.041818197047,-128.349849153782,-21.7));
#9547=CARTESIAN_POINT('Ctrl Pts',(214.015515170769,-129.671056599184,-21.7));
#9548=CARTESIAN_POINT('Ctrl Pts',(213.861744041947,-131.382759649153,-21.7));
#9549=CARTESIAN_POINT('Ctrl Pts',(213.458456164122,-133.433643687875,-21.7));
#9550=CARTESIAN_POINT('Ctrl Pts',(212.825967464707,-135.388161626305,-21.7));
#9551=CARTESIAN_POINT('Ctrl Pts',(211.946714569986,-137.238929050104,-21.7));
#9552=CARTESIAN_POINT('Ctrl Pts',(210.813231564621,-138.982806960286,-21.7));
#9553=CARTESIAN_POINT('Ctrl Pts',(209.437946455378,-140.625020637183,-21.7));
#9554=CARTESIAN_POINT('Ctrl Pts',(207.840111347443,-142.173664512066,-21.7));
#9555=CARTESIAN_POINT('Ctrl Pts',(206.398909103209,-143.344074929945,-21.7));
#9556=CARTESIAN_POINT('Ctrl Pts',(205.232257266566,-144.185829609538,-21.7));
#9557=CARTESIAN_POINT('Ctrl Pts',(204.417002547217,-144.731238285535,-21.7));
#9558=CARTESIAN_POINT('Ctrl Pts',(204.000003039837,-145.000002160668,-21.7));
#9559=CARTESIAN_POINT('Ctrl Pts',(191.000002846122,-145.000002160668,-22.));
#9560=CARTESIAN_POINT('Ctrl Pts',(191.000002846122,-145.000002160668,-21.7));
#9561=CARTESIAN_POINT('Ctrl Pts',(190.583003338795,-144.731238285535,-22.));
#9562=CARTESIAN_POINT('Ctrl Pts',(190.583003338795,-144.731238285535,-21.7));
#9563=CARTESIAN_POINT('Ctrl Pts',(189.767748619542,-144.185829609538,-22.));
#9564=CARTESIAN_POINT('Ctrl Pts',(189.767748619542,-144.185829609538,-21.7));
#9565=CARTESIAN_POINT('Ctrl Pts',(188.601096783005,-143.344074929945,-22.));
#9566=CARTESIAN_POINT('Ctrl Pts',(188.601096783005,-143.344074929945,-21.7));
#9567=CARTESIAN_POINT('Ctrl Pts',(187.159894538835,-142.173664512066,-22.));
#9568=CARTESIAN_POINT('Ctrl Pts',(187.159894538835,-142.173664512066,-21.7));
#9569=CARTESIAN_POINT('Ctrl Pts',(185.562059430872,-140.625020637183,-22.));
#9570=CARTESIAN_POINT('Ctrl Pts',(185.562059430872,-140.625020637183,-21.7));
#9571=CARTESIAN_POINT('Ctrl Pts',(184.186774321519,-138.982806960286,-22.));
#9572=CARTESIAN_POINT('Ctrl Pts',(184.186774321519,-138.982806960286,-21.7));
#9573=CARTESIAN_POINT('Ctrl Pts',(183.053291315995,-137.238929050104,-22.));
#9574=CARTESIAN_POINT('Ctrl Pts',(183.053291315995,-137.238929050104,-21.7));
#9575=CARTESIAN_POINT('Ctrl Pts',(182.174038421102,-135.388161626305,-22.));
#9576=CARTESIAN_POINT('Ctrl Pts',(182.174038421102,-135.388161626305,-21.7));
#9577=CARTESIAN_POINT('Ctrl Pts',(181.541549721551,-133.433643687875,-22.));
#9578=CARTESIAN_POINT('Ctrl Pts',(181.541549721551,-133.433643687875,-21.7));
#9579=CARTESIAN_POINT('Ctrl Pts',(181.138261843671,-131.382759649153,-22.));
#9580=CARTESIAN_POINT('Ctrl Pts',(181.138261843671,-131.382759649153,-21.7));
#9581=CARTESIAN_POINT('Ctrl Pts',(180.984490714906,-129.671056599184,-22.));
#9582=CARTESIAN_POINT('Ctrl Pts',(180.984490714906,-129.671056599184,-21.7));
#9583=CARTESIAN_POINT('Ctrl Pts',(180.958187688741,-128.349849153782,-22.));
#9584=CARTESIAN_POINT('Ctrl Pts',(180.958187688741,-128.349849153782,-21.7));
#9585=CARTESIAN_POINT('Ctrl Pts',(180.979576866172,-127.452678607545,-22.));
#9586=CARTESIAN_POINT('Ctrl Pts',(180.979576866172,-127.452678607545,-21.7));
#9587=CARTESIAN_POINT('Ctrl Pts',(181.00000269711,-127.000001892447,-22.));
#9588=CARTESIAN_POINT('Ctrl Pts',(181.00000269711,-127.000001892447,-21.7));
#9589=CARTESIAN_POINT('',(191.000002846122,-145.000002160668,-22.));
#9590=CARTESIAN_POINT('',(181.00000269711,-127.000001892447,-22.));
#9591=CARTESIAN_POINT('Ctrl Pts',(191.000002846122,-145.000002160668,-22.));
#9592=CARTESIAN_POINT('Ctrl Pts',(190.583003338795,-144.731238285535,-22.));
#9593=CARTESIAN_POINT('Ctrl Pts',(189.767748619542,-144.185829609538,-22.));
#9594=CARTESIAN_POINT('Ctrl Pts',(188.601096783005,-143.344074929945,-22.));
#9595=CARTESIAN_POINT('Ctrl Pts',(187.159894538835,-142.173664512066,-22.));
#9596=CARTESIAN_POINT('Ctrl Pts',(185.562059430872,-140.625020637183,-22.));
#9597=CARTESIAN_POINT('Ctrl Pts',(184.186774321519,-138.982806960286,-22.));
#9598=CARTESIAN_POINT('Ctrl Pts',(183.053291315995,-137.238929050104,-22.));
#9599=CARTESIAN_POINT('Ctrl Pts',(182.174038421102,-135.388161626305,-22.));
#9600=CARTESIAN_POINT('Ctrl Pts',(181.541549721551,-133.433643687875,-22.));
#9601=CARTESIAN_POINT('Ctrl Pts',(181.138261843671,-131.382759649153,-22.));
#9602=CARTESIAN_POINT('Ctrl Pts',(180.984490714906,-129.671056599184,-22.));
#9603=CARTESIAN_POINT('Ctrl Pts',(180.958187688741,-128.349849153782,-22.));
#9604=CARTESIAN_POINT('Ctrl Pts',(180.979576866172,-127.452678607545,-22.));
#9605=CARTESIAN_POINT('Ctrl Pts',(181.00000269711,-127.000001892447,-22.));
#9606=CARTESIAN_POINT('',(191.000002846122,-145.000002160668,-21.7));
#9607=CARTESIAN_POINT('',(191.000002846122,-145.000002160668,-22.));
#9608=CARTESIAN_POINT('',(181.00000269711,-127.000001892447,-21.7));
#9609=CARTESIAN_POINT('Ctrl Pts',(191.000002846122,-145.000002160668,-21.7));
#9610=CARTESIAN_POINT('Ctrl Pts',(190.583003338795,-144.731238285535,-21.7));
#9611=CARTESIAN_POINT('Ctrl Pts',(189.767748619542,-144.185829609538,-21.7));
#9612=CARTESIAN_POINT('Ctrl Pts',(188.601096783005,-143.344074929945,-21.7));
#9613=CARTESIAN_POINT('Ctrl Pts',(187.159894538835,-142.173664512066,-21.7));
#9614=CARTESIAN_POINT('Ctrl Pts',(185.562059430872,-140.625020637183,-21.7));
#9615=CARTESIAN_POINT('Ctrl Pts',(184.186774321519,-138.982806960286,-21.7));
#9616=CARTESIAN_POINT('Ctrl Pts',(183.053291315995,-137.238929050104,-21.7));
#9617=CARTESIAN_POINT('Ctrl Pts',(182.174038421102,-135.388161626305,-21.7));
#9618=CARTESIAN_POINT('Ctrl Pts',(181.541549721551,-133.433643687875,-21.7));
#9619=CARTESIAN_POINT('Ctrl Pts',(181.138261843671,-131.382759649153,-21.7));
#9620=CARTESIAN_POINT('Ctrl Pts',(180.984490714906,-129.671056599184,-21.7));
#9621=CARTESIAN_POINT('Ctrl Pts',(180.958187688741,-128.349849153782,-21.7));
#9622=CARTESIAN_POINT('Ctrl Pts',(180.979576866172,-127.452678607545,-21.7));
#9623=CARTESIAN_POINT('Ctrl Pts',(181.00000269711,-127.000001892447,-21.7));
#9624=CARTESIAN_POINT('',(181.00000269711,-127.000001892447,-22.));
#9625=CARTESIAN_POINT('Ctrl Pts',(181.00000269711,-127.000001892447,-22.));
#9626=CARTESIAN_POINT('Ctrl Pts',(181.00000269711,-127.000001892447,-21.7));
#9627=CARTESIAN_POINT('Ctrl Pts',(181.432799825666,-127.215565066482,-22.));
#9628=CARTESIAN_POINT('Ctrl Pts',(181.432799825666,-127.215565066482,-21.7));
#9629=CARTESIAN_POINT('Ctrl Pts',(182.277955061304,-127.659372617072,-22.));
#9630=CARTESIAN_POINT('Ctrl Pts',(182.277955061304,-127.659372617072,-21.7));
#9631=CARTESIAN_POINT('Ctrl Pts',(183.484372166851,-128.363126733703,-22.));
#9632=CARTESIAN_POINT('Ctrl Pts',(183.484372166851,-128.363126733703,-21.7));
#9633=CARTESIAN_POINT('Ctrl Pts',(184.968267919647,-129.378809944788,-22.));
#9634=CARTESIAN_POINT('Ctrl Pts',(184.968267919647,-129.378809944788,-21.7));
#9635=CARTESIAN_POINT('Ctrl Pts',(186.601364642866,-130.786010952821,-22.));
#9636=CARTESIAN_POINT('Ctrl Pts',(186.601364642866,-130.786010952821,-21.7));
#9637=CARTESIAN_POINT('Ctrl Pts',(187.993241907721,-132.342874350942,-22.));
#9638=CARTESIAN_POINT('Ctrl Pts',(187.993241907721,-132.342874350942,-21.7));
#9639=CARTESIAN_POINT('Ctrl Pts',(189.12479511332,-134.061253412753,-22.));
#9640=CARTESIAN_POINT('Ctrl Pts',(189.12479511332,-134.061253412753,-21.7));
#9641=CARTESIAN_POINT('Ctrl Pts',(189.986665536477,-135.946954671841,-22.));
#9642=CARTESIAN_POINT('Ctrl Pts',(189.986665536477,-135.946954671841,-21.7));
#9643=CARTESIAN_POINT('Ctrl Pts',(190.59077610776,-137.99258065582,-22.));
#9644=CARTESIAN_POINT('Ctrl Pts',(190.59077610776,-137.99258065582,-21.7));
#9645=CARTESIAN_POINT('Ctrl Pts',(190.957100146664,-140.18573910268,-22.));
#9646=CARTESIAN_POINT('Ctrl Pts',(190.957100146664,-140.18573910268,-21.7));
#9647=CARTESIAN_POINT('Ctrl Pts',(191.075799736164,-142.048445693153,-22.));
#9648=CARTESIAN_POINT('Ctrl Pts',(191.075799736164,-142.048445693153,-21.7));
#9649=CARTESIAN_POINT('Ctrl Pts',(191.073019647859,-143.502435066085,-22.));
#9650=CARTESIAN_POINT('Ctrl Pts',(191.073019647859,-143.502435066085,-21.7));
#9651=CARTESIAN_POINT('Ctrl Pts',(191.031031215072,-144.496662730811,-22.));
#9652=CARTESIAN_POINT('Ctrl Pts',(191.031031215072,-144.496662730811,-21.7));
#9653=CARTESIAN_POINT('Ctrl Pts',(191.000002846122,-145.000002160668,-22.));
#9654=CARTESIAN_POINT('Ctrl Pts',(191.000002846122,-145.000002160668,-21.7));
#9655=CARTESIAN_POINT('Ctrl Pts',(181.00000269711,-127.000001892447,-22.));
#9656=CARTESIAN_POINT('Ctrl Pts',(181.432799825666,-127.215565066482,-22.));
#9657=CARTESIAN_POINT('Ctrl Pts',(182.277955061304,-127.659372617072,-22.));
#9658=CARTESIAN_POINT('Ctrl Pts',(183.484372166851,-128.363126733703,-22.));
#9659=CARTESIAN_POINT('Ctrl Pts',(184.968267919647,-129.378809944788,-22.));
#9660=CARTESIAN_POINT('Ctrl Pts',(186.601364642866,-130.786010952821,-22.));
#9661=CARTESIAN_POINT('Ctrl Pts',(187.993241907721,-132.342874350942,-22.));
#9662=CARTESIAN_POINT('Ctrl Pts',(189.12479511332,-134.061253412753,-22.));
#9663=CARTESIAN_POINT('Ctrl Pts',(189.986665536477,-135.946954671841,-22.));
#9664=CARTESIAN_POINT('Ctrl Pts',(190.59077610776,-137.99258065582,-22.));
#9665=CARTESIAN_POINT('Ctrl Pts',(190.957100146664,-140.18573910268,-22.));
#9666=CARTESIAN_POINT('Ctrl Pts',(191.075799736164,-142.048445693153,-22.));
#9667=CARTESIAN_POINT('Ctrl Pts',(191.073019647859,-143.502435066085,-22.));
#9668=CARTESIAN_POINT('Ctrl Pts',(191.031031215072,-144.496662730811,-22.));
#9669=CARTESIAN_POINT('Ctrl Pts',(191.000002846122,-145.000002160668,-22.));
#9670=CARTESIAN_POINT('Ctrl Pts',(181.00000269711,-127.000001892447,-21.7));
#9671=CARTESIAN_POINT('Ctrl Pts',(181.432799825666,-127.215565066482,-21.7));
#9672=CARTESIAN_POINT('Ctrl Pts',(182.277955061304,-127.659372617072,-21.7));
#9673=CARTESIAN_POINT('Ctrl Pts',(183.484372166851,-128.363126733703,-21.7));
#9674=CARTESIAN_POINT('Ctrl Pts',(184.968267919647,-129.378809944788,-21.7));
#9675=CARTESIAN_POINT('Ctrl Pts',(186.601364642866,-130.786010952821,-21.7));
#9676=CARTESIAN_POINT('Ctrl Pts',(187.993241907721,-132.342874350942,-21.7));
#9677=CARTESIAN_POINT('Ctrl Pts',(189.12479511332,-134.061253412753,-21.7));
#9678=CARTESIAN_POINT('Ctrl Pts',(189.986665536477,-135.946954671841,-21.7));
#9679=CARTESIAN_POINT('Ctrl Pts',(190.59077610776,-137.99258065582,-21.7));
#9680=CARTESIAN_POINT('Ctrl Pts',(190.957100146664,-140.18573910268,-21.7));
#9681=CARTESIAN_POINT('Ctrl Pts',(191.075799736164,-142.048445693153,-21.7));
#9682=CARTESIAN_POINT('Ctrl Pts',(191.073019647859,-143.502435066085,-21.7));
#9683=CARTESIAN_POINT('Ctrl Pts',(191.031031215072,-144.496662730811,-21.7));
#9684=CARTESIAN_POINT('Ctrl Pts',(191.000002846122,-145.000002160668,-21.7));
#9685=CARTESIAN_POINT('Ctrl Pts',(214.000003188848,-67.0000009983778,-22.));
#9686=CARTESIAN_POINT('Ctrl Pts',(214.000003188848,-67.0000009983778,-21.7));
#9687=CARTESIAN_POINT('Ctrl Pts',(213.331418826749,-69.9325588877317,-22.));
#9688=CARTESIAN_POINT('Ctrl Pts',(213.331418826749,-69.9325588877317,-21.7));
#9689=CARTESIAN_POINT('Ctrl Pts',(211.996737501612,-75.5442250304956,-22.));
#9690=CARTESIAN_POINT('Ctrl Pts',(211.996737501612,-75.5442250304956,-21.7));
#9691=CARTESIAN_POINT('Ctrl Pts',(210.002177439619,-83.2014029977017,-22.));
#9692=CARTESIAN_POINT('Ctrl Pts',(210.002177439619,-83.2014029977017,-21.7));
#9693=CARTESIAN_POINT('Ctrl Pts',(207.357935747965,-91.8650745040125,-22.));
#9694=CARTESIAN_POINT('Ctrl Pts',(207.357935747965,-91.8650745040125,-21.7));
#9695=CARTESIAN_POINT('Ctrl Pts',(204.07964365323,-99.9425201700737,-22.));
#9696=CARTESIAN_POINT('Ctrl Pts',(204.07964365323,-99.9425201700737,-21.7));
#9697=CARTESIAN_POINT('Ctrl Pts',(200.830805204002,-105.018832702933,-22.));
#9698=CARTESIAN_POINT('Ctrl Pts',(200.830805204002,-105.018832702933,-21.7));
#9699=CARTESIAN_POINT('Ctrl Pts',(197.613870982586,-106.844313851705,-22.));
#9700=CARTESIAN_POINT('Ctrl Pts',(197.613870982586,-106.844313851705,-21.7));
#9701=CARTESIAN_POINT('Ctrl Pts',(194.430263478496,-105.27402127144,-22.));
#9702=CARTESIAN_POINT('Ctrl Pts',(194.430263478496,-105.27402127144,-21.7));
#9703=CARTESIAN_POINT('Ctrl Pts',(191.278771417082,-100.431375896446,-22.));
#9704=CARTESIAN_POINT('Ctrl Pts',(191.278771417082,-100.431375896446,-21.7));
#9705=CARTESIAN_POINT('Ctrl Pts',(188.157015716583,-92.558790539418,-22.));
#9706=CARTESIAN_POINT('Ctrl Pts',(188.157015716583,-92.558790539418,-21.7));
#9707=CARTESIAN_POINT('Ctrl Pts',(185.681471077429,-84.0333397700164,-22.));
#9708=CARTESIAN_POINT('Ctrl Pts',(185.681471077429,-84.0333397700164,-21.7));
#9709=CARTESIAN_POINT('Ctrl Pts',(183.836330611465,-76.465641732311,-22.));
#9710=CARTESIAN_POINT('Ctrl Pts',(183.836330611465,-76.465641732311,-21.7));
#9711=CARTESIAN_POINT('Ctrl Pts',(182.611272702087,-70.9074014064186,-22.));
#9712=CARTESIAN_POINT('Ctrl Pts',(182.611272702087,-70.9074014064186,-21.7));
#9713=CARTESIAN_POINT('Ctrl Pts',(182.000002712011,-68.000001013279,-22.));
#9714=CARTESIAN_POINT('Ctrl Pts',(182.000002712011,-68.000001013279,-21.7));
#9715=CARTESIAN_POINT('',(214.000003188848,-67.0000009983778,-22.));
#9716=CARTESIAN_POINT('',(182.000002712011,-68.000001013279,-22.));
#9717=CARTESIAN_POINT('Ctrl Pts',(214.000003188848,-67.0000009983778,-22.));
#9718=CARTESIAN_POINT('Ctrl Pts',(213.331418826749,-69.9325588877317,-22.));
#9719=CARTESIAN_POINT('Ctrl Pts',(211.996737501612,-75.5442250304956,-22.));
#9720=CARTESIAN_POINT('Ctrl Pts',(210.002177439619,-83.2014029977017,-22.));
#9721=CARTESIAN_POINT('Ctrl Pts',(207.357935747965,-91.8650745040125,-22.));
#9722=CARTESIAN_POINT('Ctrl Pts',(204.07964365323,-99.9425201700737,-22.));
#9723=CARTESIAN_POINT('Ctrl Pts',(200.830805204002,-105.018832702933,-22.));
#9724=CARTESIAN_POINT('Ctrl Pts',(197.613870982586,-106.844313851705,-22.));
#9725=CARTESIAN_POINT('Ctrl Pts',(194.430263478496,-105.27402127144,-22.));
#9726=CARTESIAN_POINT('Ctrl Pts',(191.278771417082,-100.431375896446,-22.));
#9727=CARTESIAN_POINT('Ctrl Pts',(188.157015716583,-92.558790539418,-22.));
#9728=CARTESIAN_POINT('Ctrl Pts',(185.681471077429,-84.0333397700164,-22.));
#9729=CARTESIAN_POINT('Ctrl Pts',(183.836330611465,-76.465641732311,-22.));
#9730=CARTESIAN_POINT('Ctrl Pts',(182.611272702087,-70.9074014064186,-22.));
#9731=CARTESIAN_POINT('Ctrl Pts',(182.000002712011,-68.000001013279,-22.));
#9732=CARTESIAN_POINT('',(214.000003188848,-67.0000009983778,-21.7));
#9733=CARTESIAN_POINT('',(214.000003188848,-67.0000009983778,-22.));
#9734=CARTESIAN_POINT('',(182.000002712011,-68.000001013279,-21.7));
#9735=CARTESIAN_POINT('Ctrl Pts',(214.000003188848,-67.0000009983778,-21.7));
#9736=CARTESIAN_POINT('Ctrl Pts',(213.331418826749,-69.9325588877317,-21.7));
#9737=CARTESIAN_POINT('Ctrl Pts',(211.996737501612,-75.5442250304956,-21.7));
#9738=CARTESIAN_POINT('Ctrl Pts',(210.002177439619,-83.2014029977017,-21.7));
#9739=CARTESIAN_POINT('Ctrl Pts',(207.357935747965,-91.8650745040125,-21.7));
#9740=CARTESIAN_POINT('Ctrl Pts',(204.07964365323,-99.9425201700737,-21.7));
#9741=CARTESIAN_POINT('Ctrl Pts',(200.830805204002,-105.018832702933,-21.7));
#9742=CARTESIAN_POINT('Ctrl Pts',(197.613870982586,-106.844313851705,-21.7));
#9743=CARTESIAN_POINT('Ctrl Pts',(194.430263478496,-105.27402127144,-21.7));
#9744=CARTESIAN_POINT('Ctrl Pts',(191.278771417082,-100.431375896446,-21.7));
#9745=CARTESIAN_POINT('Ctrl Pts',(188.157015716583,-92.558790539418,-21.7));
#9746=CARTESIAN_POINT('Ctrl Pts',(185.681471077429,-84.0333397700164,-21.7));
#9747=CARTESIAN_POINT('Ctrl Pts',(183.836330611465,-76.465641732311,-21.7));
#9748=CARTESIAN_POINT('Ctrl Pts',(182.611272702087,-70.9074014064186,-21.7));
#9749=CARTESIAN_POINT('Ctrl Pts',(182.000002712011,-68.000001013279,-21.7));
#9750=CARTESIAN_POINT('',(182.000002712011,-68.000001013279,-22.));
#9751=CARTESIAN_POINT('Ctrl Pts',(197.500002942979,-152.500002272427,-22.));
#9752=CARTESIAN_POINT('Ctrl Pts',(197.500002942979,-152.500002272427,-21.7));
#9753=CARTESIAN_POINT('Ctrl Pts',(198.7450093479,-152.078341653976,-22.));
#9754=CARTESIAN_POINT('Ctrl Pts',(198.7450093479,-152.078341653976,-21.7));
#9755=CARTESIAN_POINT('Ctrl Pts',(201.152820729659,-151.118753309469,-22.));
#9756=CARTESIAN_POINT('Ctrl Pts',(201.152820729659,-151.118753309469,-21.7));
#9757=CARTESIAN_POINT('Ctrl Pts',(204.517933623859,-149.330568510232,-22.));
#9758=CARTESIAN_POINT('Ctrl Pts',(204.517933623859,-149.330568510232,-21.7));
#9759=CARTESIAN_POINT('Ctrl Pts',(208.507956351983,-146.243654180456,-22.));
#9760=CARTESIAN_POINT('Ctrl Pts',(208.507956351983,-146.243654180456,-21.7));
#9761=CARTESIAN_POINT('Ctrl Pts',(212.647338776641,-141.195521848772,-22.));
#9762=CARTESIAN_POINT('Ctrl Pts',(212.647338776641,-141.195521848772,-21.7));
#9763=CARTESIAN_POINT('Ctrl Pts',(215.916088262442,-134.95688472302,-22.));
#9764=CARTESIAN_POINT('Ctrl Pts',(215.916088262442,-134.95688472302,-21.7));
#9765=CARTESIAN_POINT('Ctrl Pts',(218.299658539391,-127.569068787174,-22.));
#9766=CARTESIAN_POINT('Ctrl Pts',(218.299658539391,-127.569068787174,-21.7));
#9767=CARTESIAN_POINT('Ctrl Pts',(219.805476880048,-119.147743415379,-22.));
#9768=CARTESIAN_POINT('Ctrl Pts',(219.805476880048,-119.147743415379,-21.7));
#9769=CARTESIAN_POINT('Ctrl Pts',(220.476293459928,-109.911984220458,-22.));
#9770=CARTESIAN_POINT('Ctrl Pts',(220.476293459928,-109.911984220458,-21.7));
#9771=CARTESIAN_POINT('Ctrl Pts',(220.414679423116,-100.236221715676,-22.));
#9772=CARTESIAN_POINT('Ctrl Pts',(220.414679423116,-100.236221715676,-21.7));
#9773=CARTESIAN_POINT('Ctrl Pts',(219.778217927149,-90.6356513079881,-22.));
#9774=CARTESIAN_POINT('Ctrl Pts',(219.778217927149,-90.6356513079881,-21.7));
#9775=CARTESIAN_POINT('Ctrl Pts',(218.75254333665,-81.7007431603972,-22.));
#9776=CARTESIAN_POINT('Ctrl Pts',(218.75254333665,-81.7007431603972,-21.7));
#9777=CARTESIAN_POINT('Ctrl Pts',(217.533353316407,-74.0478581253732,-22.));
#9778=CARTESIAN_POINT('Ctrl Pts',(217.533353316407,-74.0478581253732,-21.7));
#9779=CARTESIAN_POINT('Ctrl Pts',(216.307408380539,-68.2653355289121,-22.));
#9780=CARTESIAN_POINT('Ctrl Pts',(216.307408380539,-68.2653355289121,-21.7));
#9781=CARTESIAN_POINT('Ctrl Pts',(215.233212089823,-64.85127263597,-22.));
#9782=CARTESIAN_POINT('Ctrl Pts',(215.233212089823,-64.85127263597,-21.7));
#9783=CARTESIAN_POINT('Ctrl Pts',(214.586634867824,-64.2988902163741,-22.));
#9784=CARTESIAN_POINT('Ctrl Pts',(214.586634867824,-64.2988902163741,-21.7));
#9785=CARTESIAN_POINT('Ctrl Pts',(214.24013451155,-65.1586015230077,-22.));
#9786=CARTESIAN_POINT('Ctrl Pts',(214.24013451155,-65.1586015230077,-21.7));
#9787=CARTESIAN_POINT('Ctrl Pts',(214.069906602696,-66.2926680245758,-22.));
#9788=CARTESIAN_POINT('Ctrl Pts',(214.069906602696,-66.2926680245758,-21.7));
#9789=CARTESIAN_POINT('Ctrl Pts',(214.000003188848,-67.0000009983778,-22.));
#9790=CARTESIAN_POINT('Ctrl Pts',(214.000003188848,-67.0000009983778,-21.7));
#9791=CARTESIAN_POINT('',(197.500002942979,-152.500002272427,-22.));
#9792=CARTESIAN_POINT('Ctrl Pts',(197.500002942979,-152.500002272427,-22.));
#9793=CARTESIAN_POINT('Ctrl Pts',(198.7450093479,-152.078341653976,-22.));
#9794=CARTESIAN_POINT('Ctrl Pts',(201.152820729659,-151.118753309469,-22.));
#9795=CARTESIAN_POINT('Ctrl Pts',(204.517933623859,-149.330568510232,-22.));
#9796=CARTESIAN_POINT('Ctrl Pts',(208.507956351983,-146.243654180456,-22.));
#9797=CARTESIAN_POINT('Ctrl Pts',(212.647338776641,-141.195521848772,-22.));
#9798=CARTESIAN_POINT('Ctrl Pts',(215.916088262442,-134.95688472302,-22.));
#9799=CARTESIAN_POINT('Ctrl Pts',(218.299658539391,-127.569068787174,-22.));
#9800=CARTESIAN_POINT('Ctrl Pts',(219.805476880048,-119.147743415379,-22.));
#9801=CARTESIAN_POINT('Ctrl Pts',(220.476293459928,-109.911984220458,-22.));
#9802=CARTESIAN_POINT('Ctrl Pts',(220.414679423116,-100.236221715676,-22.));
#9803=CARTESIAN_POINT('Ctrl Pts',(219.778217927149,-90.6356513079881,-22.));
#9804=CARTESIAN_POINT('Ctrl Pts',(218.75254333665,-81.7007431603972,-22.));
#9805=CARTESIAN_POINT('Ctrl Pts',(217.533353316407,-74.0478581253732,-22.));
#9806=CARTESIAN_POINT('Ctrl Pts',(216.307408380539,-68.2653355289121,-22.));
#9807=CARTESIAN_POINT('Ctrl Pts',(215.233212089823,-64.85127263597,-22.));
#9808=CARTESIAN_POINT('Ctrl Pts',(214.586634867824,-64.2988902163741,-22.));
#9809=CARTESIAN_POINT('Ctrl Pts',(214.24013451155,-65.1586015230077,-22.));
#9810=CARTESIAN_POINT('Ctrl Pts',(214.069906602696,-66.2926680245758,-22.));
#9811=CARTESIAN_POINT('Ctrl Pts',(214.000003188848,-67.0000009983778,-22.));
#9812=CARTESIAN_POINT('',(197.500002942979,-152.500002272427,-21.7));
#9813=CARTESIAN_POINT('',(197.500002942979,-152.500002272427,-22.));
#9814=CARTESIAN_POINT('Ctrl Pts',(197.500002942979,-152.500002272427,-21.7));
#9815=CARTESIAN_POINT('Ctrl Pts',(198.7450093479,-152.078341653976,-21.7));
#9816=CARTESIAN_POINT('Ctrl Pts',(201.152820729659,-151.118753309469,-21.7));
#9817=CARTESIAN_POINT('Ctrl Pts',(204.517933623859,-149.330568510232,-21.7));
#9818=CARTESIAN_POINT('Ctrl Pts',(208.507956351983,-146.243654180456,-21.7));
#9819=CARTESIAN_POINT('Ctrl Pts',(212.647338776641,-141.195521848772,-21.7));
#9820=CARTESIAN_POINT('Ctrl Pts',(215.916088262442,-134.95688472302,-21.7));
#9821=CARTESIAN_POINT('Ctrl Pts',(218.299658539391,-127.569068787174,-21.7));
#9822=CARTESIAN_POINT('Ctrl Pts',(219.805476880048,-119.147743415379,-21.7));
#9823=CARTESIAN_POINT('Ctrl Pts',(220.476293459928,-109.911984220458,-21.7));
#9824=CARTESIAN_POINT('Ctrl Pts',(220.414679423116,-100.236221715676,-21.7));
#9825=CARTESIAN_POINT('Ctrl Pts',(219.778217927149,-90.6356513079881,-21.7));
#9826=CARTESIAN_POINT('Ctrl Pts',(218.75254333665,-81.7007431603972,-21.7));
#9827=CARTESIAN_POINT('Ctrl Pts',(217.533353316407,-74.0478581253732,-21.7));
#9828=CARTESIAN_POINT('Ctrl Pts',(216.307408380539,-68.2653355289121,-21.7));
#9829=CARTESIAN_POINT('Ctrl Pts',(215.233212089823,-64.85127263597,-21.7));
#9830=CARTESIAN_POINT('Ctrl Pts',(214.586634867824,-64.2988902163741,-21.7));
#9831=CARTESIAN_POINT('Ctrl Pts',(214.24013451155,-65.1586015230077,-21.7));
#9832=CARTESIAN_POINT('Ctrl Pts',(214.069906602696,-66.2926680245758,-21.7));
#9833=CARTESIAN_POINT('Ctrl Pts',(214.000003188848,-67.0000009983778,-21.7));
#9834=CARTESIAN_POINT('Ctrl Pts',(182.000002712011,-68.000001013279,-22.));
#9835=CARTESIAN_POINT('Ctrl Pts',(182.000002712011,-68.000001013279,-21.7));
#9836=CARTESIAN_POINT('Ctrl Pts',(181.832974569681,-67.1240173007906,-22.));
#9837=CARTESIAN_POINT('Ctrl Pts',(181.832974569681,-67.1240173007906,-21.7));
#9838=CARTESIAN_POINT('Ctrl Pts',(181.48009361367,-65.6623378043995,-22.));
#9839=CARTESIAN_POINT('Ctrl Pts',(181.48009361367,-65.6623378043995,-21.7));
#9840=CARTESIAN_POINT('Ctrl Pts',(180.894306287523,-64.3406411357094,-22.));
#9841=CARTESIAN_POINT('Ctrl Pts',(180.894306287523,-64.3406411357094,-21.7));
#9842=CARTESIAN_POINT('Ctrl Pts',(179.999430201243,-64.3330551859642,-22.));
#9843=CARTESIAN_POINT('Ctrl Pts',(179.999430201243,-64.3330551859642,-21.7));
#9844=CARTESIAN_POINT('Ctrl Pts',(178.719614859456,-67.183647081579,-22.));
#9845=CARTESIAN_POINT('Ctrl Pts',(178.719614859456,-67.183647081579,-21.7));
#9846=CARTESIAN_POINT('Ctrl Pts',(177.371840944006,-72.5721621311013,-22.));
#9847=CARTESIAN_POINT('Ctrl Pts',(177.371840944006,-72.5721621311013,-21.7));
#9848=CARTESIAN_POINT('Ctrl Pts',(176.094561840781,-80.0036890998328,-22.));
#9849=CARTESIAN_POINT('Ctrl Pts',(176.094561840781,-80.0036890998328,-21.7));
#9850=CARTESIAN_POINT('Ctrl Pts',(175.054361661229,-88.8787782868297,-22.));
#9851=CARTESIAN_POINT('Ctrl Pts',(175.054361661229,-88.8787782868297,-21.7));
#9852=CARTESIAN_POINT('Ctrl Pts',(174.429127830979,-98.5561304559872,-22.));
#9853=CARTESIAN_POINT('Ctrl Pts',(174.429127830979,-98.5561304559872,-21.7));
#9854=CARTESIAN_POINT('Ctrl Pts',(174.390230212042,-108.411845665505,-22.));
#9855=CARTESIAN_POINT('Ctrl Pts',(174.390230212042,-108.411845665505,-21.7));
#9856=CARTESIAN_POINT('Ctrl Pts',(175.085508036043,-117.892517900026,-22.));
#9857=CARTESIAN_POINT('Ctrl Pts',(175.085508036043,-117.892517900026,-21.7));
#9858=CARTESIAN_POINT('Ctrl Pts',(176.615365566031,-126.581243270852,-22.));
#9859=CARTESIAN_POINT('Ctrl Pts',(176.615365566031,-126.581243270852,-21.7));
#9860=CARTESIAN_POINT('Ctrl Pts',(179.021399991888,-134.230340205155,-22.));
#9861=CARTESIAN_POINT('Ctrl Pts',(179.021399991888,-134.230340205155,-21.7));
#9862=CARTESIAN_POINT('Ctrl Pts',(182.310214434723,-140.706440392874,-22.));
#9863=CARTESIAN_POINT('Ctrl Pts',(182.310214434723,-140.706440392874,-21.7));
#9864=CARTESIAN_POINT('Ctrl Pts',(186.466898782537,-145.958551304743,-22.));
#9865=CARTESIAN_POINT('Ctrl Pts',(186.466898782537,-145.958551304743,-21.7));
#9866=CARTESIAN_POINT('Ctrl Pts',(190.468433284064,-149.178618032039,-22.));
#9867=CARTESIAN_POINT('Ctrl Pts',(190.468433284064,-149.178618032039,-21.7));
#9868=CARTESIAN_POINT('Ctrl Pts',(193.840871320928,-151.049431857049,-22.));
#9869=CARTESIAN_POINT('Ctrl Pts',(193.840871320928,-151.049431857049,-21.7));
#9870=CARTESIAN_POINT('Ctrl Pts',(196.252988225808,-152.056501907326,-22.));
#9871=CARTESIAN_POINT('Ctrl Pts',(196.252988225808,-152.056501907326,-21.7));
#9872=CARTESIAN_POINT('Ctrl Pts',(197.500002942979,-152.500002272427,-22.));
#9873=CARTESIAN_POINT('Ctrl Pts',(197.500002942979,-152.500002272427,-21.7));
#9874=CARTESIAN_POINT('Ctrl Pts',(182.000002712011,-68.000001013279,-22.));
#9875=CARTESIAN_POINT('Ctrl Pts',(181.832974569681,-67.1240173007906,-22.));
#9876=CARTESIAN_POINT('Ctrl Pts',(181.48009361367,-65.6623378043995,-22.));
#9877=CARTESIAN_POINT('Ctrl Pts',(180.894306287523,-64.3406411357094,-22.));
#9878=CARTESIAN_POINT('Ctrl Pts',(179.999430201243,-64.3330551859642,-22.));
#9879=CARTESIAN_POINT('Ctrl Pts',(178.719614859456,-67.183647081579,-22.));
#9880=CARTESIAN_POINT('Ctrl Pts',(177.371840944006,-72.5721621311013,-22.));
#9881=CARTESIAN_POINT('Ctrl Pts',(176.094561840781,-80.0036890998328,-22.));
#9882=CARTESIAN_POINT('Ctrl Pts',(175.054361661229,-88.8787782868297,-22.));
#9883=CARTESIAN_POINT('Ctrl Pts',(174.429127830979,-98.5561304559872,-22.));
#9884=CARTESIAN_POINT('Ctrl Pts',(174.390230212042,-108.411845665505,-22.));
#9885=CARTESIAN_POINT('Ctrl Pts',(175.085508036043,-117.892517900026,-22.));
#9886=CARTESIAN_POINT('Ctrl Pts',(176.615365566031,-126.581243270852,-22.));
#9887=CARTESIAN_POINT('Ctrl Pts',(179.021399991888,-134.230340205155,-22.));
#9888=CARTESIAN_POINT('Ctrl Pts',(182.310214434723,-140.706440392874,-22.));
#9889=CARTESIAN_POINT('Ctrl Pts',(186.466898782537,-145.958551304743,-22.));
#9890=CARTESIAN_POINT('Ctrl Pts',(190.468433284064,-149.178618032039,-22.));
#9891=CARTESIAN_POINT('Ctrl Pts',(193.840871320928,-151.049431857049,-22.));
#9892=CARTESIAN_POINT('Ctrl Pts',(196.252988225808,-152.056501907326,-22.));
#9893=CARTESIAN_POINT('Ctrl Pts',(197.500002942979,-152.500002272427,-22.));
#9894=CARTESIAN_POINT('Ctrl Pts',(182.000002712011,-68.000001013279,-21.7));
#9895=CARTESIAN_POINT('Ctrl Pts',(181.832974569681,-67.1240173007906,-21.7));
#9896=CARTESIAN_POINT('Ctrl Pts',(181.48009361367,-65.6623378043995,-21.7));
#9897=CARTESIAN_POINT('Ctrl Pts',(180.894306287523,-64.3406411357094,-21.7));
#9898=CARTESIAN_POINT('Ctrl Pts',(179.999430201243,-64.3330551859642,-21.7));
#9899=CARTESIAN_POINT('Ctrl Pts',(178.719614859456,-67.183647081579,-21.7));
#9900=CARTESIAN_POINT('Ctrl Pts',(177.371840944006,-72.5721621311013,-21.7));
#9901=CARTESIAN_POINT('Ctrl Pts',(176.094561840781,-80.0036890998328,-21.7));
#9902=CARTESIAN_POINT('Ctrl Pts',(175.054361661229,-88.8787782868297,-21.7));
#9903=CARTESIAN_POINT('Ctrl Pts',(174.429127830979,-98.5561304559872,-21.7));
#9904=CARTESIAN_POINT('Ctrl Pts',(174.390230212042,-108.411845665505,-21.7));
#9905=CARTESIAN_POINT('Ctrl Pts',(175.085508036043,-117.892517900026,-21.7));
#9906=CARTESIAN_POINT('Ctrl Pts',(176.615365566031,-126.581243270852,-21.7));
#9907=CARTESIAN_POINT('Ctrl Pts',(179.021399991888,-134.230340205155,-21.7));
#9908=CARTESIAN_POINT('Ctrl Pts',(182.310214434723,-140.706440392874,-21.7));
#9909=CARTESIAN_POINT('Ctrl Pts',(186.466898782537,-145.958551304743,-21.7));
#9910=CARTESIAN_POINT('Ctrl Pts',(190.468433284064,-149.178618032039,-21.7));
#9911=CARTESIAN_POINT('Ctrl Pts',(193.840871320928,-151.049431857049,-21.7));
#9912=CARTESIAN_POINT('Ctrl Pts',(196.252988225808,-152.056501907326,-21.7));
#9913=CARTESIAN_POINT('Ctrl Pts',(197.500002942979,-152.500002272427,-21.7));
#9914=CARTESIAN_POINT('Origin',(197.433261835985,-108.399446244401,-21.7));
#9915=CARTESIAN_POINT('Origin',(196.250000068918,-103.650001959503,-22.));
#9916=CARTESIAN_POINT('',(250.050000068918,-103.650001959503,-22.));
#9917=CARTESIAN_POINT('Origin',(196.250000068918,-103.650001959503,-22.));
#9918=CARTESIAN_POINT('Origin',(196.250000068918,-103.650001959503,-22.));
#9919=CARTESIAN_POINT('Origin',(196.250000068918,-103.650001959503,-19.));
#9920=CARTESIAN_POINT('',(250.050000068918,-103.650001959503,-19.));
#9921=CARTESIAN_POINT('Origin',(196.250000068918,-103.650001959503,-19.));
#9922=CARTESIAN_POINT('',(219.00000320375,-138.000001490116,-19.));
#9923=CARTESIAN_POINT('',(204.000002980232,-138.000001490116,-19.));
#9924=CARTESIAN_POINT('',(219.00000320375,-138.000001490116,-19.));
#9925=CARTESIAN_POINT('',(209.000003054738,-133.00000141561,-19.));
#9926=CARTESIAN_POINT('',(204.000002980232,-138.000001490116,-19.));
#9927=CARTESIAN_POINT('',(183.500003129244,-133.00000141561,-19.));
#9928=CARTESIAN_POINT('',(241.00000359118,-133.000001937151,-19.0000001341104));
#9929=CARTESIAN_POINT('',(188.50000320375,-138.000001490116,-19.));
#9930=CARTESIAN_POINT('',(188.50000320375,-138.000001490116,-19.));
#9931=CARTESIAN_POINT('',(173.500002980232,-138.000001490116,-19.));
#9932=CARTESIAN_POINT('',(188.50000320375,-138.000001490116,-19.));
#9933=CARTESIAN_POINT('',(178.500003054738,-133.00000141561,-19.));
#9934=CARTESIAN_POINT('',(173.500002980232,-138.000001490116,-19.));
#9935=CARTESIAN_POINT('',(151.499996546656,-133.000001937151,-19.0000001341104));
#9936=CARTESIAN_POINT('',(241.00000359118,-133.000001937151,-19.0000001341104));
#9937=CARTESIAN_POINT('',(151.499996546656,-77.2999982722103,-19.));
#9938=CARTESIAN_POINT('',(151.499996546656,-130.000001937151,-19.));
#9939=CARTESIAN_POINT('',(151.499996546656,-74.3000019371509,-19.0000001341104));
#9940=CARTESIAN_POINT('',(151.499996546656,-74.3000019371509,-19.0000001341104));
#9941=CARTESIAN_POINT('',(178.500003054738,-74.3000014156103,-19.));
#9942=CARTESIAN_POINT('',(241.00000359118,-74.3000019371509,-19.0000001341104));
#9943=CARTESIAN_POINT('',(173.500002980232,-69.3000013411045,-19.));
#9944=CARTESIAN_POINT('',(173.500002980232,-69.3000013411045,-19.));
#9945=CARTESIAN_POINT('',(188.50000320375,-69.3000013411045,-19.));
#9946=CARTESIAN_POINT('',(188.50000320375,-69.3000013411045,-19.));
#9947=CARTESIAN_POINT('',(183.500003129244,-74.3000014156103,-19.));
#9948=CARTESIAN_POINT('',(188.50000320375,-69.3000013411045,-19.));
#9949=CARTESIAN_POINT('',(209.000003054738,-74.3000014156103,-19.));
#9950=CARTESIAN_POINT('',(241.00000359118,-74.3000019371509,-19.0000001341104));
#9951=CARTESIAN_POINT('',(204.000002980232,-69.3000013411045,-19.));
#9952=CARTESIAN_POINT('',(204.000002980232,-69.3000013411045,-19.));
#9953=CARTESIAN_POINT('',(219.00000320375,-69.3000013411045,-19.));
#9954=CARTESIAN_POINT('',(219.00000320375,-69.3000013411045,-19.));
#9955=CARTESIAN_POINT('',(214.000003129244,-74.3000014156103,-19.));
#9956=CARTESIAN_POINT('',(219.00000320375,-69.3000013411045,-19.));
#9957=CARTESIAN_POINT('',(241.00000359118,-74.3000019371509,-19.0000001341104));
#9958=CARTESIAN_POINT('',(241.00000359118,-74.3000019371509,-19.0000001341104));
#9959=CARTESIAN_POINT('',(240.999994680285,-77.2999982722103,-19.));
#9960=CARTESIAN_POINT('',(241.00000359118,-74.3000019371509,-19.0000001341104));
#9961=CARTESIAN_POINT('',(240.999994680285,-130.000001937151,-19.));
#9962=CARTESIAN_POINT('',(240.999994680285,-130.000001937151,-19.));
#9963=CARTESIAN_POINT('',(241.00000359118,-133.000001937151,-19.0000001341104));
#9964=CARTESIAN_POINT('',(241.00000359118,-130.000001937151,-19.0000001341104));
#9965=CARTESIAN_POINT('',(214.000003129244,-133.00000141561,-19.));
#9966=CARTESIAN_POINT('',(241.00000359118,-133.000001937151,-19.0000001341104));
#9967=CARTESIAN_POINT('',(219.00000320375,-138.000001490116,-19.));
#9968=CARTESIAN_POINT('Origin',(196.250000068918,-103.650001959503,-19.));
#9969=CARTESIAN_POINT('',(250.050000068918,-103.650001959503,-19.));
#9970=CARTESIAN_POINT('Origin',(196.250000068918,-103.650001959503,-22.));
#9971=CARTESIAN_POINT('Origin',(211.500003091991,-71.8000013783574,-4.99999999999996));
#9972=CARTESIAN_POINT('',(214.000003129244,-74.3000014156103,-4.99999999999996));
#9973=CARTESIAN_POINT('',(219.00000320375,-69.3000013411045,-4.99999999999996));
#9974=CARTESIAN_POINT('',(219.00000320375,-69.3000013411045,-4.99999999999996));
#9975=CARTESIAN_POINT('',(204.000002980232,-69.3000013411045,-4.99999999999996));
#9976=CARTESIAN_POINT('',(219.00000320375,-69.3000013411045,-4.99999999999996));
#9977=CARTESIAN_POINT('',(209.000003054738,-74.3000014156103,-4.99999999999996));
#9978=CARTESIAN_POINT('',(204.000002980232,-69.3000013411045,-4.99999999999996));
#9979=CARTESIAN_POINT('',(214.000003129244,-74.3000014156103,-4.99999999999996));
#9980=CARTESIAN_POINT('Origin',(204.000002980232,-69.3000013411045,-16.));
#9981=CARTESIAN_POINT('',(219.00000320375,-69.3000013411045,-16.));
#9982=CARTESIAN_POINT('',(204.000002980232,-69.3000013411045,-16.));
#9983=CARTESIAN_POINT('Origin',(209.000003054738,-74.3000014156103,-16.));
#9984=CARTESIAN_POINT('',(209.000003576279,-74.3000019371509,-17.0000001341104));
#9985=CARTESIAN_POINT('',(209.000003576279,-74.3000019371509,-16.5000000670552));
#9986=CARTESIAN_POINT('',(209.000003054738,-74.3000014156103,-16.));
#9987=CARTESIAN_POINT('Origin',(214.000003129244,-74.3000014156103,-16.));
#9988=CARTESIAN_POINT('',(214.000003129244,-74.3000014156103,-17.));
#9989=CARTESIAN_POINT('',(241.00000359118,-74.3000019371509,-17.0000001341104));
#9990=CARTESIAN_POINT('',(214.000003129244,-74.3000014156103,-16.));
#9991=CARTESIAN_POINT('Origin',(219.00000320375,-69.3000013411045,-16.));
#9992=CARTESIAN_POINT('',(214.000002607703,-74.3000019371509,-16.5000000670552));
#9993=CARTESIAN_POINT('Origin',(151.499996546656,-74.3000019371509,-17.0000001341104));
#9994=CARTESIAN_POINT('',(183.500002607703,-74.3000019371509,-17.0000001341104));
#9995=CARTESIAN_POINT('',(183.500003129244,-74.3000014156103,-16.));
#9996=CARTESIAN_POINT('',(241.00000359118,-74.3000019371509,-17.0000001341104));
#9997=CARTESIAN_POINT('Origin',(151.499996546656,-74.3000019371509,-17.0000001341104));
#9998=CARTESIAN_POINT('',(241.00000359118,-74.3000019371509,-17.0000001341104));
#9999=CARTESIAN_POINT('',(241.00000359118,-74.3000019371509,-17.0000001341104));
#10000=CARTESIAN_POINT('',(241.00000359118,-74.3000019371509,-17.0000001341104));
#10001=CARTESIAN_POINT('Origin',(183.500003129244,-133.00000141561,-19.));
#10002=CARTESIAN_POINT('',(178.500002533197,-133.000001937151,-17.0000001341104));
#10003=CARTESIAN_POINT('',(183.500003129244,-133.00000141561,-17.));
#10004=CARTESIAN_POINT('',(241.00000359118,-133.000001937151,-17.0000001341104));
#10005=CARTESIAN_POINT('',(178.500003054738,-133.00000141561,-4.99999999999996));
#10006=CARTESIAN_POINT('',(178.500003054738,-133.00000141561,-19.));
#10007=CARTESIAN_POINT('',(183.500003129244,-133.00000141561,-4.99999999999996));
#10008=CARTESIAN_POINT('',(183.500003129244,-133.00000141561,-4.99999999999996));
#10009=CARTESIAN_POINT('',(183.500003129244,-133.00000141561,-19.));
#10010=CARTESIAN_POINT('Origin',(181.000003091991,-135.500001452863,-4.99999999999996));
#10011=CARTESIAN_POINT('',(188.50000320375,-138.000001490116,-4.99999999999996));
#10012=CARTESIAN_POINT('',(188.50000320375,-138.000001490116,-4.99999999999996));
#10013=CARTESIAN_POINT('',(173.500002980232,-138.000001490116,-4.99999999999996));
#10014=CARTESIAN_POINT('',(173.500002980232,-138.000001490116,-4.99999999999996));
#10015=CARTESIAN_POINT('',(188.50000320375,-138.000001490116,-4.99999999999996));
#10016=CARTESIAN_POINT('Origin',(173.500002980232,-138.000001490116,-19.));
#10017=CARTESIAN_POINT('',(188.50000320375,-138.000001490116,-19.));
#10018=CARTESIAN_POINT('',(173.500002980232,-138.000001490116,-19.));
#10019=CARTESIAN_POINT('Origin',(178.500003054738,-133.00000141561,-19.));
#10020=CARTESIAN_POINT('',(178.500002533197,-133.000001937151,-18.0000000670552));
#10021=CARTESIAN_POINT('Origin',(188.50000320375,-138.000001490116,-19.));
#10022=CARTESIAN_POINT('',(183.500003650784,-133.000001937151,-18.0000000670552));
#10023=CARTESIAN_POINT('Origin',(241.00000359118,-133.000001937151,-17.0000001341104));
#10024=CARTESIAN_POINT('',(151.499996546656,-133.000001937151,-17.0000001341104));
#10025=CARTESIAN_POINT('',(241.00000359118,-133.000001937151,-17.0000001341104));
#10026=CARTESIAN_POINT('',(151.499996546656,-133.000001937151,-17.0000001341104));
#10027=CARTESIAN_POINT('Origin',(241.00000359118,-133.000001937151,-17.0000001341104));
#10028=CARTESIAN_POINT('',(209.000002533197,-133.000001937151,-17.0000001341104));
#10029=CARTESIAN_POINT('',(209.000003054738,-133.00000141561,-19.));
#10030=CARTESIAN_POINT('',(241.00000359118,-133.000001937151,-17.0000001341104));
#10031=CARTESIAN_POINT('Origin',(241.00000359118,-133.000001937151,-17.0000001341104));
#10032=CARTESIAN_POINT('',(214.000003650784,-133.000001937151,-17.0000001341104));
#10033=CARTESIAN_POINT('',(214.000003129244,-133.00000141561,-19.));
#10034=CARTESIAN_POINT('',(241.00000359118,-133.000001937151,-17.0000001341104));
#10035=CARTESIAN_POINT('',(241.00000359118,-133.000001937151,-17.0000001341104));
#10036=CARTESIAN_POINT('',(241.00000359118,-133.000001937151,-17.0000001341104));
#10037=CARTESIAN_POINT('Origin',(241.00000359118,-74.3000019371509,-17.0000001341104));
#10038=CARTESIAN_POINT('',(240.999994680285,-77.2999982722103,-17.));
#10039=CARTESIAN_POINT('',(241.00000359118,-74.3000019371509,-17.0000001341104));
#10040=CARTESIAN_POINT('',(240.999994680285,-130.000001937151,-17.));
#10041=CARTESIAN_POINT('',(240.999994680285,-130.000001937151,-17.));
#10042=CARTESIAN_POINT('',(241.00000359118,-130.000001937151,-17.0000001341104));
#10043=CARTESIAN_POINT('Origin',(151.499996546656,-74.3000019371509,-17.0000001341104));
#10044=CARTESIAN_POINT('',(178.500003576279,-74.3000019371509,-17.0000001341104));
#10045=CARTESIAN_POINT('',(178.500003054738,-74.3000014156103,-16.));
#10046=CARTESIAN_POINT('',(151.499996546656,-74.3000019371509,-17.0000001341104));
#10047=CARTESIAN_POINT('',(151.499996546656,-74.3000019371509,-17.0000001341104));
#10048=CARTESIAN_POINT('',(241.00000359118,-74.3000019371509,-17.0000001341104));
#10049=CARTESIAN_POINT('Origin',(151.499996546656,-133.000001937151,-17.));
#10050=CARTESIAN_POINT('',(151.499996546656,-77.2999982722103,-17.));
#10051=CARTESIAN_POINT('',(151.499996546656,-130.000001937151,-17.));
#10052=CARTESIAN_POINT('',(151.499996546656,-74.3000019371509,-17.0000001341104));
#10053=CARTESIAN_POINT('Origin',(196.249995613471,-103.649997683242,-17.));
#10054=CARTESIAN_POINT('',(205.124999371357,-133.00000141561,-17.));
#10055=CARTESIAN_POINT('',(189.874999371357,-74.3000014156103,-17.));
#10056=CARTESIAN_POINT('Origin',(183.500003129244,-74.3000014156103,-16.));
#10057=CARTESIAN_POINT('',(183.500003129244,-74.3000014156103,-4.99999999999996));
#10058=CARTESIAN_POINT('',(183.500003129244,-74.3000014156103,-16.));
#10059=CARTESIAN_POINT('',(178.500003054738,-74.3000014156103,-4.99999999999996));
#10060=CARTESIAN_POINT('',(183.500003129244,-74.3000014156103,-4.99999999999996));
#10061=CARTESIAN_POINT('',(178.500003054738,-74.3000014156103,-16.));
#10062=CARTESIAN_POINT('Origin',(181.000003091991,-71.8000013783574,-4.99999999999996));
#10063=CARTESIAN_POINT('',(188.50000320375,-69.3000013411045,-4.99999999999996));
#10064=CARTESIAN_POINT('',(188.50000320375,-69.3000013411045,-4.99999999999996));
#10065=CARTESIAN_POINT('',(173.500002980232,-69.3000013411045,-4.99999999999996));
#10066=CARTESIAN_POINT('',(188.50000320375,-69.3000013411045,-4.99999999999996));
#10067=CARTESIAN_POINT('',(173.500002980232,-69.3000013411045,-4.99999999999996));
#10068=CARTESIAN_POINT('Origin',(173.500002980232,-69.3000013411045,-16.));
#10069=CARTESIAN_POINT('',(188.50000320375,-69.3000013411045,-16.));
#10070=CARTESIAN_POINT('',(173.500002980232,-69.3000013411045,-16.));
#10071=CARTESIAN_POINT('Origin',(178.500003054738,-74.3000014156103,-16.));
#10072=CARTESIAN_POINT('Origin',(188.50000320375,-69.3000013411045,-16.));
#10073=CARTESIAN_POINT('Origin',(211.500003091991,-135.500001452863,-4.99999999999996));
#10074=CARTESIAN_POINT('',(219.00000320375,-138.000001490116,-4.99999999999996));
#10075=CARTESIAN_POINT('',(214.000003129244,-133.00000141561,-4.99999999999996));
#10076=CARTESIAN_POINT('',(219.00000320375,-138.000001490116,-4.99999999999996));
#10077=CARTESIAN_POINT('',(209.000003054738,-133.00000141561,-4.99999999999996));
#10078=CARTESIAN_POINT('',(214.000003129244,-133.00000141561,-4.99999999999996));
#10079=CARTESIAN_POINT('',(204.000002980232,-138.000001490116,-4.99999999999996));
#10080=CARTESIAN_POINT('',(204.000002980232,-138.000001490116,-4.99999999999996));
#10081=CARTESIAN_POINT('',(219.00000320375,-138.000001490116,-4.99999999999996));
#10082=CARTESIAN_POINT('Origin',(204.000002980232,-138.000001490116,-19.));
#10083=CARTESIAN_POINT('',(219.00000320375,-138.000001490116,-19.));
#10084=CARTESIAN_POINT('',(204.000002980232,-138.000001490116,-19.));
#10085=CARTESIAN_POINT('Origin',(209.000003054738,-133.00000141561,-19.));
#10086=CARTESIAN_POINT('',(209.000003054738,-133.00000141561,-19.));
#10087=CARTESIAN_POINT('Origin',(214.000003129244,-133.00000141561,-19.));
#10088=CARTESIAN_POINT('',(214.000003129244,-133.00000141561,-19.));
#10089=CARTESIAN_POINT('Origin',(219.00000320375,-138.000001490116,-19.));
#10090=CARTESIAN_POINT('Origin',(162.720678700277,-55.2797631371062,-2.00000000000006));
#10091=CARTESIAN_POINT('',(163.867831572979,-56.9180672256842,-1.25000000000007));
#10092=CARTESIAN_POINT('Origin',(163.867831572979,-56.9180672256842,-2.00000000000006));
#10093=CARTESIAN_POINT('',(162.721151719374,-55.2804386783861,-1.25000000000007));
#10094=CARTESIAN_POINT('',(162.720678700277,-55.2797631371062,-1.25000000000007));
#10095=CARTESIAN_POINT('Origin',(162.721151719374,-55.2804386783861,-2.00000000000006));
#10096=CARTESIAN_POINT('Origin',(163.867831572979,-56.9180672256842,-2.00000000000006));
#10097=CARTESIAN_POINT('',(164.44140800933,-57.7372192699732,-0.500000000000078));
#10098=CARTESIAN_POINT('Origin',(164.44140800933,-57.7372192699732,-2.00000000000006));
#10099=CARTESIAN_POINT('',(163.867831572979,-56.9180672256842,-0.500000000000078));
#10100=CARTESIAN_POINT('',(163.867831572979,-56.9180672256842,-0.500000000000078));
#10101=CARTESIAN_POINT('Origin',(163.867831572979,-56.9180672256842,-2.00000000000006));
#10102=CARTESIAN_POINT('Origin',(164.44140800933,-57.7372192699732,-2.00000000000006));
#10103=CARTESIAN_POINT('Origin',(163.867831572979,-56.9180672256842,-2.00000000000006));
#10104=CARTESIAN_POINT('Origin',(156.986614390254,-59.2947981915635,-2.00000000000006));
#10105=CARTESIAN_POINT('',(158.133767262956,-60.9331022801415,-1.25000000000007));
#10106=CARTESIAN_POINT('Origin',(158.133767262956,-60.9331022801415,-2.00000000000006));
#10107=CARTESIAN_POINT('',(156.987087409351,-59.2954737328434,-1.25000000000007));
#10108=CARTESIAN_POINT('',(156.986614390254,-59.2947981915635,-1.25000000000007));
#10109=CARTESIAN_POINT('Origin',(156.987087409351,-59.2954737328434,-2.00000000000006));
#10110=CARTESIAN_POINT('Origin',(158.133767262956,-60.9331022801415,-2.00000000000006));
#10111=CARTESIAN_POINT('',(158.707343699307,-61.7522543244305,-0.500000000000078));
#10112=CARTESIAN_POINT('Origin',(158.707343699307,-61.7522543244305,-2.00000000000006));
#10113=CARTESIAN_POINT('',(158.133767262956,-60.9331022801415,-0.500000000000078));
#10114=CARTESIAN_POINT('',(158.133767262956,-60.9331022801415,-0.500000000000078));
#10115=CARTESIAN_POINT('Origin',(158.133767262956,-60.9331022801415,-2.00000000000006));
#10116=CARTESIAN_POINT('Origin',(158.707343699307,-61.7522543244305,-2.00000000000006));
#10117=CARTESIAN_POINT('Origin',(158.133767262956,-60.9331022801415,-2.00000000000006));
#10118=CARTESIAN_POINT('Origin',(160.290276110943,-56.9825561038594,-2.00000000000003));
#10119=CARTESIAN_POINT('',(154.146635778776,-61.2843793764922,-2.00000000000003));
#10120=CARTESIAN_POINT('Origin',(160.290276110943,-56.9825561038594,-2.00000000000003));
#10121=CARTESIAN_POINT('Origin',(151.686629565677,-44.6952754395245,-2.00000000000003));
#10122=CARTESIAN_POINT('',(128.882099340275,-25.2028820205847,-2.00000000000003));
#10123=CARTESIAN_POINT('',(135.025739672443,-20.9010587479518,5.49999999999997));
#10124=CARTESIAN_POINT('Origin',(135.025739672443,-20.9010587479518,-2.00000000000003));
#10125=CARTESIAN_POINT('',(145.54298923351,-48.9970987121573,-2.00000000000003));
#10126=CARTESIAN_POINT('Origin',(135.025739672443,-20.9010587479518,-2.00000000000003));
#10127=CARTESIAN_POINT('Origin',(151.686629565677,-44.6952754395245,-2.00000000000003));
#10128=CARTESIAN_POINT('',(151.686629565677,-44.6952754395245,28.));
#10129=CARTESIAN_POINT('Origin',(151.686629565677,-44.6952754395245,-2.00000000000003));
#10130=CARTESIAN_POINT('Origin',(151.686629565677,-44.6952754395245,-2.00000000000003));
#10131=CARTESIAN_POINT('Origin',(151.686629565677,-44.6952754395245,-2.00000000000003));
#10132=CARTESIAN_POINT('',(151.686629565677,-44.6952754395245,33.));
#10133=CARTESIAN_POINT('Origin',(151.686629565677,-44.6952754395245,-2.00000000000003));
#10134=CARTESIAN_POINT('Origin',(151.686629565677,-44.6952754395245,-2.00000000000003));
#10135=CARTESIAN_POINT('',(131.611454293391,-16.0249538894098,-2.00000000000003));
#10136=CARTESIAN_POINT('Origin',(151.686629565677,-44.6952754395245,-2.00000000000003));
#10137=CARTESIAN_POINT('Origin',(235.080123331884,-58.9903493463785,-2.00346172221998));
#10138=CARTESIAN_POINT('',(233.932970459182,-60.6286534349565,-1.25346172221999));
#10139=CARTESIAN_POINT('Origin',(233.932970459182,-60.6286534349565,-2.00346172221998));
#10140=CARTESIAN_POINT('',(235.079650312787,-58.9910248876584,-1.25346172221999));
#10141=CARTESIAN_POINT('',(235.080123331884,-58.9903493463785,-1.25346172221999));
#10142=CARTESIAN_POINT('Origin',(235.079650312787,-58.9910248876584,-2.00346172221998));
#10143=CARTESIAN_POINT('Origin',(233.932970459182,-60.6286534349564,-2.00346172221998));
#10144=CARTESIAN_POINT('',(233.359394022831,-61.4478054792454,-0.503461722219996));
#10145=CARTESIAN_POINT('Origin',(233.359394022831,-61.4478054792454,-2.00346172221998));
#10146=CARTESIAN_POINT('',(233.932970459182,-60.6286534349564,-0.503461722219996));
#10147=CARTESIAN_POINT('',(233.932970459182,-60.6286534349564,-0.503461722219995));
#10148=CARTESIAN_POINT('Origin',(233.932970459182,-60.6286534349564,-2.00346172221998));
#10149=CARTESIAN_POINT('Origin',(233.359394022831,-61.4478054792454,-2.00346172221998));
#10150=CARTESIAN_POINT('Origin',(233.932970459182,-60.6286534349564,-2.00346172221998));
#10151=CARTESIAN_POINT('Origin',(229.346059021861,-54.9753142919212,-2.00346172221998));
#10152=CARTESIAN_POINT('',(228.198906149159,-56.6136183804991,-1.25346172221999));
#10153=CARTESIAN_POINT('Origin',(228.198906149159,-56.6136183804991,-2.00346172221998));
#10154=CARTESIAN_POINT('',(229.345586002764,-54.975989833201,-1.25346172221999));
#10155=CARTESIAN_POINT('',(229.346059021861,-54.9753142919212,-1.25346172221999));
#10156=CARTESIAN_POINT('Origin',(229.345586002764,-54.975989833201,-2.00346172221998));
#10157=CARTESIAN_POINT('Origin',(228.198906149159,-56.6136183804991,-2.00346172221998));
#10158=CARTESIAN_POINT('',(227.625329712808,-57.4327704247882,-0.503461722219996));
#10159=CARTESIAN_POINT('Origin',(227.625329712808,-57.4327704247882,-2.00346172221998));
#10160=CARTESIAN_POINT('',(228.198906149159,-56.6136183804991,-0.503461722219996));
#10161=CARTESIAN_POINT('',(228.198906149159,-56.6136183804991,-0.503461722219995));
#10162=CARTESIAN_POINT('Origin',(228.198906149159,-56.6136183804991,-2.00346172221998));
#10163=CARTESIAN_POINT('Origin',(227.625329712808,-57.4327704247882,-2.00346172221998));
#10164=CARTESIAN_POINT('Origin',(228.198906149159,-56.6136183804991,-2.00346172221998));
#10165=CARTESIAN_POINT('Origin',(232.648774704357,-57.2889074621851,-2.00346172221995));
#10166=CARTESIAN_POINT('',(226.505134372189,-52.9870841895523,-2.00346172221995));
#10167=CARTESIAN_POINT('Origin',(232.648774704357,-57.2889074621852,-2.00346172221995));
#10168=CARTESIAN_POINT('Origin',(241.252421249622,-45.0016267978503,-2.00346172221995));
#10169=CARTESIAN_POINT('',(251.769670810689,-16.9055868336447,-2.00346172221995));
#10170=CARTESIAN_POINT('',(257.913311142857,-21.2074101062776,5.49653827778006));
#10171=CARTESIAN_POINT('Origin',(257.913311142857,-21.2074101062776,-2.00346172221995));
#10172=CARTESIAN_POINT('',(235.108780917455,-40.6998035252174,-2.00346172221994));
#10173=CARTESIAN_POINT('Origin',(257.913311142857,-21.2074101062776,-2.00346172221995));
#10174=CARTESIAN_POINT('Origin',(241.252421249622,-45.0016267978503,-2.00346172221995));
#10175=CARTESIAN_POINT('',(241.252421249622,-45.0016267978503,27.9965382777801));
#10176=CARTESIAN_POINT('Origin',(241.252421249622,-45.0016267978503,-2.00346172221995));
#10177=CARTESIAN_POINT('Origin',(241.252421249622,-45.0016267978503,-2.00346172221995));
#10178=CARTESIAN_POINT('Origin',(241.252421249622,-45.0016267978503,-2.00346172221995));
#10179=CARTESIAN_POINT('',(241.252421249622,-45.0016267978503,32.9965382777801));
#10180=CARTESIAN_POINT('Origin',(241.252421249622,-45.0016267978503,-2.00346172221995));
#10181=CARTESIAN_POINT('Origin',(241.252421249622,-45.0016267978503,-2.00346172221995));
#10182=CARTESIAN_POINT('',(261.327596521909,-16.3313052477355,-2.00346172221994));
#10183=CARTESIAN_POINT('Origin',(241.252421249622,-45.0016267978503,-2.00346172221995));
#10184=UNCERTAINTY_MEASURE_WITH_UNIT(LENGTH_MEASURE(0.01),#10188,
'DISTANCE_ACCURACY_VALUE',
'Maximum model space distance between geometric entities at asserted c
onnectivities');
#10185=UNCERTAINTY_MEASURE_WITH_UNIT(LENGTH_MEASURE(0.01),#10188,
'DISTANCE_ACCURACY_VALUE',
'Maximum model space distance between geometric entities at asserted c
onnectivities');
#10186=(
GEOMETRIC_REPRESENTATION_CONTEXT(3)
GLOBAL_UNCERTAINTY_ASSIGNED_CONTEXT((#10184))
GLOBAL_UNIT_ASSIGNED_CONTEXT((#10188,#10189,#10190))
REPRESENTATION_CONTEXT('','3D')
);
#10187=(
GEOMETRIC_REPRESENTATION_CONTEXT(3)
GLOBAL_UNCERTAINTY_ASSIGNED_CONTEXT((#10185))
GLOBAL_UNIT_ASSIGNED_CONTEXT((#10188,#10189,#10190))
REPRESENTATION_CONTEXT('','3D')
);
#10188=(
LENGTH_UNIT()
NAMED_UNIT(*)
SI_UNIT(.MILLI.,.METRE.)
);
#10189=(
NAMED_UNIT(*)
PLANE_ANGLE_UNIT()
SI_UNIT($,.RADIAN.)
);
#10190=(
NAMED_UNIT(*)
SI_UNIT($,.STERADIAN.)
SOLID_ANGLE_UNIT()
);
#10191=SHAPE_DEFINITION_REPRESENTATION(#10192,#10193);
#10192=PRODUCT_DEFINITION_SHAPE('',$,#10195);
#10193=SHAPE_REPRESENTATION('',(#5769),#10186);
#10194=PRODUCT_DEFINITION_CONTEXT('part definition',#10199,'design');
#10195=PRODUCT_DEFINITION('Hollow Alarm 1','Hollow Alarm',#10196,#10194);
#10196=PRODUCT_DEFINITION_FORMATION('',$,#10201);
#10197=PRODUCT_RELATED_PRODUCT_CATEGORY('Hollow Alarm','Hollow Alarm',(#10201));
#10198=APPLICATION_PROTOCOL_DEFINITION('international standard',
'automotive_design',2009,#10199);
#10199=APPLICATION_CONTEXT(
'Core Data for Automotive Mechanical Design Process');
#10200=PRODUCT_CONTEXT('part definition',#10199,'mechanical');
#10201=PRODUCT('Hollow Alarm 1','Hollow Alarm',
'KiCad electronic assembly',(#10200));
#10202=PRESENTATION_STYLE_ASSIGNMENT((#10208));
#10203=PRESENTATION_STYLE_ASSIGNMENT((#10209));
#10204=PRESENTATION_STYLE_ASSIGNMENT((#10210));
#10205=PRESENTATION_STYLE_ASSIGNMENT((#10211));
#10206=PRESENTATION_STYLE_ASSIGNMENT((#10212));
#10207=PRESENTATION_STYLE_ASSIGNMENT((#10213));
#10208=SURFACE_STYLE_USAGE(.BOTH.,#10214);
#10209=SURFACE_STYLE_USAGE(.BOTH.,#10215);
#10210=SURFACE_STYLE_USAGE(.BOTH.,#10216);
#10211=SURFACE_STYLE_USAGE(.BOTH.,#10217);
#10212=SURFACE_STYLE_USAGE(.BOTH.,#10218);
#10213=SURFACE_STYLE_USAGE(.BOTH.,#10219);
#10214=SURFACE_SIDE_STYLE('',(#10220));
#10215=SURFACE_SIDE_STYLE('',(#10221));
#10216=SURFACE_SIDE_STYLE('',(#10222));
#10217=SURFACE_SIDE_STYLE('',(#10223));
#10218=SURFACE_SIDE_STYLE('',(#10224));
#10219=SURFACE_SIDE_STYLE('',(#10225));
#10220=SURFACE_STYLE_FILL_AREA(#10226);
#10221=SURFACE_STYLE_FILL_AREA(#10227);
#10222=SURFACE_STYLE_FILL_AREA(#10228);
#10223=SURFACE_STYLE_FILL_AREA(#10229);
#10224=SURFACE_STYLE_FILL_AREA(#10230);
#10225=SURFACE_STYLE_FILL_AREA(#10231);
#10226=FILL_AREA_STYLE('Steel - Satin',(#10232));
#10227=FILL_AREA_STYLE('Opaque(214,115,99)',(#10233));
#10228=FILL_AREA_STYLE('Opaque(247,224,153)',(#10234));
#10229=FILL_AREA_STYLE('Opaque(255,255,255)',(#10235));
#10230=FILL_AREA_STYLE('Opaque(26,26,26)',(#10236));
#10231=FILL_AREA_STYLE('Opaque(255,206,127)',(#10237));
#10232=FILL_AREA_STYLE_COLOUR('Steel - Satin',#10238);
#10233=FILL_AREA_STYLE_COLOUR('Opaque(214,115,99)',#10239);
#10234=FILL_AREA_STYLE_COLOUR('Opaque(247,224,153)',#10240);
#10235=FILL_AREA_STYLE_COLOUR('Opaque(255,255,255)',#10241);
#10236=FILL_AREA_STYLE_COLOUR('Opaque(26,26,26)',#10242);
#10237=FILL_AREA_STYLE_COLOUR('Opaque(255,206,127)',#10243);
#10238=COLOUR_RGB('Steel - Satin',0.627450980392157,0.627450980392157,0.627450980392157);
#10239=COLOUR_RGB('Opaque(214,115,99)',0.83921568627451,0.450980392156863,
0.388235294117647);
#10240=COLOUR_RGB('Opaque(247,224,153)',0.968627450980392,0.87843137254902,
0.6);
#10241=COLOUR_RGB('Opaque(255,255,255)',1.,1.,1.);
#10242=COLOUR_RGB('Opaque(26,26,26)',0.101960784313725,0.101960784313725,
0.101960784313725);
#10243=COLOUR_RGB('Opaque(255,206,127)',1.,0.807843137254902,0.498039215686275);
ENDSEC;
END-ISO-10303-21;
